rule,side,length,complexity,val_avg_R,val_total_R,val_n_trades,val_fitness,val_fitness_raw,val_pf,val_win_rate,val_sharpe,val_max_dd,n_episodes_val,max_episode_val,val_half1_avg_R,val_half2_avg_R,stable,train_avg_R,train_n_trades,holdout_avg_R,holdout_total_R,holdout_n_trades,holdout_pf,holdout_win_rate,holdout_sharpe,holdout_max_dd,null_pvalue,null_n,drop_reason,selected_on
~asp_jupiter_sun_opp_orb5 & asp_mars_mercury_conj_orb5,long,2,4,0.6721727698712189,23.52604694549266,35,0.5857471768769591,0.5990805102102924,3.726161471114486,0.6285714285714286,1.1344985301792612,-0.010155734503208835,7,19,0.6990525250242933,0.6524511571249577,True,0.0329768390976074,90,0.21801758589269993,11.990967224098496,55.0,1.6972924790489916,0.5636363636363636,0.5050449412254349,-0.01960531396222498,0.0009995002498750624,2000.0,,validation
asp_mars_mercury_conj_orb5 & ~asp_mars_neptune_trine_orb3,long,2,4,0.599149614780192,17.97448844340576,30,0.5060842826911918,0.5260842826911918,3.2293813152291,0.5666666666666667,0.965193293395404,-0.012889470964662975,6,17,0.6697490275295458,0.5424195378528378,True,0.010088790484885342,95,0.16934746283224897,10.160847769934938,60.0,1.477624578349556,0.5333333333333333,0.43547682934099163,-0.02034094433889,0.0014992503748125937,2000.0,,validation
asp_mercury_pluto_square_orb3 & mercury_sign_aries,short,2,3,0.5891295866863439,14.728239667158597,25,0.49445948776887483,0.5144594877688748,4.664895228482094,0.64,1.1355452819613485,-0.005011773866710811,5,3,0.5607269705358429,0.6019245222349388,True,-0.023591590991685188,46,-0.21757255427617878,-4.351451085523576,20.0,0.4711243463385546,0.5,-0.5365338289569338,-0.022488028551001182,0.0029985007496251873,2000.0,,validation
~asp_jupiter_mercury_opp_orb5 & asp_jupiter_venus_opp_orb5,short,2,4,0.5908851117259225,14.772127793148062,25,0.47773296839573226,0.4977329683957323,3.7476927550210504,0.72,0.9082331112687493,-0.005026905590005959,5,8,0.5762785423927895,0.5806418204016179,True,-0.1622800036599624,59,0.08477047619641485,2.543114285892446,30.0,1.2006121320172045,0.5333333333333333,0.13180046653418037,-0.028152850071479718,0.0004997501249375312,2000.0,,validation
asp_mercury_pluto_square_orb3 & ~mercury_sign_libra,short,2,4,0.5891295866863439,14.728239667158597,25,0.47445948776887475,0.4944594877688748,4.664895228482094,0.64,1.1355452819613485,-0.005011773866710811,5,3,0.5607269705358429,0.6019245222349388,True,0.11514245817739228,120,-0.16342927910145957,-7.354317559565681,45.0,0.6307425881794938,0.4444444444444444,-0.45302086593104934,-0.04759914596602122,0.0009995002498750624,2000.0,,validation
~asp_jupiter_sun_opp_orb5 & asp_mars_mercury_conj_orb5 & ~asp_mars_pluto_trine_orb1,long,3,7,0.6721727698712189,23.52604694549266,35,0.4557471768769591,0.4690805102102924,3.726161471114486,0.6285714285714286,1.1344985301792612,-0.010155734503208835,8,19,0.6990525250242933,0.6524511571249577,True,0.03744026098517387,90,0.21801758589269993,11.990967224098496,55.0,1.6972924790489916,0.5636363636363636,0.5050449412254349,-0.01960531396222498,0.0009995002498750624,2000.0,,validation
~asp_jupiter_sun_opp_orb5 & asp_mars_mercury_conj_orb5 & ~asp_neptune_sun_sextile_orb5,long,3,7,0.6721727698712189,23.52604694549266,35,0.4557471768769591,0.4690805102102924,3.726161471114486,0.6285714285714286,1.1344985301792612,-0.010155734503208835,7,19,0.6990525250242933,0.6524511571249577,True,0.02826160036099503,89,0.13097428924917082,6.548714462458541,50.0,1.391227303915362,0.56,0.29945813125224696,-0.026961682370350015,0.0014992503748125937,2000.0,,validation
~asp_jupiter_sun_opp_orb5 & asp_mars_mercury_conj_orb5 & ~asp_moon_uranus_opp_orb1,long,3,7,0.6721727698712189,23.52604694549266,35,0.4557471768769591,0.4690805102102924,3.726161471114486,0.6285714285714286,1.1344985301792612,-0.010155734503208835,7,19,0.6990525250242933,0.6524511571249577,True,0.0329768390976074,90,0.21801758589269993,11.990967224098496,55.0,1.6972924790489916,0.5636363636363636,0.5050449412254349,-0.01960531396222498,0.0014992503748125937,2000.0,,validation
~asp_jupiter_sun_opp_orb5 & asp_mars_mercury_conj_orb5 & ~asp_saturn_sun_opp_orb3,long,3,7,0.6721727698712189,23.52604694549266,35,0.4557471768769591,0.4690805102102924,3.726161471114486,0.6285714285714286,1.1344985301792612,-0.010155734503208835,7,16,0.6990525250242933,0.6524511571249577,True,0.0329768390976074,90,0.21801758589269993,11.990967224098496,55.0,1.6972924790489916,0.5636363636363636,0.5050449412254349,-0.01960531396222498,0.0024987506246876563,2000.0,,validation
~asp_jupiter_sun_opp_orb5 & asp_mars_mercury_conj_orb5 & ~asp_uranus_venus_trine_orb5,long,3,7,0.6721727698712189,23.52604694549266,35,0.4557471768769591,0.4690805102102924,3.726161471114486,0.6285714285714286,1.1344985301792612,-0.010155734503208835,7,19,0.6990525250242933,0.6524511571249577,True,0.03355354949955147,90,0.21475325323168457,11.811428927742652,55.0,1.6355594323207507,0.5636363636363636,0.49861650502939686,-0.025052324517921054,0.0009995002498750624,2000.0,,validation
~asp_jupiter_sun_opp_orb5 & asp_mars_mercury_conj_orb5 & ~asp_moon_neptune_trine_orb1,long,3,7,0.6721727698712189,23.52604694549266,35,0.4557471768769591,0.4690805102102924,3.726161471114486,0.6285714285714286,1.1344985301792612,-0.010155734503208835,7,19,0.6990525250242933,0.6524511571249577,True,0.0329768390976074,90,0.21801758589269993,11.990967224098496,55.0,1.6972924790489916,0.5636363636363636,0.5050449412254349,-0.01960531396222498,0.0009995002498750624,2000.0,,validation
~asp_jupiter_sun_opp_orb5 & asp_mars_mercury_conj_orb5 & ~mercury_sign_aquarius,long,3,7,0.6721727698712189,23.52604694549266,35,0.4557471768769591,0.4690805102102924,3.726161471114486,0.6285714285714286,1.1344985301792612,-0.010155734503208835,7,19,0.6990525250242933,0.6524511571249577,True,0.0006422886371334989,85,0.21801758589269993,11.990967224098496,55.0,1.6972924790489916,0.5636363636363636,0.5050449412254349,-0.01960531396222498,0.0014992503748125937,2000.0,,validation
asp_moon_neptune_sextile_orb1 & ~pluto_retro,short,2,4,0.5450964523309404,21.803858093237615,40,0.4556433497408268,0.4556433497408268,2.555807023389684,0.625,1.0114426001675827,-0.010039722328924916,8,1,0.6267848087124954,0.4217165260262413,True,-0.06270529029898719,114,-0.10497292957952604,-5.248646478976302,50.0,0.7695214059614284,0.4,-0.25481274792041086,-0.048972211775332175,0.0004997501249375312,2000.0,,validation
asp_mercury_uranus_square_orb5 & mercury_sign_capricorn,short,2,3,0.5493129647316302,16.479388941948905,30,0.44393923307087907,0.4639392330708791,2.8147183205092907,0.6,0.8394676393118673,-0.010049409702326373,5,14,0.5463387905529562,0.47914011810672463,True,-0.1469040975625514,36,0.3953715891227213,1.9768579456136064,5.0,1.986987988302931,0.6,0.24467741240217947,-0.004999058945444945,0.0024987506246876563,2000.0,,validation
~asp_jupiter_sun_opp_orb5 & asp_mars_mercury_conj_orb5 & ~asp_neptune_sun_opp_orb3,long,3,7,0.6527209630599022,25.45611755933619,39,0.44234549240945975,0.45034549240945976,3.3856146028303487,0.6153846153846154,1.1647623698526104,-0.01503127734171461,8,19,0.6990525250242933,0.6196012475517402,True,0.0329768390976074,90,0.21801758589269993,11.990967224098496,55.0,1.6972924790489916,0.5636363636363636,0.5050449412254349,-0.01960531396222498,0.0009995002498750624,2000.0,,validation
~asp_jupiter_sun_opp_orb5 & asp_mars_mercury_conj_orb5 & ~asp_mercury_uranus_trine_orb1,long,3,7,0.6527209630599022,25.45611755933619,39,0.44234549240945975,0.45034549240945976,3.3856146028303487,0.6153846153846154,1.1647623698526104,-0.01503127734171461,8,19,0.6990525250242933,0.6196012475517402,True,0.0329768390976074,90,0.21801758589269993,11.990967224098496,55.0,1.6972924790489916,0.5636363636363636,0.5050449412254349,-0.01960531396222498,0.0014992503748125937,2000.0,,validation
~mercury_sign_aquarius,short,1,2,0.5087953378471901,15.263860135415703,30,0.4417610484309516,0.4617610484309516,2.5829453331009193,0.6333333333333333,0.8968545654373776,-0.010049409702326484,7,233,0.5130715135930648,0.47914011810672463,True,-0.150788755759377,76,0.09490105772928435,4.270547597817796,45.0,1.2030983270146742,0.4888888888888889,0.18710197570748388,-0.0222421796901342,0.0029985007496251873,2000.0,,validation
asp_mars_saturn_trine_orb5 & ~venus_sign_aries,short,2,4,0.5477237441119625,13.693093602799062,25,0.4402257369134663,0.4602257369134663,2.9166353323432204,0.64,0.7893078932606317,-0.014906320235968495,5,13,0.6293946164765793,0.45105685735035317,True,-0.052292720751658646,58,-0.18547708708951519,-9.273854354475759,50.0,0.6083122403025075,0.4,-0.6247386556083317,-0.04819097707780573,0.0029985007496251873,2000.0,,validation
asp_mercury_uranus_square_orb5 & ~pluto_retro,short,2,4,0.5628767134625082,16.886301403875247,30,0.4375730529459045,0.4575730529459045,2.925336146196387,0.6,0.8863455527209005,-0.008051643743477443,5,14,0.5463387905529562,0.5200415777318013,True,0.008818006377344733,78,0.18325088902890121,8.246290006300555,45.0,1.5473229423683414,0.5111111111111111,0.41894570547136123,-0.012757921293119368,0.0034982508745627187,2000.0,,validation
~asp_mars_pluto_trine_orb1 & asp_mars_saturn_trine_orb5,short,2,4,0.5343463948122492,16.564738239179725,31,0.43526233166435896,0.44726233166435897,2.6321964728659437,0.6129032258064516,0.8378660721947974,-0.015060945128506864,7,11,0.40056504620361827,0.6856339384902849,True,-0.052292720751658646,58,-0.1880056777546675,-8.460255498960038,45.0,0.6158837205508515,0.4222222222222222,-0.5839738258711646,-0.045170787706648174,0.004497751124437781,2000.0,,validation
mercury_sign_capricorn & ~venus_sign_sagittarius,short,2,4,0.5395874805611719,16.187624416835156,30,0.43225569028562866,0.4522556902856287,2.767765163911001,0.6333333333333333,0.9542487996217188,-0.019325592067761743,7,21,0.428389530967176,1.051586486877892,False,-0.18162616979631943,71,0.09630654201034207,3.8522616804136827,40.0,1.2030250182560052,0.475,0.17772757546071535,-0.019743867223536382,0.0014992503748125937,2000.0,,validation
~asp_mars_pluto_trine_orb1 & asp_mars_saturn_trine_orb5 & ~venus_sign_aries,short,3,7,0.6891553885170539,17.918040101443403,26,0.42975469665569616,0.4484213633223628,3.8217986746242634,0.6538461538461539,0.9897003694705475,-0.014906320235968495,6,11,0.6293946164765793,0.6856339384902849,True,-0.052292720751658646,58,-0.18547708708951519,-9.273854354475759,50.0,0.6083122403025075,0.4,-0.6247386556083317,-0.04819097707780573,0.0009995002498750624,2000.0,,validation
~asp_neptune_sun_sextile_orb5 & mercury_sign_capricorn,short,2,4,0.6361619762883041,23.53799312266725,37,0.42937903296749175,0.44271236630082506,3.381578023938048,0.7027027027027027,1.091318423761331,-0.010049409702326595,8,24,0.5401412655784653,0.47914011810672463,True,-0.09484071516794437,85,-0.00597225576237114,-0.35833534574226844,60.0,0.9842814007137886,0.45,-0.007564283946099001,-0.03837648534128635,0.0009995002498750624,2000.0,,validation
asp_moon_neptune_sextile_orb1 & ~asp_sun_venus_conj_orb5 & ~pluto_retro,short,3,7,0.6763463544119149,20.290390632357447,30,0.4241125463060228,0.4374458796393561,3.2711487675580595,0.6666666666666666,0.9805911862466289,-0.010039722328924916,6,1,0.6267848087124954,0.6990985569565076,True,-0.038442787669779224,103,-0.05434069109141868,-2.4453310991138406,45.0,0.8674457712739285,0.4222222222222222,-0.12257772111218397,-0.035452558386927846,0.0004997501249375312,2000.0,,validation
~asp_jupiter_venus_sextile_orb3 & asp_mars_saturn_trine_orb5,short,2,4,0.523029066507934,15.69087199523802,30,0.4240260294088158,0.4373593627421491,2.5430702028904606,0.6,0.797940706708493,-0.015060945128506864,6,11,0.40056504620361827,0.6730851181268568,True,-0.005447019701948164,60,-0.20132819380774564,-10.066409690387282,50.0,0.5983340873897374,0.42,-0.6275330335063936,-0.05283880241375882,0.005997001499250375,2000.0,,validation
~asp_jupiter_venus_sextile_orb3 & asp_mars_saturn_trine_orb5 & ~venus_sign_aries,short,3,7,0.6817669543000678,17.044173857501697,25,0.42123986730171814,0.44123986730171816,3.6788503282608627,0.64,0.947167018405833,-0.014906320235968495,5,11,0.6293946164765793,0.6730851181268568,True,-0.005447019701948164,60,-0.18547708708951519,-9.273854354475759,50.0,0.6083122403025075,0.4,-0.6247386556083317,-0.04819097707780573,0.0004997501249375312,2000.0,,validation
~asp_jupiter_sun_opp_orb5 & asp_mars_mercury_conj_orb5 & ~asp_mercury_uranus_trine_orb5,long,3,7,0.6399459102602786,22.39810685910975,35,0.4166125769269453,0.4299459102602786,3.6431875144811277,0.6571428571428571,,,7,19,0.6990525250242933,0.5611370905749253,True,0.04070631122268071,85,,,,,,,,,,,validation
asp_mars_mercury_conj_orb5,long,1,1,0.4443914636556763,15.55370122794867,35,0.41105813032234295,0.42439146365567626,2.3533672966342545,0.5428571428571428,,,7,22,0.6990525250242933,0.10484338183085336,True,0.0329768390976074,90,,,,,,,,,,,validation
~asp_jupiter_sun_opp_orb5 & asp_mars_mercury_conj_orb5 & ~asp_moon_uranus_opp_orb3,long,3,7,0.6334237217800432,22.169830262301513,35,0.41009038844671,0.4234237217800433,3.615612890927232,0.6285714285714286,,,7,19,0.6990525250242933,0.5459186507877096,True,0.0329768390976074,90,,,,,,,,,,,validation
~asp_jupiter_sun_opp_orb5 & asp_mars_mercury_conj_orb5 & ~asp_mars_neptune_trine_orb1,long,3,7,0.6249152532131582,21.872033862460537,35,0.40158191987982494,0.41491525321315825,3.5807204380454696,0.6285714285714286,,,7,19,0.6042633252793086,0.6524511571249577,True,0.01009345347706858,95,,,,,,,,,,,validation
asp_moon_neptune_sextile_orb1 & ~pluto_retro & ~venus_sign_sagittarius,short,3,7,0.6179236722239838,24.716946888959352,40,0.4012570055573172,0.40792367222398385,2.9014218400725156,0.65,,,7,1,0.6267848087124954,0.6031551114097979,True,-0.05159726045791548,103,,,,,,,,,,,validation
asp_moon_neptune_sextile_orb1 & ~asp_uranus_venus_trine_orb5 & ~pluto_retro,short,3,7,0.6179236722239838,24.716946888959352,40,0.4012570055573172,0.40792367222398385,2.9014218400725156,0.65,,,7,1,0.6267848087124954,0.6031551114097979,True,-0.06623339752874263,109,,,,,,,,,,,validation
~asp_jupiter_sun_opp_orb5 & asp_mars_mercury_conj_orb5 & ~asp_mars_pluto_trine_orb3,long,3,7,0.623591154535096,21.82569040872836,35,0.4002578212017627,0.413591154535096,3.913597214686672,0.6285714285714286,,,7,19,0.6019461525926999,0.6524511571249577,True,0.026057521169036944,90,,,,,,,,,,,validation
asp_neptune_pluto_sextile_orb5 & asp_uranus_venus_trine_orb1,short,2,3,0.46964950295205665,16.437732603321983,35,0.39631616961872335,0.40964950295205665,2.545772789604119,0.6285714285714286,,,6,3,0.5030289860453722,0.42514352549430284,True,-0.006594558680132145,6,,,,,,,,,,,validation
~asp_neptune_sun_sextile_orb5 & mercury_sign_capricorn & ~venus_sign_sagittarius,short,3,7,0.7497807144031086,23.992982860899474,32,0.39538213579503634,0.41538213579503636,4.2761469745687615,0.75,1.1531116459001658,-0.00994387282699194,7,16,0.5401412655784653,1.051586486877892,False,-0.15497944996234714,76,-0.012528954555721115,-0.6890925005646613,55.0,0.9716099603734765,0.45454545454545453,-0.020773515123443574,-0.03837648534128624,0.0004997501249375312,2000.0,,validation
~asp_jupiter_sun_opp_orb5 & asp_mars_mercury_conj_orb5 & ~asp_moon_pluto_conj_orb1,long,3,7,0.6128566146466872,22.675694741927426,37,0.39218994798002055,0.4028566146466872,3.3700486658524604,0.5945945945945946,,,8,16,0.6990525250242933,0.5114496612612682,True,0.014135323215636222,92,,,,,,,,,,,validation
asp_mars_mercury_conj_orb3,long,1,1,0.41555540220250026,16.62221608810001,40,0.3888887355358336,0.39555540220250024,2.364571928755609,0.575,,,8,12,0.5690728063322591,0.2620379980727415,True,-0.04301911460442631,95,,,,,,,,,,,validation
asp_mars_saturn_trine_orb5,short,1,1,0.42220439383793323,14.777153784327663,35,0.3888710605045999,0.4022043938379332,2.131325414212186,0.6,,,6,13,0.40056504620361827,0.45105685735035317,True,-0.052292720751658646,58,,,,,,,,,,,validation
~asp_mars_pluto_trine_orb1 & sun_sign_virgo,short,2,4,0.48125654543552293,14.437696363065688,30,0.3812565454355229,0.4012565454355229,2.620209335599631,0.6,,,5,22,0.3390476241249477,0.6234654667460984,True,0.14380622625849862,62,,,,,,,,,,,validation
~asp_jupiter_sun_opp_orb5 & venus_sign_taurus,short,2,4,0.4783758962920502,14.351276888761506,30,0.37837589629205015,0.39837589629205017,2.299988395888835,0.6333333333333333,,,5,20,0.3214211267472342,0.635330665836866,True,0.1550764376399136,60,,,,,,,,,,,validation
asp_mars_mercury_conj_orb5 & ~asp_moon_neptune_trine_orb1,long,2,4,0.46714390629440306,17.751468439187317,38,0.3778105729610697,0.38714390629440304,2.420234368215024,0.5526315789473685,,,8,19,0.6990525250242933,0.20946766326119168,True,0.0329768390976074,90,,,,,,,,,,,validation
asp_mercury_uranus_conj_orb3 & ~asp_sun_uranus_conj_orb3,short,2,4,0.4770133127350639,14.310399382051918,30,0.3770133127350639,0.3970133127350639,2.4976761692726117,0.6333333333333333,,,5,15,0.4470617394135582,0.5369164593780754,True,-0.14054467608708412,63,,,,,,,,,,,validation
asp_mercury_uranus_conj_orb3 & ~asp_sun_uranus_conj_orb5,short,2,4,0.4770133127350639,14.310399382051918,30,0.3770133127350639,0.3970133127350639,2.4976761692726117,0.6333333333333333,,,5,15,0.4470617394135582,0.5369164593780754,True,-0.15286233263178745,63,,,,,,,,,,,validation
~asp_jupiter_sun_opp_orb5 & asp_mars_mercury_conj_orb5 & ~asp_mars_neptune_trine_orb3,long,3,7,0.6060842826911917,18.18252848073575,30,0.37608428269119176,0.3960842826911918,3.297985862019931,0.5666666666666667,,,6,17,0.6697490275295458,0.5424195378528378,True,0.010088790484885342,95,,,,,,,,,,,validation
asp_mars_mercury_conj_orb5 & ~asp_mars_neptune_trine_orb3 & ~asp_mars_pluto_trine_orb1,long,3,7,0.6060842826911917,18.18252848073575,30,0.37608428269119176,0.3960842826911918,3.297985862019931,0.5666666666666667,,,7,17,0.6697490275295458,0.5424195378528378,True,0.014317295431000928,95,,,,,,,,,,,validation
asp_mars_mercury_conj_orb5 & ~asp_mars_neptune_trine_orb3 & ~asp_neptune_sun_sextile_orb5,long,3,7,0.6060842826911917,18.18252848073575,30,0.37608428269119176,0.3960842826911918,3.297985862019931,0.5666666666666667,,,6,17,0.6697490275295458,0.5424195378528378,True,0.005380872440510626,94,,,,,,,,,,,validation
asp_mars_mercury_conj_orb5 & ~asp_mars_neptune_trine_orb3 & ~asp_moon_uranus_opp_orb1,long,3,7,0.6060842826911917,18.18252848073575,30,0.37608428269119176,0.3960842826911918,3.297985862019931,0.5666666666666667,,,6,17,0.6697490275295458,0.5424195378528378,True,0.010088790484885342,95,,,,,,,,,,,validation
asp_mars_mercury_conj_orb5 & ~asp_mars_neptune_trine_orb3 & ~asp_saturn_sun_opp_orb3,long,3,7,0.6060842826911917,18.18252848073575,30,0.37608428269119176,0.3960842826911918,3.297985862019931,0.5666666666666667,,,6,16,0.6697490275295458,0.5424195378528378,True,0.010088790484885342,95,,,,,,,,,,,validation
asp_mars_mercury_conj_orb5 & ~asp_mars_neptune_trine_orb3 & ~asp_uranus_venus_trine_orb5,long,3,7,0.6060842826911917,18.18252848073575,30,0.37608428269119176,0.3960842826911918,3.297985862019931,0.5666666666666667,,,6,17,0.6697490275295458,0.5424195378528378,True,0.010635147707779714,95,,,,,,,,,,,validation
asp_mars_mercury_conj_orb5 & ~asp_mars_neptune_trine_orb3 & ~asp_moon_neptune_trine_orb1,long,3,7,0.6060842826911917,18.18252848073575,30,0.37608428269119176,0.3960842826911918,3.297985862019931,0.5666666666666667,,,6,17,0.6697490275295458,0.5424195378528378,True,0.010088790484885342,95,,,,,,,,,,,validation
asp_mars_mercury_conj_orb5 & ~asp_mars_neptune_trine_orb1 & ~asp_mars_neptune_trine_orb3,long,3,7,0.6060842826911917,18.18252848073575,30,0.37608428269119176,0.3960842826911918,3.297985862019931,0.5666666666666667,,,6,17,0.6697490275295458,0.5424195378528378,True,0.010088790484885342,95,,,,,,,,,,,validation
asp_mars_mercury_conj_orb5 & ~asp_mars_neptune_trine_orb3 & ~sun_sign_aries,long,3,7,0.6060842826911917,18.18252848073575,30,0.37608428269119176,0.3960842826911918,3.297985862019931,0.5666666666666667,,,6,17,0.6697490275295458,0.5424195378528378,True,-0.0153354577838473,95,,,,,,,,,,,validation
asp_mars_mercury_conj_orb5 & ~asp_mars_neptune_trine_orb3 & ~asp_mercury_saturn_conj_orb3,long,3,7,0.6060842826911917,18.18252848073575,30,0.37608428269119176,0.3960842826911918,3.297985862019931,0.5666666666666667,,,6,17,0.6697490275295458,0.5424195378528378,True,0.010088790484885342,95,,,,,,,,,,,validation
asp_mars_mercury_conj_orb5 & ~asp_mars_neptune_trine_orb3 & ~asp_mars_venus_sextile_orb1,long,3,7,0.6060842826911917,18.18252848073575,30,0.37608428269119176,0.3960842826911918,3.297985862019931,0.5666666666666667,,,6,17,0.6697490275295458,0.5424195378528378,True,0.006278359964866406,90,,,,,,,,,,,validation
~asp_jupiter_sun_opp_orb5 & ~asp_sun_uranus_conj_orb3 & venus_sign_taurus,short,3,7,0.5998357493993175,20.394415479576796,34,0.37516908273265087,0.38983574939931753,2.958908000617533,0.6764705882352942,,,7,20,0.392085286810547,0.7638492724957154,True,0.1639387838751261,60,,,,,,,,,,,validation
~mercury_sign_aquarius & ~sun_sign_scorpio & venus_sign_capricorn,long,3,7,0.6038625855392377,18.11587756617713,30,0.3738625855392377,0.3938625855392377,2.9085445394462055,0.6666666666666666,,,6,17,0.7058852896207402,0.5018398814577354,True,0.11246649178961125,74,,,,,,,,,,,validation
asp_mars_mercury_conj_orb3 & ~asp_neptune_sun_opp_orb3,long,2,4,0.45610145282420284,19.612362471440722,43,0.37343478615753617,0.3761014528242028,2.487529053245071,0.5813953488372093,,,9,8,0.5690728063322591,0.35786549325197986,True,-0.04301911460442631,95,,,,,,,,,,,validation
asp_mars_mercury_conj_orb3 & ~asp_mercury_uranus_trine_orb1,long,2,4,0.45610145282420284,19.612362471440722,43,0.37343478615753617,0.3761014528242028,2.487529053245071,0.5813953488372093,,,9,8,0.5690728063322591,0.35786549325197986,True,-0.04301911460442631,95,,,,,,,,,,,validation
~asp_jupiter_sun_opp_orb5 & asp_mars_mercury_conj_orb5 & ~mercury_sign_taurus,long,3,7,0.6031231562196241,18.093694686588723,30,0.3731231562196241,0.3931231562196241,3.4211421846004293,0.6,,,6,19,0.5537951553142906,0.6524511571249577,True,0.028083812637867467,85,,,,,,,,,,,validation
~asp_jupiter_sun_opp_orb5 & asp_mars_mercury_conj_orb5 & ~asp_mars_pluto_trine_orb5,long,3,7,0.6031231562196241,18.093694686588723,30,0.3731231562196241,0.3931231562196241,3.4211421846004293,0.6,,,6,19,0.5537951553142906,0.6524511571249577,True,0.028083812637867467,85,,,,,,,,,,,validation
~mercury_sign_aquarius & venus_sign_capricorn,long,2,4,0.47230619363105236,14.169185808931571,30,0.37230619363105233,0.39230619363105235,2.1996974227842916,0.5666666666666667,,,6,17,0.4427725058043693,0.5018398814577354,True,0.027267305315499594,74,,,,,,,,,,,validation
mercury_sign_capricorn,short,1,1,0.40396195730853207,14.138668505798623,35,0.37062862397519875,0.38396195730853205,2.133385685994569,0.5714285714285714,,,8,24,0.37389069298925504,0.47914011810672463,True,-0.18476829224955946,75,,,,,,,,,,,validation
asp_mars_mercury_conj_orb5 & ~asp_mars_neptune_trine_orb3 & ~asp_neptune_sun_opp_orb3,long,3,7,0.5931819066866015,20.16818482734445,34,0.3685152400199349,0.38318190668660157,3.0330580726205456,0.5588235294117647,,,7,17,0.6697490275295458,0.5327341797053297,True,0.010088790484885342,95,,,,,,,,,,,validation
asp_mars_mercury_conj_orb5 & ~asp_mars_neptune_trine_orb3 & ~asp_mercury_uranus_trine_orb1,long,3,7,0.5931819066866015,20.16818482734445,34,0.3685152400199349,0.38318190668660157,3.0330580726205456,0.5588235294117647,,,7,17,0.6697490275295458,0.5327341797053297,True,0.010088790484885342,95,,,,,,,,,,,validation
~asp_jupiter_mercury_opp_orb5 & asp_mars_saturn_trine_orb5,short,2,4,0.4602763136200503,16.10967097670176,35,0.36694298028671696,0.38027631362005027,2.233397798989766,0.6,,,6,13,0.4671909058223232,0.45105685735035317,True,-0.052292720751658646,58,,,,,,,,,,,validation
~asp_neptune_venus_sextile_orb3 & venus_sign_capricorn,long,2,4,0.4461633263185804,20.96967633697328,47,0.3661633263185804,0.3661633263185804,2.198057382300471,0.5531914893617021,,,11,11,0.5154200144942489,0.3991677164850912,True,-0.020179265607379638,70,,,,,,,,,,,validation
asp_uranus_venus_trine_orb1 & venus_sign_leo,short,2,3,0.43084312578858247,10.771078144714561,25,0.3637125739719203,0.3837125739719203,2.394201743996323,0.56,0.8251899897642373,-0.009389214737675844,5,4,0.40680347857041055,0.6282580509794691,False,-0.03093919639289364,26,,,0.0,,,,0.0,0.01249375312343828,2000.0,,validation
asp_mars_mercury_conj_orb5 & ~asp_neptune_sun_opp_orb3,long,2,4,0.44972711729634274,17.539357574557368,39,0.3617271172963427,0.3697271172963427,2.2991789055733656,0.5384615384615384,,,8,22,0.6990525250242933,0.1872793196879736,True,0.0329768390976074,90,,,,,,,,,,,validation
asp_mars_mercury_conj_orb5 & ~asp_mercury_uranus_trine_orb1,long,2,4,0.44972711729634274,17.539357574557368,39,0.3617271172963427,0.3697271172963427,2.2991789055733656,0.5384615384615384,,,8,22,0.6990525250242933,0.1872793196879736,True,0.0329768390976074,90,,,,,,,,,,,validation
asp_jupiter_venus_opp_orb3,short,1,1,0.4007992463530876,12.023977390592629,30,0.3607992463530876,0.3807992463530876,2.1940407931758514,0.6333333333333333,,,5,5,0.31421938424590723,0.5739589705674482,True,-0.14855224022653543,59,,,,,,,,,,,validation
asp_mercury_uranus_conj_orb3,short,1,1,0.39305748747975827,13.75701206179154,35,0.35972415414642495,0.37305748747975825,2.0950965056929873,0.6,,,6,15,0.33551389872043147,0.5369164593780754,True,-0.11470120761229753,68,,,,,,,,,,,validation
~asp_jupiter_mercury_opp_orb5 & ~asp_jupiter_moon_trine_orb1 & asp_jupiter_venus_opp_orb5,short,3,7,0.5864076013916091,17.59222804174827,30,0.3564076013916091,0.3764076013916091,3.378572436485094,0.7,,,5,8,0.5762785423927895,0.606665719389248,True,-0.10264069319064292,61,,,,,,,,,,,validation
~asp_jupiter_sun_opp_orb5 & ~mercury_sign_aquarius,short,2,5,0.4561115551854105,20.525019983343473,45,0.3561115551854105,0.3561115551854105,2.632274189650743,0.6888888888888889,,,10,228,0.44938254756422547,0.46452281471189194,True,-0.19153643646698118,125,,,,,,,,,,,validation
~asp_mars_pluto_trine_orb1 & asp_neptune_pluto_sextile_orb5 & sun_sign_virgo,short,3,6,0.5537753990396236,16.613261971188706,30,0.3537753990396236,0.3737753990396236,2.958649981137563,0.6666666666666666,,,5,22,0.48408533133314885,0.6234654667460984,True,-0.006482173215872559,6,,,,,,,,,,,validation
~asp_mars_venus_sextile_orb3 & asp_mercury_uranus_square_orb5 & mercury_sign_capricorn,short,3,6,0.5520673916537168,16.562021749611503,30,0.35206739165371675,0.3720673916537168,3.0788985835688925,0.6333333333333333,,,5,12,0.5885310284272128,0.47914011810672463,True,-0.1469040975625514,36,,,,,,,,,,,validation
asp_mars_mercury_conj_orb5 & ~asp_mars_pluto_trine_orb1,long,2,4,0.4443914636556763,15.55370122794867,35,0.35105813032234295,0.36439146365567626,2.3533672966342545,0.5428571428571428,,,8,22,0.6990525250242933,0.10484338183085336,True,0.03744026098517387,90,,,,,,,,,,,validation
asp_mars_mercury_conj_orb5 & ~asp_neptune_sun_sextile_orb5,long,2,4,0.4443914636556763,15.55370122794867,35,0.35105813032234295,0.36439146365567626,2.3533672966342545,0.5428571428571428,,,7,22,0.6990525250242933,0.10484338183085336,True,0.02826160036099503,89,,,,,,,,,,,validation
asp_mars_mercury_conj_orb5 & ~asp_moon_uranus_opp_orb1,long,2,4,0.4443914636556763,15.55370122794867,35,0.35105813032234295,0.36439146365567626,2.3533672966342545,0.5428571428571428,,,8,20,0.6990525250242933,0.10484338183085336,True,0.0329768390976074,90,,,,,,,,,,,validation
asp_mars_mercury_conj_orb5 & ~asp_saturn_sun_opp_orb3,long,2,4,0.4443914636556763,15.55370122794867,35,0.35105813032234295,0.36439146365567626,2.3533672966342545,0.5428571428571428,,,7,17,0.6990525250242933,0.10484338183085336,True,0.0329768390976074,90,,,,,,,,,,,validation
asp_mars_mercury_conj_orb5 & ~asp_uranus_venus_trine_orb5,long,2,4,0.4443914636556763,15.55370122794867,35,0.35105813032234295,0.36439146365567626,2.3533672966342545,0.5428571428571428,,,7,22,0.6990525250242933,0.10484338183085336,True,0.03355354949955147,90,,,,,,,,,,,validation
asp_mars_pluto_sextile_orb1,long,1,1,0.389032334717901,11.67097004153703,30,0.34903233471790096,0.369032334717901,2.108191668301509,0.6,,,6,5,0.2559151995069907,0.5221494699288114,True,0.2247924695760961,59,,,,,,,,,,,validation
~asp_jupiter_sun_opp_orb5 & ~asp_jupiter_venus_sextile_orb1 & asp_mars_mercury_conj_orb5,long,3,7,0.5646893763880717,22.58757505552287,40,0.3480227097214051,0.35468937638807174,2.9665066111428073,0.6,,,9,19,0.6990525250242933,0.4303262277518501,True,0.0329768390976074,90,,,,,,,,,,,validation
~asp_jupiter_mercury_opp_orb5 & asp_jupiter_venus_opp_orb5 & ~asp_mars_neptune_trine_orb5,short,3,7,0.5777329683957323,17.331989051871968,30,0.3477329683957323,0.36773296839573233,3.3434765486398015,0.7,,,5,8,0.5762785423927895,0.5806418204016179,True,-0.1622800036599624,59,,,,,,,,,,,validation
~asp_jupiter_mercury_opp_orb5 & asp_jupiter_venus_opp_orb5 & ~asp_mercury_uranus_conj_orb5,short,3,7,0.5777329683957323,17.331989051871968,30,0.3477329683957323,0.36773296839573233,3.3434765486398015,0.7,,,5,5,0.5762785423927895,0.5806418204016179,True,-0.1622800036599624,59,,,,,,,,,,,validation
~asp_jupiter_sun_sextile_orb1 & venus_sign_capricorn,long,2,4,0.4349524172441993,16.528191855279573,38,0.34561908391086593,0.3549524172441993,2.044256093282332,0.5526315789473685,,,8,17,0.4427725058043693,0.4298523594875668,True,-0.02870852128768233,69,,,,,,,,,,,validation
~sun_sign_aries,long,1,2,0.4381696414746497,10.954241036866243,25,0.3441512528221352,0.36415125282213523,2.0533377230727567,0.6,0.6531013686879135,-0.02043813292347829,6,232,0.6548717269916067,-0.09728969551680781,False,-0.002189199922321743,60,0.19406859117722947,6.7924006912030315,35.0,1.688534035753649,0.6,0.39615923695131144,-0.01274496425660987,0.005497251374312844,2000.0,,validation
~asp_jupiter_venus_sextile_orb1 & mercury_sign_capricorn,short,2,4,0.4370387125804383,15.296354940315341,35,0.343705379247105,0.3570387125804383,2.3334927532462797,0.6,,,9,24,0.4201981503699237,0.47914011810672463,True,-0.1829450926578164,80,,,,,,,,,,,validation
~asp_jupiter_sun_opp_orb5 & asp_mars_mercury_conj_orb3,long,2,4,0.4289617161900969,17.158468647603875,40,0.3422950495234302,0.34896171619009686,2.4085946803833314,0.575,,,8,12,0.5690728063322591,0.2888506260479346,True,-0.04301911460442631,95,,,,,,,,,,,validation
asp_mars_mercury_conj_orb3 & ~asp_moon_neptune_trine_orb1,long,2,4,0.4289617161900969,17.158468647603875,40,0.3422950495234302,0.34896171619009686,2.4085946803833314,0.575,,,8,12,0.5690728063322591,0.2888506260479346,True,-0.04301911460442631,95,,,,,,,,,,,validation
~asp_jupiter_mercury_opp_orb5 & ~asp_mars_pluto_trine_orb1 & asp_mars_saturn_trine_orb5,short,3,7,0.5642766981191951,20.313961132291023,36,0.34227669811919514,0.35427669811919515,2.6477192092335833,0.6111111111111112,,,7,11,0.4671909058223232,0.6856339384902849,True,-0.052292720751658646,58,,,,,,,,,,,validation
asp_mars_pluto_sextile_orb1 & ~asp_moon_uranus_opp_orb3,long,2,4,0.44086832234802614,13.666917992788811,31,0.34220165568135946,0.3608683223480261,2.2977125806222976,0.6129032258064516,,,7,5,0.2559151995069907,0.614261875011497,True,0.2247924695760961,59,,,,,,,,,,,validation
~asp_mars_venus_sextile_orb3 & asp_mercury_uranus_conj_orb3,short,2,4,0.43345300706894413,15.170855247413044,35,0.3401196737356108,0.3534530070689441,2.2975792637351917,0.6,,,6,15,0.33551389872043147,0.6783007779402259,True,-0.11470120761229753,68,,,,,,,,,,,validation
~asp_sun_venus_conj_orb5 & mercury_sign_virgo,long,2,4,0.4382141634860219,13.584639068066679,31,0.3395474968193552,0.35821416348602186,2.273603876962839,0.5806451612903226,,,7,48,0.20315086614167896,0.5674989770254106,True,-0.18043946852545298,71,,,,,,,,,,,validation
asp_mars_mercury_conj_orb3 & ~asp_mars_neptune_trine_orb1,long,2,4,0.42600529095121226,17.04021163804849,40,0.3393386242845456,0.34600529095121224,2.398924341890637,0.575,,,8,12,0.5631599558544899,0.2888506260479346,True,-0.06095853325883651,100,,,,,,,,,,,validation
asp_jupiter_mars_trine_orb3,short,1,1,0.37900088155467254,11.370026446640177,30,0.3390008815546725,0.3590008815546725,1.8925861982287748,0.5333333333333333,,,5,8,0.3222943424465144,0.49241395977098873,True,-0.1834939686632315,64,,,,,,,,,,,validation
asp_mercury_uranus_square_orb5,short,1,1,0.3577432630154727,21.464595780928363,60,0.3377432630154727,0.3377432630154727,2.220160464714353,0.5666666666666667,,,11,14,0.3606097733480676,0.35487675268287766,True,0.021805495714741795,148,,,,,,,,,,,validation
~asp_mars_venus_sextile_orb3 & asp_mercury_uranus_square_orb5 & ~pluto_retro,short,3,7,0.5657012115287422,16.971036345862267,30,0.3357012115287422,0.35570121152874223,3.2061705754701126,0.6333333333333333,,,5,12,0.5885310284272128,0.5200415777318013,True,0.008818006377344733,78,,,,,,,,,,,validation
~asp_mars_pluto_trine_orb5 & asp_moon_neptune_sextile_orb1 & ~pluto_retro,short,3,7,0.5518645170724268,22.07458068289707,40,0.33519785040576017,0.3418645170724268,2.4708686336484336,0.6,,,7,1,0.6820125081186121,0.4217165260262413,True,-0.06697350926506176,109,,,,,,,,,,,validation
asp_neptune_pluto_sextile_orb5 & sun_sign_virgo,short,2,3,0.41486397884972204,12.445919365491662,30,0.334863978849722,0.35486397884972204,2.3936270701821827,0.6333333333333333,,,5,22,0.48408533133314885,0.34564262636629534,True,-0.006482173215872559,6,,,,,,,,,,,validation
~sun_sign_scorpio & venus_sign_capricorn,long,2,4,0.433879713777668,13.01639141333004,30,0.33387971377766795,0.35387971377766797,2.1317523364734767,0.6,,,6,19,0.7058852896207402,0.16187413793459562,True,0.06793182707446559,69,,,,,,,,,,,validation
asp_mars_mercury_conj_orb5 & ~asp_mars_neptune_trine_orb5,long,2,4,0.43344867070132265,13.00346012103968,30,0.3334486707013226,0.35344867070132263,2.4550253131129214,0.5,,,6,16,0.5165781879566673,0.350319153445978,True,0.03673033394033551,90,,,,,,,,,,,validation
~asp_sun_uranus_conj_orb3 & venus_sign_taurus,short,2,4,0.4280673494639601,14.554289881774643,34,0.3334006827972934,0.34806734946396006,2.1542186224350997,0.5882352941176471,,,7,20,0.392085286810547,0.4564742410324441,True,0.1639387838751261,60,,,,,,,,,,,validation
~asp_jupiter_sun_sextile_orb1 & ~asp_uranus_venus_trine_orb5 & venus_sign_capricorn,long,3,7,0.5564575166200824,19.476013081702884,35,0.3331241832867491,0.3464575166200824,2.457653310277327,0.6,,,7,17,0.4427725058043693,0.6417212747318671,True,-0.02870852128768233,69,,,,,,,,,,,validation
asp_mercury_neptune_square_orb3 & asp_neptune_pluto_sextile_orb5,short,2,3,0.41304652701857675,12.391395810557302,30,0.33304652701857673,0.35304652701857675,2.0391750974897116,0.5333333333333333,,,5,5,0.39615312419228693,0.44683333267115666,True,-1.01,1,,,,,,,,,,,validation
~asp_jupiter_mercury_opp_orb5 & ~asp_jupiter_venus_sextile_orb3 & asp_mars_saturn_trine_orb5,short,3,7,0.5554312825242662,19.440094888349318,35,0.33209794919093294,0.34543128252426625,2.576837602880861,0.6,,,6,11,0.4671909058223232,0.6730851181268568,True,-0.005447019701948164,60,,,,,,,,,,,validation
asp_mars_mercury_conj_orb5 & ~asp_mars_neptune_trine_orb3 & ~asp_mercury_uranus_trine_orb5,long,3,7,0.5604272494161757,16.812817482485272,30,0.33042724941617574,0.35042724941617576,3.125301398107396,0.6,,,6,17,0.6697490275295458,0.45110547130280526,True,0.016117289235636705,90,,,,,,,,,,,validation
asp_mars_mercury_conj_orb3 & ~asp_moon_pluto_conj_orb1,long,2,4,0.4169137134408765,16.67654853763506,40,0.33024704677420985,0.3369137134408765,2.375165947882764,0.575,,,9,12,0.5690728063322591,0.2647546205494939,True,-0.06280831512699274,97,,,,,,,,,,,validation
~asp_moon_pluto_square_orb1 & mercury_sign_capricorn,short,2,4,0.42135631886593355,15.168827479173608,36,0.32935631886593353,0.34135631886593354,2.3450576636151865,0.6388888888888888,,,9,23,0.39913178069639843,0.47914011810672463,True,-0.12882840362160597,87,,,,,,,,,,,validation
asp_mars_mercury_conj_orb3 & ~asp_moon_uranus_opp_orb1,long,2,4,0.41555540220250026,16.62221608810001,40,0.3288887355358336,0.33555540220250024,2.364571928755609,0.575,,,8,12,0.5690728063322591,0.2620379980727415,True,-0.04301911460442631,95,,,,,,,,,,,validation
asp_mars_mercury_conj_orb3 & ~asp_saturn_sun_opp_orb3,long,2,4,0.41555540220250026,16.62221608810001,40,0.3288887355358336,0.33555540220250024,2.364571928755609,0.575,,,8,12,0.5690728063322591,0.2620379980727415,True,-0.04301911460442631,95,,,,,,,,,,,validation
asp_mars_mercury_conj_orb3 & ~asp_uranus_venus_trine_orb5,long,2,4,0.41555540220250026,16.62221608810001,40,0.3288887355358336,0.33555540220250024,2.364571928755609,0.575,,,8,8,0.5690728063322591,0.2620379980727415,True,-0.037629253995033356,95,,,,,,,,,,,validation
~asp_jupiter_venus_conj_orb3 & asp_mars_saturn_trine_orb5,short,2,4,0.42220439383793323,14.777153784327663,35,0.3288710605045999,0.3422043938379332,2.131325414212186,0.6,,,6,13,0.40056504620361827,0.45105685735035317,True,-0.017576585680576524,59,,,,,,,,,,,validation
asp_mars_saturn_trine_orb5 & ~asp_moon_uranus_opp_orb3,short,2,4,0.42220439383793323,14.777153784327663,35,0.3288710605045999,0.3422043938379332,2.131325414212186,0.6,,,6,13,0.40056504620361827,0.45105685735035317,True,-0.0104226301372244,64,,,,,,,,,,,validation
asp_mars_mercury_conj_orb5 & ~asp_mars_neptune_trine_orb1,long,2,4,0.41725485379704275,15.855684444287624,38,0.32792152046370937,0.33725485379704273,2.268591461605519,0.5526315789473685,,,8,19,0.6042633252793086,0.20946766326119168,True,0.01009345347706858,95,,,,,,,,,,,validation
~asp_jupiter_venus_conj_orb3 & asp_neptune_pluto_sextile_orb5 & asp_uranus_venus_trine_orb1,short,3,6,0.5272629503512536,15.817888510537609,30,0.3272629503512536,0.3472629503512536,2.7378121485160243,0.6666666666666666,,,5,3,0.6293823752082048,0.42514352549430284,True,-0.006594558680132145,6,,,,,,,,,,,validation
~asp_neptune_venus_sextile_orb3 & ~mercury_sign_aquarius & venus_sign_capricorn,long,3,7,0.539456661319321,23.196636436730806,43,0.3267899946526544,0.32945666131932105,2.6010045775418167,0.5813953488372093,,,11,11,0.5154200144942489,0.5584856733891698,True,0.037347416614276305,75,,,,,,,,,,,validation
~asp_jupiter_moon_trine_orb1 & asp_mars_mercury_conj_orb3,long,2,4,0.4092138044302807,17.59619359050207,43,0.32654713776361405,0.3292138044302807,2.332623889006742,0.5581395348837209,,,9,8,0.5690728063322591,0.27020597668943014,True,-0.04147245440610663,96,,,,,,,,,,,validation
asp_mercury_uranus_trine_orb5 & ~asp_moon_neptune_trine_orb1,long,2,4,0.40642531672526405,24.385519003515842,60,0.32642531672526404,0.32642531672526404,2.3850016551459947,0.6,,,12,16,0.21998082912580216,0.499647560524995,True,-0.05397461270311846,148,,,,,,,,,,,validation
asp_mars_mercury_conj_orb3 & ~asp_mercury_uranus_trine_orb5,long,2,4,0.4130429201949702,16.521716807798807,40,0.3263762535283035,0.33304292019497017,2.356106733457998,0.575,,,8,8,0.5690728063322591,0.2570130340576812,True,-0.06540946166784055,90,,,,,,,,,,,validation
~asp_mercury_saturn_conj_orb3,long,1,2,0.3861548614493529,11.584645843480587,30,0.3261548614493529,0.3461548614493529,2.1289178783934357,0.5666666666666667,,,6,249,0.4103959241602821,0.36191379873842355,True,0.23767842937956507,80,,,,,,,,,,,validation
asp_moon_neptune_sextile_orb1 & ~asp_moon_pluto_conj_orb1 & ~pluto_retro,short,3,7,0.5356433497408268,24.103950738337208,45,0.32564334974082687,0.32564334974082687,2.5053677111272195,0.6222222222222222,,,8,1,0.6267848087124954,0.4217165260262413,True,-0.06270529029898719,114,,,,,,,,,,,validation
~asp_jupiter_moon_trine_orb1 & ~asp_jupiter_sun_opp_orb5 & asp_mars_mercury_conj_orb5,long,3,7,0.5365420956083405,23.60785220676698,44,0.3252087622750072,0.3265420956083406,2.7461652591118457,0.5681818181818182,,,9,11,0.6990525250242933,0.4011167377617131,True,0.03377336025515305,91,,,,,,,,,,,validation
asp_mars_mercury_conj_orb5 & ~asp_mars_neptune_trine_orb3 & ~asp_moon_pluto_conj_orb1,long,3,7,0.5550540871359287,16.651622614077862,30,0.32505408713592876,0.3450540871359288,3.2034696969189422,0.5666666666666667,,,6,16,0.6697490275295458,0.4403591467423118,True,-0.007309594710123967,97,,,,,,,,,,,validation
asp_mars_saturn_trine_orb5 & ~mercury_sign_aquarius,short,2,4,0.4244725652132687,12.734176956398061,30,0.32447256521326867,0.3444725652132687,2.151831719804591,0.6,,,5,13,0.39788827307618413,0.45105685735035317,True,-0.07103887900296527,58,,,,,,,,,,,validation
~asp_mercury_uranus_conj_orb3 & venus_sign_aries,short,2,4,0.41775609335191066,14.621463267316873,35,0.32442276001857734,0.33775609335191065,2.1405503758201982,0.5714285714285714,,,8,34,0.47943592958128306,0.26355650277847964,True,-0.08665777561442495,79,,,,,,,,,,,validation
~asp_saturn_sun_opp_orb3 & ~mercury_sign_taurus,long,2,5,0.4239693349496728,22.046405417382985,52,0.32396933494967284,0.32396933494967284,2.386071278853841,0.6153846153846154,,,11,225,0.4487584236936465,0.384306792959315,True,0.09112029975421264,123,,,,,,,,,,,validation
~asp_mars_neptune_trine_orb3 & asp_mercury_uranus_square_orb5 & mercury_sign_capricorn,short,3,6,0.5239392330708791,15.718176992126372,30,0.3239392330708791,0.3439392330708791,2.752340542760837,0.6,,,5,10,0.5463387905529562,0.47914011810672463,True,-0.1469040975625514,36,,,,,,,,,,,validation
~asp_mars_neptune_trine_orb5 & asp_mercury_uranus_square_orb5 & mercury_sign_capricorn,short,3,6,0.5239392330708791,15.718176992126372,30,0.3239392330708791,0.3439392330708791,2.752340542760837,0.6,,,5,6,0.5463387905529562,0.47914011810672463,True,-0.1469040975625514,36,,,,,,,,,,,validation
~asp_mars_neptune_trine_orb1 & asp_mercury_uranus_square_orb5 & mercury_sign_capricorn,short,3,6,0.5239392330708791,15.718176992126372,30,0.3239392330708791,0.3439392330708791,2.752340542760837,0.6,,,5,13,0.5463387905529562,0.47914011810672463,True,-0.1469040975625514,36,,,,,,,,,,,validation
asp_mercury_uranus_square_orb5 & ~asp_sun_venus_conj_orb5 & mercury_sign_capricorn,short,3,6,0.5239392330708791,15.718176992126372,30,0.3239392330708791,0.3439392330708791,2.752340542760837,0.6,,,5,14,0.5463387905529562,0.47914011810672463,True,-0.1469040975625514,36,,,,,,,,,,,validation
asp_mercury_uranus_square_orb5 & mercury_sign_capricorn & ~pluto_retro,short,3,6,0.5239392330708791,15.718176992126372,30,0.3239392330708791,0.3439392330708791,2.752340542760837,0.6,,,5,14,0.5463387905529562,0.47914011810672463,True,-0.1469040975625514,36,,,,,,,,,,,validation
asp_mercury_uranus_square_orb5 & ~asp_neptune_sun_sextile_orb5 & mercury_sign_capricorn,short,3,6,0.5239392330708791,15.718176992126372,30,0.3239392330708791,0.3439392330708791,2.752340542760837,0.6,,,5,14,0.5463387905529562,0.47914011810672463,True,-0.27573581108526,26,,,,,,,,,,,validation
asp_mercury_uranus_square_orb5 & ~asp_moon_pluto_square_orb1 & mercury_sign_capricorn,short,3,6,0.5239392330708791,15.718176992126372,30,0.3239392330708791,0.3439392330708791,2.752340542760837,0.6,,,5,14,0.5463387905529562,0.47914011810672463,True,-0.1469040975625514,36,,,,,,,,,,,validation
~asp_jupiter_sun_sextile_orb1 & asp_mercury_uranus_square_orb5 & mercury_sign_capricorn,short,3,6,0.5239392330708791,15.718176992126372,30,0.3239392330708791,0.3439392330708791,2.752340542760837,0.6,,,5,14,0.5463387905529562,0.47914011810672463,True,-0.1469040975625514,36,,,,,,,,,,,validation
asp_mercury_uranus_square_orb5 & mercury_sign_capricorn & ~venus_sign_aries,short,3,6,0.5239392330708791,15.718176992126372,30,0.3239392330708791,0.3439392330708791,2.752340542760837,0.6,,,5,14,0.5463387905529562,0.47914011810672463,True,-0.1469040975625514,36,,,,,,,,,,,validation
asp_mercury_uranus_square_orb5 & ~asp_mercury_uranus_trine_orb1 & mercury_sign_capricorn,short,3,6,0.5239392330708791,15.718176992126372,30,0.3239392330708791,0.3439392330708791,2.752340542760837,0.6,,,5,14,0.5463387905529562,0.47914011810672463,True,-0.1469040975625514,36,,,,,,,,,,,validation
asp_mercury_uranus_square_orb5 & ~asp_mercury_uranus_trine_orb5 & mercury_sign_capricorn,short,3,6,0.5239392330708791,15.718176992126372,30,0.3239392330708791,0.3439392330708791,2.752340542760837,0.6,,,5,14,0.5463387905529562,0.47914011810672463,True,-0.1469040975625514,36,,,,,,,,,,,validation
asp_mercury_uranus_square_orb5 & ~asp_uranus_venus_trine_orb5 & mercury_sign_capricorn,short,3,6,0.5239392330708791,15.718176992126372,30,0.3239392330708791,0.3439392330708791,2.752340542760837,0.6,,,5,14,0.5463387905529562,0.47914011810672463,True,-0.1469040975625514,36,,,,,,,,,,,validation
~asp_jupiter_sun_trine_orb3 & asp_mercury_uranus_square_orb5 & mercury_sign_capricorn,short,3,6,0.5239392330708791,15.718176992126372,30,0.3239392330708791,0.3439392330708791,2.752340542760837,0.6,,,5,14,0.5463387905529562,0.47914011810672463,True,-0.1469040975625514,36,,,,,,,,,,,validation
~asp_mercury_saturn_conj_orb5 & asp_mercury_uranus_square_orb5 & mercury_sign_capricorn,short,3,6,0.5239392330708791,15.718176992126372,30,0.3239392330708791,0.3439392330708791,2.752340542760837,0.6,,,5,14,0.5463387905529562,0.47914011810672463,True,-0.1469040975625514,36,,,,,,,,,,,validation
~asp_jupiter_sun_opp_orb5 & ~asp_sun_uranus_conj_orb5 & venus_sign_taurus,short,3,7,0.5496185095075656,18.137410813749668,33,0.32361850950756565,0.33961850950756567,2.6426527501531027,0.6666666666666666,,,6,20,0.3203301444625627,0.7406921470450684,True,0.13365602522358153,65,,,,,,,,,,,validation
asp_mercury_uranus_trine_orb5 & ~asp_neptune_sun_opp_orb3,long,2,4,0.4031963062254441,23.38538576107576,58,0.3231963062254441,0.3231963062254441,2.328207112099546,0.5862068965517241,,,12,16,0.21998082912580216,0.49962550469893985,True,-0.11879446246729002,143,,,,,,,,,,,validation
~asp_mercury_uranus_conj_orb3 & ~mercury_sign_aquarius,short,2,5,0.4231595926029466,25.389575556176798,60,0.3231595926029466,0.3231595926029466,2.3513232729877003,0.6,,,13,214,0.39931091939591984,0.4708569390170002,True,-0.1145744427067064,132,,,,,,,,,,,validation
asp_mars_mercury_conj_orb5 & ~asp_mars_neptune_trine_orb3 & ~asp_moon_uranus_opp_orb3,long,3,7,0.5528180295225679,16.584540885677036,30,0.3228180295225679,0.3428180295225679,3.09589928228748,0.5666666666666667,,,6,17,0.6697490275295458,0.43588703151558966,True,0.010088790484885342,95,,,,,,,,,,,validation
~asp_moon_uranus_conj_orb1 & mercury_sign_capricorn,short,2,4,0.41399497156534293,14.903818976352346,36,0.3219949715653429,0.3339949715653429,2.1748477885406974,0.5555555555555556,,,9,24,0.38893914597250373,0.47914011810672463,True,-0.2377070230108335,80,,,,,,,,,,,validation
asp_mercury_uranus_trine_orb5,long,1,1,0.34098660155779176,20.459196093467504,60,0.32098660155779174,0.32098660155779174,2.0992681511244573,0.5833333333333334,,,12,16,0.21998082912580216,0.40148948777378657,True,-0.11879446246729002,143,,,,,,,,,,,validation
asp_mercury_uranus_trine_orb5 & ~pluto_retro,long,2,4,0.4201167113938022,12.603501341814066,30,0.32011671139380216,0.3401167113938022,2.4434464676018783,0.5666666666666667,,,6,16,0.5055056439907833,0.3774222450953117,True,-0.027382902942493185,78,,,,,,,,,,,validation
~asp_moon_pluto_square_orb1 & mercury_sign_capricorn & ~venus_sign_sagittarius,short,3,7,0.5557002254497578,17.226706988942492,31,0.3196504198476507,0.33831708651431736,3.1748626573908676,0.7096774193548387,1.0474233762943899,-0.012736115134683534,8,16,0.45153450952132235,1.051586486877892,False,-0.11271371136877487,82,0.09630654201034207,3.8522616804136827,40.0,1.2030250182560052,0.475,0.17772757546071535,-0.019743867223536382,0.0004997501249375312,2000.0,,validation
~asp_jupiter_sun_sextile_orb1 & ~sun_sign_scorpio & venus_sign_capricorn,long,3,7,0.5388127266453984,20.474883612525137,38,0.31947939331206504,0.3288127266453984,2.515639565230447,0.631578947368421,,,8,17,0.7058852896207402,0.4298523594875668,True,0.06266451927875624,69,,,,,,,,,,,validation
~asp_mercury_saturn_conj_orb3 & ~venus_sign_sagittarius,long,2,5,0.42180154084185706,18.137466256199854,43,0.31913487417519043,0.3218015408418571,2.0724367717240493,0.5581395348837209,,,9,248,0.5735875234494303,0.24724766084314803,True,0.08653254974255256,128,,,,,,,,,,,validation
~asp_mars_pluto_trine_orb1 & ~asp_moon_uranus_opp_orb1 & sun_sign_virgo,short,3,7,0.5485436860451242,16.456310581353726,30,0.3185436860451242,0.3385436860451242,3.025710241624998,0.6,,,5,22,0.3390476241249477,0.7580397479653008,True,0.14671452651591138,63,,,,,,,,,,,validation
~asp_jupiter_sun_sextile_orb1 & mercury_sign_capricorn,short,2,4,0.4048394283156216,16.193577132624863,40,0.3181727616489549,0.32483942831562157,2.118307626170173,0.575,,,9,24,0.3800725317185873,0.47914011810672463,True,-0.12066422020407654,85,,,,,,,,,,,validation
~mercury_sign_taurus,long,1,2,0.37129828029431816,12.995439810301136,35,0.3179649469609849,0.3312982802943182,2.0872852765143115,0.6285714285714286,,,7,235,0.3047058880383432,0.5377792609342558,True,-0.08216419982558108,70,,,,,,,,,,,validation
~asp_mars_pluto_trine_orb1 & asp_mars_saturn_trine_orb5 & ~mercury_sign_aquarius,short,3,7,0.5464021649028168,16.938467111987322,31,0.31773549823615016,0.3364021649028168,2.6408618661574663,0.6129032258064516,,,6,11,0.39788827307618413,0.6856339384902849,True,-0.07103887900296527,58,,,,,,,,,,,validation
asp_jupiter_mars_trine_orb1,short,1,1,0.3576413423701331,10.729240271103993,30,0.3176413423701331,0.3376413423701331,1.9133195122664868,0.5333333333333333,,,5,3,0.37721976512678973,0.31848449685681995,True,-0.15368165801277844,59,,,,,,,,,,,validation
~asp_jupiter_venus_sextile_orb3 & mercury_sign_capricorn,short,2,4,0.41023913223136177,14.358369628097662,35,0.31690579889802845,0.33023913223136175,2.2517281431283247,0.6,,,9,24,0.38267873788121665,0.47914011810672463,True,-0.1633829199619902,85,,,,,,,,,,,validation
~asp_mars_neptune_trine_orb5 & asp_mercury_uranus_trine_orb3,long,2,4,0.3963351309843871,22.591102466110065,57,0.3163351309843871,0.3163351309843871,2.5580817670497127,0.6140350877192983,,,12,7,0.2489607626486933,0.4759969517063838,True,-0.04723743783861564,133,,,,,,,,,,,validation
asp_mercury_uranus_trine_orb3 & ~asp_neptune_venus_sextile_orb3,long,2,4,0.3963351309843871,22.591102466110065,57,0.3163351309843871,0.3163351309843871,2.5580817670497127,0.6140350877192983,,,12,7,0.2489607626486933,0.4759969517063838,True,-0.04395498224142665,144,,,,,,,,,,,validation
~asp_mars_neptune_trine_orb5 & asp_mars_pluto_sextile_orb3,long,2,4,0.41562123904913656,12.468637171474096,30,0.3156212390491365,0.33562123904913654,2.10798257502269,0.5666666666666667,,,6,8,0.3531829180115337,0.4780595600867394,True,0.09651019393742,59,,,,,,,,,,,validation
~asp_jupiter_venus_sextile_orb1 & asp_mercury_uranus_trine_orb5,long,2,4,0.394375681189404,24.45129223374305,62,0.314375681189404,0.314375681189404,2.313762607464947,0.5967741935483871,,,13,16,0.21998082912580216,0.47742084883873837,True,-0.11278104797459004,144,,,,,,,,,,,validation
~asp_jupiter_sun_sextile_orb1 & asp_mercury_uranus_trine_orb5,long,2,4,0.394375681189404,24.45129223374305,62,0.314375681189404,0.314375681189404,2.313762607464947,0.5967741935483871,,,13,16,0.21998082912580216,0.47742084883873837,True,-0.11879446246729002,143,,,,,,,,,,,validation
asp_mercury_uranus_trine_orb5 & ~asp_moon_uranus_opp_orb3,long,2,4,0.394375681189404,24.45129223374305,62,0.314375681189404,0.314375681189404,2.313762607464947,0.5967741935483871,,,14,16,0.21998082912580216,0.47742084883873837,True,-0.05866206647091424,153,,,,,,,,,,,validation
mercury_sign_capricorn & ~venus_sign_aries,short,2,4,0.4074712939866345,14.261495289532208,35,0.3141379606533012,0.3274712939866345,2.1836182996961457,0.5142857142857142,,,8,24,0.3788037643385984,0.47914011810672463,True,-0.18532431647851413,75,,,,,,,,,,,validation
asp_mars_saturn_trine_orb5 & ~sun_sign_aries,short,2,4,0.40743471060775976,14.260214871271591,35,0.31410137727442644,0.32743471060775975,2.087333224946992,0.5428571428571428,,,6,11,0.40056504620361827,0.4165942631466153,True,-0.052292720751658646,58,,,,,,,,,,,validation
~asp_jupiter_venus_sextile_orb1 & asp_mars_saturn_trine_orb5,short,2,4,0.40743471060775976,14.260214871271591,35,0.31410137727442644,0.32743471060775975,2.087333224946992,0.5428571428571428,,,7,11,0.40056504620361827,0.4165942631466153,True,-0.04969006208377876,60,,,,,,,,,,,validation
asp_mercury_uranus_square_orb5 & ~asp_moon_uranus_conj_orb1 & mercury_sign_capricorn,short,3,6,0.5139959390869976,15.419878172609927,30,0.3139959390869976,0.3339959390869976,2.6051509790050678,0.6333333333333333,,,6,14,0.531423849577134,0.47914011810672463,True,-0.1469040975625514,36,,,,,,,,,,,validation
~asp_mercury_saturn_conj_orb5 & ~venus_sign_sagittarius,long,2,5,0.4166340881319465,17.9152657896737,43,0.31396742146527984,0.3166340881319465,2.000916047246183,0.5348837209302325,,,9,247,0.5216819378699522,0.2958290609332401,True,0.07557867034089069,128,,,,,,,,,,,validation
asp_jupiter_venus_opp_orb5,short,1,1,0.35384442239938113,10.615332671981434,30,0.3138444223993811,0.3338444223993811,2.119660872002112,0.6,,,5,8,0.24044572339826256,0.5806418204016179,True,-0.1870820718434485,59,,,,,,,,,,,validation
~asp_mercury_saturn_conj_orb3 & ~sun_sign_aries,long,2,5,0.41324284904462355,22.728356697454295,55,0.3132428490446235,0.3132428490446235,2.119225706739483,0.5818181818181818,,,11,183,0.6090848890515338,0.17823240103633103,True,0.12153181550378345,139,,,,,,,,,,,validation
~asp_moon_uranus_opp_orb3 & ~mercury_sign_aquarius & venus_sign_capricorn,long,3,7,0.5319234473973168,20.213091001098036,38,0.31259011406398346,0.3219234473973168,2.4136322132491452,0.5789473684210527,,,8,17,0.483771068481089,0.575260588421922,True,0.06890773280825822,79,,,,,,,,,,,validation
asp_mars_mercury_conj_orb5 & ~asp_mercury_uranus_trine_orb5,long,2,4,0.4052568637056623,14.18399022969818,35,0.31192353037232895,0.32525686370566226,2.234355375087546,0.5714285714285714,,,7,22,0.6990525250242933,0.013529315280820924,True,0.04070631122268071,85,,,,,,,,,,,validation
~asp_mars_neptune_trine_orb3,long,1,2,0.36522465815279437,12.782863035347804,35,0.3118913248194611,0.3252246581527944,1.8622997311692975,0.5142857142857142,,,7,359,0.6270151762929947,0.168881769547644,True,0.3473428132443044,70,,,,,,,,,,,validation
~asp_mars_neptune_trine_orb5 & ~asp_sun_uranus_conj_orb3 & venus_sign_taurus,short,3,7,0.5363615919838846,18.236294127452076,34,0.31169492531721793,0.3263615919838846,2.5975573924212165,0.6470588235294118,,,7,16,0.18565576803249936,1.037369911914435,True,0.20480931208384676,61,,,,,,,,,,,validation
asp_mars_mercury_conj_orb5 & ~asp_mars_neptune_trine_orb3 & ~asp_mars_pluto_trine_orb3,long,3,7,0.5413467010701295,16.240401032103886,30,0.3113467010701295,0.33134670107012953,3.344212980349245,0.5666666666666667,,,6,17,0.5402738642874213,0.5424195378528378,True,0.003533647184134388,95,,,,,,,,,,,validation
asp_mercury_uranus_square_orb5 & ~venus_sign_sagittarius,short,2,4,0.3913111352363602,21.52211243799981,55,0.31131113523636017,0.31131113523636017,2.3888185674409974,0.5818181818181818,,,10,12,0.3606097733480676,0.42815276950231124,True,-0.0003617013938641936,140,,,,,,,,,,,validation
~asp_jupiter_venus_conj_orb3 & asp_mercury_uranus_square_orb5,short,2,4,0.3913111352363602,21.52211243799981,55,0.31131113523636017,0.31131113523636017,2.3888185674409974,0.5818181818181818,,,10,14,0.3606097733480676,0.42815276950231124,True,0.014928573269710154,149,,,,,,,,,,,validation
~asp_moon_uranus_conj_orb1 & mercury_sign_capricorn & ~venus_sign_sagittarius,short,3,7,0.5468691707921856,16.952944294557753,31,0.31110175846632,0.32976842513298665,2.812095560224292,0.6129032258064516,1.0144895802773228,-0.014382539525209181,8,21,0.44134187479742787,1.051586486877892,False,-0.22734657143509698,75,0.09630654201034207,3.8522616804136827,40.0,1.2030250182560052,0.475,0.17772757546071535,-0.019743867223536382,0.0014992503748125937,2000.0,,validation
asp_mercury_uranus_trine_orb3,long,1,1,0.3307162664106612,18.850827185407688,57,0.3107162664106612,0.3107162664106612,2.1761401727668686,0.5789473684210527,,,12,7,0.2489607626486933,0.3749084306063195,True,-0.04395498224142665,144,,,,,,,,,,,validation
~asp_mars_neptune_trine_orb5 & mercury_sign_capricorn,short,2,4,0.40396195730853207,14.138668505798623,35,0.31062862397519875,0.32396195730853206,2.133385685994569,0.5714285714285714,,,8,21,0.37389069298925504,0.47914011810672463,True,-0.18476829224955946,75,,,,,,,,,,,validation
~asp_mercury_uranus_trine_orb1 & mercury_sign_capricorn,short,2,4,0.40396195730853207,14.138668505798623,35,0.31062862397519875,0.32396195730853206,2.133385685994569,0.5714285714285714,,,7,24,0.37389069298925504,0.47914011810672463,True,-0.18476829224955946,75,,,,,,,,,,,validation
~asp_mercury_uranus_trine_orb5 & mercury_sign_capricorn,short,2,4,0.40396195730853207,14.138668505798623,35,0.31062862397519875,0.32396195730853206,2.133385685994569,0.5714285714285714,,,7,24,0.37389069298925504,0.47914011810672463,True,-0.18476829224955946,75,,,,,,,,,,,validation
~asp_uranus_venus_trine_orb5 & mercury_sign_capricorn,short,2,4,0.40396195730853207,14.138668505798623,35,0.31062862397519875,0.32396195730853206,2.133385685994569,0.5714285714285714,,,8,21,0.37389069298925504,0.47914011810672463,True,-0.18476829224955946,75,,,,,,,,,,,validation
~asp_sun_venus_conj_orb5 & mercury_sign_capricorn,short,2,4,0.40396195730853207,14.138668505798623,35,0.31062862397519875,0.32396195730853206,2.133385685994569,0.5714285714285714,,,8,24,0.37389069298925504,0.47914011810672463,True,-0.2488675095815007,84,,,,,,,,,,,validation
~asp_jupiter_sun_trine_orb3 & mercury_sign_capricorn,short,2,4,0.40396195730853207,14.138668505798623,35,0.31062862397519875,0.32396195730853206,2.133385685994569,0.5714285714285714,,,8,21,0.37389069298925504,0.47914011810672463,True,-0.18476829224955946,75,,,,,,,,,,,validation
~asp_jupiter_venus_conj_orb3 & ~mercury_sign_aquarius & venus_sign_capricorn,long,3,7,0.5404819742746713,16.214459228240138,30,0.3104819742746713,0.3304819742746713,2.3118277262141254,0.5666666666666667,,,6,17,0.4427725058043693,0.6381914427449732,True,0.09783160671811139,79,,,,,,,,,,,validation
~asp_moon_uranus_opp_orb1 & sun_sign_virgo,short,2,4,0.4096322658552227,12.288967975656682,30,0.3096322658552227,0.3296322658552227,2.4335633714042664,0.5666666666666667,,,5,22,0.3390476241249477,0.48021690758549784,True,0.14671452651591138,63,,,,,,,,,,,validation
~asp_moon_uranus_opp_orb3 & venus_sign_capricorn,long,2,4,0.3977264433750248,15.113604848250942,38,0.3083931100416914,0.31772644337502476,1.9267714754075695,0.5263157894736842,,,8,19,0.483771068481089,0.32028628077956706,True,-0.06307472882334766,92,,,,,,,,,,,validation
~asp_mars_neptune_trine_orb5 & venus_sign_taurus,short,2,4,0.40643851788789287,12.193155536636786,30,0.30643851788789284,0.32643851788789285,2.0124230312682805,0.6,,,5,18,0.1326576479850148,0.954000257693649,True,0.196092250213146,61,,,,,,,,,,,validation
~asp_mars_venus_sextile_orb1,long,1,2,0.3526644933985131,14.106579735940523,40,0.30599782673184645,0.3126644933985131,2.104039555542674,0.575,,,8,334,0.33433672888662885,0.3832107675849869,True,0.14124993788295312,83,,,,,,,,,,,validation
asp_jupiter_mars_trine_orb3 & ~asp_sun_venus_conj_orb5,short,2,4,0.40589416058854627,12.176824817656389,30,0.30589416058854624,0.32589416058854626,1.9559554086931639,0.5333333333333333,,,5,8,0.3222943424465144,0.5730937968726101,True,-0.11385473542408965,59,,,,,,,,,,,validation
~asp_mars_pluto_trine_orb1 & ~mercury_sign_aquarius,short,2,5,0.40569072328376254,24.341443397025753,60,0.30569072328376257,0.30569072328376257,2.3386377251835135,0.6,,,13,233,0.2921722534635557,0.5646165810320521,True,-0.1006814845219121,150,,,,,,,,,,,validation
asp_mars_mercury_conj_orb5 & ~asp_moon_uranus_opp_orb3,long,2,4,0.3925586280949749,13.739551983324121,35,0.3054013418920937,0.31873467522542703,2.1379651487294633,0.5428571428571428,0.6698326573271023,-0.03013380522122333,8,20,0.6990525250242933,-0.001689124506394742,False,0.0329768390976074,90,0.19143625826725996,11.486175496035598,60.0,1.5698243582689058,0.55,0.48053666557506164,-0.019605313962225313,0.01649175412293853,2000.0,,validation
~asp_mars_venus_sextile_orb3 & mercury_sign_capricorn,short,2,4,0.3971514729623579,14.297453026644884,36,0.3051514729623579,0.3171514729623579,2.1617715024486555,0.6111111111111112,,,9,21,0.365617378676063,0.47914011810672463,True,-0.12568411717498892,73,,,,,,,,,,,validation
~asp_neptune_venus_sextile_orb3 & ~sun_sign_aries,long,2,5,0.40432847571019576,28.3029932997137,70,0.3043284757101957,0.3043284757101957,2.1033599870062365,0.5857142857142857,,,14,207,0.5170088078235875,0.25408803289234017,True,0.09183560884269275,161,,,,,,,,,,,validation
asp_mercury_pluto_conj_orb3 & ~venus_sign_sagittarius,short,2,4,0.4304610184432915,12.913830553298745,30,0.30397229773607354,0.32397229773607356,2.30890987203881,0.6333333333333333,0.7739823094467478,-0.014927362071072037,5,8,0.49430127890480763,-0.04767260810759657,False,-0.1536289737390062,58,-0.026348890227217182,-0.9222111579526013,35.0,0.9481525841787878,0.37142857142857144,-0.04222947827099334,-0.029926161904929915,0.008995502248875561,2000.0,,validation
sun_sign_virgo,short,1,1,0.34234512524562144,10.270353757368643,30,0.3023451252456214,0.3223451252456214,2.097306237926124,0.5666666666666667,,,5,22,0.3390476241249477,0.34564262636629534,True,0.14380622625849862,62,,,,,,,,,,,validation
asp_mars_mercury_conj_orb5 & ~asp_moon_pluto_conj_orb1,long,2,4,0.38895468255290855,15.558187302116341,40,0.3022880158862419,0.30895468255290853,2.1449179323964365,0.525,,,8,16,0.6990525250242933,0.07885684008152352,True,0.014135323215636222,92,,,,,,,,,,,validation
asp_mars_mercury_conj_orb3 & ~asp_mars_neptune_trine_orb3,long,2,4,0.39676632156505015,13.490054933211706,34,0.3020996548983835,0.31676632156505014,2.175214713555082,0.5294117647058824,,,7,12,0.6149445349631207,0.2245203636192048,True,-0.06096286496257799,100,,,,,,,,,,,validation
~mercury_sign_taurus & ~venus_sign_aries,long,2,5,0.4017211592773774,18.077452167481983,45,0.3017211592773774,0.3017211592773774,2.2082199273173604,0.6444444444444445,,,9,234,0.3295752152780623,0.5460130472760075,True,-0.07147562161235345,96,,,,,,,,,,,validation
~asp_mars_pluto_trine_orb3 & asp_mars_saturn_trine_orb5,short,2,4,0.39486926517277726,13.820424281047204,35,0.30153593183944394,0.31486926517277725,2.0385275104512237,0.5714285714285714,,,6,11,0.40056504620361827,0.3872748904649894,True,-0.028101439883565924,58,,,,,,,,,,,validation
~asp_neptune_sun_sextile_orb5 & venus_sign_aries,short,2,4,0.39343684333959117,14.163726360225281,36,0.30143684333959114,0.31343684333959115,2.062767244297312,0.6111111111111112,,,7,39,0.35516330261271967,0.48042216317339004,True,-0.09122835490891587,76,,,,,,,,,,,validation
~asp_mars_pluto_trine_orb3 & sun_sign_virgo,short,2,4,0.4013807419595506,12.041422258786518,30,0.30138074195955056,0.3213807419595506,2.351297621654682,0.6,,,5,22,0.3390476241249477,0.4637138597941536,True,0.14380622625849862,62,,,,,,,,,,,validation
asp_jupiter_venus_opp_orb3 & ~asp_mars_neptune_trine_orb5,short,2,4,0.4007992463530876,12.023977390592629,30,0.3007992463530876,0.3207992463530876,2.1940407931758514,0.6333333333333333,,,5,5,0.31421938424590723,0.5739589705674482,True,-0.14855224022653543,59,,,,,,,,,,,validation
asp_jupiter_venus_opp_orb3 & ~asp_mercury_uranus_conj_orb5,short,2,4,0.4007992463530876,12.023977390592629,30,0.3007992463530876,0.3207992463530876,2.1940407931758514,0.6333333333333333,,,5,4,0.31421938424590723,0.5739589705674482,True,-0.14855224022653543,59,,,,,,,,,,,validation
~asp_mercury_saturn_conj_orb3 & ~mercury_sign_scorpio,long,2,5,0.399744064614005,21.186435424542267,53,0.29974406461400505,0.29974406461400505,2.224298643039082,0.5849056603773585,,,11,229,0.34485879397084396,0.42797077523048793,True,0.08212752414265712,137,,,,,,,,,,,validation
~asp_jupiter_sun_opp_orb5 & asp_mercury_uranus_conj_orb3,short,2,4,0.39305748747975827,13.75701206179154,35,0.29972415414642495,0.31305748747975826,2.0950965056929873,0.6,,,6,15,0.33551389872043147,0.5369164593780754,True,-0.11470120761229753,68,,,,,,,,,,,validation
~asp_mars_neptune_trine_orb3 & ~sun_sign_aries,long,2,5,0.39877623148869173,23.926573889321503,60,0.2987762314886917,0.2987762314886917,1.9620795602649366,0.55,,,12,230,0.7173945151178901,0.08015794785949346,True,0.16899849251707835,119,,,,,,,,,,,validation
~asp_mercury_uranus_trine_orb1 & asp_mercury_uranus_trine_orb5,long,2,4,0.3783374830356637,23.078586465175487,61,0.2983374830356637,0.2983374830356637,2.125537989279299,0.6229508196721312,,,17,13,0.21998082912580216,0.4555846312843767,True,-0.010728884229113216,180,,,,,,,,,,,validation
~asp_neptune_venus_sextile_orb3 & mercury_sign_sagittarius,long,2,4,0.38227347499670733,16.05548594986171,42,0.2982734749967073,0.3022734749967073,2.216357509254305,0.5952380952380952,,,9,37,0.09939572431337468,0.5746303454613736,True,0.008159667565875684,92,,,,,,,,,,,validation
~asp_sun_uranus_conj_orb3 & mercury_sign_aries,short,2,4,0.3776383359181597,16.993725116317187,45,0.2976383359181597,0.2976383359181597,2.131831791109128,0.6222222222222222,,,9,28,0.203103416849656,0.5958069847537892,True,0.13268648614147988,75,,,,,,,,,,,validation
~asp_jupiter_venus_conj_orb3 & asp_mercury_uranus_trine_orb5,long,2,4,0.3772738889115782,20.7500638901368,55,0.2972738889115782,0.2972738889115782,2.249551184000664,0.5818181818181818,,,11,16,0.3126989586123558,0.40148948777378657,True,-0.08962642238943726,145,,,,,,,,,,,validation
~jupiter_ingress_3d & sun_sign_virgo,short,2,4,0.3893457689740842,13.627101914092947,35,0.29601243564075086,0.30934576897408417,2.2941306813034195,0.5714285714285714,,,6,22,0.4221231259299259,0.34564262636629534,True,0.043726778370745935,67,,,,,,,,,,,validation
asp_mars_mercury_conj_orb5 & ~asp_mars_pluto_trine_orb3,long,2,4,0.38890210798047997,13.6115737793168,35,0.29556877464714665,0.30890210798047996,2.295342651626585,0.5428571428571428,,,7,22,0.6019461525926999,0.10484338183085336,True,0.026057521169036944,90,,,,,,,,,,,validation
~asp_mercury_saturn_conj_orb5 & venus_sign_capricorn,long,2,4,0.3848542224032738,14.624460451324405,38,0.29552088906994045,0.3048542224032738,1.8967794513438532,0.5263157894736842,,,8,19,0.483771068481089,0.2958290609332401,True,-0.04743916920489716,74,,,,,,,,,,,validation
~asp_mercury_saturn_conj_orb5 & mercury_sign_capricorn,short,2,4,0.38617462018765475,14.288460946943225,37,0.2955079535209881,0.30617462018765473,2.041563339272987,0.5675675675675675,,,9,24,0.37389069298925504,0.41176613518432087,True,-0.18476829224955946,75,,,,,,,,,,,validation
~mercury_sign_aquarius & ~venus_sign_aries,short,2,5,0.3951637715937395,19.758188579686976,50,0.2951637715937395,0.2951637715937395,2.2078069714267263,0.54,,,11,205,0.38255382502435736,0.41407869144781284,True,-0.16299168081549256,118,,,,,,,,,,,validation
~asp_moon_uranus_conj_orb1 & ~mercury_sign_aquarius,short,2,5,0.3948461197796059,26.059843905453988,66,0.29484611977960584,0.29484611977960584,2.0821040745641186,0.5454545454545454,,,15,191,0.4670330606166333,0.30822179077517303,True,-0.06419762029605425,145,,,,,,,,,,,validation
~asp_sun_uranus_conj_orb5 & ~pluto_retro,long,2,5,0.3946557972867687,17.759510877904592,45,0.2946557972867687,0.2946557972867687,2.1234934254501447,0.5777777777777777,,,9,136,0.4477281734902276,0.2885110448798506,True,0.17536570538390342,119,,,,,,,,,,,validation
~asp_mercury_saturn_conj_orb3 & ~mercury_sign_taurus,long,2,5,0.3933209820515229,23.599258923091373,60,0.2933209820515229,0.2933209820515229,2.2288668181571083,0.6166666666666667,,,12,156,0.3655074095049274,0.4322599836167564,True,0.07765824283682723,147,,,,,,,,,,,validation
asp_mars_venus_sextile_orb5,short,1,1,0.31940901030744784,12.776360412297914,40,0.29274234364078117,0.2994090103074478,1.8257829056142345,0.5,,,7,23,0.3579154278303874,0.2552316477692155,True,-0.06488998046040581,85,,,,,,,,,,,validation
asp_mercury_uranus_trine_orb1,long,1,1,0.3190516970232542,12.762067880930168,40,0.2923850303565875,0.2990516970232542,2.1405269102163413,0.525,,,8,3,0.06011598160372996,0.40536360216309564,True,0.014775190637289269,118,,,,,,,,,,,validation
~asp_mars_venus_sextile_orb3 & asp_mercury_uranus_square_orb5,short,2,4,0.3718073423068916,22.308440538413496,60,0.2918073423068916,0.2918073423068916,2.3448113777264528,0.5833333333333334,,,11,12,0.3887379319309054,0.35487675268287766,True,0.00965529803933847,148,,,,,,,,,,,validation
asp_mars_venus_sextile_orb5 & ~mercury_sign_taurus,short,2,4,0.37128133906002736,16.70766025770123,45,0.29128133906002734,0.29128133906002734,2.0798771941608467,0.5555555555555556,,,8,12,0.3579154278303874,0.3879887280970774,True,-0.10712015365751319,79,,,,,,,,,,,validation
~asp_mars_venus_sextile_orb1 & ~mercury_sign_taurus,long,2,5,0.3890696308182268,21.398829695002476,55,0.2890696308182268,0.2890696308182268,2.2831729652945216,0.6181818181818182,,,11,235,0.2660939331276152,0.6042771017767974,True,0.04792389288046075,146,,,,,,,,,,,validation
asp_mars_pluto_sextile_orb1 & ~asp_mercury_saturn_conj_orb5,long,2,4,0.389032334717901,11.67097004153703,30,0.28903233471790096,0.309032334717901,2.108191668301509,0.6,,,6,5,0.2559151995069907,0.5221494699288114,True,0.2247924695760961,59,,,,,,,,,,,validation
asp_mars_mercury_conj_orb3 & ~asp_moon_uranus_opp_orb3,long,2,4,0.37560571232603224,15.024228493041289,40,0.28893904565936557,0.2956057123260322,2.233339731403688,0.575,,,8,12,0.5690728063322591,0.1821386183198054,True,-0.04301911460442631,95,,,,,,,,,,,validation
~asp_mars_neptune_trine_orb3 & ~asp_mercury_saturn_conj_orb3,long,2,5,0.38891122884035656,22.55685127274068,58,0.2889112288403566,0.2889112288403566,2.0504867323829954,0.5517241379310345,,,12,249,0.583213591044352,0.24171246959490528,True,0.3032533361139887,143,,,,,,,,,,,validation
asp_mars_venus_sextile_orb5 & ~pluto_retro,short,2,4,0.38836912330627105,11.651073699188132,30,0.288369123306271,0.30836912330627103,2.0319990061921227,0.5333333333333333,,,5,12,0.4411494241572923,0.2828085216042281,True,-0.14900007944758575,54,,,,,,,,,,,validation
~asp_sun_venus_conj_orb5 & ~sun_sign_aries,long,2,5,0.3880265237900914,21.341458808455027,55,0.2880265237900914,0.2880265237900914,1.9881528661680752,0.5818181818181818,,,11,183,0.4720194118283794,0.2872350581441456,True,0.012598810828665732,119,,,,,,,,,,,validation
~asp_mars_neptune_trine_orb3 & ~asp_mars_venus_sextile_orb1,long,2,5,0.3873546374836064,24.79069679895081,64,0.28735463748360635,0.28735463748360635,2.1490147910829758,0.5625,,,14,334,0.4795091181677226,0.2761337125200178,True,0.22388899905288331,144,,,,,,,,,,,validation
~asp_moon_pluto_conj_orb1 & ~pluto_retro,long,2,5,0.38652734592014865,19.326367296007433,50,0.2865273459201486,0.2865273459201486,2.2900626060349856,0.64,,,10,140,0.48830371970324526,0.318676430064751,True,0.08086255106031599,117,,,,,,,,,,,validation
asp_jupiter_mars_sextile_orb1,short,1,1,0.32539781152273145,9.761934345681944,30,0.2853978115227314,0.30539781152273143,1.934043322711556,0.5666666666666667,,,5,4,0.5304747245177409,0.12032089852772201,True,-0.11766735280259157,54,,,,,,,,,,,validation
asp_jupiter_mars_trine_orb3 & ~asp_moon_uranus_conj_orb1,short,2,4,0.38392746100116126,11.901751291036,31,0.2852607943344946,0.30392746100116125,1.865999090851963,0.5161290322580645,,,6,8,0.3222943424465144,0.4959876765550644,True,-0.16258304263496223,64,,,,,,,,,,,validation
~asp_mercury_uranus_conj_orb3,short,1,2,0.3445581367749418,10.336744103248254,30,0.2845581367749418,0.3045581367749418,2.120474378720902,0.5666666666666667,,,7,248,0.2855503251987747,0.4625737599272758,True,-0.10785375386798564,67,,,,,,,,,,,validation
~asp_mercury_uranus_conj_orb5 & mercury_sign_aries,short,2,4,0.38281255748123644,11.86718928191833,31,0.28414589081456976,0.3028125574812364,2.5009619997606056,0.6774193548387096,,,8,46,0.2784735266461401,0.6019245222349388,True,0.11179951019685591,75,,,,,,,,,,,validation
asp_jupiter_mercury_trine_orb3,short,1,1,0.30357833744132656,19.732591933686226,65,0.28357833744132654,0.28357833744132654,1.786621526554533,0.5538461538461539,,,12,10,0.34527344527819626,0.2097643448083696,True,0.11753773148806068,127,,,,,,,,,,,validation
asp_mars_mercury_conj_orb1 & ~asp_saturn_sun_opp_orb3,long,2,4,0.37660816697466737,13.181285844113358,35,0.28327483364133405,0.29660816697466735,2.230790639407978,0.6,,,7,3,0.30919162780769627,0.46649688586396215,True,0.0016710869064935998,79,,,,,,,,,,,validation
~asp_mars_neptune_trine_orb3 & mercury_sign_capricorn,short,2,4,0.37252430232046907,14.155923488177825,38,0.2831909689871357,0.29252430232046905,2.089120659077536,0.5526315789473685,,,9,21,0.33444722525394915,0.47914011810672463,True,-0.18476829224955946,75,,,,,,,,,,,validation
~asp_neptune_sun_sextile_orb5 & mercury_sign_sagittarius,long,2,4,0.3695940756689591,14.783763026758363,40,0.2829274090022924,0.28959407566895906,2.1002930332498084,0.6,,,8,35,0.0024939463739673596,0.5898541532459541,True,-0.021635743830825584,102,,,,,,,,,,,validation
~asp_jupiter_venus_conj_orb3 & asp_mercury_venus_conj_orb1,short,2,4,0.3624231675612448,18.12115837806224,50,0.2824231675612448,0.2824231675612448,2.079338744080085,0.62,,,9,6,0.3180081144060329,0.38145819034204986,True,-0.10978308066009974,118,,,,,,,,,,,validation
asp_jupiter_mars_trine_orb1 & ~asp_moon_uranus_conj_orb1,short,2,4,0.38200916964574805,11.460275089372441,30,0.282009169645748,0.30200916964574803,1.9755974291760199,0.5333333333333333,,,6,3,0.37721976512678973,0.3915879786836644,True,-0.15368165801277844,59,,,,,,,,,,,validation
~asp_mars_neptune_trine_orb3 & ~mercury_sign_taurus,long,2,5,0.3814996325378244,24.797476114958585,65,0.2814996325378244,0.2814996325378244,2.043378997856328,0.5846153846153846,,,13,235,0.45834423184751866,0.2918476000098479,True,0.13114437767506143,132,,,,,,,,,,,validation
~asp_mars_neptune_trine_orb5 & asp_mercury_uranus_trine_orb5,long,2,4,0.3613110386697079,21.67866232018247,60,0.28131103866970786,0.28131103866970786,2.231152718195477,0.6,,,12,16,0.21998082912580216,0.43197614344166063,True,-0.11125628120741494,132,,,,,,,,,,,validation
asp_mercury_uranus_trine_orb5 & ~asp_neptune_venus_sextile_orb3,long,2,4,0.3613110386697079,21.67866232018247,60,0.28131103866970786,0.28131103866970786,2.231152718195477,0.6,,,12,16,0.21998082912580216,0.43197614344166063,True,-0.11879446246729002,143,,,,,,,,,,,validation
asp_pluto_venus_conj_orb3,short,1,1,0.3208019769960543,9.624059309881629,30,0.28080197699605425,0.30080197699605427,1.7370546217219611,0.5666666666666667,,,5,4,0.38699674027112935,0.25460721372097933,True,-0.04477877321353612,68,,,,,,,,,,,validation
asp_mars_neptune_square_orb5 & ~asp_neptune_sun_sextile_orb5,short,2,4,0.37374154852303726,13.080954198306303,35,0.28040821518970394,0.29374154852303724,2.384643447133237,0.6571428571428571,,,6,23,0.31751549884713753,0.5143066727127865,True,-0.005075645425465208,75,,,,,,,,,,,validation
asp_jupiter_mars_square_orb5 & ~sun_sign_aries,long,2,4,0.3732965475049073,13.065379162671755,35,0.279963214171574,0.2932965475049073,2.0598708862528583,0.6285714285714286,,,7,17,0.5366500982037183,0.15549181323982594,True,-0.336216391720474,58,,,,,,,,,,,validation
asp_mars_venus_sextile_orb5 & ~asp_sun_venus_conj_orb5,short,2,4,0.3732221828959896,13.062776401359635,35,0.27988884956265625,0.29322218289598956,2.0484075962440524,0.5142857142857142,,,6,23,0.3579154278303874,0.411489070559995,True,-0.0614426449206833,69,,,,,,,,,,,validation
asp_mars_pluto_sextile_orb1 & ~asp_neptune_venus_sextile_orb3,long,2,4,0.37973411734691553,11.392023520407466,30,0.2797341173469155,0.2997341173469155,2.032905444795513,0.5666666666666667,,,6,4,0.2373187647650198,0.5221494699288114,True,0.2247924695760961,59,,,,,,,,,,,validation
~asp_jupiter_venus_sextile_orb3 & venus_sign_capricorn,long,2,4,0.3728021491865093,13.048075221527824,35,0.27946881585317596,0.29280214918650926,1.8243995622834606,0.5142857142857142,,,7,19,0.4427725058043693,0.32032438172311434,True,-0.08695967687709057,74,,,,,,,,,,,validation
~asp_jupiter_venus_sextile_orb1 & venus_sign_capricorn,long,2,4,0.372780377218768,13.04731320265688,35,0.2794470438854347,0.292780377218768,1.8243331413463317,0.5142857142857142,,,7,19,0.4427725058043693,0.32028628077956706,True,-0.03255006099600445,79,,,,,,,,,,,validation
~asp_neptune_venus_sextile_orb1 & ~mercury_sign_taurus,long,2,5,0.3792978956714746,23.13717163595995,61,0.27929789567147456,0.27929789567147456,2.082441266274766,0.6065573770491803,,,13,235,0.3120602084586945,0.4698101669194479,True,0.03370558228654397,170,,,,,,,,,,,validation
asp_jupiter_mars_trine_orb3 & ~asp_mercury_uranus_conj_orb3,short,2,4,0.37900088155467254,11.370026446640177,30,0.2790008815546725,0.2990008815546725,1.8925861982287748,0.5333333333333333,,,5,8,0.3222943424465144,0.49241395977098873,True,-0.21531569625324667,65,,,,,,,,,,,validation
asp_jupiter_mars_trine_orb3 & ~asp_mercury_uranus_trine_orb5,short,2,4,0.37900088155467254,11.370026446640177,30,0.2790008815546725,0.2990008815546725,1.8925861982287748,0.5333333333333333,,,5,8,0.3222943424465144,0.49241395977098873,True,-0.17133609758269241,59,,,,,,,,,,,validation
asp_jupiter_mars_trine_orb3 & ~asp_jupiter_venus_conj_orb3,short,2,4,0.37900088155467254,11.370026446640177,30,0.2790008815546725,0.2990008815546725,1.8925861982287748,0.5333333333333333,,,5,7,0.3222943424465144,0.49241395977098873,True,-0.23537766784739647,65,,,,,,,,,,,validation
asp_neptune_venus_sextile_orb3 & ~sun_sign_aries,long,2,4,0.3656601191881491,14.626404767525964,40,0.27899345252148244,0.2856601191881491,2.184242652294166,0.65,,,8,4,0.38107354552384953,0.35024669285244864,True,0.1889029536949061,106,,,,,,,,,,,validation
asp_neptune_venus_sextile_orb1,long,1,1,0.3081447481535682,10.785066185374886,35,0.27481141482023486,0.28814474815356816,1.8216162342618862,0.5428571428571428,,,7,2,0.12606123334058647,0.44470738426330436,True,0.1294461042497243,117,,,,,,,,,,,validation
~asp_jupiter_mercury_opp_orb5,short,1,2,0.3301224669736885,9.903674009210656,30,0.2701224669736885,0.29012246697368854,1.9083279963993487,0.6,,,7,288,0.35285297853299097,0.2846614438550835,True,-0.14788371829150593,58,,,,,,,,,,,validation
~asp_sun_uranus_conj_orb3,long,1,2,0.35113572552911626,8.778393138227907,25,0.2696575999971438,0.2896575999971438,2.0011826095633913,0.64,0.6122342504267806,-0.015057116926152414,6,251,0.5657459285553749,-0.14251905711931873,False,0.17641145826127352,60,-0.06994967938874422,-2.4482387786060475,35.0,0.8474900309488712,0.45714285714285713,-0.11711207884640192,-0.02482669943327953,0.025987006496751622,2000.0,,validation
~mercury_sign_scorpio,long,1,2,0.32183519055622034,11.264231669467712,35,0.26850185722288705,0.28183519055622036,1.9060766894289844,0.5714285714285714,,,7,232,0.11426410116513264,0.47751350759953615,True,0.04570160966913519,83,,,,,,,,,,,validation
asp_mars_mercury_conj_orb1,long,1,1,0.2902594954975304,11.610379819901215,40,0.2635928288308637,0.27025949549753037,1.8784109734072554,0.575,,,8,3,0.30919162780769627,0.2713273631873645,True,0.0016710869064935998,79,,,,,,,,,,,validation
venus_sign_capricorn,long,1,1,0.3023233218694824,9.069699656084472,30,0.2623233218694824,0.2823233218694824,1.6562857265767723,0.5,,,6,19,0.4427725058043693,0.16187413793459562,True,-0.023441213491972986,69,,,,,,,,,,,validation
~asp_saturn_venus_opp_orb1,long,1,2,0.32013492867089705,9.604047860126911,30,0.26013492867089705,0.28013492867089707,1.7845983764094477,0.5333333333333333,,,6,286,0.17769969863456853,0.4625701587072256,True,0.02894419269002794,39,,,,,,,,,,,validation
asp_mercury_pluto_conj_orb3,short,1,1,0.3147004853073036,11.014516985755627,35,0.2577424947217933,0.2710758280551266,1.80681001303352,0.5714285714285714,0.6260419554591319,-0.01611739256415068,6,12,0.49430127890480763,-0.21698779906907584,False,-0.11544296329866853,84,-0.008456619430862067,-0.33826477723448267,40.0,0.9791937267712186,0.425,-0.013184219070089367,-0.029926161904929915,0.03548225887056472,2000.0,,validation
asp_mercury_uranus_conj_orb5,short,1,1,0.28763610209544865,10.067263573340703,35,0.2543027687621153,0.26763610209544864,1.8283597819294166,0.5714285714285714,,,6,19,0.232653559703655,0.4250924580749328,True,-0.08688243902184584,77,,,,,,,,,,,validation
venus_sign_pisces,short,1,1,0.2862043941333727,10.017153794668044,35,0.25287106080003935,0.26620439413337266,1.8372838924165897,0.4857142857142857,,,6,23,0.2610792458711613,0.3490172647889011,True,-0.19343271193738804,65,,,,,,,,,,,validation
~asp_mars_pluto_trine_orb1,short,1,2,0.3096203981365738,9.288611944097214,30,0.24962039813657386,0.26962039813657385,2.077515893659677,0.5666666666666667,,,7,368,-0.002360093375789729,0.6216008896489372,False,-0.04921996271046166,74,,,,,,,,,,,validation
asp_neptune_venus_square_orb5,long,1,1,0.26603470359748416,13.301735179874207,50,0.24603470359748417,0.24603470359748417,1.7322510091572443,0.48,,,10,7,0.4128894702738112,0.16813152581326613,True,-0.02178782612428113,127,,,,,,,,,,,validation
venus_sign_taurus,short,1,1,0.28370504303197835,8.51115129095935,30,0.24370504303197835,0.26370504303197834,1.6429296661968937,0.5333333333333333,,,5,20,0.3214211267472342,0.24598895931672235,True,0.1550764376399136,60,,,,,,,,,,,validation
~asp_mars_neptune_trine_orb5,long,1,2,0.29700281771638215,10.395098620073375,35,0.24366948438304883,0.25700281771638217,1.7238372479443658,0.5142857142857142,,,7,353,0.16428346448987627,0.39654233263626143,True,0.0949010787981169,70,,,,,,,,,,,validation
~venus_sign_sagittarius,long,1,2,0.3023233218694824,9.069699656084472,30,0.24232332186948244,0.26232332186948243,1.6562857265767723,0.5,,,6,262,0.4427725058043693,0.16187413793459562,True,-0.03302738301345367,64,,,,,,,,,,,validation
asp_saturn_sun_square_orb1,short,1,1,0.2614960742005628,13.07480371002814,50,0.24149607420056282,0.24149607420056282,1.6087155861428462,0.5,,,9,2,0.5765020752435985,-0.05350992684247298,False,0.11016533055642613,90,,,,,,,,,,,validation
mercury_sign_sagittarius,long,1,1,0.273933695645721,9.587679347600234,35,0.24060036231238766,0.253933695645721,1.7712996657696227,0.5714285714285714,,,7,44,0.0024939463739673596,0.47751350759953615,True,-0.017051339760466726,81,,,,,,,,,,,validation
asp_uranus_venus_opp_orb3,long,1,1,0.27310742802913185,9.558759981019614,35,0.2397740946957985,0.25310742802913183,1.9353128719532897,0.6285714285714286,,,7,8,0.1268427928242396,0.33161328211108887,True,-0.025923717191769363,58,,,,,,,,,,,validation
~asp_neptune_sun_sextile_orb5,short,1,2,0.2781872951749061,12.518428282870774,45,0.23818729517490608,0.23818729517490608,1.7325386005816727,0.5555555555555556,,,10,164,0.2570193638600436,0.3046472093184842,True,-0.003669474557836218,122,,,,,,,,,,,validation
~asp_mercury_uranus_opp_orb3,long,1,2,0.2964097560390115,8.892292681170344,30,0.23640975603901151,0.2564097560390115,1.7158198986772837,0.5666666666666667,,,6,246,0.2680994945544013,0.32472001752362156,True,0.0015039372585572515,70,,,,,,,,,,,validation
~asp_mars_pluto_trine_orb5,long,1,2,0.2872109535546021,10.052383374411074,35,0.23387762022126873,0.24721095355460207,1.7998953469757604,0.5714285714285714,,,7,359,0.3232319412430038,0.2391829699700665,True,0.10606391073011187,75,,,,,,,,,,,validation
asp_saturn_sun_square_orb3,short,1,1,0.2530680736944054,13.918744053192299,55,0.23306807369440544,0.23306807369440544,1.6347357318384144,0.5272727272727272,,,10,5,0.42582773200606105,0.04575648372041883,True,0.0177966937249554,116,,,,,,,,,,,validation
asp_mars_neptune_square_orb5,short,1,1,0.26637659187161455,9.32318071550651,35,0.23304325853828123,0.24637659187161456,1.9171572426252212,0.6285714285714286,,,6,32,0.1672045595351458,0.5143066727127865,True,0.04030918051637155,75,,,,,,,,,,,validation
~asp_jupiter_venus_sextile_orb1,long,1,2,0.27839335678401167,11.135734271360466,40,0.231726690117345,0.23839335678401166,1.664851942514974,0.55,,,8,299,0.35145353228410314,0.15662639761719255,True,0.09838881222267966,110,,,,,,,,,,,validation
asp_mercury_pluto_square_orb3,short,1,1,0.2499363038734087,14.996178232404523,60,0.22993630387340872,0.22993630387340872,1.7179065137222076,0.5333333333333333,,,11,14,0.35416667981215816,0.10401377755915948,True,0.09845256212304408,145,,,,,,,,,,,validation
~asp_neptune_venus_sextile_orb3,long,1,2,0.26972416449476405,14.834829047212024,55,0.22972416449476404,0.22972416449476404,1.6555800353667918,0.5272727272727272,,,11,211,0.1753137630762555,0.38301664619697445,True,0.1385358104161861,123,,,,,,,,,,,validation
asp_pluto_venus_trine_orb3,short,1,1,0.24828489573202495,13.655669265261372,55,0.22828489573202496,0.22828489573202496,1.5748743636562965,0.509090909090909,,,10,4,0.0877888047634796,0.44088020489427926,True,0.06168020413538923,130,,,,,,,,,,,validation
~asp_moon_pluto_conj_orb1,long,1,2,0.2726715574555434,10.906862298221736,40,0.22600489078887673,0.23267155745554338,1.8634800724540774,0.6,,,8,394,0.5776740625292888,0.08967005441129611,True,-0.09469377479612053,86,,,,,,,,,,,validation
~asp_sun_uranus_conj_orb5,long,1,2,0.2852132739060191,8.556398217180572,30,0.22521327390601908,0.24521327390601907,1.6969447410798955,0.5333333333333333,,,6,248,0.6017489438341986,-0.3478580659503402,False,0.30019218490650423,60,,,,,,,,,,,validation
asp_pluto_sun_opp_orb5,short,1,1,0.2649079587869885,7.947238763609654,30,0.2249079587869885,0.24490795878698848,1.738877976178058,0.4666666666666667,,,5,8,0.08554738043660248,0.4442685371373744,True,0.16136570943979026,60,,,,,,,,,,,validation
asp_saturn_sun_square_orb5,short,1,1,0.2449025678514243,13.469641231828337,55,0.22490256785142432,0.22490256785142432,1.7441031385338994,0.5636363636363636,,,10,8,0.31064740853795986,0.16600875902758175,True,0.0761799285605356,116,,,,,,,,,,,validation
asp_neptune_sun_square_orb5,short,1,1,0.2439273863390034,13.416006248645187,55,0.22392738633900341,0.22392738633900341,1.5959242309265411,0.4909090909090909,,,10,9,0.24941775408245365,0.23733894504686312,True,-0.03847906691993112,121,,,,,,,,,,,validation
venus_sign_scorpio,long,1,1,0.2636578732866884,7.909736198600652,30,0.2236578732866884,0.2436578732866884,1.6384103863737232,0.5333333333333333,,,6,38,-0.10094895159167667,0.4459612857258709,False,0.2375560831383443,66,,,,,,,,,,,validation
asp_mercury_venus_conj_orb1,short,1,1,0.2416766920071781,14.500601520430685,60,0.2216766920071781,0.2216766920071781,1.652219215581877,0.5833333333333334,,,11,6,0.04598259433835766,0.38145819034204986,True,-0.1204420260709008,113,,,,,,,,,,,validation
asp_neptune_venus_sextile_orb3,long,1,1,0.23866399818476736,11.933199909238368,50,0.21866399818476737,0.21866399818476737,1.665608750927059,0.56,,,10,4,0.2022312760638121,0.27509672030572274,True,0.215721272388387,123,,,,,,,,,,,validation
asp_moon_venus_sextile_orb1,short,1,1,0.23838066876324673,13.82607878826831,58,0.21838066876324674,0.21838066876324674,1.564722037789045,0.5517241379310345,,,11,1,0.2104867043439786,0.30036725636162037,True,0.016486098787278237,178,,,,,,,,,,,validation
~asp_jupiter_sun_sextile_orb1,long,1,2,0.2583570991586236,11.626069462138062,45,0.21835709915862359,0.21835709915862359,1.7739914515775526,0.6444444444444445,,,9,271,0.04725693636713306,0.42723722939181596,True,0.01489707097339807,104,,,,,,,,,,,validation
~asp_mars_venus_sextile_orb3,long,1,2,0.2649649124582846,10.598596498331384,40,0.2182982457916179,0.22496491245828457,1.6450505627114491,0.525,,,8,330,0.18875946832680815,0.39197398601074535,True,0.005183440244777515,80,,,,,,,,,,,validation
asp_mars_saturn_trine_orb3,short,1,1,0.2504895520038045,8.767134320133158,35,0.2171562186704712,0.23048955200380453,1.6120299627149075,0.5714285714285714,,,6,7,0.27454706870945766,0.21841286306293345,True,-0.000493792853232169,59,,,,,,,,,,,validation
asp_saturn_venus_trine_orb1,short,1,1,0.2369248270238665,10.661617216073992,45,0.2169248270238665,0.2169248270238665,1.6049137779539475,0.5333333333333333,,,8,2,0.2404803061530452,0.22981386876550916,True,-0.13109234616625892,111,,,,,,,,,,,validation
~jupiter_ingress_1d,long,1,2,0.2757457386404258,8.272372159212773,30,0.2157457386404258,0.23574573864042578,1.7691883014403276,0.5666666666666667,,,6,271,0.19533086674830122,0.3561606105325504,True,0.07520255792982598,71,,,,,,,,,,,validation
~jupiter_ingress_3d,long,1,2,0.2757457386404258,8.272372159212773,30,0.2157457386404258,0.23574573864042578,1.7691883014403276,0.5666666666666667,,,6,269,0.19533086674830122,0.3561606105325504,True,0.07520255792982598,71,,,,,,,,,,,validation
~jupiter_ingress_5d,long,1,2,0.2757457386404258,8.272372159212773,30,0.2157457386404258,0.23574573864042578,1.7691883014403276,0.5666666666666667,,,6,267,0.19533086674830122,0.3561606105325504,True,0.07520255792982598,71,,,,,,,,,,,validation
asp_mars_saturn_square_orb3,short,1,1,0.24865812311516394,8.703034309030738,35,0.21532478978183062,0.22865812311516395,1.7197249902352663,0.5142857142857142,,,6,9,0.36583147866376853,0.09242698238369126,True,0.12437211240952707,64,,,,,,,,,,,validation
~asp_mercury_saturn_conj_orb5,long,1,2,0.2749458262491634,8.248374787474903,30,0.21494582624916342,0.2349458262491634,1.6477312526805212,0.5,,,6,247,0.33080735960508256,0.21908429289324444,True,0.1989262433888493,80,,,,,,,,,,,validation
asp_uranus_venus_opp_orb5,long,1,1,0.25342959752567673,7.602887925770301,30,0.21342959752567675,0.23342959752567674,1.6586201129543208,0.5666666666666667,,,6,33,0.07718765752209786,0.34155056752746615,True,-0.09553520975316222,59,,,,,,,,,,,validation
asp_jupiter_mars_square_orb5,long,1,1,0.2451933622865737,8.58176768003008,35,0.21186002895324038,0.22519336228657372,1.6148267624062673,0.5714285714285714,,,7,17,0.31246952407163453,0.15549181323982594,True,-0.29237200741052816,63,,,,,,,,,,,validation
venus_sign_aries,short,1,1,0.2444836803058623,8.55692881070518,35,0.21115034697252896,0.2244836803058623,1.5579336275878566,0.5428571428571428,,,6,39,0.36149830894243634,-0.048052891285572594,False,-0.04453695023816807,65,,,,,,,,,,,validation
asp_pluto_venus_conj_orb1,short,1,1,0.2507166771005677,7.521500313017032,30,0.21071667710056774,0.23071667710056773,1.5348974846673238,0.5333333333333333,,,5,1,0.3209029841682705,0.18053037003286493,True,-0.11365783918816648,56,,,,,,,,,,,validation
asp_moon_saturn_conj_orb1,short,1,1,0.23063076616027892,10.37838447721255,45,0.21063076616027893,0.21063076616027893,1.8254039796599368,0.5555555555555556,,,8,1,0.26547124666460736,0.16094980515162202,True,-0.06213668639179401,88,,,,,,,,,,,validation
~asp_mars_neptune_trine_orb1,long,1,2,0.2628573011017681,9.200005538561882,35,0.20952396776843474,0.22285730110176807,1.5917634450982392,0.5142857142857142,,,7,362,0.3841478257255343,0.1011366016034133,True,0.14134412911794217,65,,,,,,,,,,,validation
asp_jupiter_sun_sextile_orb1,long,1,1,0.23495740094051581,9.398296037620632,40,0.20829073427384917,0.21495740094051582,1.729285458929599,0.6,,,8,3,0.10954667705862028,0.3102038352696531,True,-0.11511741229818459,103,,,,,,,,,,,validation
~asp_moon_uranus_opp_orb1,long,1,2,0.24595328457089782,13.035524082257584,53,0.20595328457089782,0.20595328457089782,1.5023943335258194,0.49056603773584906,,,11,224,0.3541939127391639,0.06735624809325877,True,0.06029743911138267,89,,,,,,,,,,,validation
~asp_saturn_sun_opp_orb3,long,1,2,0.2648895236286581,7.946685708859743,30,0.2048895236286581,0.22488952362865808,1.724076154648617,0.5333333333333333,,,6,257,0.2819171229507999,0.23083432498437437,True,0.28271753068997474,59,,,,,,,,,,,validation
asp_mercury_uranus_square_orb3,short,1,1,0.22406778613971398,12.32372823768427,55,0.204067786139714,0.204067786139714,1.578655945745124,0.4909090909090909,,,10,13,0.2752391823264617,0.18142495598409095,True,-0.10441416462807548,153,,,,,,,,,,,validation
~asp_moon_pluto_square_orb1,short,1,2,0.24289548226177324,14.573728935706395,60,0.20289548226177323,0.20289548226177323,1.7043947190733655,0.5833333333333334,,,13,223,0.15200718938998878,0.42467206800534213,True,-0.03474294826594149,153,,,,,,,,,,,validation
mercury_sign_virgo,long,1,1,0.2428700248150157,7.286100744450471,30,0.20287002481501573,0.22287002481501572,1.5748185765002567,0.5,,,6,48,0.02376699786133705,0.35242153829185513,True,-0.157463597328308,75,,,,,,,,,,,validation
asp_moon_sun_square_orb1,short,1,1,0.22214453629728864,16.66084022229665,75,0.20214453629728865,0.20214453629728865,1.6072099532267363,0.5333333333333333,,,14,1,0.3448408186912371,0.11478528920258375,True,0.02428936941631771,190,,,,,,,,,,,validation
~venus_sign_libra,long,1,2,0.2540160836940286,8.890562929291002,35,0.20068275036069527,0.2140160836940286,1.5773254086073527,0.5142857142857142,,,7,265,-0.0019108523484278254,0.4459612857258709,False,0.26371196249448836,67,,,,,,,,,,,validation
asp_mars_pluto_sextile_orb3,long,1,1,0.23906480284188772,7.171944085256632,30,0.19906480284188774,0.21906480284188773,1.561112423175262,0.5,,,6,9,0.2616033939721386,0.21652621171163686,True,0.10971036762744796,59,,,,,,,,,,,validation
asp_mercury_pluto_conj_orb5,short,1,1,0.2312339229718312,8.093187304014092,35,0.19790058963849788,0.21123392297183122,1.5426985819129517,0.4857142857142857,,,6,14,0.41052261178819405,-0.21698779906907584,False,0.023503423274778956,84,,,,,,,,,,,validation
~asp_jupiter_sun_opp_orb5,long,1,2,0.25774989943896515,7.7324969831689545,30,0.19774989943896515,0.21774989943896514,1.550370876199934,0.5333333333333333,,,6,267,0.3041925062027693,0.1648646859113569,True,0.15417336839106696,54,,,,,,,,,,,validation
asp_mars_uranus_sextile_orb3,short,1,1,0.2370025655575167,7.110076966725501,30,0.19700256555751672,0.2170025655575167,1.5978186272821961,0.5333333333333333,,,5,6,0.4379669257925113,-0.16492615491247253,False,-0.008844140742663566,72,,,,,,,,,,,validation
~asp_moon_uranus_conj_orb1,short,1,2,0.23604381212681627,10.621971545706732,45,0.19604381212681626,0.19604381212681626,1.6055277673803994,0.4888888888888889,,,10,206,0.24243356665490112,0.23093200850434822,True,0.03696387745310418,87,,,,,,,,,,,validation
~mercury_sign_libra,long,1,2,0.2548116992998179,7.644350978994536,30,0.1948116992998179,0.2148116992998179,1.6347346154808464,0.6,,,6,235,0.26565782532009985,0.24396557327953577,True,0.21201545001338928,79,,,,,,,,,,,validation
asp_mars_moon_square_orb1,short,1,1,0.21448039794097884,13.941225866163625,65,0.19448039794097885,0.19448039794097885,1.5550894695166688,0.5538461538461539,,,13,1,0.3018828158452117,0.13956403973735074,True,-0.1088035415907789,162,,,,,,,,,,,validation
asp_jupiter_mercury_opp_orb1,short,1,1,0.23136680454076528,6.941004136222959,30,0.1913668045407653,0.21136680454076529,1.5729797456958727,0.4666666666666667,,,5,1,0.3853847739089996,-0.0766691341957035,False,-0.033546995451576585,38,,,,,,,,,,,validation
asp_jupiter_sun_sextile_orb3,long,1,1,0.2111657647677343,9.502459414548044,45,0.1911657647677343,0.1911657647677343,1.555545661538305,0.5333333333333333,,,9,6,0.1943470095472878,0.22462076894409147,True,-0.06463541098832633,110,,,,,,,,,,,validation
asp_jupiter_sun_conj_orb1,short,1,1,0.229652571118783,6.88957713356349,30,0.18965257111878303,0.20965257111878302,1.9926042173577687,0.5666666666666667,,,5,3,0.33600014694922425,0.12330499528834186,True,-0.14337590310060558,55,,,,,,,,,,,validation
mercury_sign_aries,short,1,1,0.22267224159432408,7.793528455801343,35,0.18933890826099076,0.2026722415943241,1.6170158663472047,0.6,,,6,48,0.10844033304583514,0.5082520129655462,True,0.1688987352204519,70,,,,,,,,,,,validation
~asp_jupiter_venus_sextile_orb3,long,1,2,0.2268369099027284,11.34184549513642,50,0.1868369099027284,0.1868369099027284,1.5355135470868704,0.5,,,10,217,0.2980748816074007,0.1555989381980562,True,0.033219088172785356,123,,,,,,,,,,,validation
asp_pluto_sun_opp_orb3,short,1,1,0.22616854787036694,6.785056436111009,30,0.18616854787036696,0.20616854787036695,1.559283371356652,0.5333333333333333,,,5,5,0.03766043039029426,0.4146766653504396,True,0.08715258793078662,60,,,,,,,,,,,validation
~asp_mercury_uranus_conj_orb5,short,1,2,0.2461553595451049,7.384660786353147,30,0.1861553595451049,0.2061553595451049,1.7794831792349122,0.6,,,7,245,0.06827077820018797,0.6019245222349388,True,-0.05585926334793016,76,,,,,,,,,,,validation
venus_station,long,1,1,0.2256937165625765,6.770811496877295,30,0.18569371656257652,0.2056937165625765,1.8646492982648655,0.5666666666666667,,,6,8,0.39530945918536387,-0.11353776868299822,False,-0.07652576659990261,74,,,,,,,,,,,validation
~sun_sign_scorpio,long,1,2,0.24561518477019964,7.3684555431059895,30,0.18561518477019964,0.20561518477019963,1.7385570840376592,0.6,,,6,231,0.3773768849815036,0.11385348455889573,True,0.1060365760112771,62,,,,,,,,,,,validation
~venus_sign_aries,short,1,2,0.24431112733553076,7.329333820065923,30,0.18431112733553076,0.20431112733553075,1.736281382524275,0.4666666666666667,,,7,266,0.19195805860884563,0.3490172647889011,True,-0.1806738480614098,64,,,,,,,,,,,validation
~asp_jupiter_moon_trine_orb1,long,1,2,0.22378075110654919,15.664652577458442,70,0.18378075110654918,0.18378075110654918,1.5856813733635808,0.5142857142857142,,,14,281,0.35641709680994643,0.12430349182900113,True,0.07978954864151416,149,,,,,,,,,,,validation
~asp_mars_pluto_trine_orb3,long,1,2,0.2362489136294379,8.268711977030327,35,0.18291558029610455,0.1962489136294379,1.7007297872011222,0.5428571428571428,,,7,364,0.43999940584463915,-0.03541840932416354,False,0.010201615108532886,75,,,,,,,,,,,validation
asp_jupiter_sun_trine_orb1,short,1,1,0.20949099174295832,8.379639669718333,40,0.18282432507629168,0.18949099174295833,1.615601312535794,0.6,,,7,2,0.25230960968798494,0.16667237379793187,True,-0.01320113047955569,105,,,,,,,,,,,validation
asp_moon_saturn_sextile_orb1,long,1,1,0.2091636211859847,8.366544847439387,40,0.18249695451931805,0.1891636211859847,1.5475864785622493,0.575,,,8,1,0.18363216040675354,0.21767410811239513,True,0.055566188454315095,167,,,,,,,,,,,validation
asp_saturn_venus_trine_orb5,short,1,1,0.2021896785532521,11.120432320428865,55,0.1821896785532521,0.1821896785532521,1.4676080636387783,0.4909090909090909,,,10,7,0.28884870779785593,0.09819884345972742,True,-0.0708508900982942,122,,,,,,,,,,,validation
asp_saturn_sun_square_orb5,long,1,1,0.20169944698312198,10.084972349156098,50,0.181699446983122,0.181699446983122,1.580810431880527,0.54,,,10,8,0.20214136121648207,0.20125753274976177,True,-0.014660303161313684,115,,,,,,,,,,,validation
asp_moon_neptune_sextile_orb1,short,1,1,0.20039556049756177,19.037578247268367,95,0.18039556049756178,0.18039556049756178,1.4570094712412327,0.49473684210526314,,,18,1,0.24706806727926034,0.12038554887179276,True,-0.11350785952628159,178,,,,,,,,,,,validation
~asp_neptune_sun_opp_orb3,long,1,2,0.23953941545275698,7.18618246358271,30,0.17953941545275698,0.19953941545275697,1.569761490371895,0.5333333333333333,,,6,250,0.24618279969774826,0.2328960312077658,True,-0.09028586314376774,60,,,,,,,,,,,validation
asp_mercury_moon_conj_orb1,short,1,1,0.1992012669978169,9.960063349890845,50,0.1792012669978169,0.1792012669978169,1.5696756359292596,0.54,,,9,1,0.35322562782924566,-0.03183527424932614,False,-0.004082888266931779,96,,,,,,,,,,,validation
asp_uranus_venus_trine_orb1,short,1,1,0.1986118374344034,11.916710246064204,60,0.1786118374344034,0.1786118374344034,1.460487274210248,0.5,,,11,4,0.2280781122134053,0.15735905274380083,True,-0.015031901288492359,109,,,,,,,,,,,validation
asp_mercury_moon_opp_orb1,short,1,1,0.19823285048634784,10.90280677674913,55,0.17823285048634785,0.17823285048634785,1.4480912537983937,0.4909090909090909,,,10,1,0.04732212992328275,0.4623266114717118,True,0.11406232681208527,75,,,,,,,,,,,validation
asp_jupiter_mercury_conj_orb3,short,1,1,0.20201026309299216,8.080410523719687,40,0.17534359642632552,0.18201026309299217,1.4792113569116145,0.525,,,8,14,0.22957494371267445,0.17444558247330985,True,-0.054861686601309564,82,,,,,,,,,,,validation
asp_mars_neptune_sextile_orb5,short,1,1,0.21476404647677924,6.442921394303378,30,0.17476404647677926,0.19476404647677925,1.562558816008861,0.5666666666666667,,,5,14,-0.11652359945713323,0.877339338344604,False,-0.11146350961359969,65,,,,,,,,,,,validation
asp_neptune_pluto_sextile_orb5,short,1,1,0.21449505839344063,6.434851751803219,30,0.17449505839344065,0.19449505839344064,1.5265209365435064,0.5333333333333333,,,5,131,0.5645315622015936,-0.1355414454147123,False,-0.31084168588216926,12,,,,,,,,,,,validation
asp_mercury_saturn_square_orb3,short,1,1,0.19028858383838032,12.368757949494722,65,0.17028858383838033,0.17028858383838033,1.5309975255802908,0.5538461538461539,,,12,6,0.02526723700554771,0.3317354525522369,True,-0.07485688202117055,134,,,,,,,,,,,validation
asp_mars_uranus_square_orb1,short,1,1,0.19533282169579697,7.813312867831879,40,0.16866615502913032,0.17533282169579698,1.436725055209745,0.5,,,7,5,-0.08950214311965697,0.3662338005850693,False,-0.18519533148081188,65,,,,,,,,,,,validation
sun_sign_aquarius,short,1,1,0.20824934092232258,6.247480227669677,30,0.1682493409223226,0.1882493409223226,1.6567765269569659,0.5333333333333333,,,5,21,0.35649800704609463,-0.08824799132522157,False,0.062415519297416025,60,,,,,,,,,,,validation
asp_pluto_sun_square_orb1,short,1,1,0.18816209726905675,9.408104863452838,50,0.16816209726905676,0.16816209726905676,1.4564176910749609,0.52,,,9,2,0.048130278401606864,0.3281939161365067,True,-0.30123941269436094,93,,,,,,,,,,,validation
venus_sign_capricorn,short,1,1,0.20589169504125893,6.176750851237768,30,0.16589169504125895,0.18589169504125894,1.5235221812928952,0.5666666666666667,,,6,19,0.5205321225134473,-0.1087487324309294,False,0.033647752364580875,65,,,,,,,,,,,validation
asp_mercury_pluto_square_orb1,short,1,1,0.1856692590569761,10.211809248133685,55,0.1656692590569761,0.1656692590569761,1.4826233280575185,0.5272727272727272,,,10,3,0.3832874466277698,-0.05147256602797632,False,0.08875425863411089,103,,,,,,,,,,,validation
~asp_mercury_uranus_trine_orb1,long,1,2,0.2116532609971201,8.466130439884804,40,0.16498659433045343,0.17165326099712008,1.4968630771137557,0.525,,,8,247,0.2581903217356507,0.1837310245540017,True,0.20217101559123027,122,,,,,,,,,,,validation
~asp_mercury_uranus_trine_orb5,long,1,2,0.203967890459834,12.23807342759004,60,0.16396789045983398,0.16396789045983398,1.5326268323165333,0.55,,,12,163,-0.08374042230120385,0.4094738281462896,False,0.06882803469156683,144,,,,,,,,,,,validation
~pluto_retro,long,1,2,0.22351195773036553,6.705358731910966,30,0.16351195773036553,0.18351195773036552,1.5722766130170167,0.5333333333333333,,,6,142,0.15851287058088054,0.2885110448798506,True,0.08078313077157086,60,,,,,,,,,,,validation
~asp_neptune_venus_sextile_orb1,long,1,2,0.20888205773183097,8.355282309273239,40,0.1622153910651643,0.16888205773183096,1.4925829408184643,0.525,,,8,283,0.1754529777251368,0.24231113773852503,True,0.09384427700919337,117,,,,,,,,,,,validation
~asp_jupiter_venus_conj_orb3,long,1,2,0.20849943648875327,8.33997745955013,40,0.1618327698220866,0.16849943648875326,1.4717065193461183,0.5,,,8,301,0.17544243192759076,0.2635944440906907,True,0.08208252044332398,55,,,,,,,,,,,validation
~asp_uranus_venus_trine_orb5,long,1,2,0.20087232921173262,13.05670139876262,65,0.1608723292117326,0.1608723292117326,1.52951086275244,0.5692307692307692,,,13,211,0.1877881315285232,0.21613722650881026,True,0.1000381968464116,121,,,,,,,,,,,validation
asp_mercury_pluto_opp_orb5,long,1,1,0.20081409449759152,6.024422834927746,30,0.16081409449759154,0.18081409449759153,1.56449556940184,0.5666666666666667,,,6,11,0.4200693942712265,-0.01844120527604344,False,-0.0593184898037398,64,,,,,,,,,,,validation
asp_moon_uranus_conj_orb1,short,1,1,0.18013744359117836,9.006872179558918,50,0.16013744359117837,0.16013744359117837,1.424869466810052,0.52,,,9,1,0.11858104422409504,0.24169384295826166,True,0.09476138798658847,88,,,,,,,,,,,validation
~asp_sun_venus_conj_orb5,long,1,2,0.2133588799031787,7.467560796611254,35,0.16002554656984536,0.1733588799031787,1.5117901186732743,0.5142857142857142,,,7,189,-0.034310630608023314,0.5435848939181146,False,0.06902602380114911,76,,,,,,,,,,,validation
asp_mars_saturn_square_orb1,short,1,1,0.19329823075414057,6.76543807639492,35,0.15996489742080724,0.17329823075414058,1.4901352857539594,0.5142857142857142,,,6,3,0.2561979377816767,0.1094319547174258,True,-0.06373039072289872,69,,,,,,,,,,,validation
asp_uranus_venus_square_orb3,long,1,1,0.17991306918393735,8.995653459196868,50,0.15991306918393736,0.15991306918393736,1.4165756179414857,0.44,,,10,4,0.1669958268429851,0.18852456407790552,True,-0.07228131894051693,125,,,,,,,,,,,validation
venus_sign_virgo,short,1,1,0.19321827352231324,6.762639573280963,35,0.15988494018897992,0.17321827352231325,1.5341505019764228,0.5714285714285714,,,6,21,-0.23598775459762084,0.7654929776822254,False,0.2596246579645551,67,,,,,,,,,,,validation
asp_mercury_neptune_square_orb3,long,1,1,0.1795981029311482,12.571867205180373,70,0.1595981029311482,0.1595981029311482,1.4928826474961783,0.5285714285714286,,,14,8,0.1778618873543989,0.1813343185078975,True,0.04239066522939201,151,,,,,,,,,,,validation
asp_uranus_venus_conj_orb5,short,1,1,0.1992132674391786,5.976398023175358,30,0.15921326743917863,0.17921326743917862,1.4406438913446753,0.5,,,5,8,0.3135871670148965,-0.02953453171225706,False,-0.17461922926412105,65,,,,,,,,,,,validation
asp_mars_saturn_square_orb5,short,1,1,0.19240627234109858,6.73421953193845,35,0.15907293900776526,0.1724062723410986,1.4990245268262719,0.5714285714285714,,,6,14,0.12636803570515387,0.2804572545223582,True,0.10556735279978097,64,,,,,,,,,,,validation
asp_moon_saturn_opp_orb1,long,1,1,0.17691786189593262,7.961303785316968,45,0.15691786189593263,0.15691786189593263,1.4163931729174248,0.4888888888888889,,,9,1,0.2517407472258279,-0.4216652207432297,False,0.12108916722138623,74,,,,,,,,,,,validation
asp_mercury_sun_conj_orb5,long,1,1,0.17613722068625637,27.30126920636974,155,0.15613722068625638,0.15613722068625638,1.5148683171644328,0.5612903225806452,,,31,13,0.2211305805960854,0.12814430344910532,True,-0.028483832357722845,377,,,,,,,,,,,validation
asp_moon_pluto_conj_orb1,long,1,1,0.18809256253992382,6.583239688897334,35,0.1547592292065905,0.16809256253992383,1.6258770362271913,0.5428571428571428,,,7,1,0.39191674962343587,0.10656288770651895,True,-0.07732750113228776,85,,,,,,,,,,,validation
venus_sign_leo,short,1,1,0.187724493944846,6.57035728806961,35,0.15439116061151267,0.167724493944846,1.5660358581067602,0.5428571428571428,,,6,48,0.1965157638718091,0.1760028007088952,True,0.13242211999385187,65,,,,,,,,,,,validation
asp_mercury_uranus_square_orb1,short,1,1,0.17680725546404918,7.602711984954115,43,0.15414058879738252,0.1568072554640492,1.434996219254807,0.5348837209302325,,,8,2,0.21875948933362896,0.09849641890750038,True,-0.037941628553858346,107,,,,,,,,,,,validation
asp_mars_mercury_sextile_orb5,short,1,1,0.17335969714736213,10.401581828841728,60,0.15335969714736214,0.15335969714736214,1.4371651794698423,0.48333333333333334,,,11,18,0.24873467247252493,0.06783473169213414,True,-0.0728804238373382,144,,,,,,,,,,,validation
~asp_moon_uranus_opp_orb3,long,1,2,0.19193181882461174,17.849659150688893,93,0.15193181882461174,0.15193181882461174,1.43523934438487,0.4946236559139785,,,19,151,0.15085054220731892,0.27820249972092653,True,0.012345171306294278,237,,,,,,,,,,,validation
asp_mercury_saturn_square_orb5,short,1,1,0.17164850451598562,11.157152793539066,65,0.15164850451598563,0.15164850451598563,1.5047658265555823,0.5692307692307692,,,12,21,0.16658463499375897,0.17755635229191674,True,0.0245752528091259,139,,,,,,,,,,,validation
asp_uranus_venus_conj_orb3,short,1,1,0.19057522529870866,5.71725675896126,30,0.15057522529870868,0.17057522529870867,1.3842070711124026,0.43333333333333335,,,5,5,0.4105850993811465,-0.24944452286616717,False,-0.20319478075824138,60,,,,,,,,,,,validation
~asp_moon_neptune_trine_orb1,short,1,2,0.19021046752724585,14.265785064543438,75,0.15021046752724584,0.15021046752724584,1.4958204612300767,0.49333333333333335,,,18,375,0.37451436021942774,0.028944561421586835,True,0.052611198134506085,117,,,,,,,,,,,validation
~asp_jupiter_sun_trine_orb3,short,1,2,0.18967119476267677,8.535203764320455,45,0.14967119476267676,0.14967119476267676,1.545929499611183,0.5333333333333333,,,10,194,0.3008322115947248,0.0507199237226166,True,-0.08923557849663297,111,,,,,,,,,,,validation
asp_mars_uranus_square_orb3,long,1,1,0.18292795027659525,6.402478259680834,35,0.14959461694326193,0.16292795027659526,1.4778488141766264,0.5714285714285714,,,7,18,0.32967144663949033,0.12423055173143718,True,-0.01852696339504495,64,,,,,,,,,,,validation
asp_neptune_venus_trine_orb1,short,1,1,0.17622209424425123,7.0488837697700495,40,0.14955542757758458,0.15622209424425124,1.4275741778759674,0.5,,,7,2,0.06382406631868252,0.2436609109995924,True,-0.14995559122291424,113,,,,,,,,,,,validation
