rule,length,complexity,train_fitness,train_excess_sharpe,train_sharpe,val_fitness,val_excess_sharpe,val_sharpe,val_sharpe_bh,holdout_fitness,holdout_excess_sharpe,holdout_sharpe,holdout_sharpe_bh,null_pvalue,null_n,selected_on
jupiter_sign_sagittarius & saturn_sign_pisces,2,3,-0.22722249160495497,-0.19722249160495497,0.30541019895706545,0.5542419580541849,0.5842419580541849,0.9766823869523098,0.39244042889812486,-0.7852880872991425,-0.7552880872991424,0.0,0.7552880872991424,0.002997002997002997,1000.0,validation
~jupiter_sign_capricorn & saturn_sign_pisces,2,4,-0.6127364823295602,-0.5727364823295602,-0.07010379176753972,0.5442419580541848,0.5842419580541849,0.9766823869523098,0.39244042889812486,-0.3199130581403537,-0.2799130581403537,0.4753750291587887,0.7552880872991424,0.002997002997002997,1000.0,validation
~asp_saturn_sun_sextile & saturn_sign_pisces,2,4,-0.6168272932672128,-0.5768272932672127,-0.07419460270519229,0.478012398088745,0.518012398088745,0.9104528269868698,0.39244042889812486,-0.33717107161172916,-0.2971710716117292,0.45811701568741325,0.7552880872991424,0.008991008991008992,1000.0,validation
~asp_saturn_venus_sextile & saturn_sign_pisces,2,4,-0.5981223764581531,-0.5581223764581531,-0.05548968589613262,0.46146000175533547,0.5014600017553354,0.8939004306534604,0.39244042889812486,-0.3447115784321472,-0.30471157843214725,0.4505765088669952,0.7552880872991424,0.007992007992007992,1000.0,validation
~saturn_ingress_1d & saturn_sign_pisces,2,4,-0.6136412701022684,-0.5736412701022684,-0.07100857954024802,0.45661459870648236,0.49661459870648234,0.8890550276046072,0.39244042889812486,-0.3248624933956628,-0.28486249339566283,0.4704255939034796,0.7552880872991424,0.01098901098901099,1000.0,validation
~asp_saturn_sun_trine & saturn_sign_pisces,2,4,-0.6603858065923002,-0.6203858065923001,-0.11775311603027971,0.4530402319745811,0.4930402319745811,0.8854806608727059,0.39244042889812486,-0.35634107043435637,-0.3163410704343564,0.43894701686478604,0.7552880872991424,0.005994005994005994,1000.0,validation
~asp_jupiter_venus_square & saturn_sign_pisces,2,4,-0.5954562867248254,-0.5554562867248254,-0.05282359616280495,0.4362575931165127,0.47625759311651267,0.8686980220146375,0.39244042889812486,-0.3887937779016609,-0.34879377790166094,0.4064943093974815,0.7552880872991424,0.013986013986013986,1000.0,validation
saturn_sign_pisces,1,1,-0.5827364823295602,-0.5727364823295602,-0.07010379176753972,0.4308869240294833,0.4408869240294833,0.8333273529276082,0.39244042889812486,-0.28991305814035373,-0.2799130581403537,0.4753750291587887,0.7552880872991424,0.01998001998001998,1000.0,validation
~asp_mars_venus_conj & saturn_sign_aries,2,4,-0.5426326905620205,-0.5026326905620204,0.0,0.42661384522698187,0.46661384522698185,0.8590542741251067,0.39244042889812486,-0.3633229610557787,-0.32332296105577873,0.4319651262433637,0.7552880872991424,0.05194805194805195,1000.0,validation
~asp_jupiter_sun_square & saturn_sign_pisces,2,4,-0.6288042007058449,-0.5888042007058448,-0.08617151014382438,0.4197993298350472,0.4597993298350472,0.852239758733172,0.39244042889812486,-0.3227665416846766,-0.28276654168467663,0.4725215456144658,0.7552880872991424,0.01098901098901099,1000.0,validation
~mars_sign_sagittarius & saturn_sign_aries,2,4,-0.5426326905620205,-0.5026326905620204,0.0,0.41307765582460354,0.4530776558246035,0.8455180847227284,0.39244042889812486,-0.3633229610557787,-0.32332296105577873,0.4319651262433637,0.7552880872991424,0.06793206793206794,1000.0,validation
~jupiter_ingress_1d & saturn_sign_pisces,2,4,-0.634957770264349,-0.5949577702643489,-0.09232507970232855,0.40901322033872056,0.44901322033872054,0.8414536492368454,0.39244042889812486,-0.33677109497112945,-0.29677109497112947,0.45851699232801296,0.7552880872991424,0.01998001998001998,1000.0,validation
~saturn_sign_gemini & ~saturn_sign_virgo,2,5,-0.10925091085882661,-0.05925091085882661,0.4433817797031938,0.4040911606456057,0.4540911606456057,0.8465315895437305,0.39244042889812486,-0.010346032522876539,0.039653967477123464,0.7949420547762659,0.7552880872991424,0.05194805194805195,1000.0,validation
saturn_sign_pisces & ~sun_sign_cancer,2,4,-0.6467497254447788,-0.6067497254447788,-0.10411703488275835,0.40083710345958967,0.44083710345958965,0.8332775323577145,0.39244042889812486,-0.374776445555145,-0.334776445555145,0.4205116417439974,0.7552880872991424,0.013986013986013986,1000.0,validation
mars_sign_virgo & ~saturn_sign_gemini,2,4,-0.5786358510827608,-0.5386358510827608,-0.0360031605207404,0.39986087515919744,0.4398608751591974,0.8323013040573223,0.39244042889812486,-0.3014350897589391,-0.26143508975893914,0.4938529975402033,0.7552880872991424,0.000999000999000999,1000.0,validation
saturn_sign_pisces & ~sun_sign_capricorn,2,4,-0.6132330611944704,-0.5732330611944704,-0.07060037063244998,0.3992586912736985,0.4392586912736985,0.8316991201718233,0.39244042889812486,-0.3367269786765487,-0.29672697867654874,0.4585611086225937,0.7552880872991424,0.015984015984015984,1000.0,validation
~asp_mars_venus_sextile & saturn_sign_pisces,2,4,-0.6689174081829816,-0.6289174081829816,-0.1262847176209612,0.3955724083495684,0.4355724083495684,0.8280128372476933,0.39244042889812486,-0.3141449628877941,-0.2741449628877941,0.4811431244113483,0.7552880872991424,0.017982017982017984,1000.0,validation
saturn_sign_pisces & ~sun_sign_libra,2,4,-0.626483391106694,-0.586483391106694,-0.08385070054467361,0.38789029622079607,0.42789029622079605,0.8203307251189209,0.39244042889812486,-0.318834342211075,-0.278834342211075,0.4764537450880674,0.7552880872991424,0.011988011988011988,1000.0,validation
saturn_sign_aries & ~venus_sign_sagittarius,2,4,-0.5426326905620205,-0.5026326905620204,0.0,0.38614582366404004,0.42614582366404,0.8185862525621649,0.39244042889812486,-0.3633229610557787,-0.32332296105577873,0.4319651262433637,0.7552880872991424,0.07092907092907093,1000.0,validation
~mercury_sign_aquarius & saturn_sign_pisces,2,4,-0.597860244056371,-0.5578602440563709,-0.055227553494350455,0.38495154660296427,0.42495154660296425,0.8173919755010891,0.39244042889812486,-0.37050794831886485,-0.3305079483188649,0.42478013898027756,0.7552880872991424,0.012987012987012988,1000.0,validation
~mercury_sign_cancer & saturn_sign_pisces,2,4,-0.6289935607885424,-0.5889935607885424,-0.08636087022652189,0.38442704518019855,0.4244270451801985,0.8168674740783234,0.39244042889812486,-0.34727414383994676,-0.3072741438399468,0.44801394345919565,0.7552880872991424,,,validation
~asp_jupiter_venus_conj & saturn_sign_aries,2,4,-0.5426326905620205,-0.5026326905620204,0.0,0.3816534121980919,0.4216534121980919,0.8140938410962167,0.39244042889812486,-0.42713036640589525,-0.38713036640589527,0.36815772089324716,0.7552880872991424,,,validation
~asp_jupiter_mars_conj & saturn_sign_pisces,2,4,-0.6127364823295602,-0.5727364823295602,-0.07010379176753972,0.38031275859322344,0.4203127585932234,0.8127531874913483,0.39244042889812486,-0.3693593389199993,-0.3293593389199993,0.42592874837914313,0.7552880872991424,,,validation
~asp_jupiter_sun_opp & saturn_sign_aries,2,4,-0.5426326905620205,-0.5026326905620204,0.0,0.3741442520151219,0.4141442520151219,0.8065846809132468,0.39244042889812486,-0.3633229610557787,-0.32332296105577873,0.4319651262433637,0.7552880872991424,,,validation
~asp_mars_venus_conj & saturn_sign_pisces,2,4,-0.6127364823295602,-0.5727364823295602,-0.07010379176753972,0.3705766819423407,0.4105766819423407,0.8030171108404656,0.39244042889812486,-0.3488651729466309,-0.3088651729466309,0.4464229143525115,0.7552880872991424,,,validation
~mercury_sign_cancer & saturn_sign_aries,2,4,-0.5426326905620205,-0.5026326905620204,0.0,0.36690718287729573,0.4069071828772957,0.7993476117754206,0.39244042889812486,-0.396856214494632,-0.356856214494632,0.3984318728045104,0.7552880872991424,,,validation
~jupiter_sign_cancer & ~saturn_sign_virgo,2,5,-0.103003811554168,-0.053003811554168,0.4496288790078524,0.3581691205280848,0.4081691205280848,0.8006095494262097,0.39244042889812486,-0.15049930949026763,-0.10049930949026764,0.6547887778088748,0.7552880872991424,,,validation
saturn_sign_pisces & ~venus_sign_cancer,2,4,-0.6501890164652072,-0.6101890164652072,-0.10755632590318671,0.356493181399809,0.396493181399809,0.7889336102979339,0.39244042889812486,-0.3785758303977286,-0.3385758303977286,0.41671225690141384,0.7552880872991424,,,validation
~asp_jupiter_venus_trine & saturn_sign_pisces,2,4,-0.6107160684569463,-0.5707160684569462,-0.06808337789492577,0.35555273324173964,0.3955527332417396,0.7879931621398645,0.39244042889812486,-0.33853056415584015,-0.2985305641558402,0.45675752314330226,0.7552880872991424,,,validation
~asp_jupiter_sun_opp & saturn_sign_pisces,2,4,-0.6343456102596786,-0.5943456102596786,-0.09171291969765819,0.3537781950706804,0.3937781950706804,0.7862186239688053,0.39244042889812486,-0.3527098261555333,-0.31270982615553333,0.4425782611436091,0.7552880872991424,,,validation
~asp_jupiter_venus_conj & saturn_sign_pisces,2,4,-0.6184012117548034,-0.5784012117548034,-0.07576852119278293,0.3522179813492796,0.3922179813492796,0.7846584102474045,0.39244042889812486,-0.3211634028923014,-0.2811634028923014,0.474124684406841,0.7552880872991424,,,validation
~mars_sign_scorpio & saturn_sign_pisces,2,4,-0.6127364823295602,-0.5727364823295602,-0.07010379176753972,0.35207540871746146,0.39207540871746144,0.7845158376155863,0.39244042889812486,-0.37195045460419274,-0.33195045460419276,0.4233376326949497,0.7552880872991424,,,validation
~mars_sign_sagittarius & ~saturn_sign_virgo,2,5,-0.2438999449433909,-0.1938999449433909,0.3087327456186295,0.3506010519456232,0.4006010519456232,0.793041480843748,0.39244042889812486,0.00935629417817245,0.05935629417817245,0.8146443814773149,0.7552880872991424,,,validation
saturn_sign_pisces & ~venus_sign_scorpio,2,4,-0.562411641893795,-0.522411641893795,-0.019778951331774573,0.3499991974026354,0.3899991974026354,0.7824396263007602,0.39244042889812486,-0.39168870833731834,-0.35168870833731836,0.4035993789618241,0.7552880872991424,,,validation
~asp_jupiter_sun_sextile & saturn_sign_pisces,2,4,-0.5991434071016589,-0.5591434071016589,-0.05651071653963845,0.34927806228126235,0.3892780622812623,0.7817184911793872,0.39244042889812486,-0.3089781961256194,-0.2689781961256194,0.486309891173523,0.7552880872991424,,,validation
saturn_sign_aries,1,1,-0.5126326905620204,-0.5026326905620204,0.0,0.34208375987273504,0.35208375987273505,0.7445241887708599,0.39244042889812486,-0.33332296105577874,-0.32332296105577873,0.4319651262433637,0.7552880872991424,,,validation
~mars_sign_scorpio & saturn_sign_aries,2,4,-0.5426326905620205,-0.5026326905620204,0.0,0.34061121732509825,0.38061121732509823,0.7730516462232231,0.39244042889812486,-0.3633229610557787,-0.32332296105577873,0.4319651262433637,0.7552880872991424,,,validation
asp_jupiter_saturn_square & ~mercury_sign_cancer,2,4,-0.2734376106262423,-0.2334376106262423,0.2691950799357781,0.33685776994555905,0.37685776994555903,0.7692981988436839,0.39244042889812486,-0.5900782332168384,-0.5500782332168384,0.20520985408230402,0.7552880872991424,,,validation
~mars_sign_sagittarius & saturn_sign_pisces,2,4,-0.6127364823295602,-0.5727364823295602,-0.07010379176753972,0.3329672835641996,0.37296728356419956,0.7654077124623244,0.39244042889812486,-0.3474126245112367,-0.30741262451123674,0.4478754627879057,0.7552880872991424,,,validation
saturn_sign_aries & ~sun_sign_cancer,2,4,-0.5426326905620205,-0.5026326905620204,0.0,0.33174847932036955,0.37174847932036953,0.7641889082184944,0.39244042889812486,-0.44940418009098027,-0.4094041800909803,0.34588390720816214,0.7552880872991424,,,validation
~jupiter_ingress_1d & saturn_sign_aries,2,4,-0.5426326905620205,-0.5026326905620204,0.0,0.322983330677415,0.362983330677415,0.7554237595755399,0.39244042889812486,-0.3886823022268527,-0.3486823022268527,0.4066057850722897,0.7552880872991424,,,validation
~saturn_ingress_1d & saturn_sign_aries,2,4,-0.5426326905620205,-0.5026326905620204,0.0,0.3217850047657512,0.3617850047657512,0.7542254336638761,0.39244042889812486,-0.34635162227519095,-0.30635162227519097,0.44893646502395146,0.7552880872991424,,,validation
mars_sign_virgo & ~venus_sign_scorpio,2,4,-0.6309784741556059,-0.5909784741556059,-0.08834578359358551,0.31212570591717204,0.352125705917172,0.7445661348152969,0.39244042889812486,-0.3043180784583023,-0.2643180784583023,0.49097000884084013,0.7552880872991424,,,validation
~mercury_sign_libra & saturn_sign_aries,2,4,-0.5426326905620205,-0.5026326905620204,0.0,0.3083370541421063,0.3483370541421063,0.7407774830402312,0.39244042889812486,-0.3633229610557787,-0.32332296105577873,0.4319651262433637,0.7552880872991424,,,validation
~mercury_sign_libra & saturn_sign_pisces,2,4,-0.5464794761933015,-0.5064794761933015,-0.0038467856312810996,0.3071401358024217,0.3471401358024217,0.7395805647005466,0.39244042889812486,-0.34284670403634826,-0.3028467040363483,0.45244138326279415,0.7552880872991424,,,validation
~asp_jupiter_mars_conj & saturn_sign_aries,2,4,-0.5426326905620205,-0.5026326905620204,0.0,0.3054834272934923,0.3454834272934923,0.7379238561916172,0.39244042889812486,-0.3633229610557787,-0.32332296105577873,0.4319651262433637,0.7552880872991424,,,validation
asp_jupiter_saturn_square & saturn_sign_pisces,2,3,-0.5326326905620204,-0.5026326905620204,0.0,0.3046867074065398,0.3346867074065398,0.7271271363046646,0.39244042889812486,-0.7336235477025351,-0.7036235477025351,0.05166453959660738,0.7552880872991424,,,validation
asp_jupiter_saturn_square & jupiter_sign_sagittarius,2,3,-0.5326326905620204,-0.5026326905620204,0.0,0.3046867074065398,0.3346867074065398,0.7271271363046646,0.39244042889812486,-0.7852880872991425,-0.7552880872991424,0.0,0.7552880872991424,,,validation
~asp_jupiter_sun_square & saturn_sign_aries,2,4,-0.5426326905620205,-0.5026326905620204,0.0,0.3042637839262933,0.34426378392629325,0.7367042128244181,0.39244042889812486,-0.4273164572171285,-0.38731645721712854,0.3679716300820139,0.7552880872991424,,,validation
saturn_sign_pisces & ~sun_sign_virgo,2,4,-0.5996619102973082,-0.5596619102973082,-0.05702921973528775,0.30237118861583645,0.34237118861583643,0.7348116175139613,0.39244042889812486,-0.3426809594807911,-0.3026809594807911,0.45260712781835133,0.7552880872991424,,,validation
~mercury_sign_aquarius & saturn_sign_aries,2,4,-0.5426326905620205,-0.5026326905620204,0.0,0.30107727620874336,0.34107727620874334,0.7335177051068682,0.39244042889812486,-0.3633229610557787,-0.32332296105577873,0.4319651262433637,0.7552880872991424,,,validation
~mercury_sign_gemini & saturn_sign_pisces,2,4,-0.7173102658674244,-0.6773102658674244,-0.17467757530540393,0.2997876430584523,0.33978764305845227,0.7322280719565771,0.39244042889812486,-0.3649399932745033,-0.32493999327450335,0.4303480940246391,0.7552880872991424,,,validation
~mars_sign_taurus & saturn_sign_aries,2,4,-0.5426326905620205,-0.5026326905620204,0.0,0.29810409467030075,0.3381040946703007,0.7305445235684256,0.39244042889812486,-0.3491963887872653,-0.3091963887872653,0.44609169851187713,0.7552880872991424,,,validation
~asp_jupiter_sun_sextile & saturn_sign_aries,2,4,-0.5426326905620205,-0.5026326905620204,0.0,0.29571406270770384,0.3357140627077038,0.7281544916058287,0.39244042889812486,-0.38381653028071316,-0.3438165302807132,0.41147155701842925,0.7552880872991424,,,validation
~asp_jupiter_venus_trine & saturn_sign_aries,2,4,-0.5426326905620205,-0.5026326905620204,0.0,0.2914925021448195,0.33149250214481946,0.7239329310429443,0.39244042889812486,-0.40010830904204137,-0.3601083090420414,0.39517977825710104,0.7552880872991424,,,validation
saturn_sign_aries & ~sun_sign_libra,2,4,-0.5426326905620205,-0.5026326905620204,0.0,0.2900987227661287,0.33009872276612867,0.7225391516642535,0.39244042889812486,-0.3633229610557787,-0.32332296105577873,0.4319651262433637,0.7552880872991424,,,validation
~mercury_sign_aquarius & ~mercury_sign_libra,2,5,-0.2769055454890329,-0.2269055454890329,0.2757271450729875,0.2850300945578027,0.3350300945578027,0.7274705234559276,0.39244042889812486,-0.0038916509300733343,0.04610834906992667,0.8013964363690691,0.7552880872991424,,,validation
~saturn_sign_virgo & ~sun_sign_virgo,2,5,-0.0881302759902093,-0.038130275990209295,0.46450241457181113,0.27976798917600165,0.32976798917600164,0.7222084180741265,0.39244042889812486,-0.014653660933414428,0.035346339066585575,0.790634426365728,0.7552880872991424,,,validation
~jupiter_sign_gemini & ~saturn_sign_virgo,2,5,-0.14586659680646297,-0.09586659680646298,0.40676609375555745,0.2793964097485432,0.3293964097485432,0.721836838646668,0.39244042889812486,-0.09288191374623052,-0.042881913746230516,0.7124061735529119,0.7552880872991424,,,validation
~asp_jupiter_saturn_trine & ~saturn_sign_gemini,2,5,-0.004514881466823953,0.04548511853317605,0.5481178090951965,0.2775038373031584,0.3275038373031584,0.7199442662012833,0.39244042889812486,-0.09517062976223718,-0.04517062976223718,0.7101174575369052,0.7552880872991424,,,validation
~jupiter_sign_cancer & ~mercury_sign_libra,2,5,-0.14380966693233732,-0.09380966693233733,0.4088230236296831,0.27617664434469025,0.32617664434469024,0.7186170732428151,0.39244042889812486,-0.27562667403905555,-0.22562667403905556,0.5296614132600869,0.7552880872991424,,,validation
~mars_sign_cancer & saturn_sign_aries,2,4,-0.5426326905620205,-0.5026326905620204,0.0,0.2740880336014765,0.31408803360147647,0.7065284624996013,0.39244042889812486,-0.34474984676342707,-0.3047498467634271,0.45053824053571534,0.7552880872991424,,,validation
~mars_sign_sagittarius & ~mercury_sign_libra,2,5,-0.20614823950280747,-0.15614823950280748,0.34648445105921294,0.2730376407504824,0.3230376407504824,0.7154780696486073,0.39244042889812486,-0.1049046599034021,-0.0549046599034021,0.7003834273957403,0.7552880872991424,,,validation
~asp_jupiter_venus_square & saturn_sign_aries,2,4,-0.5426326905620205,-0.5026326905620204,0.0,0.27049814187728505,0.310498141877285,0.7029385707754099,0.39244042889812486,-0.3193412863199344,-0.27934128631993443,0.475946800979208,0.7552880872991424,,,validation
saturn_sign_aries & ~venus_sign_cancer,2,4,-0.5426326905620205,-0.5026326905620204,0.0,0.2688045755669136,0.3088045755669136,0.7012450044650385,0.39244042889812486,-0.4318056915588834,-0.3918056915588834,0.36348239574025903,0.7552880872991424,,,validation
jupiter_sign_sagittarius & ~mars_sign_cancer,2,4,-0.10307804277977009,-0.06307804277977008,0.43955464778225034,0.26489188445653,0.30489188445653,0.6973323133546548,0.39244042889812486,-0.663743076793566,-0.623743076793566,0.13154501050557646,0.7552880872991424,,,validation
~asp_jupiter_saturn_trine & ~mars_sign_sagittarius,2,5,-0.1402131662635161,-0.09021316626351611,0.4124195242985043,0.2611925272981669,0.3111925272981669,0.7036329561962917,0.39244042889812486,-0.07774033726323877,-0.027740337263238768,0.7275477500359037,0.7552880872991424,,,validation
saturn_sign_aries & ~sun_sign_virgo,2,4,-0.5426326905620205,-0.5026326905620204,0.0,0.2606415495972281,0.30064154959722805,0.6930819784953529,0.39244042889812486,-0.3600797815522775,-0.3200797815522775,0.4352083057468649,0.7552880872991424,,,validation
~asp_jupiter_saturn_trine & ~jupiter_sign_cancer,2,5,-0.041439060355490456,0.008560939644509546,0.51119363020653,0.25973981661309264,0.30973981661309263,0.7021802455112175,0.39244042889812486,-0.19120039468969013,-0.14120039468969015,0.6140876926094523,0.7552880872991424,,,validation
~mars_sign_cancer & ~saturn_sign_virgo,2,5,-0.1305870572148103,-0.0805870572148103,0.4220456333472101,0.25963614241259647,0.30963614241259646,0.7020765713107213,0.39244042889812486,0.0517581054758323,0.1017581054758323,0.8570461927749747,0.7552880872991424,,,validation
~asp_saturn_sun_sextile & saturn_sign_aries,2,4,-0.5426326905620205,-0.5026326905620204,0.0,0.2587801041598009,0.2987801041598009,0.6912205330579257,0.39244042889812486,-0.2971908676380465,-0.2571908676380465,0.49809721966109594,0.7552880872991424,,,validation
~mars_sign_leo & saturn_sign_aries,2,4,-0.5426326905620205,-0.5026326905620204,0.0,0.2583595922442745,0.2983595922442745,0.6908000211423994,0.39244042889812486,-0.3766167720132289,-0.3366167720132289,0.4186713152859135,0.7552880872991424,,,validation
~asp_saturn_venus_sextile & saturn_sign_aries,2,4,-0.5426326905620205,-0.5026326905620204,0.0,0.25526560989088687,0.29526560989088685,0.6877060387890117,0.39244042889812486,-0.4169414754882617,-0.37694147548826173,0.3783466118108807,0.7552880872991424,,,validation
~saturn_sign_virgo & ~sun_sign_cancer,2,5,-0.10542575367308839,-0.055425753673088385,0.44720693688893204,0.2535200943796694,0.30352009437966937,0.6959605232777942,0.39244042889812486,-0.17907671036789535,-0.12907671036789536,0.6262113769312471,0.7552880872991424,,,validation
~jupiter_sign_capricorn & ~saturn_sign_gemini,2,5,-0.0740829257873002,-0.024082925787300202,0.4785497647747202,0.25293075028249545,0.30293075028249544,0.6953711791806203,0.39244042889812486,-0.0342357819331109,0.015764218066889102,0.7710523053660315,0.7552880872991424,,,validation
asp_jupiter_saturn_square & ~asp_mars_venus_sextile,2,4,-0.4081832383104805,-0.3681832383104805,0.13444945225153992,0.25135618667190107,0.29135618667190105,0.6837966155700259,0.39244042889812486,-0.5707990744873316,-0.5307990744873315,0.22448901281181088,0.7552880872991424,,,validation
~asp_jupiter_saturn_trine & ~mercury_sign_aquarius,2,5,-0.18683757821323915,-0.13683757821323916,0.36579511234878126,0.24977495502206015,0.29977495502206014,0.692215383920185,0.39244042889812486,0.035880043139749615,0.08588004313974962,0.841168130438892,0.7552880872991424,,,validation
~mercury_sign_libra & ~saturn_sign_gemini,2,5,-0.09121492865704885,-0.041214928657048844,0.4614177619049716,0.24896463731019836,0.29896463731019834,0.6914050662083232,0.39244042889812486,-0.13775092848164533,-0.08775092848164534,0.6675371588174971,0.7552880872991424,,,validation
saturn_sign_aries & ~sun_sign_capricorn,2,4,-0.5426326905620205,-0.5026326905620204,0.0,0.24850753010836854,0.28850753010836855,0.6809479590064934,0.39244042889812486,-0.3633229610557787,-0.32332296105577873,0.4319651262433637,0.7552880872991424,,,validation
saturn_sign_pisces & ~venus_sign_sagittarius,2,4,-0.6127364823295602,-0.5727364823295602,-0.07010379176753972,0.2478029122500823,0.2878029122500823,0.6802433411482072,0.39244042889812486,-0.3798951606896828,-0.33989516068968284,0.4153929266094596,0.7552880872991424,,,validation
saturn_sign_aries & ~venus_sign_scorpio,2,4,-0.5426326905620205,-0.5026326905620204,0.0,0.24766298917997695,0.28766298917997696,0.6801034180781018,0.39244042889812486,-0.3633229610557787,-0.32332296105577873,0.4319651262433637,0.7552880872991424,,,validation
~mercury_sign_libra & ~saturn_sign_virgo,2,5,-0.12814153874388656,-0.07814153874388657,0.42449115181813385,0.24745175878824843,0.2974517587882484,0.6898921876863733,0.39244042889812486,-0.09794621361914242,-0.04794621361914242,0.70734187368,0.7552880872991424,,,validation
~asp_mars_venus_sextile & saturn_sign_aries,2,4,-0.5426326905620205,-0.5026326905620204,0.0,0.24368815930553608,0.2836881593055361,0.676128588203661,0.39244042889812486,-0.39521396739610076,-0.3552139673961008,0.40007411990304165,0.7552880872991424,,,validation
~mercury_sign_gemini & saturn_sign_aries,2,4,-0.5426326905620205,-0.5026326905620204,0.0,0.24179689320694506,0.28179689320694506,0.6742373221050699,0.39244042889812486,-0.44860820003560414,-0.40860820003560416,0.34667988726353827,0.7552880872991424,,,validation
~asp_saturn_sun_trine & saturn_sign_aries,2,4,-0.5426326905620205,-0.5026326905620204,0.0,0.2393499039842246,0.2793499039842246,0.6717903328823495,0.39244042889812486,-0.4038450074719027,-0.36384500747190274,0.3914430798272397,0.7552880872991424,,,validation
~mercury_sign_cancer & ~saturn_sign_virgo,2,5,-0.13740372919552973,-0.08740372919552974,0.4152289613664907,0.23761520059709795,0.28761520059709794,0.6800556294952228,0.39244042889812486,-0.11103245558524961,-0.06103245558524961,0.6942556317138928,0.7552880872991424,,,validation
asp_jupiter_saturn_square & ~sun_sign_cancer,2,4,-0.3336830116805795,-0.29368301168057953,0.20894967888144086,0.23468016202731376,0.27468016202731377,0.6671205909254386,0.39244042889812486,-0.621851120099926,-0.581851120099926,0.1734369671992164,0.7552880872991424,,,validation
~jupiter_sign_cancer & ~jupiter_sign_capricorn,2,5,-0.10869366081303285,-0.058693660813032844,0.4439390297489876,0.2328188601317095,0.2828188601317095,0.6752592890298343,0.39244042889812486,-0.19075623664261804,-0.14075623664261805,0.6145318506565244,0.7552880872991424,,,validation
~mars_sign_taurus & ~saturn_sign_virgo,2,5,-0.12521946668764594,-0.07521946668764595,0.42741322387437447,0.23015523432899365,0.28015523432899364,0.6725956632271185,0.39244042889812486,-0.06816920375950404,-0.018169203759504038,0.7371188835396384,0.7552880872991424,,,validation
asp_jupiter_saturn_square & ~asp_jupiter_venus_trine,2,4,-0.3865176154430152,-0.34651761544301524,0.1561150751190052,0.2289608521329339,0.2689608521329339,0.6614012810310588,0.39244042889812486,-0.6060171134345638,-0.5660171134345637,0.18927097386457872,0.7552880872991424,,,validation
jupiter_sign_sagittarius & ~saturn_sign_virgo,2,4,-0.14705097273855297,-0.10705097273855296,0.39558171782346746,0.22685118518253286,0.26685118518253287,0.6592916140806577,0.39244042889812486,-0.6120589687392202,-0.5720589687392201,0.1832291185599223,0.7552880872991424,,,validation
~jupiter_sign_capricorn & ~mars_sign_sagittarius,2,5,-0.2366708954106715,-0.1866708954106715,0.3159617951513489,0.22679456295508393,0.2767945629550839,0.6692349918532088,0.39244042889812486,0.007102430630851406,0.05710243063085141,0.8123905179299938,0.7552880872991424,,,validation
~asp_jupiter_venus_trine & ~saturn_sign_virgo,2,5,-0.1529551921428312,-0.10295519214283122,0.3996774984191892,0.22473410512698233,0.2747341051269823,0.6671745340251072,0.39244042889812486,-0.011348609971927506,0.038651390028072496,0.7939394773272149,0.7552880872991424,,,validation
~asp_jupiter_venus_square & ~saturn_sign_virgo,2,5,-0.18001757439994343,-0.13001757439994344,0.372615116162077,0.2186963550484523,0.2686963550484523,0.6611367839465772,0.39244042889812486,0.026051742803199704,0.0760517428031997,0.8313398301023421,0.7552880872991424,,,validation
~asp_jupiter_venus_trine & mars_sign_aries,2,4,-0.5413565952725022,-0.5013565952725022,0.0012760952895182096,0.21853845565066884,0.25853845565066885,0.6509788845487937,0.39244042889812486,-0.19822681366736358,-0.15822681366736358,0.5970612736317789,0.7552880872991424,,,validation
mars_sign_virgo & ~mercury_sign_libra,2,4,-0.48201472673188683,-0.44201472673188685,0.06061796383013359,0.21737842375043512,0.2573784237504351,0.64981885264856,0.39244042889812486,-0.3601384049587959,-0.3201384049587959,0.4351496823403465,0.7552880872991424,,,validation
~asp_saturn_sun_trine & ~saturn_sign_virgo,2,5,-0.13124205038275855,-0.08124205038275856,0.42139064017926187,0.21674414923273833,0.2667441492327383,0.6591845781308632,0.39244042889812486,-0.02923310812726472,0.020766891872735282,0.7760549791718777,0.7552880872991424,,,validation
~asp_mars_venus_conj & ~saturn_sign_virgo,2,5,-0.1246365657619576,-0.0746365657619576,0.4279961248000628,0.21519340665302122,0.2651934066530212,0.6576338355511461,0.39244042889812486,-0.03665245619188347,0.013347543808116535,0.768635631107259,0.7552880872991424,,,validation
mars_sign_virgo & saturn_sign_aries,2,3,-0.5326326905620204,-0.5026326905620204,0.0,0.21298522273917406,0.24298522273917406,0.6354256516372989,0.39244042889812486,-0.3946546524165574,-0.3646546524165574,0.390633434882585,0.7552880872991424,,,validation
~mercury_sign_aquarius & ~saturn_sign_gemini,2,5,-0.23297899585729237,-0.18297899585729238,0.31965369470472804,0.21173549300943884,0.2617354930094388,0.6541759219075637,0.39244042889812486,0.08389901391159131,0.1338990139115913,0.8891871012107337,0.7552880872991424,,,validation
~asp_mars_venus_sextile & ~mercury_sign_libra,2,5,-0.13368777859203868,-0.08368777859203869,0.41894491196998174,0.20985415028204124,0.25985415028204123,0.6522945791801661,0.39244042889812486,-0.17844057261786211,-0.12844057261786213,0.6268475146812803,0.7552880872991424,,,validation
mars_sign_virgo & ~sun_sign_virgo,2,4,-0.3770013694160363,-0.3370013694160363,0.16563132114598414,0.20938332993675743,0.24938332993675744,0.6418237588348823,0.39244042889812486,-0.38244695717875493,-0.34244695717875495,0.4128411301203875,0.7552880872991424,,,validation
asp_jupiter_saturn_square & ~mars_sign_taurus,2,4,-0.21321010634575358,-0.17321010634575357,0.32942258421626686,0.2081483481074334,0.24814834810743341,0.6405887770055583,0.39244042889812486,-0.5707990744873316,-0.5307990744873315,0.22448901281181088,0.7552880872991424,,,validation
~mercury_sign_gemini & ~mercury_sign_libra,2,5,-0.07865698001781381,-0.028656980017813805,0.4739757105442066,0.20503723020042386,0.25503723020042385,0.6474776590985487,0.39244042889812486,-0.1952702037681308,-0.14527020376813082,0.6100178835310116,0.7552880872991424,,,validation
~asp_jupiter_venus_trine & ~mercury_sign_libra,2,5,-0.13677629402709657,-0.08677629402709658,0.41585639653492384,0.20415717979325942,0.2541571797932594,0.6465976086913843,0.39244042889812486,-0.15966843571828676,-0.10966843571828677,0.6456196515808557,0.7552880872991424,,,validation
~asp_jupiter_mars_conj & ~mercury_sign_libra,2,5,-0.08209482420147753,-0.03209482420147752,0.4705378663605429,0.20130893603680333,0.2513089360368033,0.6437493649349282,0.39244042889812486,-0.21561332784074888,-0.1656133278407489,0.5896747594583935,0.7552880872991424,,,validation
~mars_sign_cancer & ~mercury_sign_libra,2,5,-0.15090779730516624,-0.10090779730516625,0.4017248932568542,0.2010413475120838,0.2510413475120838,0.6434817764102087,0.39244042889812486,-0.07448639297194899,-0.02448639297194899,0.7308016943271934,0.7552880872991424,,,validation
~jupiter_sign_cancer & ~mercury_sign_aquarius,2,5,-0.24644430822202917,-0.19644430822202918,0.30618838233999124,0.20007381774273403,0.250073817742734,0.6425142466408589,0.39244042889812486,-0.0641301663281721,-0.0141301663281721,0.7411579209709703,0.7552880872991424,,,validation
~jupiter_sign_gemini & ~mercury_sign_libra,2,5,-0.0963994412610202,-0.04639944126102019,0.45623324930100023,0.19808812629777184,0.24808812629777183,0.6405285551958967,0.39244042889812486,-0.22063422787894754,-0.17063422787894755,0.5846538594201949,0.7552880872991424,,,validation
~saturn_sign_virgo,1,2,-0.07551917246521504,-0.05551917246521504,0.4471135180968054,0.19656210047289488,0.21656210047289487,0.6090025293710197,0.39244042889812486,0.019653967477123464,0.039653967477123464,0.7949420547762659,0.7552880872991424,,,validation
~mercury_retro & saturn_sign_aries,2,4,-0.5426326905620205,-0.5026326905620204,0.0,0.19615261854000451,0.23615261854000452,0.6285930474381294,0.39244042889812486,-0.2409616083063952,-0.2009616083063952,0.5543264789927472,0.7552880872991424,,,validation
~mars_sign_taurus & ~mercury_sign_libra,2,5,-0.1065953554390442,-0.056595355439044204,0.4460373351229762,0.1952130089732521,0.2452130089732521,0.637653437871377,0.39244042889812486,-0.1988989742821891,-0.14889897428218912,0.6063891130169533,0.7552880872991424,,,validation
~mercury_station & saturn_sign_aries,2,4,-0.5426326905620205,-0.5026326905620204,0.0,0.19409964755064377,0.23409964755064377,0.6265400764487686,0.39244042889812486,-0.3680273761540353,-0.3280273761540353,0.4272607111451071,0.7552880872991424,,,validation
~asp_jupiter_saturn_trine & ~jupiter_sign_gemini,2,5,-0.05923423840638127,-0.009234238406381268,0.49339845215563916,0.1929870210228123,0.24298702102281228,0.6354274499209371,0.39244042889812486,-0.1823946653022132,-0.13239466530221322,0.6228934219969292,0.7552880872991424,,,validation
~jupiter_ingress_1d & ~saturn_sign_virgo,2,5,-0.1220902171822943,-0.0720902171822943,0.4305424733797261,0.19083829554217102,0.240838295542171,0.6332787244402959,0.39244042889812486,-0.022168065568267628,0.027831934431732375,0.7831200217308748,0.7552880872991424,,,validation
~mercury_sign_gemini & ~saturn_sign_virgo,2,5,-0.08104608842693402,-0.031046088426934015,0.4715866021350864,0.19055266918724767,0.24055266918724766,0.6329930980853725,0.39244042889812486,-0.06693184529291836,-0.016931845292918357,0.7383562420062241,0.7552880872991424,,,validation
~asp_saturn_sun_trine & ~mercury_sign_libra,2,5,-0.13636527669434478,-0.0863652766943448,0.41626741386767563,0.18897835275231445,0.23897835275231444,0.6314187816504393,0.39244042889812486,-0.15213350741217674,-0.10213350741217675,0.6531545798869657,0.7552880872991424,,,validation
~asp_jupiter_sun_sextile & ~saturn_sign_virgo,2,5,-0.19720952111531503,-0.14720952111531505,0.3554231694467054,0.18885741479520235,0.23885741479520234,0.6312978436933272,0.39244042889812486,-0.03161589866906041,0.018384101330939595,0.773672188630082,0.7552880872991424,,,validation
~asp_jupiter_mars_conj & ~saturn_sign_virgo,2,5,-0.11643940486678879,-0.06643940486678879,0.43619328569523164,0.18771142196681245,0.23771142196681244,0.6301518508649373,0.39244042889812486,-0.09374862348767506,-0.043748623487675053,0.7115394638114674,0.7552880872991424,,,validation
asp_jupiter_saturn_square & ~venus_sign_cancer,2,4,-0.4452727629106484,-0.4052727629106484,0.097359927651372,0.18754337796633422,0.22754337796633423,0.6199838068644591,0.39244042889812486,-0.5707990744873316,-0.5307990744873315,0.22448901281181088,0.7552880872991424,,,validation
asp_jupiter_saturn_square,1,1,-0.3781832383104805,-0.3681832383104805,0.13444945225153992,0.18699487314946966,0.19699487314946967,0.5894353020475945,0.39244042889812486,-0.5407990744873316,-0.5307990744873315,0.22448901281181088,0.7552880872991424,,,validation
~asp_jupiter_sun_opp & ~saturn_sign_virgo,2,5,-0.025366969576228485,0.024633030423771518,0.5272657209857919,0.18635268029206709,0.23635268029206707,0.6287931091901919,0.39244042889812486,-0.0394909418702893,0.010509058129710702,0.7657971454288531,0.7552880872991424,,,validation
~asp_jupiter_venus_conj & ~saturn_sign_virgo,2,5,-0.10342315789702912,-0.05342315789702912,0.4492095326649913,0.18600107621744033,0.23600107621744032,0.6284415051155652,0.39244042889812486,-0.05373406000309351,-0.003734060003093509,0.7515540272960489,0.7552880872991424,,,validation
~saturn_sign_virgo & ~venus_sign_cancer,2,5,-0.07702990549571538,-0.02702990549571538,0.47560278506630504,0.18517960468843908,0.23517960468843907,0.6276200335865639,0.39244042889812486,-0.0844164215296573,-0.03441642152965729,0.7208716657694851,0.7552880872991424,,,validation
~asp_jupiter_saturn_trine & ~asp_mars_venus_sextile,2,5,-0.06667291734270499,-0.016672917342704985,0.48595977321931544,0.18494127635912994,0.23494127635912992,0.6273817052572548,0.39244042889812486,-0.15820408651140588,-0.1082040865114059,0.6470840007877365,0.7552880872991424,,,validation
~jupiter_sign_capricorn & ~mercury_sign_aquarius,2,5,-0.25968449377226693,-0.20968449377226694,0.2929481967897535,0.18344570216297418,0.23344570216297417,0.625886131061099,0.39244042889812486,-0.038270028637678324,0.011729971362321678,0.7670180586614641,0.7552880872991424,,,validation
~mercury_sign_libra & ~sun_sign_cancer,2,5,-0.10484407943882025,-0.05484407943882025,0.4477886111232002,0.18302272800706842,0.2330227280070684,0.6254631569051933,0.39244042889812486,-0.30427211168722484,-0.25427211168722486,0.5010159756119176,0.7552880872991424,,,validation
~asp_jupiter_saturn_trine & ~asp_jupiter_venus_trine,2,5,-0.0737845875235842,-0.0237845875235842,0.4788481030384362,0.1815080033506189,0.23150800335061889,0.6239484322487437,0.39244042889812486,-0.10106830305694421,-0.05106830305694421,0.7042197842421982,0.7552880872991424,,,validation
~mercury_sign_aquarius & ~saturn_sign_virgo,2,5,-0.2864652343047246,-0.2364652343047246,0.2661674562572958,0.18117805443754553,0.23117805443754552,0.6236184833356704,0.39244042889812486,0.13160622228851432,0.1816062222885143,0.9368943095876567,0.7552880872991424,,,validation
~saturn_ingress_1d & ~saturn_sign_virgo,2,5,-0.10092825522728689,-0.05092825522728689,0.45170443533473353,0.180617632014065,0.230617632014065,0.6230580609121898,0.39244042889812486,-0.03890983011965106,0.011090169880348943,0.7663782571794914,0.7552880872991424,,,validation
~asp_jupiter_saturn_trine & ~mercury_sign_gemini,2,5,-0.016278750076360662,0.03372124992363934,0.5363539404856598,0.18032429101542002,0.23032429101542,0.6227647199135449,0.39244042889812486,-0.14546793391271057,-0.09546793391271058,0.6598201533864319,0.7552880872991424,,,validation
~jupiter_sign_cancer & ~mercury_retro,2,5,-0.27955632447000556,-0.22955632447000557,0.27307636609201486,0.17877554006511198,0.22877554006511197,0.6212159689632368,0.39244042889812486,-0.15690922699444826,-0.10690922699444827,0.6483788603046942,0.7552880872991424,,,validation
~mars_sign_sagittarius & ~mercury_sign_aquarius,2,5,-0.3453016206554058,-0.2953016206554058,0.2073310699066146,0.1785716492932352,0.2285716492932352,0.6210120781913601,0.39244042889812486,0.04397931100745282,0.09397931100745283,0.8492673983065953,0.7552880872991424,,,validation
~asp_jupiter_venus_square & mars_sign_aries,2,4,-0.49449063108652547,-0.4544906310865255,0.048142059475494915,0.17715762314081482,0.21715762314081483,0.6095980520389397,0.39244042889812486,-0.21660721150266035,-0.17660721150266034,0.5786808757964821,0.7552880872991424,,,validation
~asp_jupiter_sun_sextile & mars_sign_aries,2,4,-0.43168561613930484,-0.39168561613930486,0.11094707442271555,0.1765932191466084,0.2165932191466084,0.6090336480447333,0.39244042889812486,-0.2949326648779081,-0.2549326648779081,0.5003554224212343,0.7552880872991424,,,validation
~jupiter_sign_cancer & ~mars_sign_sagittarius,2,5,-0.2240452585435332,-0.1740452585435332,0.3285874320184872,0.17577451033464198,0.22577451033464196,0.6182149392327668,0.39244042889812486,-0.17313639796491037,-0.12313639796491038,0.632151689334232,0.7552880872991424,,,validation
asp_jupiter_saturn_square & ~sun_sign_capricorn,2,4,-0.5287976430554682,-0.48879764305546813,0.013835047506552315,0.17454991718295818,0.21454991718295818,0.606990346081083,0.39244042889812486,-0.49344262664157207,-0.4534426266415721,0.30184546065757034,0.7552880872991424,,,validation
~asp_jupiter_saturn_trine & ~sun_sign_virgo,2,5,-0.02306967702604197,0.026930322973958032,0.5295630135359785,0.1741636957045536,0.22416369570455358,0.6166041246026784,0.39244042889812486,-0.10119161278362139,-0.05119161278362139,0.704096474515521,0.7552880872991424,,,validation
~mercury_sign_libra & ~venus_sign_sagittarius,2,5,-0.14700038030087093,-0.09700038030087094,0.4056323102611495,0.1739894487151361,0.2239894487151361,0.616429877613261,0.39244042889812486,-0.20652313922699533,-0.15652313922699534,0.5987649480721471,0.7552880872991424,,,validation
~asp_jupiter_saturn_trine & ~mars_sign_taurus,2,5,-0.03715935826811796,0.012840641731882041,0.5154733322939025,0.1736206440937773,0.2236206440937773,0.6160610729919022,0.39244042889812486,-0.15403510116110036,-0.10403510116110037,0.6512529861380421,0.7552880872991424,,,validation
~asp_jupiter_saturn_trine & ~mercury_sign_libra,2,5,-0.05812152487598722,-0.008121524875987218,0.4945111656860332,0.1729082580851714,0.2229082580851714,0.6153486869832963,0.39244042889812486,-0.1848201121935235,-0.13482011219352352,0.6204679751056189,0.7552880872991424,,,validation
~saturn_sign_virgo & ~venus_sign_sagittarius,2,5,-0.14875285485653578,-0.09875285485653579,0.40387983570548464,0.17283516477020577,0.22283516477020576,0.6152755936683306,0.39244042889812486,-0.10100526404722661,-0.051005264047226606,0.7042828232519158,0.7552880872991424,,,validation
~asp_jupiter_sun_sextile & ~mercury_sign_libra,2,5,-0.17653439718478708,-0.1265343971847871,0.37609829337723333,0.17269532233388318,0.22269532233388317,0.615135751232008,0.39244042889812486,-0.14244579391023632,-0.09244579391023633,0.6628422933889061,0.7552880872991424,,,validation
~jupiter_sign_capricorn & ~mars_sign_cancer,2,5,-0.12408075379647866,-0.07408075379647866,0.42855193676554176,0.1721996445178232,0.2221996445178232,0.6146400734159481,0.39244042889812486,0.04338501342388339,0.09338501342388339,0.8486731007230258,0.7552880872991424,,,validation
~asp_mars_venus_conj & ~mercury_sign_libra,2,5,-0.0959332984624723,-0.045933298462472294,0.45669939209954813,0.1712909456729711,0.22129094567297108,0.613731374571096,0.39244042889812486,-0.14603959804457528,-0.09603959804457529,0.6592484892545671,0.7552880872991424,,,validation
~mercury_sign_libra & ~venus_sign_cancer,2,5,-0.07317984462163908,-0.02317984462163908,0.47945284594038134,0.16997088246565628,0.21997088246565627,0.6124113113637811,0.39244042889812486,-0.2194984833074875,-0.1694984833074875,0.5857896039916549,0.7552880872991424,,,validation
~mercury_sign_cancer & ~mercury_sign_libra,2,5,-0.15784202511254564,-0.10784202511254565,0.3947906654494748,0.16987180748927067,0.21987180748927065,0.6123122363873955,0.39244042889812486,-0.24395460860647683,-0.19395460860647684,0.5613334786926656,0.7552880872991424,,,validation
~asp_jupiter_saturn_trine & ~mars_sign_cancer,2,5,-0.039120341354705615,0.010879658645294388,0.5135123492073148,0.16935812402848216,0.21935812402848215,0.611798552926607,0.39244042889812486,-0.032061320459091006,0.017938679540908997,0.7732267668400514,0.7552880872991424,,,validation
~mercury_sign_libra & ~sun_sign_capricorn,2,5,-0.19154513505021303,-0.14154513505021304,0.3610875555118074,0.16871340417324976,0.21871340417324975,0.6111538330713746,0.39244042889812486,-0.23369567224126558,-0.1836956722412656,0.5715924150578768,0.7552880872991424,,,validation
mars_sign_aries & ~mercury_sign_cancer,2,4,-0.5050790024765984,-0.4650790024765984,0.03755368808542205,0.16806161141323703,0.20806161141323704,0.6005020403113619,0.39244042889812486,-0.3108376150269065,-0.2708376150269065,0.4844504722722359,0.7552880872991424,,,validation
~jupiter_sign_capricorn & mars_sign_aries,2,4,-0.4950986285124153,-0.45509862851241534,0.04753406204960511,0.1673084601806286,0.2073084601806286,0.5997488890787535,0.39244042889812486,-0.37244960923620574,-0.33244960923620576,0.4228384780629367,0.7552880872991424,,,validation
~asp_jupiter_venus_conj & ~mercury_sign_libra,2,5,-0.08710507859087281,-0.03710507859087281,0.4655276119711476,0.16699298021696518,0.21699298021696517,0.60943340911509,0.39244042889812486,-0.17549619198733163,-0.12549619198733164,0.6297918953118108,0.7552880872991424,,,validation
asp_jupiter_saturn_square & ~asp_jupiter_sun_square,2,4,-0.3429781928321625,-0.30297819283216254,0.19965449772985785,0.16651145527610942,0.20651145527610942,0.5989518841742343,0.39244042889812486,-0.6004029798148475,-0.5604029798148474,0.194885107484295,0.7552880872991424,,,validation
~asp_jupiter_mars_conj & ~asp_jupiter_saturn_trine,2,5,-0.027307351635919644,0.02269264836408036,0.5253253389261008,0.16589723649853694,0.21589723649853693,0.6083376653966618,0.39244042889812486,-0.17728380739896216,-0.12728380739896217,0.6280042799001803,0.7552880872991424,,,validation
~asp_jupiter_sun_opp & ~mercury_sign_libra,2,5,-0.018855491582779396,0.031144508417220607,0.533777198979241,0.1649000197869922,0.2149000197869922,0.607340448685117,0.39244042889812486,-0.16737479467377697,-0.11737479467377698,0.6379132926253654,0.7552880872991424,,,validation
~mars_sign_leo & ~saturn_sign_virgo,2,5,-0.1544617164520405,-0.1044617164520405,0.3981709741099799,0.1640082560879773,0.2140082560879773,0.6064486849861022,0.39244042889812486,-0.09688263792962122,-0.04688263792962122,0.7084054493695212,0.7552880872991424,,,validation
~asp_saturn_venus_sextile & jupiter_sign_sagittarius,2,4,-0.1410643485537463,-0.1010643485537463,0.4015683420082741,0.1628510445410347,0.2028510445410347,0.5952914734391596,0.39244042889812486,-0.4848725725171669,-0.44487257251716694,0.3104155147819755,0.7552880872991424,,,validation
~asp_jupiter_sun_opp & mars_sign_aries,2,4,-0.47973499461010766,-0.4397349946101077,0.06289769595191276,0.16269995585138616,0.20269995585138617,0.595140384749511,0.39244042889812486,-0.23837744502805233,-0.19837744502805232,0.5569106422710901,0.7552880872991424,,,validation
~jupiter_sign_capricorn & ~jupiter_sign_gemini,2,5,-0.12562267114409037,-0.07562267114409038,0.42701001941793004,0.16245271967756025,0.21245271967756024,0.6048931485756851,0.39244042889812486,-0.12286595875927804,-0.07286595875927804,0.6824221285398644,0.7552880872991424,,,validation
~mercury_sign_libra,1,2,-0.05989189334358701,-0.039891893343587004,0.4627407972184334,0.16207194405516653,0.18207194405516652,0.5745123729532914,0.39244042889812486,-0.10775092848164534,-0.08775092848164534,0.6675371588174971,0.7552880872991424,,,validation
~mars_sign_leo & saturn_sign_pisces,2,4,-0.5978666294969734,-0.5578666294969734,-0.05523393893495299,0.16171119009451715,0.20171119009451716,0.594151618992642,0.39244042889812486,-0.5383512051746547,-0.4983512051746547,0.25693688212448773,0.7552880872991424,,,validation
~asp_jupiter_sun_square & ~jupiter_sign_cancer,2,5,-0.11742766519968463,-0.06742766519968463,0.4352050253623358,0.1616550546448826,0.2116550546448826,0.6040954835430075,0.39244042889812486,-0.21486632784902132,-0.16486632784902133,0.5904217594501211,0.7552880872991424,,,validation
asp_jupiter_saturn_square & ~asp_mars_venus_conj,2,4,-0.4081832383104805,-0.3681832383104805,0.13444945225153992,0.16140579763269833,0.20140579763269834,0.5938462265308232,0.39244042889812486,-0.5707990744873316,-0.5307990744873315,0.22448901281181088,0.7552880872991424,,,validation
~mercury_retro & ~sun_sign_virgo,2,5,-0.28047632505320846,-0.23047632505320848,0.27215636550881195,0.16106468820786723,0.21106468820786722,0.6035051171059921,0.39244042889812486,-0.04058452210647685,0.00941547789352315,0.7647035651926656,0.7552880872991424,,,validation
~mercury_sign_aquarius & ~sun_sign_virgo,2,5,-0.21981628009760495,-0.16981628009760497,0.33281641046441546,0.16064643677785484,0.21064643677785483,0.6030868656759797,0.39244042889812486,0.08552880220951224,0.13552880220951224,0.8908168895086547,0.7552880872991424,,,validation
~asp_jupiter_venus_square & ~mercury_sign_libra,2,5,-0.20332165963737026,-0.15332165963737027,0.34931103092465016,0.15987969019470882,0.2098796901947088,0.6023201190928337,0.39244042889812486,-0.08332719005419938,-0.033327190054199374,0.7219608972449431,0.7552880872991424,,,validation
mars_sign_aries,1,1,-0.4511769472943811,-0.4411769472943811,0.06145574326763931,0.15953251725817147,0.16953251725817148,0.5619729461562963,0.39244042889812486,-0.17896588667043545,-0.16896588667043544,0.586322200628707,0.7552880872991424,,,validation
~asp_mars_venus_sextile & mars_sign_virgo,2,4,-0.6321541404299328,-0.5921541404299328,-0.08952144986791233,0.15950451873939128,0.1995045187393913,0.5919449476375162,0.39244042889812486,-0.3014350897589391,-0.26143508975893914,0.4938529975402033,0.7552880872991424,,,validation
~asp_jupiter_saturn_trine & ~mars_sign_leo,2,5,-0.042443014075762744,0.007556985924237258,0.5101896764862577,0.15949261328624142,0.2094926132862414,0.6019330421843663,0.39244042889812486,-0.13386434515772344,-0.08386434515772345,0.671423742141419,0.7552880872991424,,,validation
~asp_jupiter_saturn_trine & ~asp_saturn_sun_trine,2,5,-0.060900719694007524,-0.010900719694007521,0.4917319708680129,0.15934227482094954,0.20934227482094953,0.6017827037190744,0.39244042889812486,-0.10419360109902105,-0.05419360109902105,0.7010944862001214,0.7552880872991424,,,validation
~jupiter_ingress_1d & ~mercury_sign_libra,2,5,-0.10464721087609748,-0.054647210876097474,0.44798547968592295,0.15868640414286628,0.20868640414286627,0.6011268330409911,0.39244042889812486,-0.14261767026942967,-0.09261767026942969,0.6626704170297127,0.7552880872991424,,,validation
~jupiter_sign_capricorn & ~mars_sign_taurus,2,5,-0.11101722690196088,-0.061017226901960875,0.44161546366005955,0.15866225102369047,0.20866225102369046,0.6011026799218153,0.39244042889812486,-0.09794668778277878,-0.047946687782778774,0.7073413995163637,0.7552880872991424,,,validation
~asp_jupiter_sun_square & venus_retro,2,4,-0.7537205086965787,-0.7137205086965787,-0.2110878181345582,0.15854699594838026,0.19854699594838027,0.5909874248465051,0.39244042889812486,-1.0025526930645834,-0.9625526930645834,-0.20726460576544087,0.7552880872991424,,,validation
~saturn_sign_gemini & ~sun_sign_libra,2,5,0.06964114075332233,0.11964114075332233,0.6222738313153428,0.15853344701777028,0.20853344701777027,0.6009738759158951,0.39244042889812486,-0.14368882707241964,-0.09368882707241966,0.6615992602267228,0.7552880872991424,,,validation
mars_sign_aries & ~saturn_ingress_1d,2,4,-0.4876259024342198,-0.44762590243421985,0.05500678812780059,0.15832144568269488,0.19832144568269489,0.5907618745808197,0.39244042889812486,-0.2421348745257754,-0.2021348745257754,0.553153212773367,0.7552880872991424,,,validation
~mercury_retro & ~mercury_sign_aquarius,2,5,-0.41749948583666263,-0.36749948583666264,0.13513320472535778,0.15810144118563096,0.20810144118563095,0.6005418700837558,0.39244042889812486,0.05053774048855324,0.10053774048855324,0.8558258277876957,0.7552880872991424,,,validation
~jupiter_sign_cancer & ~mercury_station,2,5,-0.2560188889532256,-0.20601888895322562,0.2966138016087948,0.15783698102774768,0.20783698102774767,0.6002774099258725,0.39244042889812486,-0.04408380914702677,0.0059161908529732354,0.7612042781521157,0.7552880872991424,,,validation
~mercury_sign_libra & ~saturn_ingress_1d,2,5,-0.081237842386791,-0.031237842386791004,0.4713948481752294,0.15778165831871616,0.20778165831871614,0.600222087216841,0.39244042889812486,-0.1829334320648615,-0.13293343206486152,0.6223546552342809,0.7552880872991424,,,validation
~asp_mars_venus_conj & ~jupiter_sign_cancer,2,5,-0.08415634903670162,-0.034156349036701616,0.4684763415253188,0.15741949988320103,0.20741949988320102,0.5998599287813259,0.39244042889812486,-0.2141154541584303,-0.16411545415843032,0.5911726331407121,0.7552880872991424,,,validation
mars_sign_aries & ~mercury_retro,2,4,-0.5471969357801698,-0.5071969357801698,-0.004564245218149346,0.15657107589071403,0.19657107589071404,0.5890115047888389,0.39244042889812486,-0.25229439608869814,-0.21229439608869816,0.5429936912104443,0.7552880872991424,,,validation
mars_sign_aries & ~mercury_sign_aquarius,2,4,-0.6570767034932733,-0.6170767034932733,-0.1144440129312528,0.1560486632774268,0.19604866327742682,0.5884890921755517,0.39244042889812486,-0.24297176850445965,-0.20297176850445964,0.5523163187946828,0.7552880872991424,,,validation
~mars_sign_taurus & mercury_sign_taurus,2,4,-0.453822069706414,-0.413822069706414,0.08881062085560641,0.15601249747238852,0.19601249747238852,0.5884529263705134,0.39244042889812486,-0.9797764085789347,-0.9397764085789346,-0.18448832127979223,0.7552880872991424,,,validation
~jupiter_sign_cancer & ~sun_sign_libra,2,5,0.04114474373633818,0.09114474373633819,0.5937774342983586,0.15574183789580232,0.2057418378958023,0.5981822667939272,0.39244042889812486,-0.27563480526540335,-0.22563480526540336,0.5296532820337391,0.7552880872991424,,,validation
~asp_jupiter_sun_square & ~saturn_sign_virgo,2,5,-0.14903044060220105,-0.09903044060220106,0.40360224995981936,0.1555688942011404,0.20556889420114038,0.5980093230992652,0.39244042889812486,-0.07287050640702981,-0.02287050640702981,0.7324175808921126,0.7552880872991424,,,validation
asp_jupiter_saturn_square & ~mars_sign_scorpio,2,4,-0.4081832383104805,-0.3681832383104805,0.13444945225153992,0.15503529176650319,0.1950352917665032,0.587475720664628,0.39244042889812486,-0.5470402949447448,-0.5070402949447448,0.2482477923543977,0.7552880872991424,,,validation
~jupiter_sign_capricorn & ~sun_sign_virgo,2,5,-0.0806652158375329,-0.0306652158375329,0.4719674747244875,0.15482858751270356,0.20482858751270355,0.5972690164108284,0.39244042889812486,-0.06345325373149154,-0.013453253731491532,0.7418348335676509,0.7552880872991424,,,validation
~mars_sign_scorpio & ~mercury_sign_libra,2,5,-0.09817538291461027,-0.048175382914610265,0.45445730764741016,0.15474292615560137,0.20474292615560136,0.5971833550537262,0.39244042889812486,-0.22972493153688972,-0.17972493153688973,0.5755631557622527,0.7552880872991424,,,validation
~asp_jupiter_saturn_trine & ~sun_sign_cancer,2,5,-0.036464026282101394,0.013535973717898608,0.516168664279919,0.154280772604096,0.204280772604096,0.5967212015022209,0.39244042889812486,-0.24220728368473193,-0.19220728368473194,0.5630808036144105,0.7552880872991424,,,validation
~jupiter_sign_cancer & ~jupiter_sign_gemini,2,5,-0.10301387731379004,-0.05301387731379004,0.4496188132482304,0.1532906370467193,0.2032906370467193,0.5957310659448442,0.39244042889812486,-0.2819007297692608,-0.2319007297692608,0.5233873575298816,0.7552880872991424,,,validation
~asp_jupiter_saturn_trine & ~asp_jupiter_venus_square,2,5,-0.11914830313963283,-0.06914830313963283,0.4334843874223876,0.1532750239802484,0.20327502398024838,0.5957154528783732,0.39244042889812486,-0.03864892118649062,0.011351078813509385,0.7666391661126518,0.7552880872991424,,,validation
jupiter_sign_sagittarius & ~mercury_sign_cancer,2,4,-0.12558999614054253,-0.08558999614054252,0.4170426944214779,0.15312466944243994,0.19312466944243994,0.5855650983405648,0.39244042889812486,-0.6141351883356128,-0.5741351883356127,0.18115289896352965,0.7552880872991424,,,validation
~mercury_retro & ~saturn_sign_virgo,2,5,-0.3353955359503744,-0.2853955359503744,0.217237154611646,0.1527408202839763,0.20274082028397628,0.5951812491821011,0.39244042889812486,-0.0004623100671457686,0.049537689932854234,0.8048257772319967,0.7552880872991424,,,validation
~mars_sign_sagittarius & ~mars_sign_scorpio,2,5,-0.22486620595184875,-0.17486620595184876,0.32776648461017166,0.15077841631279776,0.20077841631279775,0.5932188452109226,0.39244042889812486,-0.12316353242545104,-0.07316353242545104,0.6821245548736914,0.7552880872991424,,,validation
~asp_jupiter_sun_square & ~saturn_sign_gemini,2,5,-0.09502409604007574,-0.045024096040075734,0.4576085945219447,0.15076913268388092,0.2007691326838809,0.5932095615820058,0.39244042889812486,-0.09997506923045225,-0.04997506923045225,0.7053130180686902,0.7552880872991424,,,validation
~asp_saturn_sun_trine & ~jupiter_sign_capricorn,2,5,-0.1407757112516813,-0.09077571125168132,0.4118569793103391,0.15065653907714738,0.20065653907714737,0.5930969679752722,0.39244042889812486,-0.03425406271991645,0.015745937280083555,0.771034024579226,0.7552880872991424,,,validation
~jupiter_sign_cancer & ~venus_sign_sagittarius,2,5,-0.1459501960616219,-0.09595019606162192,0.4066824945003985,0.1495464132777803,0.19954641327778028,0.5919868421759051,0.39244042889812486,-0.2540801417059037,-0.20408014170590372,0.5512079455932387,0.7552880872991424,,,validation
~mercury_retro & ~mercury_sign_libra,2,5,-0.2717705975535367,-0.22177059755353673,0.2808620930084837,0.14932782276676315,0.19932782276676314,0.591768251664888,0.39244042889812486,-0.11137885628896023,-0.061378856288960226,0.6939092310101822,0.7552880872991424,,,validation
~jupiter_sign_capricorn & saturn_sign_aries,2,4,-0.5426326905620205,-0.5026326905620204,0.0,0.14927216932824103,0.18927216932824104,0.5817125982263659,0.39244042889812486,-0.3633229610557787,-0.32332296105577873,0.4319651262433637,0.7552880872991424,,,validation
~asp_mars_venus_sextile & ~saturn_sign_virgo,2,5,-0.11627012432145313,-0.06627012432145313,0.4363625662405673,0.14842371886220118,0.19842371886220117,0.590864147760326,0.39244042889812486,-0.07990198149692325,-0.029901981496923247,0.7253861058022192,0.7552880872991424,,,validation
~asp_jupiter_saturn_trine & ~saturn_sign_virgo,2,5,-0.07890947200551858,-0.028909472005518577,0.47372321855650185,0.14836343974120503,0.19836343974120502,0.5908038686393299,0.39244042889812486,-0.0561358357419854,-0.006135835741985396,0.749152251557157,0.7552880872991424,,,validation
~mercury_retro & saturn_sign_pisces,2,4,-0.5642404923040718,-0.5242404923040718,-0.0216078017420513,0.14798902790266608,0.18798902790266608,0.5804294568007909,0.39244042889812486,-0.1972984686310025,-0.1572984686310025,0.5979896186681399,0.7552880872991424,,,validation
~asp_mars_venus_sextile & ~mars_sign_sagittarius,2,5,-0.19698010045374575,-0.14698010045374577,0.35565259010827466,0.14786436626017319,0.19786436626017317,0.590304795158298,0.39244042889812486,-0.0775105717365246,-0.027510571736524603,0.7277775155626178,0.7552880872991424,,,validation
~asp_mars_venus_sextile & ~saturn_sign_gemini,2,5,-0.07073197095476687,-0.020731970954766865,0.48190071960725356,0.1477330167335571,0.1977330167335571,0.590173445631682,0.39244042889812486,-0.11722055828854046,-0.06722055828854046,0.688067529010602,0.7552880872991424,,,validation
~jupiter_sign_capricorn & ~mercury_sign_libra,2,5,-0.11973184689157824,-0.06973184689157824,0.4329008436704422,0.1472631645538336,0.19726316455383358,0.5897035934519584,0.39244042889812486,-0.0928532538286569,-0.0428532538286569,0.7124348334704855,0.7552880872991424,,,validation
~asp_saturn_sun_sextile & ~saturn_sign_virgo,2,5,-0.11209482632586655,-0.06209482632586655,0.4405378642361539,0.14720883870129686,0.19720883870129685,0.5896492675994217,0.39244042889812486,0.05138603577596239,0.10138603577596239,0.8566741230751048,0.7552880872991424,,,validation
~asp_saturn_sun_sextile & ~mercury_sign_libra,2,5,-0.11437846938183079,-0.06437846938183078,0.43825422118018964,0.14686898983052776,0.19686898983052775,0.5893094187286526,0.39244042889812486,-0.09720049022928996,-0.04720049022928996,0.7080875970698525,0.7552880872991424,,,validation
~mars_sign_taurus & ~mercury_retro,2,5,-0.28978528603451925,-0.23978528603451926,0.26284740452750116,0.14591723572465132,0.1959172357246513,0.5883576646227762,0.39244042889812486,-0.07517708672142438,-0.02517708672142438,0.730111000577718,0.7552880872991424,,,validation
asp_jupiter_saturn_square & ~asp_saturn_sun_sextile,2,4,-0.446592270741446,-0.406592270741446,0.09604041982057446,0.1456696203451173,0.1856696203451173,0.5781100492432422,0.39244042889812486,-0.5954765500557527,-0.5554765500557527,0.19981153724338976,0.7552880872991424,,,validation
~asp_jupiter_venus_conj & mercury_sign_sagittarius,2,4,-0.05992968397826328,-0.01992968397826328,0.48270300658375714,0.14543147779632234,0.18543147779632235,0.5778719066944472,0.39244042889812486,-0.6343357583241396,-0.5943357583241395,0.16095232897500283,0.7552880872991424,,,validation
~asp_mars_venus_sextile & ~jupiter_sign_cancer,2,5,-0.09600118641806522,-0.04600118641806522,0.4566315041439552,0.14540423577379802,0.195404235773798,0.5878446646719229,0.39244042889812486,-0.24408790579108025,-0.19408790579108026,0.5612001815080622,0.7552880872991424,,,validation
~mars_sign_scorpio & ~mercury_sign_aquarius,2,5,-0.264205081272632,-0.214205081272632,0.28842760928938843,0.1453500157209593,0.19535001572095928,0.5877904446190841,0.39244042889812486,-0.013329851984860655,0.03667014801513935,0.7919582353142818,0.7552880872991424,,,validation
~asp_saturn_venus_sextile & ~saturn_sign_virgo,2,5,-0.1855818967336012,-0.13558189673360121,0.3670507938284192,0.14451247167560333,0.19451247167560332,0.5869529005737282,0.39244042889812486,-0.04106557226548542,0.008934427734514583,0.764222515033657,0.7552880872991424,,,validation
~asp_jupiter_sun_square & ~mercury_sign_libra,2,5,-0.14768815213920788,-0.0976881521392079,0.40494453842281253,0.14363880233940884,0.19363880233940883,0.5860792312375337,0.39244042889812486,-0.19048526580008113,-0.14048526580008114,0.6148028214990613,0.7552880872991424,,,validation
~asp_jupiter_saturn_trine & ~asp_mars_venus_conj,2,5,-0.039843480569894466,0.010156519430105537,0.512789209992126,0.14296042065003545,0.19296042065003544,0.5854008495481603,0.39244042889812486,-0.12266568533685725,-0.07266568533685724,0.6826224019622852,0.7552880872991424,,,validation
~asp_jupiter_saturn_trine & ~venus_sign_cancer,2,5,-0.027130193228883284,0.02286980677111672,0.5255024973331371,0.14223215223446428,0.19223215223446427,0.5846725811325891,0.39244042889812486,-0.17448415816638824,-0.12448415816638825,0.6308039291327542,0.7552880872991424,,,validation
~asp_jupiter_saturn_trine & ~mercury_sign_cancer,2,5,-0.08207613754520933,-0.03207613754520933,0.4705565530168111,0.14185273179932611,0.1918527317993261,0.584293160697451,0.39244042889812486,-0.17603770722616813,-0.12603770722616814,0.6292503800729743,0.7552880872991424,,,validation
~asp_saturn_venus_sextile & mars_sign_aries,2,4,-0.5355752871323538,-0.49557528713235377,0.0070574034296666446,0.14179564867963765,0.18179564867963766,0.5742360775777625,0.39244042889812486,-0.33030897747633403,-0.29030897747633405,0.4649791098228084,0.7552880872991424,,,validation
~jupiter_sign_cancer & ~mars_sign_scorpio,2,5,-0.10088027894477337,-0.05088027894477337,0.45175241161724705,0.1414482090803394,0.19144820908033938,0.5838886379784642,0.39244042889812486,-0.2865049023261063,-0.23650490232610633,0.5187831849730361,0.7552880872991424,,,validation
~mars_sign_sagittarius & ~mercury_retro,2,5,-0.3860375490094909,-0.3360375490094909,0.16659514155252955,0.14143433253456217,0.19143433253456216,0.583874761432687,0.39244042889812486,-0.03498820196668935,0.015011798033310653,0.7702998853324531,0.7552880872991424,,,validation
~mars_sign_sagittarius & ~saturn_sign_gemini,2,5,-0.19669911097857473,-0.14669911097857474,0.3559335795834457,0.1413019175456236,0.1913019175456236,0.5837423464437484,0.39244042889812486,-0.0322277096367531,0.0177722903632469,0.7730603776623893,0.7552880872991424,,,validation
~mars_sign_taurus & ~mercury_sign_aquarius,2,5,-0.25738069198927527,-0.20738069198927528,0.29525199857274514,0.14076539146023181,0.1907653914602318,0.5832058203583567,0.39244042889812486,0.0170879674662318,0.0670879674662318,0.8223760547653742,0.7552880872991424,,,validation
~asp_mars_venus_conj & ~mercury_sign_aquarius,2,5,-0.2452878389615485,-0.1952878389615485,0.3073448516004719,0.1403441240077411,0.1903441240077411,0.582784552905866,0.39244042889812486,0.04775077886873284,0.09775077886873285,0.8530388661678753,0.7552880872991424,,,validation
~asp_jupiter_sun_square & ~mars_sign_sagittarius,2,5,-0.235814733821394,-0.18581473382139402,0.3168179567406264,0.1402654215569744,0.1902654215569744,0.5827058504550993,0.39244042889812486,-0.06640528824066456,-0.01640528824066456,0.7388827990584779,0.7552880872991424,,,validation
~asp_mars_venus_conj & ~mars_sign_sagittarius,2,5,-0.20193987656986034,-0.15193987656986035,0.35069281399216007,0.1396104354153651,0.1896104354153651,0.58205086431349,0.39244042889812486,-0.05901598431547646,-0.009015984315476455,0.746272102983666,0.7552880872991424,,,validation
~jupiter_sign_capricorn & ~mercury_retro,2,5,-0.3010503570468293,-0.2510503570468293,0.2515823335151911,0.13909294243260306,0.18909294243260305,0.5815333713307279,0.39244042889812486,-0.10552723438994767,-0.055527234389947666,0.6997608529091948,0.7552880872991424,,,validation
~asp_jupiter_mars_conj & ~mars_sign_sagittarius,2,5,-0.18454369783788044,-0.13454369783788045,0.36808899272414,0.13865043440404934,0.18865043440404933,0.5810908633021742,0.39244042889812486,-0.11677302127705254,-0.06677302127705254,0.6885150660220899,0.7552880872991424,,,validation
~mars_sign_leo & ~mercury_sign_aquarius,2,5,-0.2532941440913392,-0.20329414409133922,0.2993385464706812,0.13863613734548308,0.18863613734548307,0.5810765662436079,0.39244042889812486,0.07821222221839656,0.12821222221839657,0.883500309517539,0.7552880872991424,,,validation
~mercury_station & ~saturn_sign_gemini,2,5,-0.17028966571857768,-0.12028966571857769,0.38234302484344274,0.13809325974417253,0.18809325974417251,0.5805336886422974,0.39244042889812486,0.038776966190121095,0.0887769661901211,0.8440650534892635,0.7552880872991424,,,validation
~mars_sign_sagittarius & ~mars_sign_taurus,2,5,-0.21522771039805016,-0.16522771039805018,0.33740498016397025,0.13736800962845885,0.18736800962845884,0.5798084385265837,0.39244042889812486,-0.09085275709546355,-0.04085275709546354,0.7144353302036789,0.7552880872991424,,,validation
~asp_jupiter_saturn_trine & ~asp_jupiter_sun_opp,2,5,0.0492705266769357,0.0992705266769357,0.6019032172389561,0.1366360859040905,0.18663608590409048,0.5790765148022153,0.39244042889812486,-0.12449566131013774,-0.07449566131013774,0.6807924259890047,0.7552880872991424,,,validation
~mars_sign_sagittarius & ~venus_sign_scorpio,2,5,-0.1348285919914055,-0.08482859199140552,0.4178040985706149,0.13651395628749619,0.18651395628749617,0.578954385185621,0.39244042889812486,-0.08277058305964587,-0.032770583059645864,0.7225175042394966,0.7552880872991424,,,validation
~asp_jupiter_sun_square & ~mercury_sign_aquarius,2,5,-0.24347506338447067,-0.19347506338447068,0.30915762717754974,0.13641129897987925,0.18641129897987924,0.5788517278780041,0.39244042889812486,0.050343746846387025,0.10034374684638703,0.8556318341455295,0.7552880872991424,,,validation
~mercury_station & saturn_sign_pisces,2,4,-0.6897698004896576,-0.6497698004896576,-0.1471371099276372,0.13617339153583816,0.17617339153583816,0.568613820433963,0.39244042889812486,-0.2653823751155608,-0.2253823751155608,0.5299057121835816,0.7552880872991424,,,validation
~asp_mars_venus_conj & ~saturn_sign_gemini,2,5,-0.05999028542975095,-0.009990285429750945,0.4926424051322695,0.13600478218273593,0.18600478218273592,0.5784452110808608,0.39244042889812486,-0.0766865869135623,-0.026686586913562294,0.7286015003855801,0.7552880872991424,,,validation
~asp_saturn_venus_sextile & ~mars_sign_sagittarius,2,5,-0.25018422507434823,-0.20018422507434824,0.3024484654876722,0.13579964953321344,0.18579964953321343,0.5782400784313383,0.39244042889812486,-0.06158075659885194,-0.011580756598851938,0.7437073307002905,0.7552880872991424,,,validation
~mercury_sign_aquarius & ~mercury_sign_gemini,2,5,-0.21892540016159268,-0.1689254001615927,0.33370729040042774,0.13572915560406107,0.18572915560406106,0.5781695845021859,0.39244042889812486,0.031917367289891294,0.0819173672898913,0.8372054545890337,0.7552880872991424,,,validation
~mercury_sign_aquarius & ~venus_sign_sagittarius,2,5,-0.25580805970383746,-0.20580805970383748,0.29682463085818295,0.13510895059868788,0.18510895059868787,0.5775493794968127,0.39244042889812486,-0.015521108231061523,0.03447889176893848,0.7897669790680809,0.7552880872991424,,,validation
~asp_jupiter_mars_conj & ~jupiter_sign_capricorn,2,5,-0.08216694137294712,-0.03216694137294712,0.4704657491890733,0.13401903738801535,0.18401903738801534,0.5764594662861402,0.39244042889812486,-0.10234642011735236,-0.052346420117352355,0.7029416671817901,0.7552880872991424,,,validation
~jupiter_ingress_1d & mars_sign_aries,2,4,-0.48849179736093296,-0.448491797360933,0.054140893201087455,0.13367705587120213,0.17367705587120214,0.566117484769327,0.39244042889812486,-0.19633321088601305,-0.15633321088601304,0.5989548764131294,0.7552880872991424,,,validation
~asp_jupiter_venus_trine & ~jupiter_sign_capricorn,2,5,-0.14894999146877608,-0.09894999146877609,0.40368269909324433,0.13362711729267507,0.18362711729267506,0.5760675461907999,0.39244042889812486,-0.04778636395733944,0.0022136360426605606,0.757501723341803,0.7552880872991424,,,validation
~asp_jupiter_saturn_trine,1,2,0.006384439789522318,0.026384439789522318,0.5290171303515427,0.13355130179354943,0.15355130179354942,0.5459917306916743,0.39244042889812486,-0.06517062976223718,-0.04517062976223718,0.7101174575369052,0.7552880872991424,,,validation
~asp_mars_venus_sextile & ~jupiter_sign_capricorn,2,5,-0.12093182829500755,-0.07093182829500755,0.4317008622670129,0.13337097290781996,0.18337097290781995,0.5758114018059448,0.39244042889812486,-0.09550537529926169,-0.045505375299261686,0.7097827119998807,0.7552880872991424,,,validation
~asp_saturn_sun_trine & ~jupiter_sign_cancer,2,5,-0.08623056818445242,-0.036230568184452416,0.466402122377568,0.13329257454532395,0.18329257454532394,0.5757330034434488,0.39244042889812486,-0.1910268448652767,-0.14102684486527672,0.6142612424338657,0.7552880872991424,,,validation
~jupiter_sign_cancer & mars_sign_aries,2,4,-0.4789052274382392,-0.43890522743823923,0.0637274631237812,0.1325800207224099,0.1725800207224099,0.5650204496205348,0.39244042889812486,-0.29709095642723105,-0.25709095642723107,0.49819713087191136,0.7552880872991424,,,validation
mars_sign_aries & ~saturn_sign_gemini,2,4,-0.5416147806655032,-0.5016147806655031,0.0010179098965172355,0.1325800207224099,0.1725800207224099,0.5650204496205348,0.39244042889812486,-0.20896588667043545,-0.16896588667043544,0.586322200628707,0.7552880872991424,,,validation
~mars_sign_cancer & ~mars_sign_sagittarius,2,5,-0.22247940954257023,-0.17247940954257024,0.3301532810194502,0.1323456900697777,0.1823456900697777,0.5747861189679025,0.39244042889812486,0.029418574248116156,0.07941857424811616,0.8347066615472586,0.7552880872991424,,,validation
asp_jupiter_saturn_square & ~mercury_sign_libra,2,4,-0.4081832383104805,-0.3681832383104805,0.13444945225153992,0.13227957249216346,0.17227957249216347,0.5647200013902883,0.39244042889812486,-0.5707990744873316,-0.5307990744873315,0.22448901281181088,0.7552880872991424,,,validation
~asp_jupiter_venus_trine & ~jupiter_sign_cancer,2,5,-0.12138815530341092,-0.07138815530341092,0.4312445352586095,0.1322347433601132,0.1822347433601132,0.574675172258238,0.39244042889812486,-0.1863729012729443,-0.13637290127294432,0.6189151860261981,0.7552880872991424,,,validation
~asp_mars_venus_sextile & jupiter_sign_sagittarius,2,4,-0.1874711728684824,-0.14747117286848238,0.35516151769353804,0.1315771871993243,0.1715771871993243,0.5640176160974492,0.39244042889812486,-0.5704584467526793,-0.5304584467526793,0.22482964054646318,0.7552880872991424,,,validation
mars_sign_aries & ~mercury_sign_gemini,2,4,-0.5337059572073359,-0.49370595720733595,0.00892673335468446,0.13148478510737213,0.17148478510737214,0.563925214005497,0.39244042889812486,-0.2235833327870926,-0.1835833327870926,0.5717047545120498,0.7552880872991424,,,validation
mars_sign_aries & ~venus_sign_cancer,2,4,-0.5074381867725211,-0.467438186772521,0.0351945037894994,0.13131223339637152,0.17131223339637153,0.5637526622944964,0.39244042889812486,-0.1742960730191648,-0.1342960730191648,0.6209920142799776,0.7552880872991424,,,validation
~asp_jupiter_saturn_trine & ~jupiter_ingress_1d,2,5,-0.04490159768695352,0.0050984023130464795,0.5077310928750669,0.13037418714620952,0.1803741871462095,0.5728146160443344,0.39244042889812486,-0.10684991240146831,-0.056849912401468305,0.6984381748976741,0.7552880872991424,,,validation
~mars_sign_scorpio & ~saturn_sign_gemini,2,5,-0.08323201480437777,-0.03323201480437776,0.46940067575764266,0.13018743693781165,0.18018743693781164,0.5726278658359365,0.39244042889812486,-0.14730183676318437,-0.09730183676318438,0.657986250535958,0.7552880872991424,,,validation
~asp_jupiter_mars_conj & asp_jupiter_saturn_square,2,4,-0.46318862728440613,-0.42318862728440615,0.07944406327761427,0.1301816121038489,0.1701816121038489,0.5626220410019738,0.39244042889812486,-0.7068707957163313,-0.6668707957163312,0.08841729158281116,0.7552880872991424,,,validation
~sun_sign_virgo & venus_retro,2,4,-0.743949716124339,-0.703949716124339,-0.2013170255623186,0.12995365058083805,0.16995365058083806,0.5623940794789629,0.39244042889812486,-1.0719057567377372,-1.0319057567377372,-0.2766176694385947,0.7552880872991424,,,validation
~asp_jupiter_sun_square & mars_sign_aries,2,4,-0.5334444220870982,-0.4934444220870982,0.009188268474922226,0.12963156002995133,0.16963156002995133,0.5620719889280762,0.39244042889812486,-0.19350985292595932,-0.1535098529259593,0.6017782343731831,0.7552880872991424,,,validation
~asp_jupiter_saturn_trine & ~saturn_ingress_1d,2,5,-0.022887041275597333,0.02711295872440267,0.5297456492864231,0.12950573385121433,0.17950573385121432,0.5719461627493392,0.39244042889812486,-0.13586274607048904,-0.08586274607048905,0.6694253412286534,0.7552880872991424,,,validation
jupiter_sign_sagittarius & ~mercury_retro,2,4,-0.30620709215235925,-0.26620709215235927,0.23642559840966118,0.12904113333528774,0.16904113333528775,0.5614815622334126,0.39244042889812486,-0.6038558738240025,-0.5638558738240025,0.19143221347513997,0.7552880872991424,,,validation
~asp_jupiter_venus_trine & ~saturn_sign_gemini,2,5,-0.10164733007018668,-0.05164733007018668,0.45098536049183374,0.12844785867342945,0.17844785867342944,0.5708882875715543,0.39244042889812486,-0.0613762538675245,-0.0113762538675245,0.7439118334316179,0.7552880872991424,,,validation
~mars_sign_scorpio & ~saturn_sign_virgo,2,5,-0.15002811384360792,-0.10002811384360794,0.4026045767184125,0.12827880164219774,0.17827880164219773,0.5707192305403226,0.39244042889812486,-0.10826372205504993,-0.05826372205504993,0.6970243652440925,0.7552880872991424,,,validation
~asp_saturn_venus_sextile & ~mercury_sign_aquarius,2,5,-0.2786525654911449,-0.22865256549114493,0.2739801250708755,0.12819556480478178,0.17819556480478177,0.5706359937029066,0.39244042889812486,0.0790108359864276,0.1290108359864276,0.88429892328557,0.7552880872991424,,,validation
~mercury_sign_libra & ~mercury_station,2,5,-0.23117574217302406,-0.18117574217302407,0.32145694838899636,0.12779579116829565,0.17779579116829564,0.5702362200664205,0.39244042889812486,-0.01770140215935763,0.032298597840642373,0.7875866851397848,0.7552880872991424,,,validation
~jupiter_sign_cancer & mercury_sign_taurus,2,4,-0.4933451886799227,-0.45334518867992274,0.049287501882097705,0.12772573067267864,0.16772573067267865,0.5601661595708035,0.39244042889812486,-1.0079527185755464,-0.9679527185755464,-0.21266463127640403,0.7552880872991424,,,validation
~asp_mars_venus_conj & mars_sign_aries,2,4,-0.43259402088274834,-0.39259402088274836,0.11003866967927205,0.12741859064907998,0.16741859064908,0.5598590195472049,0.39244042889812486,-0.19956631718498294,-0.15956631718498293,0.5957217701141595,0.7552880872991424,,,validation
~asp_jupiter_saturn_trine & mars_sign_aries,2,4,-0.47678417998827505,-0.43678417998827507,0.06584851057374537,0.12727811234507067,0.16727811234507067,0.5597185412431955,0.39244042889812486,-0.20896588667043545,-0.16896588667043544,0.586322200628707,0.7552880872991424,,,validation
~asp_jupiter_venus_square & ~mars_sign_sagittarius,2,5,-0.26552197604375255,-0.21552197604375256,0.28711071451826786,0.1270744227443792,0.17707442274437918,0.569514851642504,0.39244042889812486,0.014365075186286977,0.06436507518628698,0.8196531624854294,0.7552880872991424,,,validation
~mercury_station & ~saturn_sign_virgo,2,5,-0.28927361624508663,-0.23927361624508664,0.2633590743169338,0.12685340619732366,0.17685340619732365,0.5692938350954485,0.39244042889812486,0.09435985757383884,0.14435985757383885,0.8996479448729813,0.7552880872991424,,,validation
~jupiter_sign_gemini & mars_sign_virgo,2,4,-0.5902726316672717,-0.5502726316672717,-0.04763994110525124,0.1264989342442668,0.16649893424426682,0.5589393631423917,0.39244042889812486,-0.332107249714798,-0.292107249714798,0.4631808375843444,0.7552880872991424,,,validation
~jupiter_sign_gemini & ~saturn_sign_gemini,2,5,-0.08882933365948766,-0.03882933365948765,0.46380335690253277,0.1264602490532427,0.1764602490532427,0.5689006779513676,0.39244042889812486,-0.13421046184024704,-0.08421046184024705,0.6710776254588954,0.7552880872991424,,,validation
~asp_jupiter_saturn_trine & ~asp_jupiter_sun_sextile,2,5,-0.1179762760900276,-0.0679762760900276,0.4346564144719928,0.12603402034881228,0.17603402034881227,0.5684744492469371,0.39244042889812486,-0.1010745059217278,-0.0510745059217278,0.7042135813774146,0.7552880872991424,,,validation
jupiter_sign_sagittarius & ~mars_sign_taurus,2,4,-0.23869892836479692,-0.1986989283647969,0.3039337621972235,0.12590354060896766,0.16590354060896767,0.5583439695070925,0.39244042889812486,-0.6809908351873767,-0.6409908351873767,0.1142972521117658,0.7552880872991424,,,validation
~asp_saturn_sun_trine & ~saturn_sign_gemini,2,5,-0.08940608247057387,-0.03940608247057387,0.46322660809144656,0.12512758258684076,0.17512758258684075,0.5675680114849656,0.39244042889812486,-0.04832114072759415,0.0016788592724058526,0.7569669465715483,0.7552880872991424,,,validation
~asp_jupiter_venus_square & mars_sign_virgo,2,4,-0.5833992883249403,-0.5433992883249402,-0.04076659776291982,0.12512349389311148,0.16512349389311148,0.5575639227912363,0.39244042889812486,-0.41383049339112604,-0.37383049339112606,0.38145759390801637,0.7552880872991424,,,validation
~jupiter_sign_cancer & ~venus_sign_scorpio,2,5,-0.024094672792106822,0.02590532720789318,0.5285380177699136,0.12503113396645937,0.17503113396645936,0.5674715628645842,0.39244042889812486,-0.2987840208922395,-0.2487840208922395,0.5065040664069029,0.7552880872991424,,,validation
~mercury_sign_aquarius & ~sun_sign_libra,2,5,-0.12348230001210943,-0.07348230001210942,0.429150390549911,0.1243088137057091,0.1743088137057091,0.566749242603834,0.39244042889812486,-0.009745009193944124,0.04025499080605588,0.7955430781051983,0.7552880872991424,,,validation
~mercury_sign_libra & ~sun_sign_virgo,2,5,-0.031201227764152975,0.018798772235847028,0.5214314627978675,0.1241903964960026,0.1741903964960026,0.5666308253941275,0.39244042889812486,-0.20449617258655012,-0.15449617258655013,0.6007919147125923,0.7552880872991424,,,validation
~mars_sign_sagittarius & ~mercury_sign_gemini,2,5,-0.17551396457759139,-0.1255139645775914,0.377118725984429,0.12404367916630786,0.17404367916630786,0.5664841080644327,0.39244042889812486,-0.08629936898947084,-0.03629936898947084,0.7189887183096716,0.7552880872991424,,,validation
~asp_saturn_sun_trine & ~mars_sign_sagittarius,2,5,-0.22617340930032875,-0.17617340930032876,0.32645928126169166,0.12396161150074834,0.17396161150074835,0.5664020403988732,0.39244042889812486,-0.04012756651247003,0.009872433487529975,0.7651605207866724,0.7552880872991424,,,validation
~asp_jupiter_saturn_trine & ~asp_jupiter_venus_conj,2,5,-0.02316597469945221,0.026834025300547792,0.5294667158625682,0.12395339880437893,0.17395339880437893,0.5663938277025038,0.39244042889812486,-0.13855153541690396,-0.08855153541690397,0.6667365518822385,0.7552880872991424,,,validation
~asp_jupiter_venus_trine & ~mars_sign_sagittarius,2,5,-0.23510362057339756,-0.18510362057339758,0.31752906998862285,0.12373538812752348,0.17373538812752348,0.5661758170256483,0.39244042889812486,-0.04427779623648505,0.005722203763514955,0.7610102910626574,0.7552880872991424,,,validation
~saturn_sign_gemini & ~venus_sign_sagittarius,2,5,-0.10293501663600037,-0.052935016636000365,0.44969767392602006,0.12282955218801937,0.17282955218801938,0.5652699810861442,0.39244042889812486,-0.14005922892292416,-0.09005922892292417,0.6652288583762183,0.7552880872991424,,,validation
~asp_jupiter_venus_trine & ~mercury_sign_aquarius,2,5,-0.2585152365303504,-0.20851523653035042,0.29411745403167,0.12256849182666328,0.17256849182666328,0.5650089207247881,0.39244042889812486,0.07108420874732783,0.12108420874732784,0.8763722960464703,0.7552880872991424,,,validation
~mars_sign_leo & ~mars_sign_sagittarius,2,5,-0.20906386921821968,-0.1590638692182197,0.34356882134380073,0.12207181753896355,0.17207181753896356,0.5645122464370884,0.39244042889812486,-0.06658288759681137,-0.01658288759681137,0.7387051997023311,0.7552880872991424,,,validation
~mercury_sign_aquarius & ~mercury_station,2,5,-0.39619859636957794,-0.34619859636957795,0.15643409419244247,0.1218936921503062,0.1718936921503062,0.5643341210484311,0.39244042889812486,0.043985796467980995,0.093985796467981,0.8492738837671234,0.7552880872991424,,,validation
~asp_jupiter_venus_square & ~jupiter_sign_capricorn,2,5,-0.18502134164669948,-0.1350213416466995,0.36761134891532093,0.12153383519329551,0.17153383519329551,0.5639742640914204,0.39244042889812486,-0.015398768123703735,0.03460123187629627,0.7898893191754387,0.7552880872991424,,,validation
~mars_sign_leo & ~mercury_sign_libra,2,5,-0.11555338528648702,-0.06555338528648702,0.4370793052755334,0.12145501147747638,0.17145501147747638,0.5638954403756012,0.39244042889812486,-0.17730873487929238,-0.1273087348792924,0.62797935241985,0.7552880872991424,,,validation
~mars_sign_sagittarius & ~sun_sign_libra,2,5,-0.06556874955926496,-0.01556874955926496,0.48706394100275546,0.12132701218219931,0.1713270121821993,0.5637674410803242,0.39244042889812486,-0.1452515608995642,-0.09525156089956421,0.6600365263995782,0.7552880872991424,,,validation
~mars_sign_sagittarius & ~sun_sign_virgo,2,5,-0.1752645212436762,-0.1252645212436762,0.3773681693183442,0.12089414727979407,0.17089414727979407,0.5633345761779189,0.39244042889812486,-0.040860915178074844,0.009139084821925159,0.7644271721210676,0.7552880872991424,,,validation
~mars_sign_taurus & ~saturn_sign_gemini,2,5,-0.07409630409091962,-0.024096304090919618,0.4785363864711008,0.12037626761376839,0.1703762676137684,0.5628166965118933,0.39244042889812486,-0.10776291653096944,-0.05776291653096943,0.697525170768173,0.7552880872991424,,,validation
~jupiter_sign_cancer & ~mars_sign_taurus,2,5,-0.12887880286994757,-0.07887880286994758,0.42375388769207284,0.12031674222845888,0.17031674222845888,0.5627571711265837,0.39244042889812486,-0.24687448540854068,-0.1968744854085407,0.5584136018906017,0.7552880872991424,,,validation
~saturn_sign_virgo & ~venus_sign_scorpio,2,5,-0.11318461371694828,-0.06318461371694828,0.43944807684507214,0.12017785092581733,0.17017785092581733,0.5626182798239422,0.39244042889812486,-0.10953624039603678,-0.05953624039603678,0.6957518469031057,0.7552880872991424,,,validation
mars_sign_aries & ~sun_sign_cancer,2,4,-0.5497480897948132,-0.5097480897948131,-0.007115399232792664,0.11976303292160892,0.15976303292160893,0.5522034618197338,0.39244042889812486,-0.30658960000576824,-0.26658960000576826,0.4886984872933742,0.7552880872991424,,,validation
~mercury_sign_aquarius & ~venus_sign_scorpio,2,5,-0.2151264604684731,-0.16512646046847312,0.3375062300935473,0.11973449952744263,0.16973449952744263,0.5621749284255675,0.39244042889812486,-0.015320607172873937,0.034679392827126065,0.7899674801262685,0.7552880872991424,,,validation
asp_jupiter_saturn_square & ~mercury_station,2,4,-0.5536765099560743,-0.5136765099560743,-0.011043819394053876,0.11808203204004428,0.15808203204004428,0.5505224609381691,0.39244042889812486,-0.5339400599854968,-0.4939400599854968,0.26134802731364565,0.7552880872991424,,,validation
~asp_jupiter_saturn_trine & ~mercury_station,2,5,-0.19196497559836473,-0.14196497559836474,0.3606677149636557,0.11799095993731422,0.16799095993731422,0.5604313888354391,0.39244042889812486,-0.0022759319536977546,0.04772406804630225,0.8030121553454447,0.7552880872991424,,,validation
~asp_jupiter_saturn_trine & ~venus_sign_sagittarius,2,5,-0.09369372818422296,-0.04369372818422296,0.45893896237779747,0.1174527800043743,0.1674527800043743,0.5598932089024992,0.39244042889812486,-0.18265999443410402,-0.13265999443410403,0.6226280928650384,0.7552880872991424,,,validation
~asp_jupiter_venus_conj & ~mercury_sign_aquarius,2,5,-0.2237845154017284,-0.1737845154017284,0.328848175160292,0.1174190021463669,0.1674190021463669,0.5598594310444918,0.39244042889812486,0.054283709441974734,0.10428370944197474,0.8595717967411172,0.7552880872991424,,,validation
~asp_jupiter_venus_trine & mars_sign_virgo,2,4,-0.6375324924733768,-0.5975324924733768,-0.09489980191135636,0.11737857568982221,0.15737857568982222,0.5498190045879471,0.39244042889812486,-0.38138498011019023,-0.34138498011019025,0.4139031071889522,0.7552880872991424,,,validation
~asp_mars_venus_conj & ~mercury_retro,2,5,-0.29265355765156925,-0.24265355765156926,0.25997913291045116,0.11697406696195477,0.16697406696195477,0.5594144958600796,0.39244042889812486,-0.055685492496510405,-0.0056854924965104026,0.749602594802632,0.7552880872991424,,,validation
~asp_jupiter_saturn_trine & ~mercury_retro,2,5,-0.23682963701225307,-0.18682963701225308,0.31580305354976734,0.11583665510290973,0.16583665510290974,0.5582770840010346,0.39244042889812486,-0.06977385602491366,-0.01977385602491366,0.7355142312742288,0.7552880872991424,,,validation
~asp_jupiter_sun_sextile & ~mercury_sign_aquarius,2,5,-0.31463770080780795,-0.26463770080780796,0.23799498975421246,0.11573668863360485,0.16573668863360486,0.5581771175317297,0.39244042889812486,0.005322046180529713,0.055322046180529716,0.8106101334796721,0.7552880872991424,,,validation
~mercury_sign_aquarius & ~sun_sign_cancer,2,5,-0.24497025097620034,-0.19497025097620035,0.30766243958582007,0.11570770432731513,0.16570770432731513,0.55814813322544,0.39244042889812486,-0.08304805575844838,-0.03304805575844838,0.722240031540694,0.7552880872991424,,,validation
~saturn_sign_virgo & ~sun_sign_capricorn,2,5,-0.18596117552979247,-0.13596117552979248,0.36667151503222795,0.11501413347657806,0.16501413347657806,0.5574545623747029,0.39244042889812486,-0.10200894310231697,-0.05200894310231696,0.7032791441968255,0.7552880872991424,,,validation
~asp_jupiter_venus_square & ~mercury_sign_aquarius,2,5,-0.3284128908988346,-0.2784128908988346,0.22421979966318584,0.11480732179978113,0.16480732179978114,0.557247750697906,0.39244042889812486,0.14301877060652463,0.19301877060652461,0.948306857905667,0.7552880872991424,,,validation
~mars_sign_cancer & ~mercury_sign_aquarius,2,5,-0.26346077966085424,-0.21346077966085425,0.2891719109011662,0.11463359849832698,0.16463359849832698,0.5570740273964518,0.39244042889812486,0.16650765492653136,0.21650765492653135,0.9717957422256738,0.7552880872991424,,,validation
~asp_saturn_sun_trine & ~mercury_sign_aquarius,2,5,-0.26916700070199034,-0.21916700070199036,0.28346568986003007,0.11456228032720726,0.16456228032720727,0.5570027092253321,0.39244042889812486,0.09172425560107593,0.14172425560107593,0.8970123429002184,0.7552880872991424,,,validation
~jupiter_sign_gemini & ~mars_sign_sagittarius,2,5,-0.2221009857209852,-0.1721009857209852,0.3305317048410352,0.11450903559723934,0.16450903559723934,0.5569494644953642,0.39244042889812486,-0.1358782936907515,-0.0858782936907515,0.6694097936083909,0.7552880872991424,,,validation
asp_jupiter_saturn_square & ~asp_saturn_venus_sextile,2,4,-0.4081832383104805,-0.3681832383104805,0.13444945225153992,0.11395253881205666,0.15395253881205667,0.5463929677101815,0.39244042889812486,-0.5794573724502693,-0.5394573724502693,0.21583071484887315,0.7552880872991424,,,validation
~mars_sign_sagittarius & ~mercury_station,2,5,-0.3012721683396192,-0.2512721683396192,0.25136052222240124,0.11386876483463314,0.16386876483463314,0.556309193732758,0.39244042889812486,0.04421991586040146,0.09421991586040146,0.8495080031595439,0.7552880872991424,,,validation
asp_jupiter_saturn_square & ~sun_sign_virgo,2,4,-0.4081832383104805,-0.3681832383104805,0.13444945225153992,0.11325864557337714,0.15325864557337715,0.545699074471502,0.39244042889812486,-0.507103696655792,-0.467103696655792,0.28818439064335044,0.7552880872991424,,,validation
~jupiter_sign_gemini & ~mercury_sign_aquarius,2,5,-0.27028759800541496,-0.22028759800541498,0.28234509255660545,0.11280319140827487,0.16280319140827487,0.5552436203063997,0.39244042889812486,0.0162391949656268,0.0662391949656268,0.8215272822647692,0.7552880872991424,,,validation
~asp_jupiter_sun_opp & ~jupiter_sign_cancer,2,5,0.025379253044354996,0.075379253044355,0.5780119436063754,0.11258800964833747,0.16258800964833747,0.5550284385464623,0.39244042889812486,-0.21459899200822313,-0.16459899200822314,0.5906890952909193,0.7552880872991424,,,validation
~mercury_retro & venus_retro,2,4,-0.6641315333815462,-0.6241315333815461,-0.12149884281952573,0.1123986987083336,0.1523986987083336,0.5448391276064585,0.39244042889812486,-0.8623007643824437,-0.8223007643824437,-0.06701267708330129,0.7552880872991424,,,validation
~mars_sign_sagittarius & ~venus_sign_sagittarius,2,5,-0.2351345682444722,-0.18513456824447222,0.3174981223175482,0.11163285016541989,0.1616328501654199,0.5540732790635448,0.39244042889812486,-0.12605196705560756,-0.07605196705560757,0.6792361202435349,0.7552880872991424,,,validation
~asp_jupiter_sun_sextile & ~mars_sign_sagittarius,2,5,-0.27259685291083696,-0.22259685291083697,0.28003583765118345,0.11064931191472148,0.16064931191472148,0.5530897408128463,0.39244042889812486,-0.037041064272288884,0.012958935727711118,0.7682470230268535,0.7552880872991424,,,validation
~asp_saturn_sun_trine & mars_sign_aries,2,4,-0.41956695464862864,-0.37956695464862866,0.12306573591339175,0.11053744964144205,0.15053744964144206,0.5429778785395669,0.39244042889812486,-0.13861233012432758,-0.09861233012432757,0.6566757571748149,0.7552880872991424,,,validation
mars_sign_virgo & ~saturn_sign_virgo,2,4,-0.8092243115038016,-0.7692243115038015,-0.2665916209417812,0.11022358777409344,0.15022358777409345,0.5426640166722183,0.39244042889812486,-0.3116804399376888,-0.2716804399376888,0.4836076473614536,0.7552880872991424,,,validation
~mars_sign_leo & ~saturn_sign_gemini,2,5,-0.05840065122483391,-0.00840065122483391,0.4942320393371865,0.10987676880378881,0.15987676880378882,0.5523171977019137,0.39244042889812486,-0.08587158790689715,-0.03587158790689715,0.7194164993922453,0.7552880872991424,,,validation
asp_jupiter_saturn_square & ~venus_sign_scorpio,2,4,-0.492682766507963,-0.452682766507963,0.049949924054057425,0.10976382331224319,0.1497638233122432,0.542204252210368,0.39244042889812486,-0.5707990744873316,-0.5307990744873315,0.22448901281181088,0.7552880872991424,,,validation
mars_sign_virgo,1,1,-0.5670044867380319,-0.5570044867380319,-0.05437179617601148,0.10931491418921453,0.11931491418921453,0.5117553430873394,0.39244042889812486,-0.27143508975893915,-0.26143508975893914,0.4938529975402033,0.7552880872991424,,,validation
mercury_sign_taurus,1,1,-0.38441384538916246,-0.37441384538916245,0.12821884517285798,0.10915633052761005,0.11915633052761004,0.5115967594257349,0.39244042889812486,-0.9446036638330106,-0.9346036638330106,-0.17931557653386823,0.7552880872991424,,,validation
~asp_jupiter_sun_sextile & ~jupiter_sign_cancer,2,5,-0.15466057677562628,-0.10466057677562629,0.39797211378639413,0.10878399781446922,0.15878399781446922,0.5512244267125941,0.39244042889812486,-0.17797267611559525,-0.12797267611559526,0.6273154111835472,0.7552880872991424,,,validation
~asp_jupiter_sun_sextile & ~saturn_sign_gemini,2,5,-0.14213148337991044,-0.09213148337991045,0.41050120718211,0.10851669291679354,0.15851669291679354,0.5509571218149184,0.39244042889812486,-0.052911828506090955,-0.002911828506090952,0.7523762587930515,0.7552880872991424,,,validation
~asp_jupiter_saturn_trine & ~sun_sign_capricorn,2,5,-0.1081477734428647,-0.0581477734428647,0.4444849171191557,0.10846609739327627,0.15846609739327627,0.5509065262914011,0.39244042889812486,-0.18363339158445308,-0.1336333915844531,0.6216546957146893,0.7552880872991424,,,validation
~asp_jupiter_venus_square & ~jupiter_sign_cancer,2,5,-0.14973392518181272,-0.09973392518181273,0.4028987653802077,0.10845159495529387,0.15845159495529387,0.5508920238534187,0.39244042889812486,-0.142371365399184,-0.092371365399184,0.6629167218999584,0.7552880872991424,,,validation
~mars_sign_scorpio & ~sun_sign_virgo,2,5,-0.04523781591382177,0.004762184086178234,0.5073948746481987,0.1081693947783172,0.1581693947783172,0.5506098236764421,0.39244042889812486,-0.1473400001791067,-0.09734000017910671,0.6579480871200357,0.7552880872991424,,,validation
~jupiter_sign_cancer & ~sun_sign_virgo,2,5,-0.06463149882998077,-0.014631498829980771,0.48800119173203965,0.10816188984516016,0.15816188984516016,0.550602318743285,0.39244042889812486,-0.1780443639233758,-0.12804436392337581,0.6272437233757666,0.7552880872991424,,,validation
~asp_mars_venus_sextile & ~mercury_sign_aquarius,2,5,-0.2454346291685336,-0.1954346291685336,0.3071980613934868,0.10814028529060059,0.1581402852906006,0.5505807141887255,0.39244042889812486,0.014703048552484985,0.06470304855248499,0.8199911358516274,0.7552880872991424,,,validation
~asp_jupiter_mars_conj & ~mercury_sign_aquarius,2,5,-0.23002860320200907,-0.18002860320200909,0.32260408736001134,0.1080655173861672,0.1580655173861672,0.5505059462842921,0.39244042889812486,-4.028249214423074e-05,0.04995971750785577,0.8052478048069982,0.7552880872991424,,,validation
~mercury_sign_libra & ~sun_sign_libra,2,5,0.00436768690461635,0.05436768690461635,0.5570003774666368,0.10769339747760441,0.1576933974776044,0.5501338263757293,0.39244042889812486,-0.14867551638248727,-0.09867551638248728,0.6566125709166551,0.7552880872991424,,,validation
~asp_jupiter_mars_conj & ~jupiter_sign_cancer,2,5,-0.07319898982488028,-0.02319898982488028,0.47943370073714014,0.10762164995273114,0.15762164995273115,0.550062078850856,0.39244042889812486,-0.27522566238205987,-0.22522566238205988,0.5300624249170826,0.7552880872991424,,,validation
venus_retro,1,1,-0.6816272006983823,-0.6716272006983823,-0.1689945101363619,0.1072635041665629,0.11726350416656289,0.5097039330646878,0.39244042889812486,-0.978398601191282,-0.968398601191282,-0.21311051389213956,0.7552880872991424,,,validation
~asp_jupiter_sun_opp & ~saturn_sign_gemini,2,5,0.013469564524834651,0.06346956452483465,0.5661022550868551,0.10679310568582788,0.15679310568582788,0.5492335345839527,0.39244042889812486,-0.07892677799697163,-0.02892677799697163,0.7263613093021708,0.7552880872991424,,,validation
asp_jupiter_saturn_square & ~asp_jupiter_sun_sextile,2,4,-0.44455140367404117,-0.4045514036740412,0.09808128688797924,0.10622143644759727,0.14622143644759727,0.5386618653457221,0.39244042889812486,-0.6166958715935453,-0.5766958715935453,0.17859221570559708,0.7552880872991424,,,validation
~asp_jupiter_mars_conj & ~saturn_sign_gemini,2,5,-0.049961474630480354,3.852536951964858e-05,0.5026712159315401,0.1060983650893612,0.1560983650893612,0.5485387939874861,0.39244042889812486,-0.13321447868997655,-0.08321447868997656,0.6720736086091659,0.7552880872991424,,,validation
~asp_jupiter_sun_square & jupiter_sign_sagittarius,2,4,-0.2032053840886083,-0.1632053840886083,0.3394273064734121,0.10603115607717659,0.1460311560771766,0.5384715849753015,0.39244042889812486,-0.6635009720302054,-0.6235009720302054,0.1317871152689371,0.7552880872991424,,,validation
~mercury_sign_cancer & venus_retro,2,4,-0.7828954151456856,-0.7428954151456856,-0.24026272458366515,0.10583344875056763,0.14583344875056764,0.5382738776486925,0.39244042889812486,-1.024727516491053,-0.984727516491053,-0.22943942919191046,0.7552880872991424,,,validation
~asp_jupiter_venus_trine & venus_retro,2,4,-0.7559588701627843,-0.7159588701627843,-0.2133261796007638,0.10544524635172656,0.14544524635172656,0.5378856752498514,0.39244042889812486,-1.008398601191282,-0.968398601191282,-0.21311051389213956,0.7552880872991424,,,validation
jupiter_sign_sagittarius,1,1,-0.11705097273855296,-0.10705097273855296,0.39558171782346746,0.10543493150010559,0.11543493150010559,0.5078753603982304,0.39244042889812486,-0.5820589687392201,-0.5720589687392201,0.1832291185599223,0.7552880872991424,,,validation
~asp_jupiter_mars_conj & ~mercury_retro,2,5,-0.29371469900222075,-0.24371469900222076,0.25891799155979967,0.10543344962574784,0.15543344962574784,0.5478738785238727,0.39244042889812486,-0.07818095253702557,-0.028180952537025572,0.7271071347621169,0.7552880872991424,,,validation
~saturn_sign_virgo & ~sun_sign_libra,2,5,-0.028523563238599572,0.02147643676140043,0.5241091273234209,0.10531881088288629,0.1553188108828863,0.5477592397810112,0.39244042889812486,-0.10385202895704189,-0.053852028957041886,0.7014360583421005,0.7552880872991424,,,validation
~asp_jupiter_venus_square & ~saturn_sign_gemini,2,5,-0.1499928982138395,-0.0999928982138395,0.4026397923481809,0.10522893857901715,0.15522893857901715,0.547669367477142,0.39244042889812486,0.0061386907413863295,0.05613869074138633,0.8114267780405288,0.7552880872991424,,,validation
~asp_mars_venus_conj & ~jupiter_sign_capricorn,2,5,-0.08612397321375533,-0.03612397321375532,0.4665087173482651,0.10515199657409889,0.1551519965740989,0.5475924254722238,0.39244042889812486,-0.06254199003980727,-0.012541990039807271,0.7427460972593352,0.7552880872991424,,,validation
~jupiter_sign_cancer,1,2,-0.03858563498680999,-0.018585634986809985,0.48404705557521044,0.10480289687508855,0.12480289687508855,0.5172433257732134,0.39244042889812486,-0.15890272608076558,-0.1389027260807656,0.6163853612183768,0.7552880872991424,,,validation
~mars_sign_sagittarius & ~sun_sign_cancer,2,5,-0.2012606258955088,-0.15126062589550882,0.3513720646665116,0.10466300796416493,0.15466300796416493,0.5471034368622898,0.39244042889812486,-0.1945713913154425,-0.1445713913154425,0.6107166959836999,0.7552880872991424,,,validation
~asp_saturn_sun_trine & ~mercury_retro,2,5,-0.30905308109292356,-0.2590530810929236,0.24357960946909682,0.10453679765543121,0.1545367976554312,0.5469772265535561,0.39244042889812486,-0.03137489562790648,0.018625104372093526,0.773913191671236,0.7552880872991424,,,validation
~jupiter_ingress_1d & ~jupiter_sign_capricorn,2,5,-0.10741380532281543,-0.057413805322815425,0.445218885239205,0.10439224112558597,0.15439224112558597,0.5468326700237108,0.39244042889812486,-0.04410204330677288,0.005897956693227124,0.7611860439923696,0.7552880872991424,,,validation
~mercury_retro & ~venus_sign_sagittarius,2,5,-0.3425039510895282,-0.2925039510895282,0.21012873947249225,0.10439212632816551,0.1543921263281655,0.5468325552262904,0.39244042889812486,-0.12120613875796944,-0.07120613875796944,0.684081948541173,0.7552880872991424,,,validation
~asp_saturn_venus_sextile & ~jupiter_sign_cancer,2,5,-0.12439014244248177,-0.07439014244248177,0.42824254811953866,0.10425395684486959,0.1542539568448696,0.5466943857429944,0.39244042889812486,-0.223427051560864,-0.17342705156086402,0.5818610357382784,0.7552880872991424,,,validation
~asp_saturn_sun_trine & jupiter_sign_sagittarius,2,4,-0.18570052604926926,-0.14570052604926925,0.35693216451275117,0.10414641255981424,0.14414641255981425,0.5365868414579391,0.39244042889812486,-0.6130953745649704,-0.5730953745649704,0.18219271273417206,0.7552880872991424,,,validation
~mercury_sign_aquarius & ~mercury_sign_cancer,2,5,-0.29662755695831977,-0.24662755695831978,0.25600513360370064,0.10414323670753654,0.15414323670753655,0.5465836656056614,0.39244042889812486,-0.01855066830041592,0.03144933169958408,0.7867374189987265,0.7552880872991424,,,validation
~jupiter_sign_capricorn & ~mars_sign_leo,2,5,-0.1079402403583344,-0.057940240358334394,0.44469245020368603,0.10406405378030557,0.15406405378030558,0.5465044826784304,0.39244042889812486,-0.06596438586882598,-0.01596438586882598,0.7393237014303164,0.7552880872991424,,,validation
~mars_sign_sagittarius & ~mercury_sign_cancer,2,5,-0.2526083146870573,-0.2026083146870573,0.3000243758749631,0.10361767488908778,0.15361767488908779,0.5460581037872126,0.39244042889812486,-0.13433242588961097,-0.08433242588961098,0.6709556614095314,0.7552880872991424,,,validation
~asp_jupiter_venus_square & jupiter_sign_sagittarius,2,4,-0.1275275236490153,-0.08752752364901528,0.41510516691300514,0.10327029152717734,0.14327029152717735,0.5357107204253022,0.39244042889812486,-0.6547137581497593,-0.6147137581497593,0.14057432914938317,0.7552880872991424,,,validation
~mars_sign_sagittarius,1,2,-0.1532988113316017,-0.1332988113316017,0.3693338792304187,0.10326957390348297,0.12326957390348298,0.5157100028016078,0.39244042889812486,-0.0022277096367530995,0.0177722903632469,0.7730603776623893,0.7552880872991424,,,validation
~asp_jupiter_venus_trine & ~sun_sign_virgo,2,5,-0.07889790976525181,-0.028897909765251806,0.4737347807967686,0.103052702658996,0.153052702658996,0.5454931315571209,0.39244042889812486,-0.07985807415185316,-0.029858074151853153,0.7254300131472893,0.7552880872991424,,,validation
~asp_saturn_sun_sextile & venus_retro,2,4,-0.6696253103993288,-0.6296253103993288,-0.12699261983730842,0.10301580696428356,0.14301580696428356,0.5354562358624084,0.39244042889812486,-1.0237799178974736,-0.9837799178974737,-0.22849183059833122,0.7552880872991424,,,validation
~saturn_ingress_1d & ~saturn_sign_gemini,2,5,-0.06109397379071492,-0.011093973790714917,0.4915387167713055,0.1029563607800099,0.1529563607800099,0.5453967896781348,0.39244042889812486,-0.08999083768889278,-0.03999083768889278,0.7152972496102497,0.7552880872991424,,,validation
~mercury_sign_aquarius & ~venus_sign_cancer,2,5,-0.219329000876343,-0.169329000876343,0.3333036896856774,0.10291560027482859,0.1529156002748286,0.5453560291729534,0.39244042889812486,0.005534352037377885,0.05553435203737789,0.8108224393365203,0.7552880872991424,,,validation
mars_sign_virgo & ~saturn_ingress_1d,2,4,-0.6065899863155033,-0.5665899863155033,-0.06395729575348283,0.10285898374430588,0.1428589837443059,0.5352994126424307,0.39244042889812486,-0.34119254481683964,-0.30119254481683966,0.45409554248230277,0.7552880872991424,,,validation
~asp_jupiter_sun_opp & ~mercury_sign_aquarius,2,5,-0.1593365132619619,-0.10933651326196192,0.3932961773000585,0.10284961224277277,0.15284961224277277,0.5452900411408976,0.39244042889812486,0.0562799499449959,0.1062799499449959,0.8615680372441383,0.7552880872991424,,,validation
~mercury_sign_aquarius,1,2,-0.19557746207459933,-0.17557746207459934,0.3270552284874211,0.10223982058841315,0.12223982058841315,0.514680249486538,0.39244042889812486,0.11389901391159131,0.1338990139115913,0.8891871012107337,0.7552880872991424,,,validation
~jupiter_sign_cancer & ~mercury_sign_gemini,2,5,-0.07050609602492909,-0.020506096024929088,0.48212659453709134,0.10166515560644994,0.15166515560644994,0.5441055845045748,0.39244042889812486,-0.22091696551726286,-0.17091696551726288,0.5843711217818796,0.7552880872991424,,,validation
~saturn_sign_gemini & ~venus_sign_scorpio,2,5,-0.03481841600313991,0.015181583996860093,0.5178142745588805,0.10161655502399712,0.15161655502399712,0.544056983922122,0.39244042889812486,-0.1494227856857086,-0.09942278568570861,0.6558653016134338,0.7552880872991424,,,validation
~asp_jupiter_saturn_trine & ~asp_saturn_sun_sextile,2,5,-0.029573048880620026,0.020426951119379977,0.5230596416814004,0.10159862014849362,0.15159862014849362,0.5440390490466185,0.39244042889812486,-0.04087180198531677,0.009128198014683231,0.7644162853138257,0.7552880872991424,,,validation
~asp_saturn_venus_sextile & ~saturn_sign_gemini,2,5,-0.11376594371343242,-0.06376594371343242,0.438866746848588,0.1013735301872236,0.1513735301872236,0.5438139590853485,0.39244042889812486,-0.09110907569662059,-0.04110907569662059,0.7141790116025218,0.7552880872991424,,,validation
jupiter_sign_sagittarius & ~venus_sign_scorpio,2,4,-0.0896076447752844,-0.0496076447752844,0.453025045786736,0.1012212590241772,0.1412212590241772,0.5336616879223021,0.39244042889812486,-0.5068178694744991,-0.4668178694744991,0.2884702178246433,0.7552880872991424,,,validation
~saturn_sign_gemini,1,2,-0.022430433625781326,-0.0024304336257813253,0.5002022569362391,0.101050787674646,0.121050787674646,0.5134912165727709,0.39244042889812486,-0.02,0.0,0.7552880872991424,0.7552880872991424,,,validation
~mercury_retro & ~saturn_sign_gemini,2,5,-0.2003941394637444,-0.15039413946374441,0.352238551098276,0.10083310299438385,0.15083310299438385,0.5432735318925087,0.39244042889812486,-0.03263654153613545,0.017363458463864556,0.772651545763007,0.7552880872991424,,,validation
~asp_jupiter_saturn_trine & ~asp_jupiter_sun_square,2,5,-0.08036449850938106,-0.030364498509381055,0.47226819205263937,0.10030314987104659,0.1503031498710466,0.5427435787691715,0.39244042889812486,-0.14052061496607243,-0.09052061496607244,0.66476747233307,0.7552880872991424,,,validation
~asp_jupiter_mars_conj & mars_sign_virgo,2,4,-0.5491197008309995,-0.5091197008309994,-0.006487010268979004,0.10026165620267566,0.14026165620267567,0.5327020851008005,0.39244042889812486,-0.33466051652898815,-0.29466051652898817,0.46062757077015426,0.7552880872991424,,,validation
~mars_sign_sagittarius & venus_retro,2,4,-0.5844907596724244,-0.5444907596724243,-0.04185806911040395,0.09991063392286467,0.13991063392286468,0.5323510628209895,0.39244042889812486,-0.9613774885098031,-0.921377488509803,-0.1660894012106606,0.7552880872991424,,,validation
~asp_jupiter_sun_opp & ~mars_sign_sagittarius,2,5,-0.10372792117459802,-0.053727921174598015,0.4489047693874224,0.09973918782236933,0.14973918782236934,0.5421796167204942,0.39244042889812486,-0.05756900986012299,-0.007569009860122988,0.7477190774390194,0.7552880872991424,,,validation
~jupiter_sign_capricorn,1,2,-0.05879251936761591,-0.03879251936761591,0.4638401711944045,0.09874400544922675,0.11874400544922675,0.5111844343473516,0.39244042889812486,-0.0042357819331108985,0.015764218066889102,0.7710523053660315,0.7552880872991424,,,validation
~jupiter_sign_cancer & ~saturn_ingress_1d,2,5,-0.0646928696281633,-0.014692869628163296,0.4879398209338571,0.0983968493312468,0.1483968493312468,0.5408372782293717,0.39244042889812486,-0.22843587609792554,-0.17843587609792555,0.5768522112012169,0.7552880872991424,,,validation
~mars_sign_cancer & ~mercury_retro,2,5,-0.2993016405511249,-0.24930164055112491,0.2533310500108955,0.09792460544327274,0.14792460544327274,0.5403650343413976,0.39244042889812486,-0.023355641251268724,0.02664435874873128,0.7819324460478737,0.7552880872991424,,,validation
~jupiter_sign_cancer & ~sun_sign_capricorn,2,5,-0.18099638539493068,-0.1309963853949307,0.37163630516708973,0.09764769780652481,0.1476476978065248,0.5400881267046497,0.39244042889812486,-0.285808483649945,-0.235808483649945,0.5194796036491974,0.7552880872991424,,,validation
~jupiter_ingress_1d & jupiter_sign_sagittarius,2,4,-0.12134043977998313,-0.08134043977998312,0.4212922507820373,0.09750186650891299,0.137501866508913,0.5299422954070379,0.39244042889812486,-0.5684325885242402,-0.5284325885242401,0.22685549877490227,0.7552880872991424,,,validation
~jupiter_ingress_1d & ~mars_sign_sagittarius,2,5,-0.2043426131705574,-0.15434261317055742,0.348290077391463,0.09730431101907554,0.14730431101907554,0.5397447399172004,0.39244042889812486,-0.04711712803875896,0.0028828719612410403,0.7581709592603835,0.7552880872991424,,,validation
~jupiter_sign_gemini & ~mercury_retro,2,5,-0.3022281538827205,-0.2522281538827205,0.2504045366792999,0.09714529246913593,0.14714529246913594,0.5395857213672608,0.39244042889812486,-0.11954582218300631,-0.06954582218300631,0.6857422651161361,0.7552880872991424,,,validation
~mars_sign_sagittarius & ~sun_sign_capricorn,2,5,-0.26514066040061623,-0.21514066040061625,0.2874920301614042,0.0970136979719357,0.1470136979719357,0.5394541268700606,0.39244042889812486,-0.13589383716020847,-0.08589383716020849,0.6693942501389339,0.7552880872991424,,,validation
~asp_jupiter_sun_square & ~mercury_station,2,5,-0.31016535299712295,-0.26016535299712296,0.24246733756489747,0.09689558741002034,0.14689558741002035,0.5393360163081452,0.39244042889812486,-0.03456028659655448,0.01543971340344552,0.770727800702588,0.7552880872991424,,,validation
~asp_jupiter_sun_square & ~sun_sign_virgo,2,5,-0.09143919849039718,-0.04143919849039718,0.46119349207162325,0.09632420021558195,0.14632420021558196,0.5387646291137068,0.39244042889812486,-0.0836717757331333,-0.03367177573313329,0.7216163115660091,0.7552880872991424,,,validation
~jupiter_sign_capricorn & ~mercury_sign_gemini,2,5,-0.08766115689931732,-0.037661156899317316,0.4649715336627031,0.09627363452746084,0.14627363452746084,0.5387140634255857,0.39244042889812486,-0.0685080706771218,-0.01850807067712179,0.7367800166220206,0.7552880872991424,,,validation
~asp_saturn_sun_trine & mars_sign_virgo,2,4,-0.6310589624296223,-0.5910589624296223,-0.08842627186760185,0.09608799532208165,0.13608799532208166,0.5285284242202065,0.39244042889812486,-0.3805399162591886,-0.3405399162591886,0.4147481710399538,0.7552880872991424,,,validation
~asp_mars_venus_sextile & venus_retro,2,4,-0.7116272006983824,-0.6716272006983823,-0.1689945101363619,0.09608284070748582,0.13608284070748583,0.5285232696056107,0.39244042889812486,-1.0175338809571381,-0.9775338809571381,-0.22224579365799574,0.7552880872991424,,,validation
mercury_sign_taurus & ~venus_sign_cancer,2,4,-0.5896751908030086,-0.5496751908030085,-0.047042500240988154,0.09598652429043272,0.13598652429043273,0.5284269531885576,0.39244042889812486,-1.0638438772179986,-1.0238438772179985,-0.268555789918856,0.7552880872991424,,,validation
~mercury_sign_aquarius & ~saturn_ingress_1d,2,5,-0.21996172694974325,-0.16996172694974326,0.33267096361227716,0.09586260900302655,0.14586260900302656,0.5383030379011514,0.39244042889812486,0.04316742840167169,0.09316742840167169,0.8484555157008141,0.7552880872991424,,,validation
~jupiter_sign_cancer & ~mars_sign_leo,2,5,-0.058190411701742564,-0.008190411701742562,0.49444227886027786,0.09580237672217438,0.1458023767221744,0.5382428056202992,0.39244042889812486,-0.2222712228014146,-0.1722712228014146,0.5830168644977278,0.7552880872991424,,,validation
asp_jupiter_saturn_square & ~asp_jupiter_venus_conj,2,4,-0.4081832383104805,-0.3681832383104805,0.13444945225153992,0.09515265506681456,0.13515265506681456,0.5275930839649394,0.39244042889812486,-0.5676630323225762,-0.5276630323225762,0.22762505497656632,0.7552880872991424,,,validation
~asp_saturn_sun_trine & venus_retro,2,4,-0.729355077521626,-0.689355077521626,-0.18672238695960555,0.09500778296189324,0.13500778296189325,0.5274482118600181,0.39244042889812486,-1.06787256224397,-1.02787256224397,-0.2725844749448276,0.7552880872991424,,,validation
~asp_jupiter_venus_trine & ~mercury_retro,2,5,-0.3755657483234682,-0.3255657483234682,0.17706694223855227,0.09474326152622857,0.14474326152622857,0.5371836904243534,0.39244042889812486,-0.017809226208420917,0.032190773791579086,0.7874788610907215,0.7552880872991424,,,validation
~saturn_ingress_1d & venus_retro,2,4,-0.6911096078032819,-0.6511096078032819,-0.14847691724126147,0.0946952890054292,0.1346952890054292,0.5271357179035541,0.39244042889812486,-1.008398601191282,-0.968398601191282,-0.21311051389213956,0.7552880872991424,,,validation
~mercury_sign_libra & ~venus_sign_scorpio,2,5,-0.05631333134900414,-0.0063133313490041365,0.4963193592130163,0.09453169439620411,0.1445316943962041,0.536972123294329,0.39244042889812486,-0.22228086054989743,-0.17228086054989744,0.583007226749245,0.7552880872991424,,,validation
~asp_jupiter_sun_sextile & ~jupiter_sign_capricorn,2,5,-0.16676262687409532,-0.11676262687409533,0.3858700636879251,0.09451569642479417,0.14451569642479417,0.536956125322919,0.39244042889812486,-0.11280450922919423,-0.06280450922919423,0.6924835780699482,0.7552880872991424,,,validation
~asp_saturn_venus_sextile & ~mercury_sign_libra,2,5,-0.1682544138442036,-0.1182544138442036,0.3843782767178168,0.09442562035723222,0.14442562035723222,0.5368660492553571,0.39244042889812486,-0.1675911691766812,-0.11759116917668122,0.6376969181224612,0.7552880872991424,,,validation
~asp_saturn_sun_sextile & ~mercury_sign_aquarius,2,5,-0.211554462621532,-0.161554462621532,0.3410782279404884,0.09349277632222429,0.1434927763222243,0.5359332052203492,0.39244042889812486,0.17063638402381837,0.22063638402381835,0.9759244713229608,0.7552880872991424,,,validation
~asp_jupiter_venus_conj & ~jupiter_sign_cancer,2,5,-0.0696765350445911,-0.019676535044591104,0.4829561555174293,0.09339461157446559,0.1433946115744656,0.5358350404725905,0.39244042889812486,-0.2213285871036254,-0.17132858710362542,0.583959500195517,0.7552880872991424,,,validation
~mars_sign_sagittarius & ~venus_sign_cancer,2,5,-0.17572779517276627,-0.12572779517276628,0.37690489538925415,0.09297084251123865,0.14297084251123865,0.5354112714093635,0.39244042889812486,-0.111106095603089,-0.061106095603088995,0.6941819916960534,0.7552880872991424,,,validation
~asp_saturn_sun_sextile & ~saturn_sign_gemini,2,5,-0.05839978943238956,-0.00839978943238956,0.49423290112963086,0.09284637346697809,0.1428463734669781,0.535286802365103,0.39244042889812486,0.005264631676549822,0.055264631676549825,0.8105527189756923,0.7552880872991424,,,validation
~mars_sign_leo & ~mercury_retro,2,5,-0.29798393437850346,-0.24798393437850347,0.25464875618351696,0.09264859115256595,0.14264859115256595,0.5350890200506908,0.39244042889812486,-0.08409115784721118,-0.03409115784721117,0.7211969294519313,0.7552880872991424,,,validation
~asp_mars_venus_sextile & ~sun_sign_virgo,2,5,-0.054846821597508935,-0.004846821597508932,0.4977858689645115,0.09262140016163921,0.1426214001616392,0.5350618290597641,0.39244042889812486,-0.10706528723083049,-0.057065287230830486,0.6982228000683119,0.7552880872991424,,,validation
mars_sign_virgo & ~mercury_sign_cancer,2,4,-0.6403763616510931,-0.6003763616510931,-0.09774367108907261,0.09260134240769943,0.13260134240769944,0.5250417713058243,0.39244042889812486,-0.33832659996029674,-0.29832659996029676,0.4569614873388457,0.7552880872991424,,,validation
~sun_sign_virgo & ~venus_sign_sagittarius,2,5,-0.0930322903334362,-0.043032290333436196,0.4596004002285842,0.09249795570947882,0.14249795570947882,0.5349383846076037,0.39244042889812486,-0.14920349886407808,-0.09920349886407809,0.6560845884350643,0.7552880872991424,,,validation
~mars_sign_cancer & ~sun_sign_virgo,2,5,-0.08611642555959621,-0.03611642555959621,0.4665162650024242,0.09196511482141066,0.14196511482141067,0.5344055437195355,0.39244042889812486,0.02583650826973631,0.07583650826973631,0.8311245955688787,0.7552880872991424,,,validation
~jupiter_ingress_1d & ~mercury_sign_aquarius,2,5,-0.24162682022497695,-0.19162682022497696,0.31100587033704347,0.09185720999069046,0.14185720999069046,0.5342976388888153,0.39244042889812486,0.07257518750280127,0.12257518750280127,0.8778632748019437,0.7552880872991424,,,validation
~saturn_sign_gemini & ~sun_sign_capricorn,2,5,-0.13827963435793406,-0.08827963435793407,0.41435305620408636,0.09180474953135119,0.1418047495313512,0.534245178429476,0.39244042889812486,-0.1411078365472443,-0.0911078365472443,0.6641802507518981,0.7552880872991424,,,validation
~asp_jupiter_sun_square & ~asp_jupiter_venus_trine,2,5,-0.14598877174623354,-0.09598877174623355,0.4066439188157869,0.09172078515756475,0.14172078515756475,0.5341612140556896,0.39244042889812486,-0.11393162830701405,-0.06393162830701404,0.6913564589921284,0.7552880872991424,,,validation
~jupiter_sign_capricorn & ~sun_sign_capricorn,2,5,-0.16850921463386764,-0.11850921463386765,0.38412347592815277,0.09132792216270634,0.14132792216270634,0.5337683510608312,0.39244042889812486,-0.12245571570791243,-0.07245571570791243,0.68283237159123,0.7552880872991424,,,validation
~asp_jupiter_venus_conj & ~saturn_sign_gemini,2,5,-0.046620363062051376,0.003379636937948627,0.506012327499969,0.09123326407165509,0.1412332640716551,0.53367369296978,0.39244042889812486,-0.09290703442915456,-0.042907034429154556,0.7123810528699879,0.7552880872991424,,,validation
~mars_sign_taurus & venus_retro,2,4,-0.6677582645513884,-0.6277582645513884,-0.1251255739893679,0.09120171375933026,0.13120171375933026,0.5236421426574551,0.39244042889812486,-0.9990938694785474,-0.9590938694785474,-0.2038057821794049,0.7552880872991424,,,validation
~mercury_retro & ~sun_sign_cancer,2,5,-0.2969754165454859,-0.24697541654548594,0.2556572740165345,0.09104008092195569,0.1410400809219557,0.5334805098200806,0.39244042889812486,-0.17451834343980194,-0.12451834343980195,0.6307697438593405,0.7552880872991424,,,validation
~asp_saturn_venus_sextile & ~jupiter_sign_gemini,2,5,-0.15890386572386112,-0.10890386572386113,0.3937288248381593,0.09052766178637127,0.14052766178637127,0.5329680906844961,0.39244042889812486,-0.16417122314516747,-0.11417122314516748,0.641116864153975,0.7552880872991424,,,validation
~asp_jupiter_sun_opp & ~mercury_retro,2,5,-0.1733391689097747,-0.1233391689097747,0.3792935216522457,0.09017300957652473,0.14017300957652473,0.5326134384746496,0.39244042889812486,-0.06600697232451853,-0.01600697232451853,0.7392811149746239,0.7552880872991424,,,validation
~asp_mars_venus_conj & ~mercury_sign_gemini,2,5,-0.05369772161225052,-0.003697721612250515,0.4989349689497699,0.08939178444807715,0.13939178444807715,0.531832213346202,0.39244042889812486,-0.1256580866798403,-0.07565808667984031,0.6796300006193021,0.7552880872991424,,,validation
~mercury_sign_gemini & ~sun_sign_virgo,2,5,-0.025788182112795835,0.024211817887204168,0.5268445084492246,0.08892792802696046,0.13892792802696047,0.5313683569250853,0.39244042889812486,-0.11130751719333327,-0.06130751719333327,0.6939805701058092,0.7552880872991424,,,validation
~mars_sign_sagittarius & ~saturn_ingress_1d,2,5,-0.18091474325495605,-0.13091474325495606,0.37171794730706437,0.08852761961086074,0.13852761961086074,0.5309680485089856,0.39244042889812486,-0.07580214489722777,-0.025802144897227763,0.7294859424019147,0.7552880872991424,,,validation
~jupiter_ingress_1d & ~jupiter_sign_cancer,2,5,-0.08717083084952322,-0.03717083084952322,0.4654618597124972,0.08843526993527616,0.13843526993527616,0.530875698833401,0.39244042889812486,-0.19277486345492406,-0.14277486345492407,0.6125132238442184,0.7552880872991424,,,validation
~jupiter_sign_capricorn & ~saturn_ingress_1d,2,5,-0.08749276777658822,-0.03749276777658822,0.4651399227854322,0.08830265424238624,0.13830265424238625,0.5307430831405111,0.39244042889812486,-0.050709950010844176,-0.0007099500108441736,0.7545781372882983,0.7552880872991424,,,validation
~asp_jupiter_venus_conj & ~mercury_retro,2,5,-0.283504615296071,-0.23350461529607103,0.2691280752659494,0.08815664755711992,0.13815664755711993,0.5305970764552448,0.39244042889812486,-0.06697493495889935,-0.016974934958899346,0.7383131523402431,0.7552880872991424,,,validation
~asp_jupiter_saturn_trine & ~asp_saturn_venus_sextile,2,5,-0.09479083198035322,-0.04479083198035322,0.4578418585816672,0.08775689931730511,0.13775689931730511,0.53019732821543,0.39244042889812486,-0.13622848646142288,-0.08622848646142289,0.6690596008377195,0.7552880872991424,,,validation
~jupiter_sign_gemini & venus_retro,2,4,-0.7135990201175167,-0.6735990201175167,-0.1709663295554963,0.08764660306953373,0.12764660306953374,0.5200870319676586,0.39244042889812486,-0.9921861199777968,-0.9521861199777968,-0.1968980326786544,0.7552880872991424,,,validation
~jupiter_sign_capricorn & ~venus_sign_sagittarius,2,5,-0.14209869214837356,-0.09209869214837357,0.41053399841364685,0.08740839106930008,0.13740839106930008,0.5298488199674249,0.39244042889812486,-0.13490637060262883,-0.08490637060262884,0.6703817166965136,0.7552880872991424,,,validation
~mars_sign_taurus & ~sun_sign_virgo,2,5,-0.03574042795423067,0.014259572045769331,0.5168922626077898,0.08722572280880901,0.13722572280880901,0.5296661517069339,0.39244042889812486,-0.11572633814891005,-0.06572633814891005,0.6895617491502324,0.7552880872991424,,,validation
asp_jupiter_saturn_square & ~mars_sign_sagittarius,2,4,-0.4510643937334973,-0.41106439373349735,0.09156829682852308,0.08721960701648432,0.12721960701648433,0.5196600359146092,0.39244042889812486,-0.6848396720046,-0.6448396720046,0.11044841529454244,0.7552880872991424,,,validation
~jupiter_sign_gemini & ~sun_sign_virgo,2,5,-0.046981394988163075,0.003018605011836928,0.5056512955738574,0.08703059942332723,0.13703059942332724,0.5294710283214521,0.39244042889812486,-0.12192610213917994,-0.07192610213917994,0.6833619851599625,0.7552880872991424,,,validation
~asp_mars_venus_sextile & ~mercury_retro,2,5,-0.3014870838836082,-0.2514870838836082,0.25114560667841224,0.08702161185188549,0.1370216118518855,0.5294620407500104,0.39244042889812486,-0.07142174974767664,-0.021421749747676633,0.7338663375514658,0.7552880872991424,,,validation
~asp_saturn_sun_sextile & ~jupiter_sign_cancer,2,5,-0.08796492806577845,-0.03796492806577845,0.464667762496242,0.0867905167711117,0.1367905167711117,0.5292309456692366,0.39244042889812486,-0.14172838323576492,-0.09172838323576493,0.6635597040633775,0.7552880872991424,,,validation
~jupiter_sign_capricorn & ~mercury_station,2,5,-0.25992022300169215,-0.20992022300169216,0.29271246756032826,0.08650181021333801,0.13650181021333802,0.5289422391114629,0.39244042889812486,-0.028553057366235104,0.0214469426337649,0.7767350299329073,0.7552880872991424,,,validation
mars_sign_pisces & saturn_sign_aries,2,3,-0.5326326905620204,-0.5026326905620204,0.0,0.08645278502374373,0.11645278502374373,0.5088932139218686,0.39244042889812486,-0.7861870933338573,-0.7561870933338573,-0.000899006034714847,0.7552880872991424,,,validation
~jupiter_ingress_1d & mars_sign_virgo,2,4,-0.6239982376096659,-0.5839982376096658,-0.0813655470476454,0.0864069570644592,0.1264069570644592,0.5188473859625841,0.39244042889812486,-0.3257392115101486,-0.28573921151014864,0.4695488757889938,0.7552880872991424,,,validation
~sun_sign_libra & ~sun_sign_virgo,2,5,0.1070422778760212,0.1570422778760212,0.6596749684380416,0.08628726638821436,0.13628726638821437,0.5287276952863392,0.39244042889812486,-0.14059301004638264,-0.09059301004638265,0.6646950772527598,0.7552880872991424,,,validation
~asp_jupiter_venus_conj & ~jupiter_sign_capricorn,2,5,-0.10161304834766856,-0.051613048347668555,0.45101964221435187,0.08592276007020626,0.13592276007020626,0.5283631889683311,0.39244042889812486,-0.0826145769565882,-0.032614576956588204,0.7226735103425542,0.7552880872991424,,,validation
~mercury_sign_aquarius & venus_retro,2,4,-0.6561126412432821,-0.616112641243282,-0.11347995068126158,0.08554314919571035,0.12554314919571036,0.5179835780938352,0.39244042889812486,-0.8671464058469223,-0.8271464058469222,-0.07185831854777977,0.7552880872991424,,,validation
~asp_saturn_sun_sextile & ~mars_sign_sagittarius,2,5,-0.1864550940411106,-0.13645509404111061,0.3661775965209098,0.08548058797521561,0.13548058797521562,0.5279210168733405,0.39244042889812486,0.022610294592908017,0.07261029459290802,0.8278983818920505,0.7552880872991424,,,validation
~asp_jupiter_sun_square & ~jupiter_sign_gemini,2,5,-0.1386350352383176,-0.08863503523831762,0.4139976553237028,0.08524031499734995,0.13524031499734995,0.5276807438954748,0.39244042889812486,-0.17368503489811965,-0.12368503489811966,0.6316030524010228,0.7552880872991424,,,validation
~asp_mars_venus_conj & ~jupiter_sign_gemini,2,5,-0.09341037675121307,-0.043410376751213064,0.45922231381080736,0.08436669653167005,0.13436669653167005,0.5268071254297949,0.39244042889812486,-0.16548948705353567,-0.11548948705353568,0.6397986002456068,0.7552880872991424,,,validation
~mercury_sign_gemini & ~saturn_sign_gemini,2,5,-0.048644001649586446,0.0013559983504135564,0.503988688912434,0.08417202969655067,0.13417202969655068,0.5266124585946755,0.39244042889812486,-0.10366657963133304,-0.05366657963133303,0.7016215076678094,0.7552880872991424,,,validation
~asp_jupiter_sun_opp & ~jupiter_sign_capricorn,2,5,-0.016061873011734187,0.033938126988265815,0.5365708175502862,0.08410074602496807,0.13410074602496808,0.5265411749230929,0.39244042889812486,-0.057158512099598394,-0.007158512099598391,0.748129575199544,0.7552880872991424,,,validation
~jupiter_sign_capricorn & venus_retro,2,4,-0.6824412778603042,-0.6424412778603041,-0.13980858729828372,0.08293255428157306,0.12293255428157307,0.5153729831796979,0.39244042889812486,-1.0906171711413362,-1.0506171711413361,-0.2953290838421937,0.7552880872991424,,,validation
~mars_sign_cancer & mercury_sign_taurus,2,4,-0.4672945761235164,-0.4272945761235164,0.075338114438504,0.0827863338206136,0.1227863338206136,0.5152267627187385,0.39244042889812486,-0.9988221469153007,-0.9588221469153007,-0.20353405961615817,0.7552880872991424,,,validation
~jupiter_sign_capricorn & ~sun_sign_cancer,2,5,-0.11566056718611058,-0.06566056718611057,0.43697212337590985,0.08253935697402424,0.13253935697402425,0.5249797858721491,0.39244042889812486,-0.19438850312869532,-0.14438850312869533,0.6108995841704471,0.7552880872991424,,,validation
~asp_mars_venus_conj & mercury_sign_taurus,2,4,-0.42714647081773616,-0.3871464708177362,0.11548621974428423,0.08243068019032926,0.12243068019032927,0.5148711090884541,0.39244042889812486,-0.9939640155044376,-0.9539640155044375,-0.19867592820529506,0.7552880872991424,,,validation
~asp_jupiter_sun_square & ~asp_mars_venus_conj,2,5,-0.12288976339556724,-0.07288976339556724,0.4297429271664532,0.08171284574497871,0.1317128457449787,0.5241532746431036,0.39244042889812486,-0.12771176292369896,-0.07771176292369897,0.6775763243754435,0.7552880872991424,,,validation
~mercury_retro & ~venus_sign_cancer,2,5,-0.259691566041663,-0.209691566041663,0.2929411245203574,0.08145157429422199,0.131451574294222,0.5238920031923469,0.39244042889812486,-0.1128815482643067,-0.0628815482643067,0.6924065390348357,0.7552880872991424,,,validation
~asp_jupiter_sun_square & ~mars_sign_taurus,2,5,-0.14099794178770125,-0.09099794178770126,0.41163474877431916,0.081294981710322,0.131294981710322,0.5237354106084469,0.39244042889812486,-0.1497101986807085,-0.09971019868070852,0.6555778886184339,0.7552880872991424,,,validation
~asp_jupiter_sun_square & ~mercury_sign_gemini,2,5,-0.08297005558937932,-0.03297005558937932,0.4696626349726411,0.08114229438286157,0.13114229438286157,0.5235827232809864,0.39244042889812486,-0.16560414838141607,-0.11560414838141608,0.6396839389177263,0.7552880872991424,,,validation
~asp_jupiter_sun_sextile & ~mercury_retro,2,5,-0.35487478074411954,-0.30487478074411956,0.1977579098179009,0.08077860967896865,0.13077860967896865,0.5232190385770935,0.39244042889812486,-0.04291742712102582,0.00708257287897418,0.7623706601781166,0.7552880872991424,,,validation
~mercury_retro & ~mercury_sign_cancer,2,5,-0.3558724497166225,-0.30587244971662253,0.19676024084539792,0.08049495962510443,0.13049495962510443,0.5229353885232293,0.39244042889812486,-0.12205130419884298,-0.07205130419884298,0.6832367831002994,0.7552880872991424,,,validation
~asp_jupiter_sun_opp & mercury_sign_taurus,2,4,-0.3288935900787127,-0.28889359007871274,0.21373910048330771,0.08041339856701077,0.12041339856701078,0.5128538274651356,0.39244042889812486,-0.9776026714052575,-0.9376026714052574,-0.18231458410611506,0.7552880872991424,,,validation
asp_jupiter_saturn_square & ~mars_sign_cancer,2,4,-0.41055825083677233,-0.37055825083677235,0.13207443972524807,0.07994988203603468,0.11994988203603468,0.5123903109341595,0.39244042889812486,-0.47159849471036336,-0.4315984947103634,0.32368959258877905,0.7552880872991424,,,validation
~jupiter_sign_gemini & ~mars_sign_scorpio,2,5,-0.12845783764715052,-0.07845783764715053,0.4241748529148699,0.07987007120557597,0.12987007120557598,0.5223105001037008,0.39244042889812486,-0.22679696410683964,-0.17679696410683965,0.5784911231923028,0.7552880872991424,,,validation
~asp_mars_venus_conj & ~asp_mars_venus_sextile,2,5,-0.09100117719483482,-0.041001177194834815,0.4616315133671856,0.07943006002088081,0.1294300600208808,0.5218704889190057,0.39244042889812486,-0.14529361378263322,-0.09529361378263324,0.6599944735165092,0.7552880872991424,,,validation
~asp_jupiter_mars_conj & ~sun_sign_virgo,2,5,-0.042867685780660095,0.007132314219339908,0.5097650047813603,0.07929656914359927,0.12929656914359927,0.5217369980417241,0.39244042889812486,-0.142015000800293,-0.09201500080029301,0.6632730864988494,0.7552880872991424,,,validation
~asp_jupiter_sun_opp & venus_retro,2,4,-0.6793884388185009,-0.6393884388185008,-0.1367557482564804,0.07922969215453055,0.11922969215453055,0.5116701210526554,0.39244042889812486,-1.0165252778898934,-0.9765252778898934,-0.22123719059075092,0.7552880872991424,,,validation
~asp_saturn_venus_sextile & mercury_sign_taurus,2,4,-0.4274326139909917,-0.3874326139909917,0.11520007657102868,0.0790183991728903,0.11901839917289031,0.5114588280710152,0.39244042889812486,-1.047880913486696,-1.007880913486696,-0.2525928261875535,0.7552880872991424,,,validation
~jupiter_sign_cancer & ~venus_sign_cancer,2,5,-0.0820934868404294,-0.0320934868404294,0.470539203721591,0.07897465588378659,0.1289746558837866,0.5214150847819115,0.39244042889812486,-0.25357240258297936,-0.20357240258297937,0.5517156847161631,0.7552880872991424,,,validation
~jupiter_ingress_1d & ~mercury_retro,2,5,-0.29910351206128777,-0.24910351206128778,0.25352917850073264,0.0784368312501512,0.1284368312501512,0.5208772601482761,0.39244042889812486,-0.03685447898234524,0.01314552101765476,0.7684336083167972,0.7552880872991424,,,validation
~asp_jupiter_sun_square & ~asp_mars_venus_sextile,2,5,-0.12370718665041393,-0.07370718665041393,0.4289255039116065,0.07825695934424713,0.12825695934424713,0.520697388242372,0.39244042889812486,-0.16703069865535797,-0.11703069865535798,0.6382573886437845,0.7552880872991424,,,validation
~jupiter_sign_capricorn & ~mercury_sign_cancer,2,5,-0.1563199918255288,-0.10631999182552881,0.3963126987364916,0.07793102699953568,0.12793102699953568,0.5203714558976605,0.39244042889812486,-0.11470838453466665,-0.06470838453466665,0.6905797027644758,0.7552880872991424,,,validation
~jupiter_sign_gemini & ~mars_sign_taurus,2,5,-0.10230375306058877,-0.052303753060588765,0.45032893750143166,0.07788295387148635,0.12788295387148635,0.5203233827696112,0.39244042889812486,-0.16587394486945223,-0.11587394486945224,0.6394141424296902,0.7552880872991424,,,validation
~jupiter_ingress_1d & venus_retro,2,4,-0.6998121829622713,-0.6598121829622713,-0.15717949240025084,0.07786906415125214,0.11786906415125215,0.510309493049377,0.39244042889812486,-0.9820839842298699,-0.9420839842298698,-0.18679589693072743,0.7552880872991424,,,validation
~mars_sign_taurus & ~venus_sign_sagittarius,2,5,-0.1348707701963922,-0.08487077019639222,0.4177619203656282,0.07759415429570136,0.12759415429570137,0.5200345831938262,0.39244042889812486,-0.20033268984756464,-0.15033268984756465,0.6049553974515778,0.7552880872991424,,,validation
~asp_saturn_sun_sextile & mars_sign_aries,2,4,-0.5131429032920077,-0.47314290329200775,0.02948978727001266,0.07753880495366358,0.11753880495366359,0.5099792338517884,0.39244042889812486,-0.2192160986601451,-0.1792160986601451,0.5760719886389973,0.7552880872991424,,,validation
~asp_jupiter_sun_opp & mars_sign_virgo,2,4,-0.5685214629702229,-0.5285214629702228,-0.02588877240820239,0.07735106105906184,0.11735106105906185,0.5097914899571867,0.39244042889812486,-0.3118571893679175,-0.27185718936791753,0.4834308979312249,0.7552880872991424,,,validation
~mars_sign_leo & venus_retro,2,4,-0.7002096503995904,-0.6602096503995903,-0.15757695983756995,0.0772950067047283,0.11729500670472831,0.5097354356028532,0.39244042889812486,-0.9548596946225364,-0.9148596946225364,-0.15957160732339393,0.7552880872991424,,,validation
~asp_mars_venus_sextile & ~venus_sign_sagittarius,2,5,-0.14334954156655044,-0.09334954156655045,0.40928314899546997,0.07696940216115143,0.12696940216115143,0.5194098310592763,0.39244042889812486,-0.21013307218010885,-0.16013307218010886,0.5951550151190336,0.7552880872991424,,,validation
~asp_jupiter_venus_trine & ~asp_mars_venus_conj,2,5,-0.11974605888758884,-0.06974605888758884,0.4328866316744316,0.07687621002850052,0.12687621002850052,0.5193166389266254,0.39244042889812486,-0.08779429700670523,-0.037794297006705224,0.7174937902924372,0.7552880872991424,,,validation
asp_jupiter_saturn_square & ~sun_sign_libra,2,4,-0.4081832383104805,-0.3681832383104805,0.13444945225153992,0.07651434260074272,0.11651434260074273,0.5089547714988676,0.39244042889812486,-0.5707990744873316,-0.5307990744873315,0.22448901281181088,0.7552880872991424,,,validation
~saturn_sign_gemini & ~venus_sign_cancer,2,5,-0.052976621871745025,-0.002976621871745022,0.4996560686902754,0.0760505664442027,0.1260505664442027,0.5184909953423276,0.39244042889812486,-0.12775380117663276,-0.07775380117663278,0.6775342861225097,0.7552880872991424,,,validation
jupiter_sign_sagittarius & ~saturn_ingress_1d,2,4,-0.14003402228128933,-0.10003402228128933,0.4025986682807311,0.07602047693356281,0.11602047693356282,0.5084609058316877,0.39244042889812486,-0.6120589687392202,-0.5720589687392201,0.1832291185599223,0.7552880872991424,,,validation
asp_jupiter_saturn_square & saturn_sign_aries,2,3,-0.5326326905620204,-0.5026326905620204,0.0,0.07566332122746058,0.10566332122746058,0.49810375012558544,0.39244042889812486,-0.404864852277829,-0.37486485227782895,0.3804232350213135,0.7552880872991424,,,validation
~asp_saturn_venus_sextile & mercury_sign_sagittarius,2,4,-0.09163124789392493,-0.051631247893924925,0.4510014426680955,0.07552032748369794,0.11552032748369795,0.5079607563818228,0.39244042889812486,-0.4883780431774054,-0.4483780431774054,0.306910044121737,0.7552880872991424,,,validation
~asp_jupiter_venus_square & ~mercury_retro,2,5,-0.3668844660397799,-0.31688446603977993,0.18574822452224046,0.07518636234660757,0.12518636234660757,0.5176267912447324,0.39244042889812486,-0.04421921479173936,0.0057807852082606415,0.7610688725074031,0.7552880872991424,,,validation
~asp_jupiter_venus_trine & ~jupiter_sign_gemini,2,5,-0.13814711274956282,-0.08814711274956283,0.4144855778124576,0.07486557830788042,0.12486557830788042,0.5173060072060053,0.39244042889812486,-0.14088625082244016,-0.09088625082244017,0.6644018364767023,0.7552880872991424,,,validation
~mercury_retro,1,2,-0.2552139332222213,-0.23521393322222128,0.26741875733979914,0.07473400463701442,0.09473400463701442,0.4871744335351393,0.39244042889812486,-0.0026365415361354443,0.017363458463864556,0.772651545763007,0.7552880872991424,,,validation
~jupiter_ingress_1d & ~saturn_sign_gemini,2,5,-0.07195672112306518,-0.02195672112306518,0.48067596943895524,0.0746948051828241,0.12469480518282411,0.517135234080949,0.39244042889812486,-0.06142497223035555,-0.011424972230355546,0.7438631150687869,0.7552880872991424,,,validation
~asp_mars_venus_sextile & ~jupiter_sign_gemini,2,5,-0.10796074021178549,-0.05796074021178549,0.44467195035023493,0.07449555836565212,0.12449555836565213,0.516935987263777,0.39244042889812486,-0.19486508861738577,-0.14486508861738578,0.6104229986817566,0.7552880872991424,,,validation
~asp_saturn_sun_sextile & jupiter_sign_sagittarius,2,4,-0.18874674511368614,-0.14874674511368613,0.3538859454483343,0.0742759768400015,0.11427597684000151,0.5067164057381264,0.39244042889812486,-0.6485676744160668,-0.6085676744160667,0.14672041288307566,0.7552880872991424,,,validation
mercury_sign_taurus & ~saturn_ingress_1d,2,4,-0.41392110976164653,-0.37392110976164655,0.12871158080037387,0.07427596312646875,0.11427596312646876,0.5067163920245936,0.39244042889812486,-1.0175200265879476,-0.9775200265879476,-0.2222319392888052,0.7552880872991424,,,validation
~asp_jupiter_venus_conj & ~mars_sign_sagittarius,2,5,-0.17827387966961156,-0.12827387966961157,0.37435881089240886,0.07423045118707904,0.12423045118707904,0.5166708800852039,0.39244042889812486,-0.07562568135922738,-0.02562568135922738,0.729662405939915,0.7552880872991424,,,validation
~asp_jupiter_saturn_trine & mercury_sign_taurus,2,4,-0.39836822102377883,-0.35836822102377885,0.14426446953824154,0.07397323807767062,0.11397323807767062,0.5064136669757955,0.39244042889812486,-0.9746036638330107,-0.9346036638330106,-0.17931557653386823,0.7552880872991424,,,validation
~asp_jupiter_mars_conj & ~jupiter_sign_gemini,2,5,-0.09449067585402317,-0.044490675854023165,0.45814201470799726,0.07374097274031786,0.12374097274031787,0.5161814016384427,0.39244042889812486,-0.20427341465482735,-0.15427341465482736,0.6010146726443151,0.7552880872991424,,,validation
mars_sign_virgo & ~sun_sign_cancer,2,4,-0.654217573471333,-0.614217573471333,-0.11158488290931255,0.07351346709693315,0.11351346709693316,0.505953895995058,0.39244042889812486,-0.41535729249880343,-0.37535729249880345,0.379930794800339,0.7552880872991424,,,validation
~asp_jupiter_sun_square & ~asp_saturn_sun_trine,2,5,-0.14892786555542536,-0.09892786555542538,0.40370482500659505,0.0734904266735824,0.1234904266735824,0.5159308555717073,0.39244042889812486,-0.09653421223463572,-0.04653421223463572,0.7087538750645067,0.7552880872991424,,,validation
~jupiter_sign_cancer & ~mars_sign_cancer,2,5,-0.1169791569602865,-0.0669791569602865,0.4356535336017339,0.07325999085983657,0.12325999085983658,0.5157004197579614,0.39244042889812486,-0.14882144010824788,-0.0988214401082479,0.6564666471908945,0.7552880872991424,,,validation
~asp_mars_venus_sextile & ~mars_sign_taurus,2,5,-0.10425437443028836,-0.054254374430288355,0.44837831613173207,0.07301183107213559,0.12301183107213559,0.5154522599702605,0.39244042889812486,-0.15472661949484495,-0.10472661949484496,0.6505614678042975,0.7552880872991424,,,validation
~jupiter_sign_capricorn & ~saturn_sign_virgo,2,5,-0.14675555399552953,-0.09675555399552954,0.4058771365664909,0.07273968746902824,0.12273968746902825,0.5151801163671531,0.39244042889812486,0.014551996474143222,0.06455199647414323,0.8198400837732857,0.7552880872991424,,,validation
~sun_sign_virgo & ~venus_sign_cancer,2,5,-0.018345061935227183,0.03165493806477282,0.5342876286267932,0.07248387052714532,0.12248387052714532,0.5149242994252702,0.39244042889812486,-0.13517132453265107,-0.08517132453265108,0.6701167627664913,0.7552880872991424,,,validation
~jupiter_sign_gemini & ~venus_sign_sagittarius,2,5,-0.1412717612384668,-0.09127176123846681,0.4113609293235536,0.07224676527120076,0.12224676527120076,0.5146871941693256,0.39244042889812486,-0.21522143754525708,-0.1652214375452571,0.5900666497538853,0.7552880872991424,,,validation
~mercury_sign_gemini & venus_retro,2,4,-0.7608133605148453,-0.7208133605148452,-0.21818066995282484,0.0720352174949764,0.11203521749497641,0.5044756463931013,0.39244042889812486,-1.0846314131400505,-1.0446314131400505,-0.28934332584090805,0.7552880872991424,,,validation
~asp_jupiter_sun_opp & jupiter_sign_sagittarius,2,4,-0.10364861213276808,-0.06364861213276807,0.43898407842925236,0.07190853272354056,0.11190853272354057,0.5043489616216654,0.39244042889812486,-0.6178357315846975,-0.5778357315846975,0.17745235571444498,0.7552880872991424,,,validation
jupiter_sign_sagittarius & ~sun_sign_libra,2,4,-0.06932804044304894,-0.02932804044304893,0.4733046501189715,0.07185600395901634,0.11185600395901635,0.5042964328571412,0.39244042889812486,-0.6202476451402132,-0.5802476451402132,0.1750404421589292,0.7552880872991424,,,validation
~jupiter_sign_capricorn & ~venus_sign_cancer,2,5,-0.08015198554765258,-0.030151985547652582,0.47248070501436784,0.07123409700051773,0.12123409700051774,0.5136745258986426,0.39244042889812486,-0.12498207547492042,-0.07498207547492042,0.680306011824222,0.7552880872991424,,,validation
~asp_jupiter_mars_conj & ~asp_jupiter_sun_square,2,5,-0.11049442808255024,-0.06049442808255023,0.4421382624794702,0.07122410467769978,0.12122410467769978,0.5136645335758246,0.39244042889812486,-0.1855388479067684,-0.1355388479067684,0.619749239392374,0.7552880872991424,,,validation
~asp_saturn_sun_sextile & ~mercury_retro,2,5,-0.26163676116733153,-0.21163676116733154,0.2909959293946889,0.07112201263145888,0.12112201263145889,0.5135624415295837,0.39244042889812486,0.01853001686743176,0.06853001686743176,0.8238181041665742,0.7552880872991424,,,validation
~asp_mars_venus_conj & ~venus_sign_sagittarius,2,5,-0.12134493104404372,-0.07134493104404371,0.4312877595179767,0.07090760484079715,0.12090760484079716,0.513348033738922,0.39244042889812486,-0.16858910327350812,-0.11858910327350813,0.6366989840256343,0.7552880872991424,,,validation
~mars_sign_cancer & ~saturn_sign_gemini,2,5,-0.08657643827905111,-0.036576438279051104,0.4660562522829693,0.07045571559033025,0.12045571559033025,0.5128961444884551,0.39244042889812486,0.007141212885297163,0.057141212885297166,0.8124293001844396,0.7552880872991424,,,validation
~asp_jupiter_sun_square & ~mars_sign_leo,2,5,-0.13031968982440645,-0.08031968982440646,0.42231300073761396,0.07022362199836928,0.12022362199836928,0.5126640508964941,0.39244042889812486,-0.12914921778126748,-0.07914921778126749,0.6761388695178749,0.7552880872991424,,,validation
~mercury_retro & ~saturn_ingress_1d,2,5,-0.27821206975821106,-0.22821206975821107,0.27442062080380936,0.07012348888495877,0.12012348888495877,0.5125639177830836,0.39244042889812486,-0.0630150196497405,-0.0130150196497405,0.7422730676494019,0.7552880872991424,,,validation
~asp_jupiter_sun_sextile & mercury_sign_taurus,2,4,-0.4448858696495638,-0.4048858696495638,0.09774682091245664,0.06953423358193409,0.10953423358193409,0.501974662480059,0.39244042889812486,-0.9844076113695597,-0.9444076113695596,-0.18911952407041718,0.7552880872991424,,,validation
~asp_jupiter_mars_conj & venus_retro,2,4,-0.7116272006983824,-0.6716272006983823,-0.1689945101363619,0.0691846900261108,0.10918469002611081,0.5016251189242357,0.39244042889812486,-1.008398601191282,-0.968398601191282,-0.21311051389213956,0.7552880872991424,,,validation
~sun_sign_cancer & ~sun_sign_virgo,2,5,-0.05136950719673146,-0.0013695071967314565,0.501263183365289,0.068953658370967,0.118953658370967,0.5113940872690919,0.39244042889812486,-0.22051449252851302,-0.17051449252851303,0.5847735947706294,0.7552880872991424,,,validation
~mars_sign_leo & ~venus_sign_sagittarius,2,5,-0.12149811122416689,-0.07149811122416688,0.43113457933785354,0.06884290281228243,0.11884290281228244,0.5112833317104073,0.39244042889812486,-0.1463275693248462,-0.09632756932484621,0.6589605179742962,0.7552880872991424,,,validation
~mars_sign_taurus & ~mercury_station,2,5,-0.2561128612052931,-0.2061128612052931,0.2965198293567273,0.06850638805047425,0.11850638805047425,0.5109468169485991,0.39244042889812486,-0.003228890017073896,0.04677110998292611,0.8020591972820685,0.7552880872991424,,,validation
~mars_sign_scorpio & venus_retro,2,4,-0.6790542772999995,-0.6390542772999994,-0.13642158673797894,0.06832545744986815,0.10832545744986816,0.500765886347993,0.39244042889812486,-1.0261394592178268,-0.9861394592178268,-0.23085137191868435,0.7552880872991424,,,validation
~asp_jupiter_venus_trine & ~mars_sign_taurus,2,5,-0.1227977832071679,-0.0727977832071679,0.4298349073548525,0.06829478739152815,0.11829478739152816,0.510735216289653,0.39244042889812486,-0.13426409634542175,-0.08426409634542176,0.6710239909537207,0.7552880872991424,,,validation
~mercury_sign_gemini & ~venus_sign_sagittarius,2,5,-0.09359621073632325,-0.04359621073632325,0.4590364798256972,0.0681909311920995,0.1181909311920995,0.5106313600902244,0.39244042889812486,-0.19713732282016266,-0.14713732282016267,0.6081507644789798,0.7552880872991424,,,validation
mercury_sign_sagittarius & ~saturn_sign_virgo,2,4,-0.035832664840363036,0.0041673351596369645,0.5068000257216574,0.06808553144627147,0.10808553144627148,0.5005259603443963,0.39244042889812486,-0.6303348637283995,-0.5903348637283995,0.16495322357074294,0.7552880872991424,,,validation
~jupiter_sign_gemini & ~mars_sign_cancer,2,5,-0.10393265905871675,-0.05393265905871675,0.4487000315033037,0.06804387517740927,0.11804387517740927,0.5104843040755341,0.39244042889812486,-0.13565739997861986,-0.08565739997861987,0.6696306873205226,0.7552880872991424,,,validation
mars_sign_virgo & ~mercury_sign_aquarius,2,4,-0.6371276449360872,-0.5971276449360872,-0.0944949543740667,0.06772173359677677,0.10772173359677678,0.5001621624949016,0.39244042889812486,-0.3394108041732981,-0.29941080417329813,0.4558772831258443,0.7552880872991424,,,validation
~asp_jupiter_sun_sextile & mars_sign_virgo,2,4,-0.6008838665217763,-0.5608838665217762,-0.05825117595975582,0.06772049634971175,0.10772049634971176,0.5001609252478366,0.39244042889812486,-0.27288885970448545,-0.23288885970448547,0.522399227594657,0.7552880872991424,,,validation
~asp_jupiter_mars_conj & ~venus_sign_sagittarius,2,5,-0.09994360345992927,-0.049943603459929264,0.45268908710209116,0.06730717363850434,0.11730717363850435,0.5097476025366292,0.39244042889812486,-0.22723101885643432,-0.17723101885643433,0.5780570684427081,0.7552880872991424,,,validation
~mercury_retro & ~sun_sign_capricorn,2,5,-0.4322911013456709,-0.3822911013456709,0.12034158921634952,0.0672898939392532,0.11728989393925321,0.5097303228373781,0.39244042889812486,-0.15785964114391488,-0.10785964114391489,0.6474284461552275,0.7552880872991424,,,validation
~asp_saturn_sun_trine & mercury_sign_taurus,2,4,-0.4819471380753903,-0.4419471380753903,0.06068555248663008,0.06712776436360376,0.10712776436360377,0.49956819326172863,0.39244042889812486,-0.8268334512170824,-0.7868334512170824,-0.03154536391793997,0.7552880872991424,,,validation
~asp_jupiter_sun_square & ~venus_sign_sagittarius,2,5,-0.16119907277907142,-0.11119907277907143,0.391433617782949,0.0670496000194145,0.1170496000194145,0.5094900289175394,0.39244042889812486,-0.17721346734984583,-0.12721346734984584,0.6280746199492966,0.7552880872991424,,,validation
mars_sign_virgo & ~sun_sign_capricorn,2,4,-0.6417250365189433,-0.6017250365189433,-0.0990923459569229,0.06688096320223333,0.10688096320223334,0.4993213921003582,0.39244042889812486,-0.3634754396423239,-0.32347543964232395,0.4318126476568185,0.7552880872991424,,,validation
~asp_jupiter_saturn_trine & ~venus_sign_scorpio,2,5,0.009940069969341311,0.059940069969341314,0.5625727605313617,0.06670135428755762,0.11670135428755762,0.5091417831856825,0.39244042889812486,-0.19226595166103783,-0.14226595166103784,0.6130221356381046,0.7552880872991424,,,validation
~asp_jupiter_mars_conj & ~asp_jupiter_venus_trine,2,5,-0.10531771854730111,-0.05531771854730111,0.4473149720147193,0.06625859475031091,0.11625859475031092,0.5086990236484358,0.39244042889812486,-0.1254145910436672,-0.07541459104366721,0.6798734962554752,0.7552880872991424,,,validation
~asp_jupiter_venus_trine & ~mercury_sign_gemini,2,5,-0.07145730091137427,-0.021457300911374266,0.48117538965064616,0.06610341545226982,0.11610341545226982,0.5085438443503947,0.39244042889812486,-0.09981916423648958,-0.04981916423648958,0.7054689230626529,0.7552880872991424,,,validation
~asp_jupiter_venus_conj & ~sun_sign_virgo,2,5,-0.046896791044921685,0.003103208955078318,0.5057358995170987,0.06568324535956481,0.11568324535956481,0.5081236742576897,0.39244042889812486,-0.10011111737043506,-0.050111117370435054,0.7051769699287074,0.7552880872991424,,,validation
~asp_jupiter_mars_conj & ~asp_mars_venus_conj,2,5,-0.07835396933311096,-0.028353969333110962,0.47427872122890946,0.06559266614425806,0.11559266614425806,0.5080330950423829,0.39244042889812486,-0.1617164816260615,-0.11171648162606151,0.6435716056730809,0.7552880872991424,,,validation
mars_sign_virgo & mercury_sign_sagittarius,2,3,-0.7619714027293674,-0.7319714027293673,-0.22933871216734697,0.06515218763974415,0.09515218763974415,0.487592616537869,0.39244042889812486,-0.7115784530054032,-0.6815784530054032,0.07370963429373917,0.7552880872991424,,,validation
~jupiter_sign_gemini & ~mercury_sign_gemini,2,5,-0.06313450057699078,-0.013134500576990782,0.48949818998502964,0.06478778408115236,0.11478778408115237,0.5072282129792772,0.39244042889812486,-0.17657629892114318,-0.1265762989211432,0.6287117883779992,0.7552880872991424,,,validation
~asp_mars_venus_conj & venus_retro,2,4,-0.6838417057288169,-0.6438417057288168,-0.14120901516679635,0.06472370087478171,0.10472370087478172,0.4971641297729066,0.39244042889812486,-1.0121319462827512,-0.9721319462827511,-0.21684385898360864,0.7552880872991424,,,validation
mars_sign_virgo & mercury_sign_taurus,2,3,-0.449186075295937,-0.419186075295937,0.08344661526608341,0.06470509391728715,0.09470509391728715,0.487145522815412,0.39244042889812486,-0.752594510879582,-0.7225945108795819,0.032693576419560465,0.7552880872991424,,,validation
~asp_jupiter_saturn_trine & ~mars_sign_scorpio,2,5,-0.07737015816497773,-0.02737015816497773,0.4752625323970427,0.06465222902432131,0.11465222902432132,0.5070926579224462,0.39244042889812486,-0.18543452726865878,-0.1354345272686588,0.6198535600304836,0.7552880872991424,,,validation
mars_sign_pisces & ~mercury_sign_aquarius,2,4,-0.25347076441427857,-0.2134707644142786,0.28916192614774183,0.06457147170220465,0.10457147170220465,0.4970119006003295,0.39244042889812486,-0.9073977611018456,-0.8673977611018455,-0.11210967380270309,0.7552880872991424,,,validation
~asp_jupiter_sun_square & ~asp_jupiter_venus_square,2,5,-0.20566790185249972,-0.15566790185249973,0.3469647887095207,0.06432092220081596,0.11432092220081597,0.5067613510989408,0.39244042889812486,-0.058335170482579926,-0.008335170482579923,0.7469529168165625,0.7552880872991424,,,validation
~asp_mars_venus_sextile & ~mars_sign_cancer,2,5,-0.10403865993156093,-0.05403865993156093,0.4485940306304595,0.06409696189023327,0.11409696189023327,0.5065373907883581,0.39244042889812486,-0.04453313565291679,0.005466864347083211,0.7607549516462256,0.7552880872991424,,,validation
~asp_saturn_sun_trine & ~jupiter_sign_gemini,2,5,-0.1323476849126609,-0.08234768491266092,0.4202850056493595,0.06393282589778503,0.11393282589778503,0.5063732547959099,0.39244042889812486,-0.08930418152111826,-0.03930418152111825,0.7159839057780242,0.7552880872991424,,,validation
~asp_jupiter_venus_trine & ~asp_mars_venus_sextile,2,5,-0.1284030070655116,-0.07840300706551162,0.4242296834965088,0.06385891921867502,0.11385891921867503,0.5062993481167999,0.39244042889812486,-0.13435103963939393,-0.08435103963939394,0.6709370476597485,0.7552880872991424,,,validation
~asp_mars_venus_conj & mercury_sign_sagittarius,2,4,-0.055813731632138396,-0.015813731632138395,0.48681895892988203,0.0635657142812325,0.10356571428123251,0.4960061431793574,0.39244042889812486,-0.6303348637283995,-0.5903348637283995,0.16495322357074294,0.7552880872991424,,,validation
~asp_mars_venus_conj & ~mercury_station,2,5,-0.2557894482759881,-0.2057894482759881,0.2968432422860323,0.06349413412319337,0.11349413412319337,0.5059345630213182,0.39244042889812486,-0.006081472511039368,0.043918527488960635,0.7992066147881031,0.7552880872991424,,,validation
~mars_sign_scorpio & ~mercury_sign_gemini,2,5,-0.08043748220704812,-0.030437482207048117,0.4721952083549723,0.0632838740648256,0.1132838740648256,0.5057243029629505,0.39244042889812486,-0.20177239032210986,-0.15177239032210987,0.6035156969770326,0.7552880872991424,,,validation
~asp_saturn_venus_sextile & mars_sign_virgo,2,4,-0.613597503448637,-0.5735975034486369,-0.07096481288661648,0.06317975785420213,0.10317975785420214,0.495620186752327,0.39244042889812486,-0.28279008810011336,-0.24279008810011338,0.512497999199029,0.7552880872991424,,,validation
~jupiter_sign_gemini & ~mars_sign_leo,2,5,-0.10222870564004945,-0.052228705640049444,0.450403984921971,0.06293092233929364,0.11293092233929364,0.5053713512374185,0.39244042889812486,-0.09806101469533975,-0.04806101469533974,0.7072270726038027,0.7552880872991424,,,validation
mercury_sign_taurus & ~saturn_sign_virgo,2,4,-0.44728809095429606,-0.4072880909542961,0.09534459960772436,0.06291471373219235,0.10291471373219235,0.4953551426303172,0.39244042889812486,-0.889731586390265,-0.8497315863902649,-0.09444349909112247,0.7552880872991424,,,validation
~asp_saturn_sun_trine & ~mercury_sign_gemini,2,5,-0.07726680461782533,-0.027266804617825324,0.4753658859441951,0.06281775278699529,0.1128177527869953,0.5052581816851202,0.39244042889812486,-0.08619836293907497,-0.03619836293907497,0.7190897243600675,0.7552880872991424,,,validation
~asp_saturn_sun_trine & ~mars_sign_taurus,2,5,-0.10450895085208091,-0.054508950852080906,0.4481237397099395,0.06276470547044065,0.11276470547044065,0.5052051343685655,0.39244042889812486,-0.11773193484077722,-0.06773193484077722,0.6875561524583652,0.7552880872991424,,,validation
~asp_jupiter_venus_trine & ~mars_sign_cancer,2,5,-0.13643287553763617,-0.08643287553763618,0.41619981502438425,0.06275688540576084,0.11275688540576084,0.5051973143038857,0.39244042889812486,-0.008268949004532969,0.041731050995467034,0.7970191382946095,0.7552880872991424,,,validation
~mars_sign_scorpio & ~mars_sign_taurus,2,5,-0.11963387499254115,-0.06963387499254114,0.4329988155694793,0.06172386373228765,0.11172386373228765,0.5041642926304125,0.39244042889812486,-0.20813668727856255,-0.15813668727856256,0.5971514000205799,0.7552880872991424,,,validation
~asp_jupiter_venus_trine & ~mercury_station,2,5,-0.3084111791802998,-0.2584111791802998,0.2442215113817206,0.06166743456624933,0.11166743456624934,0.5041078634643742,0.39244042889812486,0.0684046925642942,0.1184046925642942,0.8736927798634366,0.7552880872991424,,,validation
jupiter_sign_scorpio & ~mars_sign_cancer,2,4,-0.379388586489427,-0.33938858648942705,0.16324410407259338,0.06165550008889057,0.10165550008889057,0.49409592898701543,0.39244042889812486,-0.6368741564355647,-0.5968741564355646,0.15841393086357783,0.7552880872991424,,,validation
~asp_mars_venus_sextile & ~mercury_sign_gemini,2,5,-0.07158262920348558,-0.02158262920348558,0.48105006135853484,0.06159571488466163,0.11159571488466163,0.5040361437827865,0.39244042889812486,-0.16339091375332654,-0.11339091375332655,0.6418971735458159,0.7552880872991424,,,validation
jupiter_sign_sagittarius & ~mercury_sign_libra,2,4,-0.11226750585168968,-0.07226750585168967,0.43036518471033075,0.061330877521961015,0.10133087752196102,0.4937713064200859,0.39244042889812486,-0.5656682796082042,-0.5256682796082042,0.22961980769093823,0.7552880872991424,,,validation
~asp_jupiter_saturn_trine & mercury_sign_sagittarius,2,4,-0.09215417963882952,-0.05215417963882951,0.4504785109231909,0.06113483758161079,0.10113483758161079,0.49357526647973565,0.39244042889812486,-0.6184668086611083,-0.5784668086611082,0.1768212786380342,0.7552880872991424,,,validation
~asp_jupiter_sun_sextile & ~sun_sign_virgo,2,5,-0.12976161507578277,-0.07976161507578278,0.42287107548623765,0.060658730412180714,0.11065873041218072,0.5030991593103056,0.39244042889812486,-0.03982766663175093,0.010172333368249076,0.7654604206673915,0.7552880872991424,,,validation
~asp_saturn_sun_trine & ~mars_sign_cancer,2,5,-0.11905382879669958,-0.06905382879669958,0.43357886176532084,0.060620311185486705,0.11062031118548671,0.5030607400836116,0.39244042889812486,0.004014596677892099,0.0540145966778921,0.8093026839770345,0.7552880872991424,,,validation
~venus_sign_sagittarius & ~venus_sign_scorpio,2,5,-0.060747431730593784,-0.010747431730593782,0.49188525883142664,0.060229548107881156,0.11022954810788116,0.502669977006006,0.39244042889812486,-0.23303805457273902,-0.18303805457273903,0.5722500327264034,0.7552880872991424,,,validation
~asp_mars_venus_conj & ~mars_sign_taurus,2,5,-0.07851042389423786,-0.028510423894237857,0.47412226666778257,0.06021779256231284,0.11021779256231284,0.5026582214604377,0.39244042889812486,-0.13078833646174687,-0.08078833646174688,0.6744997508373956,0.7552880872991424,,,validation
~asp_jupiter_venus_trine & jupiter_sign_sagittarius,2,4,-0.22235197866251014,-0.18235197866251013,0.3202807118995103,0.060206611934971545,0.10020661193497155,0.4926470408330964,0.39244042889812486,-0.574390106382324,-0.534390106382324,0.22089798091681845,0.7552880872991424,,,validation
~asp_jupiter_venus_trine & mercury_sign_sagittarius,2,4,-0.09474028691234723,-0.054740286912347225,0.4478924036496732,0.05995613586259594,0.09995613586259594,0.4923965647607208,0.39244042889812486,-0.7062452638552039,-0.6662452638552039,0.0890428234439386,0.7552880872991424,,,validation
~asp_jupiter_venus_trine & ~asp_saturn_sun_trine,2,5,-0.14422463927312412,-0.09422463927312413,0.4084080512888963,0.05990813121001236,0.10990813121001236,0.5023485601081372,0.39244042889812486,-0.06714548625908641,-0.017145486259086407,0.738142601040056,0.7552880872991424,,,validation
~asp_jupiter_mars_conj & ~mercury_station,2,5,-0.2443612839028506,-0.19436128390285062,0.3082714066591698,0.05984341157534821,0.10984341157534822,0.5022838404734731,0.39244042889812486,-0.012555637688525703,0.0374443623114743,0.7927324496106167,0.7552880872991424,,,validation
~asp_mars_venus_conj & ~sun_sign_virgo,2,5,-0.04758448001186795,0.0024155199881320533,0.5050482105501525,0.05948789878288828,0.10948789878288828,0.5019283276810131,0.39244042889812486,-0.06984574042889276,-0.019845740428892755,0.7354423468702497,0.7552880872991424,,,validation
~asp_mars_venus_conj & ~asp_saturn_sun_trine,2,5,-0.10276154367551328,-0.05276154367551328,0.44987114688650715,0.05948590349735082,0.10948590349735082,0.5019263323954757,0.39244042889812486,-0.07445059548004081,-0.024450595480040804,0.7308374918191016,0.7552880872991424,,,validation
~asp_jupiter_sun_square & ~jupiter_sign_capricorn,2,5,-0.15367533714952109,-0.1036753371495211,0.3989573534124993,0.05937719929196204,0.10937719929196205,0.5018176281900869,0.39244042889812486,-0.07693652394574431,-0.026936523945744306,0.7283515633533981,0.7552880872991424,,,validation
~sun_sign_cancer & venus_retro,2,4,-0.7359456122052339,-0.6959456122052339,-0.1933129216432134,0.05937578450336615,0.09937578450336615,0.491816213401491,0.39244042889812486,-0.9780894698926373,-0.9380894698926373,-0.1828013825934949,0.7552880872991424,,,validation
~asp_jupiter_sun_square & ~sun_sign_cancer,2,5,-0.1266040757983628,-0.07660407579836281,0.4260286147636576,0.0592850712272036,0.1092850712272036,0.5017255001253285,0.39244042889812486,-0.2802933800148116,-0.2302933800148116,0.5249947072843308,0.7552880872991424,,,validation
~asp_mars_venus_sextile & ~mars_sign_scorpio,2,5,-0.13491037128333377,-0.08491037128333379,0.41772231927868664,0.05878771896410749,0.1087877189641075,0.5012281478622324,0.39244042889812486,-0.2207901429380959,-0.1707901429380959,0.5844979443610465,0.7552880872991424,,,validation
~mars_sign_taurus & ~sun_sign_cancer,2,5,-0.11256518218665541,-0.06256518218665541,0.440067508375365,0.058544450712411975,0.10854445071241198,0.5009848796105368,0.39244042889812486,-0.25243423781018764,-0.20243423781018766,0.5528538494889548,0.7552880872991424,,,validation
~asp_jupiter_sun_sextile & ~asp_jupiter_sun_square,2,5,-0.20305819907982647,-0.15305819907982648,0.34957449148219394,0.05852168339287632,0.10852168339287632,0.5009621122910012,0.39244042889812486,-0.10574869257988158,-0.055748692579881576,0.6995393947192609,0.7552880872991424,,,validation
~asp_saturn_sun_sextile & ~sun_sign_virgo,2,5,-0.06250972761520514,-0.012509727615205135,0.4901229629468153,0.058345432239002556,0.10834543223900256,0.5007858611371274,0.39244042889812486,-0.002715768896536644,0.04728423110346336,0.8025723184026058,0.7552880872991424,,,validation
~mars_sign_scorpio & ~mercury_station,2,5,-0.26884248067407845,-0.21884248067407847,0.28379020988794196,0.05820988712987395,0.10820988712987395,0.5006503160279988,0.39244042889812486,-0.053776525542925294,-0.003776525542925291,0.7515115617562171,0.7552880872991424,,,validation
mercury_sign_sagittarius & ~saturn_sign_gemini,2,4,-0.17999908057657302,-0.139999080576573,0.3626336099854474,0.057832852820641024,0.09783285282064103,0.4902732817187659,0.39244042889812486,-0.6303348637283995,-0.5903348637283995,0.16495322357074294,0.7552880872991424,,,validation
~asp_jupiter_mars_conj & ~mars_sign_scorpio,2,5,-0.09957273794237516,-0.049572737942375156,0.45305995261964527,0.05780310614680172,0.10780310614680172,0.5002435350449266,0.39244042889812486,-0.22336680890014698,-0.173366808900147,0.5819212783989954,0.7552880872991424,,,validation
~asp_jupiter_sun_square & ~mars_sign_cancer,2,5,-0.131878643562452,-0.081878643562452,0.4207540469995684,0.05770381495436781,0.10770381495436782,0.5001442438524927,0.39244042889812486,-0.05963011055257124,-0.009630110552571236,0.7456579767465712,0.7552880872991424,,,validation
~jupiter_sign_gemini & ~venus_sign_cancer,2,5,-0.08244576137905148,-0.032445761379051474,0.47018692918296895,0.05769416605230902,0.10769416605230903,0.5001345949504339,0.39244042889812486,-0.20702210925165238,-0.1570221092516524,0.59826597804749,0.7552880872991424,,,validation
~mercury_sign_cancer & ~sun_sign_virgo,2,5,-0.10345577199262292,-0.053455771992622914,0.4491769185693975,0.05757611925206206,0.10757611925206206,0.5000165481501869,0.39244042889812486,-0.15981695382963407,-0.10981695382963408,0.6454711334695084,0.7552880872991424,,,validation
~asp_jupiter_venus_conj & mars_sign_virgo,2,4,-0.5798725483379905,-0.5398725483379905,-0.03723985777597006,0.05744079738999367,0.09744079738999367,0.48988122628811853,0.39244042889812486,-0.3641621786914048,-0.32416217869140485,0.4311259086077376,0.7552880872991424,,,validation
~mars_sign_cancer & ~mars_sign_taurus,2,5,-0.11229580464488349,-0.06229580464488349,0.44033688591713693,0.05720801369289662,0.10720801369289662,0.4996484425910215,0.39244042889812486,-0.05219407274293204,-0.0021940727429320406,0.7530940145562104,0.7552880872991424,,,validation
~asp_mars_venus_conj & ~sun_sign_libra,2,5,0.02383738577441656,0.07383738577441656,0.576470076336437,0.05707805025852812,0.10707805025852812,0.499518479156653,0.39244042889812486,-0.16021521807455513,-0.11021521807455514,0.6450728692245873,0.7552880872991424,,,validation
~asp_jupiter_venus_square & ~asp_jupiter_venus_trine,2,5,-0.19916641525609463,-0.14916641525609464,0.3534662753059258,0.05690516054529647,0.10690516054529647,0.49934558944342133,0.39244042889812486,-0.004071405586345736,0.04592859441365427,0.8012166817127967,0.7552880872991424,,,validation
~sun_sign_virgo,1,2,-0.00811445398028397,0.011885546019716031,0.5145182365817365,0.05683697002950662,0.07683697002950662,0.4692773989276315,0.39244042889812486,-0.026229937701429656,-0.006229937701429655,0.7490581495977128,0.7552880872991424,,,validation
~asp_jupiter_sun_sextile & ~asp_mars_venus_sextile,2,5,-0.15921054086916436,-0.10921054086916437,0.39342214969285605,0.05682980230599814,0.10682980230599814,0.499270231204123,0.39244042889812486,-0.1130532593868961,-0.0630532593868961,0.6922348279122463,0.7552880872991424,,,validation
~asp_jupiter_venus_square & ~sun_sign_virgo,2,5,-0.11649807545026787,-0.06649807545026787,0.43613461511175255,0.05674497944040012,0.10674497944040012,0.499185408338525,0.39244042889812486,0.005069016661882017,0.05506901666188202,0.8103571039610244,0.7552880872991424,,,validation
~asp_jupiter_sun_square & ~mercury_sign_cancer,2,5,-0.157058513212671,-0.10705851321267101,0.3955741773493494,0.056704984013802515,0.10670498401380252,0.4991454129119274,0.39244042889812486,-0.20468217429325114,-0.15468217429325115,0.6006059130058913,0.7552880872991424,,,validation
~sun_sign_capricorn & venus_retro,2,4,-0.5239595825900482,-0.4839595825900482,0.01867310797197223,0.056578838440189384,0.09657883844018939,0.48901926733831425,0.39244042889812486,-0.975199501945759,-0.935199501945759,-0.17991141464661653,0.7552880872991424,,,validation
~asp_jupiter_venus_square & ~jupiter_sign_gemini,2,5,-0.18180263040701683,-0.13180263040701684,0.3708300601550036,0.05649324676668409,0.10649324676668409,0.49893367566480895,0.39244042889812486,-0.055638170544024826,-0.005638170544024823,0.7496499167551176,0.7552880872991424,,,validation
~mars_sign_cancer & ~venus_sign_sagittarius,2,5,-0.13612676105607668,-0.0861267610560767,0.41650592950594373,0.05619699462401799,0.10619699462401799,0.49863742352214285,0.39244042889812486,-0.09605241448039799,-0.046052414480397985,0.7092356728187444,0.7552880872991424,,,validation
~jupiter_sign_gemini & ~sun_sign_cancer,2,5,-0.08548489384349979,-0.03548489384349979,0.46714779671852064,0.05616353829411751,0.10616353829411751,0.49860396719224237,0.39244042889812486,-0.28694942912923055,-0.23694942912923056,0.5183386581699119,0.7552880872991424,,,validation
~asp_mars_venus_conj & ~asp_saturn_venus_sextile,2,5,-0.14123843727250918,-0.09123843727250919,0.41139425328951124,0.05614059273809856,0.10614059273809856,0.4985810216362234,0.39244042889812486,-0.12010742440248774,-0.07010742440248774,0.6851806628966547,0.7552880872991424,,,validation
~asp_saturn_venus_sextile & ~sun_sign_virgo,2,5,-0.11684062614353043,-0.06684062614353042,0.43579206441849,0.05609533288391559,0.1060953328839156,0.49853576178204045,0.39244042889812486,-0.10308064642055677,-0.053080646420556765,0.7022074408785857,0.7552880872991424,,,validation
~sun_sign_capricorn & ~sun_sign_virgo,2,5,-0.1359579526684499,-0.08595795266844991,0.4166747378935705,0.05593578874813519,0.1059357887481352,0.49837621764626006,0.39244042889812486,-0.15027183740245426,-0.10027183740245427,0.6550162498966882,0.7552880872991424,,,validation
~asp_jupiter_mars_conj & ~mercury_sign_gemini,2,5,-0.03549762767843752,0.014502372321562484,0.5171350628835829,0.0559051440560268,0.1059051440560268,0.49834557295415166,0.39244042889812486,-0.1902860940244639,-0.1402860940244639,0.6150019932746785,0.7552880872991424,,,validation
~asp_jupiter_venus_square & ~mercury_sign_gemini,2,5,-0.1287612840491203,-0.0787612840491203,0.4238714065129001,0.055755498400042444,0.10575549840004245,0.4981959272981673,0.39244042889812486,-0.04036219769882339,0.009637802301176612,0.764925889600319,0.7552880872991424,,,validation
~jupiter_sign_gemini & ~sun_sign_capricorn,2,5,-0.1952990823681664,-0.1452990823681664,0.357333608193854,0.05573927978733782,0.10573927978733783,0.4981797086854627,0.39244042889812486,-0.21106821862222952,-0.16106821862222953,0.5942198686769129,0.7552880872991424,,,validation
~mars_sign_cancer & ~mars_sign_scorpio,2,5,-0.1268591112512074,-0.07685911125120742,0.425773579310813,0.055696851496381636,0.10569685149638164,0.4981372803945065,0.39244042889812486,-0.09391031261721956,-0.04391031261721956,0.7113777746819229,0.7552880872991424,,,validation
~asp_mars_venus_conj & jupiter_sign_sagittarius,2,4,-0.08880484279929576,-0.048804842799295756,0.45382784776272467,0.05541313586923633,0.09541313586923633,0.4878535647673612,0.39244042889812486,-0.6263351234753654,-0.5863351234753653,0.16895296382377706,0.7552880872991424,,,validation
mars_sign_aries & ~sun_sign_capricorn,2,4,-0.5842496332384677,-0.5442496332384676,-0.041616942676447236,0.05526973190548077,0.09526973190548077,0.48771016080360563,0.39244042889812486,-0.28834224566908134,-0.24834224566908136,0.5069458416300611,0.7552880872991424,,,validation
~asp_jupiter_venus_trine & ~asp_saturn_venus_sextile,2,5,-0.16721983657692707,-0.11721983657692708,0.38541285398509334,0.055179226352819785,0.10517922635281979,0.49761965525094465,0.39244042889812486,-0.0988556029707713,-0.048855602970771295,0.7064324843283711,0.7552880872991424,,,validation
~asp_jupiter_sun_opp & ~sun_sign_virgo,2,5,0.015577586365975324,0.06557758636597533,0.5682102769279957,0.055121316764984704,0.1051213167649847,0.49756174566310957,0.39244042889812486,-0.0904718685868003,-0.0404718685868003,0.7148162187123421,0.7552880872991424,,,validation
~jupiter_sign_gemini & ~mercury_sign_cancer,2,5,-0.13461741760904533,-0.08461741760904534,0.4180152729529751,0.054958966772699,0.104958966772699,0.49739939567082386,0.39244042889812486,-0.24250527979853104,-0.19250527979853105,0.5627828075006114,0.7552880872991424,,,validation
~asp_jupiter_venus_trine & ~venus_sign_sagittarius,2,5,-0.14509099101671236,-0.09509099101671237,0.40754169954530806,0.0548448789325988,0.1048448789325988,0.49728530783072367,0.39244042889812486,-0.1500261205213706,-0.10002612052137061,0.6552619667777718,0.7552880872991424,,,validation
~mars_sign_taurus & ~mercury_sign_gemini,2,5,-0.047381135857870696,0.002618864142129307,0.5052515547041497,0.05481381411863577,0.10481381411863577,0.49725424301676063,0.39244042889812486,-0.15503147877064788,-0.10503147877064789,0.6502566085284945,0.7552880872991424,,,validation
~asp_mars_venus_sextile & ~asp_saturn_venus_sextile,2,5,-0.14776401595192445,-0.09776401595192447,0.40486867461009596,0.05467550113938356,0.10467550113938356,0.4971159300375084,0.39244042889812486,-0.1520732216109219,-0.10207322161092192,0.6532148656882205,0.7552880872991424,,,validation
~asp_jupiter_sun_sextile & ~asp_mars_venus_conj,2,5,-0.16412804093898342,-0.11412804093898343,0.388504649623037,0.05408237808516035,0.10408237808516035,0.4965228069832852,0.39244042889812486,-0.07876913025354322,-0.028769130253543218,0.7265189570455992,0.7552880872991424,,,validation
~mars_sign_sagittarius & mercury_sign_sagittarius,2,4,-0.12518449900183118,-0.08518449900183117,0.41744819156018925,0.05398788098613603,0.09398788098613603,0.4864283098842609,0.39244042889812486,-0.49462186661782626,-0.4546218666178263,0.30066622068131615,0.7552880872991424,,,validation
~jupiter_ingress_1d & ~sun_sign_virgo,2,5,-0.05863054492615323,-0.008630544926153227,0.4940021456358672,0.05377780611243353,0.10377780611243353,0.4962182350105584,0.39244042889812486,-0.06725543761647397,-0.017255437616473968,0.7380326496826685,0.7552880872991424,,,validation
~asp_jupiter_sun_square & ~mercury_retro,2,5,-0.34320322604573955,-0.29320322604573956,0.20942946451628083,0.05376006801271831,0.10376006801271831,0.49620049691084317,0.39244042889812486,-0.0677292334332877,-0.017729233433287694,0.7375588538658547,0.7552880872991424,,,validation
~asp_jupiter_mars_conj & ~sun_sign_libra,2,5,0.07767612567763497,0.12767612567763498,0.6303088162396554,0.05357826872542974,0.10357826872542975,0.4960186976235546,0.39244042889812486,-0.221894522819631,-0.17189452281963102,0.5833935644795114,0.7552880872991424,,,validation
~asp_jupiter_sun_sextile & ~asp_jupiter_venus_trine,2,5,-0.19964923493492864,-0.14964923493492865,0.35298345562709177,0.0535388959442402,0.1035388959442402,0.49597932484236507,0.39244042889812486,-0.06409062555412355,-0.014090625554123548,0.7411974617450189,0.7552880872991424,,,validation
~asp_mars_venus_conj & ~mars_sign_leo,2,5,-0.0762172194867481,-0.0262172194867481,0.4764154710752723,0.05348943681071992,0.10348943681071993,0.4959298657088448,0.39244042889812486,-0.12023507490023162,-0.07023507490023162,0.6850530123989108,0.7552880872991424,,,validation
~asp_jupiter_sun_sextile & ~jupiter_sign_gemini,2,5,-0.1813054462801137,-0.1313054462801137,0.3713272442819067,0.05335084558664442,0.10335084558664442,0.4957912744847693,0.39244042889812486,-0.1450198728608823,-0.09501987286088232,0.6602682144382601,0.7552880872991424,,,validation
~mercury_retro & ~mercury_station,2,5,-0.28216720126438366,-0.23216720126438367,0.27046548929763675,0.05325984542146976,0.10325984542146976,0.4957002743195946,0.39244042889812486,0.07546653724303302,0.12546653724303303,0.8807546245421755,0.7552880872991424,,,validation
~asp_mars_venus_sextile & ~asp_saturn_sun_trine,2,5,-0.11014574554305669,-0.06014574554305668,0.44248694501896374,0.053201012289099056,0.10320101228909906,0.4956414411872239,0.39244042889812486,-0.12003428880115115,-0.07003428880115115,0.6852537984979913,0.7552880872991424,,,validation
~asp_jupiter_venus_square & ~venus_sign_sagittarius,2,5,-0.17587019055320074,-0.12587019055320076,0.37676250000881967,0.0531024392870859,0.1031024392870859,0.49554286818521076,0.39244042889812486,-0.07984458834511694,-0.02984458834511694,0.7254434989540255,0.7552880872991424,,,validation
mars_sign_virgo & ~sun_sign_libra,2,4,-0.6290540942771803,-0.5890540942771803,-0.08642140371515977,0.05288490281703071,0.09288490281703071,0.4853253317151556,0.39244042889812486,-0.4315913712599633,-0.3915913712599633,0.36369671603917914,0.7552880872991424,,,validation
~asp_jupiter_mars_conj & ~mars_sign_taurus,2,5,-0.08011840220108264,-0.03011840220108264,0.4725142883609378,0.05284105292815343,0.10284105292815343,0.4952814818262783,0.39244042889812486,-0.19388482111272426,-0.14388482111272427,0.6114032661864182,0.7552880872991424,,,validation
~asp_mars_venus_conj & ~sun_sign_cancer,2,5,-0.0698735336968014,-0.019873533696801393,0.48275915686521903,0.052726584359310644,0.10272658435931065,0.4951670132574355,0.39244042889812486,-0.24346395935963133,-0.19346395935963134,0.5618241279395111,0.7552880872991424,,,validation
~asp_jupiter_venus_trine & ~sun_sign_libra,2,5,0.01944759369480735,0.06944759369480735,0.5720802842568278,0.05259652856491891,0.10259652856491891,0.49503695746304377,0.39244042889812486,-0.1580347582946155,-0.10803475829461551,0.6472533290045269,0.7552880872991424,,,validation
~jupiter_sign_gemini & ~sun_sign_libra,2,5,0.02969589222314288,0.07969589222314288,0.5823285827851633,0.05209959983433675,0.10209959983433675,0.4945400287324616,0.39244042889812486,-0.24171710319245548,-0.1917171031924555,0.5635709841066869,0.7552880872991424,,,validation
~asp_jupiter_venus_square & ~asp_mars_venus_sextile,2,5,-0.16279055470484088,-0.1127905547048409,0.38984213585717953,0.051994998006695756,0.10199499800669576,0.4944354269048206,0.39244042889812486,-0.07183777947540722,-0.021837779475407215,0.7334503078237352,0.7552880872991424,,,validation
~asp_mars_venus_sextile & ~asp_saturn_sun_sextile,2,5,-0.08899978652067682,-0.038999786520676816,0.4636329040413436,0.0519196652405438,0.1019196652405438,0.49436009413866866,0.39244042889812486,-0.07846388157075908,-0.028463881570759075,0.7268242057283834,0.7552880872991424,,,validation
~asp_jupiter_venus_trine & ~mars_sign_leo,2,5,-0.12615895348179518,-0.07615895348179519,0.42647373708022523,0.05190461212337204,0.10190461212337204,0.4943450410214969,0.39244042889812486,-0.09263405294938971,-0.04263405294938971,0.7126540343497527,0.7552880872991424,,,validation
~asp_jupiter_saturn_trine & ~jupiter_sign_capricorn,2,5,-0.06240708265005819,-0.012407082650058188,0.49022560791196224,0.05131088199198673,0.10131088199198673,0.4937513108901116,0.39244042889812486,-0.08545121024988774,-0.03545121024988773,0.7198368770492547,0.7552880872991424,,,validation
~asp_jupiter_venus_trine & ~mars_sign_scorpio,2,5,-0.1522220889624572,-0.10222208896245721,0.4004106015995632,0.05083030891811617,0.10083030891811617,0.49327073781624103,0.39244042889812486,-0.1593607693208398,-0.10936076932083982,0.6459273179783026,0.7552880872991424,,,validation
~saturn_ingress_1d & ~sun_sign_virgo,2,5,-0.02963269367098982,0.020367306329010182,0.5229999968910306,0.05065422632655718,0.10065422632655718,0.49309465522468204,0.39244042889812486,-0.10116781161609907,-0.05116781161609907,0.7041202756830434,0.7552880872991424,,,validation
~asp_jupiter_sun_square & mercury_sign_taurus,2,4,-0.39552531656177664,-0.35552531656177666,0.14710737400024376,0.0506027477255778,0.0906027477255778,0.48304317662370266,0.39244042889812486,-0.9892817163470183,-0.9492817163470183,-0.1939936290478759,0.7552880872991424,,,validation
~asp_saturn_venus_sextile & ~mercury_station,2,5,-0.3163365961864668,-0.2663365961864668,0.2362960943755536,0.0503415141901226,0.1003415141901226,0.49278194308824746,0.39244042889812486,-0.03640147816196755,0.013598521838032451,0.7688866091371749,0.7552880872991424,,,validation
~mercury_sign_gemini & ~sun_sign_libra,2,5,0.08722154930998476,0.13722154930998476,0.6398542398720052,0.04993863993478041,0.09993863993478042,0.4923790688329053,0.39244042889812486,-0.20150230248727513,-0.15150230248727514,0.6037857848118673,0.7552880872991424,,,validation
~asp_mars_venus_sextile & ~mercury_sign_cancer,2,5,-0.12648691323462535,-0.07648691323462536,0.42614577732739506,0.04976169343513791,0.09976169343513791,0.49220212233326277,0.39244042889812486,-0.20463225002204705,-0.15463225002204706,0.6006558372770954,0.7552880872991424,,,validation
~asp_jupiter_sun_sextile & ~mars_sign_taurus,2,5,-0.17207425313666092,-0.12207425313666093,0.3805584374253595,0.04966343505023722,0.09966343505023723,0.4921038639483621,0.39244042889812486,-0.11387367442563952,-0.06387367442563952,0.6914144128735029,0.7552880872991424,,,validation
~asp_mars_venus_conj & ~mars_sign_scorpio,2,5,-0.09367955979704563,-0.04367955979704563,0.4589531307649748,0.04965596789503156,0.09965596789503156,0.4920963967931564,0.39244042889812486,-0.1682627591532903,-0.11826275915329032,0.6370253281458521,0.7552880872991424,,,validation
~jupiter_ingress_1d & ~jupiter_sign_gemini,2,5,-0.10057824756124668,-0.05057824756124668,0.45205444300077374,0.04908986164952815,0.09908986164952815,0.491530290547653,0.39244042889812486,-0.14349259758508187,-0.09349259758508188,0.6617954897140605,0.7552880872991424,,,validation
~mars_sign_leo & ~sun_sign_virgo,2,5,-0.05594036042886398,-0.005940360428863978,0.49669233013315645,0.04880824472980615,0.09880824472980615,0.491248673627931,0.39244042889812486,-0.09001848351200588,-0.040018483512005876,0.7152696037871366,0.7552880872991424,,,validation
~asp_saturn_sun_trine & ~mars_sign_scorpio,2,5,-0.14040212471432845,-0.09040212471432846,0.41223056584769197,0.04863464685999973,0.09863464685999973,0.4910750757581246,0.39244042889812486,-0.1555965536375447,-0.10559655363754472,0.6496915336615977,0.7552880872991424,,,validation
~asp_saturn_venus_sextile & ~venus_sign_sagittarius,2,5,-0.1714071634423972,-0.12140716344239721,0.3812255271196232,0.04855697785237782,0.09855697785237783,0.4909974067505027,0.39244042889812486,-0.18331314893918033,-0.13331314893918034,0.6219749383599621,0.7552880872991424,,,validation
~asp_jupiter_mars_conj & ~asp_saturn_sun_trine,2,5,-0.09288272594961795,-0.04288272594961795,0.4597499646124025,0.04840540565483141,0.09840540565483141,0.4908458345529563,0.39244042889812486,-0.13253181487118176,-0.08253181487118177,0.6727562724279607,0.7552880872991424,,,validation
~asp_jupiter_mars_conj & jupiter_sign_sagittarius,2,4,-0.18214371176487085,-0.14214371176487084,0.3604889787971496,0.04831971663952798,0.08831971663952798,0.48076014553765284,0.39244042889812486,-0.6120589687392202,-0.5720589687392201,0.1832291185599223,0.7552880872991424,,,validation
~mercury_retro & ~mercury_sign_gemini,2,5,-0.2898161885672557,-0.23981618856725573,0.2628165019947647,0.04826263745918301,0.09826263745918301,0.49070306635730787,0.39244042889812486,-0.08171307025008885,-0.03171307025008885,0.7235750170490536,0.7552880872991424,,,validation
~jupiter_sign_gemini,1,2,-0.055508178432516306,-0.0355081784325163,0.4671245121295041,0.048224297432448784,0.06822429743244879,0.46066472633057365,0.39244042889812486,-0.10421046184024706,-0.08421046184024705,0.6710776254588954,0.7552880872991424,,,validation
~asp_jupiter_venus_conj & ~jupiter_sign_gemini,2,5,-0.08730367484042235,-0.03730367484042235,0.46532901572159807,0.04814155330089197,0.09814155330089197,0.49058198219901683,0.39244042889812486,-0.1831772556876226,-0.13317725568762262,0.6221108316115198,0.7552880872991424,,,validation
~sun_sign_cancer & ~venus_sign_sagittarius,2,5,-0.11922928924616118,-0.06922928924616117,0.43340340131585925,0.0480092685075527,0.0980092685075527,0.49044969740567756,0.39244042889812486,-0.30466599673454703,-0.25466599673454704,0.5006220905645954,0.7552880872991424,,,validation
~mars_sign_cancer & ~sun_sign_libra,2,5,0.02491981490296162,0.07491981490296162,0.577552505464982,0.04800260893757184,0.09800260893757184,0.4904430378356967,0.39244042889812486,-0.08300777254166943,-0.03300777254166942,0.722280314757473,0.7552880872991424,,,validation
~asp_jupiter_venus_square & ~sun_sign_libra,2,5,-0.04806918108387144,0.0019308189161285627,0.504563509478149,0.047131458382836486,0.09713145838283649,0.48957188728096135,0.39244042889812486,-0.09164997897619472,-0.04164997897619471,0.7136381083229477,0.7552880872991424,,,validation
~asp_jupiter_sun_square,1,2,-0.07609179164513373,-0.056091791645133726,0.4465408989168867,0.04700407654043827,0.06700407654043827,0.45944450543856313,0.39244042889812486,-0.06997506923045226,-0.04997506923045225,0.7053130180686902,0.7552880872991424,,,validation
jupiter_sign_scorpio & ~mars_sign_leo,2,4,-0.45812863637950024,-0.41812863637950026,0.08450405418252013,0.04697917603756439,0.08697917603756439,0.47941960493568925,0.39244042889812486,-0.6368741564355647,-0.5968741564355646,0.15841393086357783,0.7552880872991424,,,validation
~asp_jupiter_sun_sextile & ~venus_sign_sagittarius,2,5,-0.18337529661637103,-0.13337529661637104,0.3692573939456494,0.04684377638208752,0.09684377638208752,0.4892842052802124,0.39244042889812486,-0.14828153019603313,-0.09828153019603314,0.6570065571031093,0.7552880872991424,,,validation
~asp_jupiter_sun_square & mars_sign_virgo,2,4,-0.6350069261645156,-0.5950069261645156,-0.09237423560249516,0.046832578770597856,0.08683257877059786,0.4792730076687227,0.39244042889812486,-0.29283059395963734,-0.25283059395963736,0.5024574933395051,0.7552880872991424,,,validation
~asp_jupiter_venus_square & ~asp_mars_venus_conj,2,5,-0.16746876247741938,-0.11746876247741939,0.38516392808460104,0.04678103867014809,0.09678103867014809,0.48922146756827295,0.39244042889812486,-0.020487741216776392,0.02951225878322361,0.784800346082366,0.7552880872991424,,,validation
asp_jupiter_saturn_square & ~mars_sign_leo,2,4,-0.4081832383104805,-0.3681832383104805,0.13444945225153992,0.04675114559779756,0.08675114559779756,0.4791915744959224,0.39244042889812486,-0.5208618881130377,-0.48086188811303765,0.2744261991861048,0.7552880872991424,,,validation
~asp_jupiter_mars_conj & ~asp_saturn_venus_sextile,2,5,-0.11711302396249858,-0.06711302396249857,0.43551966659952185,0.04669624389558151,0.09669624389558151,0.4891366727937064,0.39244042889812486,-0.15664636100275914,-0.10664636100275915,0.6486417262963833,0.7552880872991424,,,validation
~asp_jupiter_mars_conj & ~asp_jupiter_venus_square,2,5,-0.148379777318484,-0.09837977731848402,0.4042529132435364,0.04667225858568817,0.09667225858568818,0.48911268748381304,0.39244042889812486,-0.0720498965098307,-0.02204989650983069,0.7332381907893117,0.7552880872991424,,,validation
~mercury_station & venus_retro,2,4,-0.8455211332899162,-0.8055211332899161,-0.30288844272789567,0.04662986729438299,0.08662986729438299,0.47907029619250785,0.39244042889812486,-1.0421051534908503,-1.0021051534908503,-0.24681706619170793,0.7552880872991424,,,validation
~asp_jupiter_sun_square & ~venus_sign_cancer,2,5,-0.08292740441417142,-0.03292740441417141,0.469705286147849,0.0464678577891388,0.0964678577891388,0.48890828668726366,0.39244042889812486,-0.16957166396389795,-0.11957166396389796,0.6357164233352445,0.7552880872991424,,,validation
~mars_sign_leo & ~mars_sign_taurus,2,5,-0.09810723202322448,-0.04810723202322448,0.45452545853879595,0.046206535974023286,0.09620653597402329,0.48864696487214815,0.39244042889812486,-0.14720461833807125,-0.09720461833807126,0.6580834689610712,0.7552880872991424,,,validation
~asp_jupiter_sun_square & ~asp_jupiter_venus_conj,2,5,-0.10797292797443343,-0.05797292797443343,0.444659762587587,0.04611965347344109,0.09611965347344109,0.48856008237156595,0.39244042889812486,-0.1437740946253317,-0.0937740946253317,0.6615139926738107,0.7552880872991424,,,validation
asp_jupiter_saturn_square & ~mercury_retro,2,4,-0.5176752980139416,-0.4776752980139416,0.0249573925480788,0.0459442361848734,0.0859442361848734,0.47838466508299826,0.39244042889812486,-0.757785966446839,-0.717785966446839,0.03750212085230338,0.7552880872991424,,,validation
~asp_jupiter_sun_opp & ~asp_jupiter_sun_square,2,5,-0.03494893268617878,0.01505106731382122,0.5176837578758416,0.04574866156670958,0.09574866156670958,0.48818909046483444,0.39244042889812486,-0.12957832833064747,-0.07957832833064749,0.675709758968495,0.7552880872991424,,,validation
~mars_sign_cancer & ~mars_sign_leo,2,5,-0.09584215812344145,-0.045842158123441445,0.456790532438579,0.0457154147041917,0.0957154147041917,0.48815584360231656,0.39244042889812486,-0.015697065918272537,0.034302934081727465,0.7895910213808699,0.7552880872991424,,,validation
~mercury_sign_cancer & ~mercury_sign_gemini,2,5,-0.08735517061213978,-0.037355170612139776,0.46527751994988065,0.04553018553054754,0.09553018553054754,0.4879706144286724,0.39244042889812486,-0.1941070825146783,-0.1441070825146783,0.6111810047844641,0.7552880872991424,,,validation
~jupiter_sign_gemini & ~venus_sign_scorpio,2,5,-0.06746617523870242,-0.01746617523870242,0.485166515323318,0.04537689518214248,0.09537689518214248,0.48781732408026734,0.39244042889812486,-0.22547133366267574,-0.17547133366267575,0.5798167536364667,0.7552880872991424,,,validation
~asp_jupiter_venus_trine & ~venus_sign_scorpio,2,5,-0.07736144513074807,-0.027361445130748063,0.47527124543127236,0.045370292608946636,0.09537029260894664,0.4878107215070715,0.39244042889812486,-0.15800635083218323,-0.10800635083218324,0.6472817364669592,0.7552880872991424,,,validation
~asp_saturn_sun_sextile & ~jupiter_sign_capricorn,2,5,-0.09080083653241029,-0.04080083653241029,0.46183185402961013,0.045302564702335055,0.09530256470233506,0.4877429936004599,0.39244042889812486,-0.02632608933529053,0.023673910664709474,0.7789619979638519,0.7552880872991424,,,validation
~sun_sign_virgo & ~venus_sign_scorpio,2,5,-0.04232397456578636,0.00767602543421364,0.5103087159962341,0.045140667268966914,0.09514066726896692,0.4875810961670918,0.39244042889812486,-0.14215443892036744,-0.09215443892036745,0.663133648378775,0.7552880872991424,,,validation
~mercury_sign_gemini & ~venus_sign_scorpio,2,5,-0.0027798784828175355,0.04722012151718247,0.5498528120792029,0.045102543075972654,0.09510254307597266,0.4875429719740975,0.39244042889812486,-0.20753667513563318,-0.1575366751356332,0.5977514121635092,0.7552880872991424,,,validation
~asp_jupiter_venus_conj & ~venus_sign_sagittarius,2,5,-0.10592456699577658,-0.05592456699577658,0.44670812356624384,0.04505177845468704,0.09505177845468704,0.4874922073528119,0.39244042889812486,-0.17808282439559936,-0.12808282439559937,0.6272052629035431,0.7552880872991424,,,validation
~jupiter_sign_capricorn & mars_sign_virgo,2,4,-0.61603940860801,-0.57603940860801,-0.07340671804598957,0.04500095067972019,0.08500095067972019,0.47744137957784505,0.39244042889812486,-0.3014350897589391,-0.26143508975893914,0.4938529975402033,0.7552880872991424,,,validation
~mars_sign_sagittarius & mercury_sign_taurus,2,4,-0.4144138453891624,-0.37441384538916245,0.12821884517285798,0.044853081174192545,0.08485308117419255,0.4772935100723174,0.39244042889812486,-0.998535007865655,-0.9585350078656549,-0.20324692056651245,0.7552880872991424,,,validation
~jupiter_sign_gemini & mercury_sign_taurus,2,4,-0.47248709084838325,-0.43248709084838327,0.07014559971363715,0.044853081174192545,0.08485308117419255,0.4772935100723174,0.39244042889812486,-1.0274399805971488,-0.9874399805971488,-0.23215189329800634,0.7552880872991424,,,validation
~asp_jupiter_venus_square & ~mars_sign_cancer,2,5,-0.17287733440529274,-0.12287733440529275,0.3797553561567277,0.04467666134559299,0.094676661345593,0.48711709024371785,0.39244042889812486,0.025400184282024882,0.07540018428202488,0.8306882715811673,0.7552880872991424,,,validation
~asp_saturn_venus_sextile & venus_retro,2,4,-0.7364394149661512,-0.6964394149661511,-0.19380672440413074,0.04458675858328374,0.08458675858328374,0.4770271874814086,0.39244042889812486,-0.977160909812354,-0.937160909812354,-0.18187282251321155,0.7552880872991424,,,validation
~asp_jupiter_venus_square & mars_sign_pisces,2,4,-0.22843560770261115,-0.18843560770261114,0.3141970828594093,0.044429062227098616,0.08442906222709862,0.4768694911252235,0.39244042889812486,-0.8420248139766386,-0.8020248139766386,-0.04673672667749619,0.7552880872991424,,,validation
~asp_mars_venus_sextile,1,2,-0.044035004095106065,-0.02403500409510606,0.47859768646691436,0.044336408990756485,0.06433640899075649,0.45677683788888135,0.39244042889812486,-0.08722055828854046,-0.06722055828854046,0.688067529010602,0.7552880872991424,,,validation
~mars_sign_leo & ~mars_sign_scorpio,2,5,-0.11230959109189938,-0.062309591091899375,0.44032309947012105,0.04430235451599761,0.09430235451599761,0.48674278341412247,0.39244042889812486,-0.18934799938207408,-0.1393479993820741,0.6159400879170683,0.7552880872991424,,,validation
~mercury_station & ~sun_sign_virgo,2,5,-0.2093214398227996,-0.15932143982279962,0.3433112507392208,0.04405087820181085,0.09405087820181085,0.4864913070999357,0.39244042889812486,0.03991522414611341,0.08991522414611341,0.8452033114452558,0.7552880872991424,,,validation
~asp_mars_venus_sextile & ~mercury_station,2,5,-0.2193549842181866,-0.16935498421818662,0.3332777063438338,0.044023199279268996,0.094023199279269,0.48646362817739386,0.39244042889812486,-0.00035812568135625,0.04964187431864375,0.8049299616177862,0.7552880872991424,,,validation
~mars_sign_taurus & ~sun_sign_libra,2,5,0.053577890972122996,0.103577890972123,0.6062105815341434,0.04400564743214129,0.09400564743214129,0.48644607633026615,0.39244042889812486,-0.205100543600451,-0.155100543600451,0.6001875436986914,0.7552880872991424,,,validation
~saturn_sign_gemini & ~sun_sign_virgo,2,5,-0.05639344153273003,-0.0063934415327300265,0.4962392490292904,0.04377349734438672,0.09377349734438672,0.4862139262425116,0.39244042889812486,-0.05622993770142966,-0.006229937701429655,0.7490581495977128,0.7552880872991424,,,validation
~asp_jupiter_venus_conj & ~asp_mars_venus_sextile,2,5,-0.07828881346559798,-0.028288813465597973,0.47434387709642245,0.0437734097820766,0.0937734097820766,0.48621383868020146,0.39244042889812486,-0.1605158282289753,-0.11051582822897532,0.6447722590701671,0.7552880872991424,,,validation
~asp_jupiter_venus_conj & jupiter_sign_sagittarius,2,4,-0.15862079710721091,-0.1186207971072109,0.3840118934548095,0.0435512875521478,0.0835512875521478,0.47599171645027266,0.39244042889812486,-0.6398268497481752,-0.5998268497481751,0.15546123755096733,0.7552880872991424,,,validation
~asp_jupiter_sun_square & ~asp_saturn_sun_sextile,2,5,-0.12033048318286656,-0.07033048318286655,0.43230220737915387,0.043434878604529145,0.09343487860452915,0.485875307502654,0.39244042889812486,-0.05768946000597393,-0.007689460005973925,0.7475986272931685,0.7552880872991424,,,validation
~asp_jupiter_sun_opp & ~asp_mars_venus_sextile,2,5,0.0111704114179592,0.0611704114179592,0.5638031019799796,0.04337767270206459,0.0933776727020646,0.48581810160018946,0.39244042889812486,-0.13850752812291361,-0.08850752812291363,0.6667805591762288,0.7552880872991424,,,validation
~asp_jupiter_mars_conj & ~asp_jupiter_sun_sextile,2,5,-0.14042065357004097,-0.09042065357004098,0.41221203699197945,0.043315610002461744,0.09331561000246175,0.4857560389005866,0.39244042889812486,-0.11195000152635855,-0.061950001526358545,0.6933380857727839,0.7552880872991424,,,validation
~asp_jupiter_venus_trine & ~venus_sign_cancer,2,5,-0.09648536954945715,-0.046485369549457145,0.4561473210125633,0.04330640309339005,0.09330640309339006,0.4857468319915149,0.39244042889812486,-0.13254700200223463,-0.08254700200223464,0.6727410852969078,0.7552880872991424,,,validation
~asp_saturn_venus_sextile & ~mercury_sign_gemini,2,5,-0.11819263495587114,-0.06819263495587113,0.4344400556061493,0.04284261144221861,0.09284261144221861,0.4852830403403435,0.39244042889812486,-0.13615812203459848,-0.0861581220345985,0.6691299652645439,0.7552880872991424,,,validation
~asp_jupiter_venus_square & ~mars_sign_taurus,2,5,-0.17157214499245999,-0.12157214499246,0.3810605455695604,0.04276343703027789,0.0927634370302779,0.48520386592840276,0.39244042889812486,-0.041873620285568694,0.008126379714431309,0.7634144670135737,0.7552880872991424,,,validation
~asp_jupiter_mars_conj & ~mars_sign_leo,2,5,-0.07110021606874108,-0.021100216068741073,0.48153247449327935,0.042526468448754504,0.0925264684487545,0.48496689734687937,0.39244042889812486,-0.17432181884174353,-0.12432181884174354,0.6309662684573989,0.7552880872991424,,,validation
~asp_jupiter_venus_trine,1,2,-0.07298436958574865,-0.05298436958574865,0.4496483209762718,0.04251868302626667,0.06251868302626667,0.45495911192439153,0.39244042889812486,-0.0313762538675245,-0.0113762538675245,0.7439118334316179,0.7552880872991424,,,validation
~mars_sign_leo & mercury_sign_taurus,2,4,-0.4187948552832562,-0.37879485528325624,0.12383783527876419,0.04246982163565347,0.08246982163565347,0.47491025053377833,0.39244042889812486,-0.9091156830773346,-0.8691156830773346,-0.11382759577819214,0.7552880872991424,,,validation
~asp_jupiter_venus_trine & ~sun_sign_cancer,2,5,-0.1191367760694937,-0.0691367760694937,0.4334959144925267,0.04218180269983367,0.09218180269983367,0.48462223159795853,0.39244042889812486,-0.22092899464087773,-0.17092899464087774,0.5843590926582647,0.7552880872991424,,,validation
mars_sign_aries & ~saturn_sign_virgo,2,4,-0.43175136852577795,-0.39175136852577797,0.11088132203624247,0.04207288436054788,0.08207288436054788,0.47451331325867274,0.39244042889812486,-0.20896588667043545,-0.16896588667043544,0.586322200628707,0.7552880872991424,,,validation
~asp_jupiter_sun_sextile & jupiter_sign_sagittarius,2,4,-0.1995262386433259,-0.15952623864332588,0.34310645191869454,0.04200725271207432,0.08200725271207432,0.4744476816101992,0.39244042889812486,-0.6604511693853014,-0.6204511693853013,0.13483691791384111,0.7552880872991424,,,validation
~asp_mars_venus_sextile & ~sun_sign_libra,2,5,0.03930054877687632,0.08930054877687632,0.5919332393388967,0.041859438436264426,0.09185943843626443,0.4842998673343893,0.39244042889812486,-0.20030600435978646,-0.15030600435978647,0.604982082939356,0.7552880872991424,,,validation
~asp_mars_venus_sextile & ~sun_sign_cancer,2,5,-0.07534153324450556,-0.025341533244505554,0.47729115731751487,0.04148871901718919,0.09148871901718919,0.48392914791531405,0.39244042889812486,-0.26057827858861343,-0.21057827858861344,0.544709808710529,0.7552880872991424,,,validation
~jupiter_sign_gemini & mercury_sign_sagittarius,2,4,-0.024291135715090638,0.015708864284909363,0.5183415548469298,0.041326539489248394,0.0813265394892484,0.47376696838737326,0.39244042889812486,-0.6366511212822228,-0.5966511212822228,0.1586369660169197,0.7552880872991424,,,validation
~asp_jupiter_venus_conj & ~asp_jupiter_venus_trine,2,5,-0.10484793761921736,-0.05484793761921736,0.44778475294280307,0.041307185698304424,0.09130718569830443,0.4837476145964293,0.39244042889812486,-0.10507253960088643,-0.05507253960088643,0.700215547698256,0.7552880872991424,,,validation
~asp_mars_venus_conj,1,2,-0.03640107187205237,-0.016401071872052364,0.48623161868996806,0.04130358223140891,0.061303582231408915,0.4537440111295338,0.39244042889812486,-0.0466865869135623,-0.026686586913562294,0.7286015003855801,0.7552880872991424,,,validation
~jupiter_sign_cancer & ~mercury_sign_cancer,2,5,-0.13450596177094554,-0.08450596177094555,0.4181267287910749,0.041222709586568415,0.09122270958656842,0.4836631384846933,0.39244042889812486,-0.2660088878961812,-0.21600888789618122,0.5392791994029612,0.7552880872991424,,,validation
~jupiter_sign_gemini & ~mercury_station,2,5,-0.27710495181066425,-0.22710495181066426,0.27552773875135617,0.04120356298812276,0.09120356298812277,0.4836439918862476,0.39244042889812486,-0.06005867379047143,-0.010058673790471429,0.745229413508671,0.7552880872991424,,,validation
~asp_jupiter_sun_opp & ~asp_jupiter_venus_trine,2,5,-0.03195378846286885,0.01804621153713115,0.5206789020991516,0.041007380719071326,0.09100738071907133,0.4834478096171962,0.39244042889812486,-0.09082979951684929,-0.040829799516849286,0.7144582877822931,0.7552880872991424,,,validation
~asp_jupiter_sun_square & ~sun_sign_capricorn,2,5,-0.18326153771815956,-0.13326153771815957,0.36937115284386085,0.04089252747956411,0.09089252747956411,0.48333295637768897,0.39244042889812486,-0.1903214942683083,-0.1403214942683083,0.6149665930308341,0.7552880872991424,,,validation
~asp_mars_venus_sextile & ~venus_sign_cancer,2,5,-0.060502323759965296,-0.010502323759965293,0.49213036680205513,0.04072433047566219,0.0907243304756622,0.48316475937378706,0.39244042889812486,-0.17910480807396717,-0.12910480807396718,0.6261832792251752,0.7552880872991424,,,validation
~asp_jupiter_sun_opp & ~mercury_sign_gemini,2,5,0.037958149641318537,0.08795814964131854,0.590590840203339,0.04068954551528835,0.09068954551528835,0.4831299744134132,0.39244042889812486,-0.13363818033041447,-0.08363818033041448,0.671649906968728,0.7552880872991424,,,validation
~asp_saturn_venus_sextile & ~jupiter_sign_capricorn,2,5,-0.1590027234057496,-0.10900272340574962,0.3936299671562708,0.040602302078095606,0.09060230207809561,0.48304273097622047,0.39244042889812486,-0.05979727426224131,-0.009797274262241307,0.7454908130369011,0.7552880872991424,,,validation
~asp_jupiter_venus_trine & ~asp_saturn_sun_sextile,2,5,-0.1086042180782087,-0.0586042180782087,0.4440284724838117,0.040380982688442854,0.09038098268844286,0.4828214115865677,0.39244042889812486,-0.012720291022874045,0.03727970897712596,0.7925677962762684,0.7552880872991424,,,validation
~asp_jupiter_sun_square & ~jupiter_ingress_1d,2,5,-0.12859548514823782,-0.07859548514823783,0.4240372054137826,0.04032076967978808,0.09032076967978808,0.48276119857791294,0.39244042889812486,-0.11121935186032823,-0.06121935186032823,0.6940687354388142,0.7552880872991424,,,validation
~asp_jupiter_sun_sextile & ~mercury_sign_gemini,2,5,-0.14113832547279015,-0.09113832547279016,0.41149436508923026,0.04031106400713695,0.09031106400713695,0.4827514929052618,0.39244042889812486,-0.09729375709106232,-0.047293757091062316,0.7079943302080801,0.7552880872991424,,,validation
~asp_jupiter_venus_conj & ~asp_mars_venus_conj,2,5,-0.07589406836886593,-0.02589406836886593,0.4767386221931545,0.040303511740022044,0.09030351174002205,0.4827439406381469,0.39244042889812486,-0.11568918258193424,-0.06568918258193424,0.6895989047172082,0.7552880872991424,,,validation
~asp_jupiter_venus_trine & ~sun_sign_capricorn,2,5,-0.19389724514229123,-0.14389724514229124,0.3587354454197292,0.039862987209596676,0.08986298720959668,0.48230341610772154,0.39244042889812486,-0.15502865542830774,-0.10502865542830775,0.6502594318708347,0.7552880872991424,,,validation
~asp_jupiter_mars_conj & ~venus_sign_scorpio,2,5,-0.011507395147971791,0.03849260485202821,0.5411252954140486,0.03973095480265025,0.08973095480265025,0.4821713837007751,0.39244042889812486,-0.2382322098765836,-0.18823220987658362,0.5670558774225588,0.7552880872991424,,,validation
~asp_jupiter_sun_opp & ~jupiter_sign_gemini,2,5,-0.009565694676290051,0.04043430532370995,0.5430669958857304,0.03951611537931392,0.08951611537931392,0.4819565442774388,0.39244042889812486,-0.16686165179093532,-0.11686165179093533,0.6384264355082071,0.7552880872991424,,,validation
~asp_jupiter_sun_opp & ~mercury_station,2,5,-0.21526711156503564,-0.16526711156503565,0.33736557899698477,0.03942014928035624,0.08942014928035624,0.4818605781784811,0.39244042889812486,0.010670376612542817,0.06067037661254282,0.8159584639116853,0.7552880872991424,,,validation
~asp_jupiter_venus_square & ~asp_saturn_sun_trine,2,5,-0.18662996995490067,-0.13662996995490068,0.36600272060711975,0.038626595423335616,0.08862659542333562,0.4810670243214605,0.39244042889812486,-0.0029363265525091525,0.04706367344749085,0.8023517607466333,0.7552880872991424,,,validation
~asp_jupiter_sun_sextile & venus_retro,2,4,-0.7106330426112827,-0.6706330426112826,-0.16800035204926225,0.03830136049959818,0.07830136049959818,0.47074178939772304,0.39244042889812486,-1.0614445654603604,-1.0214445654603603,-0.2661564781612179,0.7552880872991424,,,validation
~asp_saturn_sun_trine & ~sun_sign_libra,2,5,0.02268503260243375,0.07268503260243375,0.5753177231644542,0.03791695433016172,0.08791695433016172,0.4803573832282866,0.39244042889812486,-0.14521252367368392,-0.09521252367368394,0.6600755636254585,0.7552880872991424,,,validation
~asp_mars_venus_sextile & ~jupiter_ingress_1d,2,5,-0.09616066278362213,-0.04616066278362213,0.4564720277783983,0.03789319020498154,0.08789319020498154,0.4803336191031064,0.39244042889812486,-0.1285715549103536,-0.07857155491035361,0.6767165323887888,0.7552880872991424,,,validation
~asp_mars_venus_sextile & ~saturn_ingress_1d,2,5,-0.07392510793901626,-0.023925107939016255,0.47870758262300417,0.03761634711443383,0.08761634711443383,0.4800567760125587,0.39244042889812486,-0.16402175384763978,-0.1140217538476398,0.6412663334515026,0.7552880872991424,,,validation
~mars_sign_scorpio & mercury_sign_sagittarius,2,4,-0.15277331308715783,-0.11277331308715782,0.3898593774748626,0.03755820707698513,0.07755820707698513,0.46999863597511,0.39244042889812486,-0.7549630014953297,-0.7149630014953297,0.04032508580381272,0.7552880872991424,,,validation
~asp_jupiter_saturn_trine & ~sun_sign_libra,2,5,0.10567620206711763,0.15567620206711763,0.658308892629138,0.037475920807229265,0.08747592080722927,0.47991634970535413,0.39244042889812486,-0.1851833392085835,-0.1351833392085835,0.6201047480905589,0.7552880872991424,,,validation
asp_mercury_saturn_opp & ~mars_sign_sagittarius,2,4,-0.27291323791893485,-0.23291323791893487,0.26971945264308556,0.03728819481922561,0.07728819481922561,0.46972862371735047,0.39244042889812486,-0.6896214474646126,-0.6496214474646126,0.10566663983452987,0.7552880872991424,,,validation
~asp_saturn_sun_trine & ~asp_saturn_venus_sextile,2,5,-0.16237479234982882,-0.11237479234982883,0.3902578982121916,0.037058470481206626,0.08705847048120663,0.4794988993793315,0.39244042889812486,-0.08975140412138578,-0.03975140412138578,0.7155366831777566,0.7552880872991424,,,validation
~asp_jupiter_sun_sextile & ~mars_sign_leo,2,5,-0.1424258144075975,-0.0924258144075975,0.4102068761544229,0.036944165493678835,0.08694416549367884,0.4793845943918037,0.39244042889812486,-0.09702073438564858,-0.04702073438564858,0.7082673529134939,0.7552880872991424,,,validation
~mars_sign_scorpio & ~mercury_retro,2,5,-0.29830762618242374,-0.24830762618242375,0.2543250643795967,0.03689442244432577,0.08689442244432577,0.47933485134245063,0.39244042889812486,-0.15813685726322618,-0.1081368572632262,0.6471512300359162,0.7552880872991424,,,validation
~asp_saturn_sun_sextile & ~mercury_sign_gemini,2,5,-0.04776918947754612,0.0022308105224538854,0.5048635010844743,0.03672828763688317,0.08672828763688317,0.47916871653500803,0.39244042889812486,-0.046245209220924746,0.0037547907790752566,0.7590428780782177,0.7552880872991424,,,validation
~asp_mars_venus_sextile & ~venus_sign_scorpio,2,5,-0.04685524636875012,0.003144753631249886,0.5057774441932703,0.03664356559302649,0.0866435655930265,0.47908399449115135,0.39244042889812486,-0.2172142187751525,-0.16721421877515252,0.5880738685239899,0.7552880872991424,,,validation
~asp_mars_venus_conj & ~asp_saturn_sun_sextile,2,5,-0.07103469709088213,-0.021034697090882126,0.4815979934711383,0.036641516480367384,0.08664151648036739,0.47908194537849225,0.39244042889812486,-0.020176440740263882,0.02982355925973612,0.7851116465588786,0.7552880872991424,,,validation
~asp_saturn_venus_sextile & ~mercury_retro,2,5,-0.3659549383000387,-0.31595493830003873,0.18667775226198172,0.03662498472461316,0.08662498472461316,0.479065413622738,0.39244042889812486,-0.06606626744242412,-0.01606626744242412,0.7392218198567183,0.7552880872991424,,,validation
~mercury_sign_cancer & ~venus_sign_sagittarius,2,5,-0.17092682150892913,-0.12092682150892914,0.3817058690530913,0.03656976902077362,0.08656976902077362,0.4790101979188985,0.39244042889812486,-0.24519080127666487,-0.19519080127666488,0.5600972860224775,0.7552880872991424,,,validation
~mars_sign_scorpio & ~sun_sign_capricorn,2,5,-0.17978117286190765,-0.12978117286190766,0.37285151770011277,0.036567644160534804,0.0865676441605348,0.47900807305865967,0.39244042889812486,-0.24784801639857817,-0.19784801639857819,0.5574400709005642,0.7552880872991424,,,validation
mercury_sign_sagittarius,1,1,-0.025813731632138397,-0.015813731632138395,0.48681895892988203,0.03650363979038019,0.04650363979038019,0.43894406868850505,0.39244042889812486,-0.6003348637283995,-0.5903348637283995,0.16495322357074294,0.7552880872991424,,,validation
mars_sign_virgo & ~mercury_retro,2,4,-0.606673174413773,-0.566673174413773,-0.06404048385175255,0.03644325964618215,0.07644325964618215,0.468883688544307,0.39244042889812486,-0.4344882466475924,-0.3944882466475924,0.36079984065155,0.7552880872991424,,,validation
~mercury_sign_gemini & ~mercury_station,2,5,-0.20078643224967646,-0.15078643224967647,0.35184625831234395,0.03644016885692784,0.08644016885692785,0.4788805977550527,0.39244042889812486,0.007000601550766247,0.05700060155076625,0.8122886888499087,0.7552880872991424,,,validation
~asp_mars_venus_conj & ~mars_sign_cancer,2,5,-0.09152923561645217,-0.041529235616452165,0.46110345494556826,0.03641791377731067,0.08641791377731067,0.47885834267543553,0.39244042889812486,-0.01941371699992274,0.030586283000077263,0.7858743702992197,0.7552880872991424,,,validation
jupiter_sign_sagittarius & ~mercury_station,2,4,-0.3090690216526782,-0.2690690216526782,0.23356366890934221,0.036099329723718966,0.07609932972371897,0.4685397586218438,0.39244042889812486,-0.5498107926177538,-0.5098107926177537,0.24547729468138874,0.7552880872991424,,,validation
~mercury_sign_cancer & ~saturn_sign_gemini,2,5,-0.10617555846415928,-0.05617555846415928,0.44645713209786114,0.03597383188674634,0.08597383188674634,0.4784142607848712,0.39244042889812486,-0.15042722656556912,-0.10042722656556913,0.6548608607335733,0.7552880872991424,,,validation
~venus_sign_sagittarius,1,2,-0.0738247281699188,-0.05382472816991879,0.44880796239210163,0.03591748263853779,0.0559174826385378,0.44835791153666266,0.39244042889812486,-0.11005922892292418,-0.09005922892292417,0.6652288583762183,0.7552880872991424,,,validation
~asp_jupiter_mars_conj & ~sun_sign_capricorn,2,5,-0.14886276297550127,-0.09886276297550128,0.40376992758651914,0.03579103233165053,0.08579103233165053,0.4782314612297754,0.39244042889812486,-0.21692687561417173,-0.16692687561417174,0.5883612116849707,0.7552880872991424,,,validation
~venus_sign_cancer & ~venus_sign_sagittarius,2,5,-0.09342724559698247,-0.04342724559698247,0.45920544496503796,0.03572180760536152,0.08572180760536152,0.4781622365034864,0.39244042889812486,-0.22174664063176813,-0.17174664063176814,0.5835414466673743,0.7552880872991424,,,validation
~asp_saturn_sun_sextile & mercury_sign_taurus,2,4,-0.41941784178851677,-0.3794178417885168,0.12321484877350364,0.03569093824180112,0.07569093824180112,0.468131367139926,0.39244042889812486,-0.9770310858666242,-0.9370310858666242,-0.18174299856748174,0.7552880872991424,,,validation
~asp_jupiter_venus_trine & ~jupiter_ingress_1d,2,5,-0.12448066252602182,-0.07448066252602181,0.4281520280359986,0.03562849908009329,0.08562849908009329,0.47806892797821815,0.39244042889812486,-0.07300250896846124,-0.023002508968461233,0.7322855783306812,0.7552880872991424,,,validation
~mercury_sign_gemini,1,2,-0.009068677586181222,0.010931322413818778,0.5135640129758392,0.035575110578278404,0.05557511057827841,0.44801553947640327,0.39244042889812486,-0.07366657963133304,-0.05366657963133303,0.7016215076678094,0.7552880872991424,,,validation
~mars_sign_taurus,1,2,-0.04697978797285039,-0.02697978797285039,0.47565290258917003,0.03497848075969347,0.05497848075969347,0.44741890965781833,0.39244042889812486,-0.07776291653096944,-0.05776291653096943,0.697525170768173,0.7552880872991424,,,validation
~jupiter_sign_capricorn & mercury_sign_taurus,2,4,-0.42528314606926393,-0.38528314606926395,0.11734954449275649,0.03496641115848762,0.07496641115848762,0.4674068400566125,0.39244042889812486,-0.9831942810704193,-0.9431942810704192,-0.1879061937712768,0.7552880872991424,,,validation
~asp_mars_venus_conj & ~jupiter_ingress_1d,2,5,-0.08512165283655872,-0.035121652836558714,0.4675110377254617,0.034771276260847625,0.08477127626084763,0.4772117051589725,0.39244042889812486,-0.08700708853241841,-0.03700708853241841,0.718280998766724,0.7552880872991424,,,validation
~asp_saturn_venus_sextile & ~mars_sign_taurus,2,5,-0.14085144811581746,-0.09085144811581747,0.41178124244620296,0.034620229818362144,0.08462022981836215,0.477060658716487,0.39244042889812486,-0.15083699443427662,-0.10083699443427663,0.6544510928648658,0.7552880872991424,,,validation
~mercury_sign_libra & venus_retro,2,4,-0.7428986381802662,-0.7028986381802662,-0.2002659476182458,0.03436262845778391,0.07436262845778391,0.46680305735590877,0.39244042889812486,-0.9834443269436629,-0.9434443269436629,-0.1881562396445204,0.7552880872991424,,,validation
~asp_mars_venus_conj & ~saturn_ingress_1d,2,5,-0.06585098340275604,-0.015850983402756036,0.4867817071592644,0.03427916734115992,0.08427916734115992,0.4767195962392848,0.39244042889812486,-0.11752122867255628,-0.06752122867255628,0.6877668586265862,0.7552880872991424,,,validation
~mars_sign_scorpio & ~sun_sign_cancer,2,5,-0.11595154556191208,-0.06595154556191207,0.43668114500010835,0.03424325259498122,0.08424325259498122,0.4766836814931061,0.39244042889812486,-0.29802138275186213,-0.24802138275186214,0.5072667045472803,0.7552880872991424,,,validation
~asp_jupiter_sun_opp & ~mars_sign_taurus,2,5,-0.0013133893345838726,0.04868661066541613,0.5513193012274366,0.03401270099684882,0.08401270099684882,0.4764531298949737,0.39244042889812486,-0.13669111875177326,-0.08669111875177327,0.6685969685473692,0.7552880872991424,,,validation
~jupiter_sign_cancer & mercury_sign_sagittarius,2,4,-0.07911301929261941,-0.0391130192926194,0.463519671269401,0.03370993831524114,0.07370993831524114,0.466150367213366,0.39244042889812486,-0.6119311959788309,-0.5719311959788309,0.1833568913203115,0.7552880872991424,,,validation
~mars_sign_taurus & ~venus_sign_cancer,2,5,-0.07236528138223443,-0.022365281382234425,0.480267409179786,0.033382985789285766,0.08338298578928577,0.47582341468741063,0.39244042889812486,-0.13144134280487302,-0.08144134280487303,0.6738467444942694,0.7552880872991424,,,validation
~mercury_sign_gemini & ~sun_sign_capricorn,2,5,-0.1360558267141488,-0.0860558267141488,0.4165768638478716,0.03329163609156781,0.08329163609156781,0.47573206498969267,0.39244042889812486,-0.19826581432449425,-0.14826581432449426,0.6070222729746482,0.7552880872991424,,,validation
~asp_jupiter_venus_square & ~asp_saturn_venus_sextile,2,5,-0.20946936822319911,-0.15946936822319913,0.3431633223388213,0.033202385572365975,0.08320238557236598,0.47564281447049084,0.39244042889812486,-0.060923874042886086,-0.010923874042886084,0.7443642132562563,0.7552880872991424,,,validation
~mars_sign_cancer & venus_retro,2,4,-0.6657446064482018,-0.6257446064482017,-0.12311191588618133,0.03310678326311554,0.07310678326311554,0.4655472121612404,0.39244042889812486,-1.007384135236178,-0.967384135236178,-0.21209604793703557,0.7552880872991424,,,validation
~asp_jupiter_saturn_trine & jupiter_sign_sagittarius,2,4,-0.14705097273855297,-0.10705097273855296,0.39558171782346746,0.03310079492597393,0.07310079492597393,0.4655412238240988,0.39244042889812486,-0.6120589687392202,-0.5720589687392201,0.1832291185599223,0.7552880872991424,,,validation
~asp_jupiter_venus_trine & ~mercury_sign_cancer,2,5,-0.17192676022058367,-0.12192676022058369,0.38070593034143674,0.032856500117114926,0.08285650011711493,0.4752969290152398,0.39244042889812486,-0.16315493409331533,-0.11315493409331534,0.6421331532058271,0.7552880872991424,,,validation
~mercury_station & ~venus_sign_scorpio,2,5,-0.20122474003267787,-0.15122474003267788,0.35140795052934254,0.03282927993654548,0.08282927993654549,0.47526970883467035,0.39244042889812486,-0.052008930977819515,-0.002008930977819512,0.7532791563213229,0.7552880872991424,,,validation
~asp_mars_venus_conj & ~sun_sign_capricorn,2,5,-0.15762969161667928,-0.10762969161667929,0.39500299894534113,0.03281220666563543,0.08281220666563543,0.4752526355637603,0.39244042889812486,-0.16543673104910167,-0.11543673104910168,0.6398513562500407,0.7552880872991424,,,validation
~sun_sign_libra & venus_retro,2,4,-0.6661553651900506,-0.6261553651900506,-0.12352267462803009,0.032619168737098116,0.07261916873709812,0.465059597635223,0.39244042889812486,-0.9795668364289495,-0.9395668364289494,-0.18427874912980705,0.7552880872991424,,,validation
~asp_jupiter_mars_conj,1,2,-0.023927243965900274,-0.003927243965900273,0.49870544659612015,0.03260265871264491,0.05260265871264491,0.44504308761076977,0.39244042889812486,-0.10321447868997656,-0.08321447868997656,0.6720736086091659,0.7552880872991424,,,validation
~asp_jupiter_sun_opp & ~asp_mars_venus_conj,2,5,0.008355229127603045,0.05835522912760305,0.5609879196896235,0.03258551614584408,0.08258551614584408,0.47502594504396894,0.39244042889812486,-0.10329952213956779,-0.05329952213956779,0.7019885651595746,0.7552880872991424,,,validation
~asp_jupiter_mars_conj & ~asp_jupiter_venus_conj,2,5,-0.06330857532155083,-0.01330857532155083,0.4893241152404696,0.03244265301875214,0.08244265301875214,0.474883081916877,0.39244042889812486,-0.17305395448138988,-0.1230539544813899,0.6322341328177525,0.7552880872991424,,,validation
~jupiter_sign_cancer & ~sun_sign_cancer,2,5,-0.07822264152703258,-0.028222641527032577,0.47441004903498785,0.032234651778339715,0.08223465177833972,0.4746750806764646,0.39244042889812486,-0.30873720606832056,-0.25873720606832057,0.49655088123082186,0.7552880872991424,,,validation
mercury_sign_sagittarius & saturn_sign_aries,2,3,-0.5326326905620204,-0.5026326905620204,0.0,0.03211613618673234,0.06211613618673234,0.4545565650848572,0.39244042889812486,-0.7852880872991425,-0.7552880872991424,0.0,0.7552880872991424,,,validation
~jupiter_ingress_1d & ~mercury_sign_gemini,2,5,-0.0627192366912105,-0.0127192366912105,0.4899134538708099,0.032035576713134326,0.08203557671313433,0.4744760056112592,0.39244042889812486,-0.11935355503722418,-0.06935355503722418,0.6859345322619183,0.7552880872991424,,,validation
~asp_jupiter_sun_sextile & ~asp_saturn_sun_trine,2,5,-0.1793387552833401,-0.1293387552833401,0.3732939352786803,0.03195417085623013,0.08195417085623014,0.474394599754355,0.39244042889812486,-0.06032943585997648,-0.010329435859976477,0.744958651439166,0.7552880872991424,,,validation
~mars_sign_leo & ~venus_sign_scorpio,2,5,-0.049364554324864265,0.0006354456751357374,0.5032681362371562,0.03184803446853633,0.08184803446853633,0.4742884633666612,0.39244042889812486,-0.18765904652847892,-0.13765904652847893,0.6176290407706635,0.7552880872991424,,,validation
~asp_jupiter_sun_opp & ~venus_sign_sagittarius,2,5,-0.017559294667376227,0.032440705332623776,0.5350733958946442,0.03159723955984571,0.08159723955984571,0.4740376684579706,0.39244042889812486,-0.17009859548213818,-0.12009859548213819,0.6351894918170042,0.7552880872991424,,,validation
~asp_mars_venus_conj & ~venus_sign_scorpio,2,5,-0.0204251534781857,0.029574846521814302,0.5322075370838347,0.031336106047544984,0.08133610604754499,0.47377653494566985,0.39244042889812486,-0.1705903952007411,-0.12059039520074111,0.6346976920984013,0.7552880872991424,,,validation
jupiter_sign_sagittarius & ~venus_sign_cancer,2,4,-0.13101843171527824,-0.09101843171527824,0.4116142588467422,0.031326294095002406,0.07132629409500241,0.46376672299312727,0.39244042889812486,-0.630330740665288,-0.590330740665288,0.16495734663385445,0.7552880872991424,,,validation
~asp_jupiter_sun_sextile & ~asp_saturn_venus_sextile,2,5,-0.2034382917936431,-0.1534382917936431,0.3491943987683773,0.03121435392603665,0.08121435392603665,0.4736547828241615,0.39244042889812486,-0.07661590548673654,-0.026615905486736535,0.7286721818124059,0.7552880872991424,,,validation
~asp_jupiter_sun_opp & ~mars_sign_cancer,2,5,-0.018733039034910262,0.03126696096508974,0.5338996515271102,0.031148970699348508,0.08114897069934851,0.47358939959747337,0.39244042889812486,-0.021567192206780897,0.028432807793219106,0.7837208950923615,0.7552880872991424,,,validation
~asp_jupiter_mars_conj & ~asp_jupiter_sun_opp,2,5,0.013471669017143514,0.06347166901714352,0.5661043595791639,0.030988008383182317,0.08098800838318232,0.4734284372813072,0.39244042889812486,-0.16333857215913666,-0.11333857215913667,0.6419495151400058,0.7552880872991424,,,validation
~mars_sign_taurus & ~sun_sign_capricorn,2,5,-0.16762966944787816,-0.11762966944787817,0.38500302111414225,0.030984870705135878,0.08098487070513588,0.47342529960326074,0.39244042889812486,-0.1966337671856329,-0.14663376718563292,0.6086543201135095,0.7552880872991424,,,validation
~jupiter_ingress_1d & ~mars_sign_cancer,2,5,-0.10115109544035457,-0.051151095440354566,0.45148159512166586,0.030901936413766137,0.08090193641376614,0.473342365311891,0.39244042889812486,0.010041878322340422,0.060041878322340425,0.8153299656214829,0.7552880872991424,,,validation
~asp_jupiter_venus_conj & ~mars_sign_taurus,2,5,-0.08086916190972783,-0.030869161909727827,0.4717635286522926,0.030899280293672768,0.08089928029367277,0.47333970919179763,0.39244042889812486,-0.15030268306365707,-0.10030268306365708,0.6549854042354853,0.7552880872991424,,,validation
asp_mercury_saturn_opp & ~saturn_sign_virgo,2,4,-0.21708713773200514,-0.17708713773200513,0.3255455528300153,0.030887302911483873,0.07088730291148387,0.46332773180960873,0.39244042889812486,-0.6896214474646126,-0.6496214474646126,0.10566663983452987,0.7552880872991424,,,validation
~mars_sign_scorpio & ~venus_sign_sagittarius,2,5,-0.16381431540291236,-0.11381431540291237,0.38881837515910805,0.030838365231608086,0.08083836523160809,0.47327879412973295,0.39244042889812486,-0.25375725108781005,-0.20375725108781007,0.5515308362113324,0.7552880872991424,,,validation
~asp_saturn_sun_trine & ~venus_sign_sagittarius,2,5,-0.1448256018725833,-0.09482560187258332,0.4078070886894371,0.030509161477296584,0.08050916147729659,0.47294959037542145,0.39244042889812486,-0.11997110150852104,-0.06997110150852104,0.6853169857906214,0.7552880872991424,,,validation
~mercury_station,1,2,-0.20724101712023144,-0.18724101712023145,0.315391673441789,0.030454530676777797,0.0504545306767778,0.44289495957490266,0.39244042889812486,0.0687769661901211,0.0887769661901211,0.8440650534892635,0.7552880872991424,,,validation
~asp_jupiter_mars_conj & ~mars_sign_cancer,2,5,-0.089798190200385,-0.039798190200385,0.4628345003616354,0.030433549928795864,0.08043354992879587,0.4728739788269207,0.39244042889812486,-0.07579106655976615,-0.02579106655976615,0.7294970207393763,0.7552880872991424,,,validation
jupiter_sign_scorpio & ~mercury_sign_cancer,2,4,-0.44162581077207747,-0.4016258107720775,0.10100687978994295,0.030352971513604478,0.07035297151360448,0.46279340041172934,0.39244042889812486,-0.6033400625767953,-0.5633400625767953,0.19194802472234715,0.7552880872991424,,,validation
~asp_saturn_sun_sextile & ~jupiter_sign_gemini,2,5,-0.09373345000887597,-0.04373345000887596,0.45889924055314446,0.030312686982833112,0.08031268698283311,0.472753115880958,0.39244042889812486,-0.05667331980101649,-0.006673319801016486,0.7486147674981259,0.7552880872991424,,,validation
~asp_jupiter_mars_conj & ~venus_sign_cancer,2,5,-0.05191495388753116,-0.0019149538875311567,0.5007177366744893,0.03029193195345546,0.08029193195345546,0.4727323608515803,0.39244042889812486,-0.21502933027631727,-0.16502933027631728,0.5902587570228252,0.7552880872991424,,,validation
~asp_jupiter_sun_square & ~saturn_ingress_1d,2,5,-0.10949686588773806,-0.05949686588773806,0.44313582467428236,0.03014667567973843,0.08014667567973843,0.4725871045778633,0.39244042889812486,-0.14104969138242324,-0.09104969138242325,0.6642383959167192,0.7552880872991424,,,validation
jupiter_sign_sagittarius & ~sun_sign_cancer,2,4,-0.12387499056678472,-0.08387499056678471,0.4187576999952357,0.030010303637850934,0.07001030363785093,0.4624507325359758,0.39244042889812486,-0.6458030970680659,-0.6058030970680659,0.14948499023107656,0.7552880872991424,,,validation
~asp_saturn_sun_trine & ~sun_sign_cancer,2,5,-0.09654849391388166,-0.04654849391388166,0.45608419664813876,0.030005233664723005,0.08000523366472301,0.47244566256284787,0.39244042889812486,-0.18232802063223558,-0.1323280206322356,0.6229600666669068,0.7552880872991424,,,validation
~asp_mars_venus_conj & ~mercury_sign_cancer,2,5,-0.12757712268894295,-0.07757712268894296,0.42505556787307747,0.02990710068519363,0.07990710068519363,0.4723475295833185,0.39244042889812486,-0.1894771371965715,-0.1394771371965715,0.6158109501025709,0.7552880872991424,,,validation
~asp_jupiter_venus_square & mercury_sign_taurus,2,4,-0.4593811381226965,-0.4193811381226965,0.08325155243932394,0.029867783698934038,0.06986778369893404,0.4623082125970589,0.39244042889812486,-0.9388111714673261,-0.898811171467326,-0.14352308416818363,0.7552880872991424,,,validation
~saturn_ingress_1d & ~venus_sign_sagittarius,2,5,-0.09552996940189735,-0.04552996940189735,0.45710272116012307,0.029743006283197246,0.07974300628319725,0.4721834351813221,0.39244042889812486,-0.1792137639159362,-0.1292137639159362,0.6260743233832062,0.7552880872991424,,,validation
jupiter_sign_sagittarius & ~mars_sign_scorpio,2,4,-0.16647671273446882,-0.1264767127344688,0.3761559778275516,0.02945167662077095,0.06945167662077095,0.4618921055188958,0.39244042889812486,-0.5976282131611175,-0.5576282131611174,0.19765987413802505,0.7552880872991424,,,validation
~asp_jupiter_sun_opp & ~mars_sign_scorpio,2,5,-0.0015928385369127912,0.04840716146308721,0.5510398520251076,0.029424614181647976,0.07942461418164798,0.47186504307977284,0.39244042889812486,-0.1631430752130309,-0.11314307521303091,0.6421450120861115,0.7552880872991424,,,validation
~mars_sign_scorpio & ~venus_sign_cancer,2,5,-0.09245597273785557,-0.04245597273785556,0.46017671782416486,0.029383275756160607,0.07938327575616061,0.47182370465428547,0.39244042889812486,-0.21873493775878577,-0.16873493775878579,0.5865531495403566,0.7552880872991424,,,validation
~asp_jupiter_mars_conj & ~asp_saturn_sun_sextile,2,5,-0.05438862121211803,-0.004388621212118027,0.4982440693499024,0.029326245851941143,0.07932624585194115,0.471766674750066,0.39244042889812486,-0.12638763078073306,-0.07638763078073307,0.6789004565184094,0.7552880872991424,,,validation
mars_sign_pisces & ~mercury_sign_gemini,2,4,-0.22459818817175345,-0.18459818817175344,0.318034502390267,0.029289821080140922,0.06928982108014092,0.4617302499782658,0.39244042889812486,-0.902398252802768,-0.8623982528027679,-0.10711016550362551,0.7552880872991424,,,validation
~asp_jupiter_mars_conj & ~asp_mars_venus_sextile,2,5,-0.06768771569120775,-0.01768771569120775,0.4849449748708127,0.029246395395658972,0.07924639539565898,0.47168682429378384,0.39244042889812486,-0.19764780655993613,-0.14764780655993615,0.6076402807392063,0.7552880872991424,,,validation
~sun_sign_cancer & ~sun_sign_libra,2,5,0.05972720597992802,0.10972720597992802,0.6123598965419484,0.029230940902672295,0.0792309409026723,0.47167136980079716,0.39244042889812486,-0.3108259141986457,-0.2608259141986457,0.4944621731004967,0.7552880872991424,,,validation
~asp_saturn_venus_sextile & ~sun_sign_cancer,2,5,-0.1444153707208526,-0.0944153707208526,0.4082173198411678,0.02922827879260502,0.07922827879260502,0.4716687076907299,0.39244042889812486,-0.25212498151033497,-0.20212498151033498,0.5531631057888075,0.7552880872991424,,,validation
~mercury_sign_gemini & ~sun_sign_cancer,2,5,-0.07229966314193122,-0.022299663141931214,0.4803330274200892,0.0291524118929241,0.0791524118929241,0.47159284079104896,0.39244042889812486,-0.26567260759658423,-0.21567260759658424,0.5396154797025582,0.7552880872991424,,,validation
~mercury_retro & mercury_sign_sagittarius,2,4,-0.11348067042123419,-0.07348067042123418,0.42915202014078624,0.02895073271350216,0.06895073271350216,0.461391161611627,0.39244042889812486,-0.6917834126025153,-0.6517834126025153,0.10350467469662722,0.7552880872991424,,,validation
asp_jupiter_saturn_square & ~asp_saturn_sun_trine,2,4,-0.3748130616787932,-0.3348130616787932,0.1678196288832272,0.028931699962485992,0.06893169996248599,0.46137212886061085,0.39244042889812486,-0.46899316112045614,-0.42899316112045616,0.3262949261786863,0.7552880872991424,,,validation
~asp_jupiter_venus_square & mercury_sign_sagittarius,2,4,-0.16437436555566323,-0.12437436555566322,0.3782583250063572,0.028418017982276646,0.06841801798227665,0.4608584468804015,0.39244042889812486,-0.6878417091728949,-0.6478417091728949,0.10744637812624762,0.7552880872991424,,,validation
~mercury_sign_gemini & ~saturn_ingress_1d,2,5,-0.04106941767594326,0.008930582324056746,0.5115632728860772,0.02837645549635852,0.07837645549635852,0.4708168843944834,0.39244042889812486,-0.14548818798203117,-0.09548818798203118,0.6597998993171112,0.7552880872991424,,,validation
~asp_jupiter_venus_trine & ~saturn_ingress_1d,2,5,-0.09582849859906346,-0.04582849859906346,0.45680419196295696,0.028313957366327566,0.07831395736632757,0.47075438626445243,0.39244042889812486,-0.10209403367072618,-0.05209403367072618,0.7031940536284162,0.7552880872991424,,,validation
~asp_saturn_sun_trine & ~venus_sign_scorpio,2,5,-0.059620088637914695,-0.009620088637914692,0.49301260192410573,0.028289968417850017,0.07828996841785002,0.4707303973159749,0.39244042889812486,-0.1710847505746897,-0.1210847505746897,0.6342033367244527,0.7552880872991424,,,validation
~mars_sign_cancer,1,2,-0.053749703770239673,-0.03374970377023967,0.46888298679178075,0.028261462417857226,0.048261462417857226,0.4407018913159821,0.39244042889812486,0.03714121288529716,0.057141212885297166,0.8124293001844396,0.7552880872991424,,,validation
~mars_sign_scorpio,1,2,-0.060540253486494264,-0.04054025348649426,0.46209243707552616,0.028261293108971148,0.04826129310897115,0.440701722007096,0.39244042889812486,-0.11730183676318438,-0.09730183676318438,0.657986250535958,0.7552880872991424,,,validation
~mars_sign_taurus & ~venus_sign_scorpio,2,5,-0.02524297619734979,0.024757023802650213,0.5273897143646706,0.0282310724704629,0.0782310724704629,0.47067150136858776,0.39244042889812486,-0.2111081747599644,-0.16110817475996442,0.594179912539178,0.7552880872991424,,,validation
~asp_saturn_sun_trine & ~sun_sign_virgo,2,5,-0.08045221710833607,-0.030452217108336066,0.47218047345368436,0.02816629713849826,0.07816629713849826,0.4706067260366231,0.39244042889812486,-0.05315867105971857,-0.003158671059718565,0.7521294162394239,0.7552880872991424,,,validation
~mars_sign_taurus & ~mercury_sign_cancer,2,5,-0.1730014297803667,-0.12300142978036671,0.3796312607816537,0.028110730421790783,0.07811073042179079,0.47055115931991565,0.39244042889812486,-0.1946900041786777,-0.14469000417867772,0.6105980831204647,0.7552880872991424,,,validation
~mars_sign_cancer & ~venus_sign_scorpio,2,5,-0.06520275119671921,-0.01520275119671921,0.4874299393653012,0.027995511562741257,0.07799551156274126,0.4704359404608661,0.39244042889812486,-0.084208306517718,-0.034208306517718,0.7210797807814244,0.7552880872991424,,,validation
~mars_sign_taurus & ~saturn_ingress_1d,2,5,-0.08862974322128798,-0.03862974322128798,0.46400294734073244,0.027965438669063633,0.07796543866906364,0.4704058675671885,0.39244042889812486,-0.14909664259476335,-0.09909664259476336,0.6561914447043791,0.7552880872991424,,,validation
~asp_jupiter_venus_square & ~mars_sign_leo,2,5,-0.15116454732641743,-0.10116454732641744,0.401468143235603,0.027945038496752048,0.07794503849675205,0.4703854673948769,0.39244042889812486,-0.039302901393410375,0.010697098606589628,0.7659851859057321,0.7552880872991424,,,validation
~asp_mars_venus_sextile & mercury_sign_taurus,2,4,-0.4979855062607013,-0.45798550626070134,0.044647184301319115,0.027928475454053726,0.06792847545405373,0.4603689043521786,0.39244042889812486,-1.00332856098736,-0.9633285609873599,-0.2080404736882174,0.7552880872991424,,,validation
~jupiter_sign_cancer & mars_sign_pisces,2,4,-0.34879815560668154,-0.30879815560668156,0.19383453495533884,0.02787250243918591,0.06787250243918591,0.46031293133731077,0.39244042889812486,-0.8449622512741304,-0.8049622512741303,-0.04967416397498794,0.7552880872991424,,,validation
mars_sign_pisces & ~saturn_sign_gemini,2,4,-0.13603523472044013,-0.09603523472044012,0.4065974558415803,0.02787250243918591,0.06787250243918591,0.46031293133731077,0.39244042889812486,-0.8429705172447144,-0.8029705172447144,-0.04768242994557193,0.7552880872991424,,,validation
~asp_mars_venus_sextile & ~mars_sign_leo,2,5,-0.09184891886974202,-0.04184891886974201,0.4607837716922784,0.02779368961070887,0.07779368961070887,0.47023411850883373,0.39244042889812486,-0.15915290286708644,-0.10915290286708645,0.646135184432056,0.7552880872991424,,,validation
~jupiter_sign_gemini & ~saturn_ingress_1d,2,5,-0.08916915089608636,-0.03916915089608636,0.46346353966593407,0.02774016162028363,0.07774016162028363,0.4701805905184085,0.39244042889812486,-0.17558584043569853,-0.12558584043569854,0.6297022468634439,0.7552880872991424,,,validation
~jupiter_sign_capricorn & ~mars_sign_scorpio,2,5,-0.12671978969047276,-0.07671978969047277,0.42591290087154765,0.027469999098178696,0.0774699990981787,0.46991042799630356,0.39244042889812486,-0.124033386433627,-0.074033386433627,0.6812547008655154,0.7552880872991424,,,validation
~asp_saturn_sun_sextile & ~venus_sign_sagittarius,2,5,-0.1034060587629967,-0.0534060587629967,0.4492266317990237,0.027258834700047405,0.07725883470004741,0.46969926359817227,0.39244042889812486,-0.06747675369390067,-0.01747675369390067,0.7378113336052418,0.7552880872991424,,,validation
asp_mercury_saturn_opp & ~mars_sign_scorpio,2,4,-0.18636755050713136,-0.14636755050713135,0.3562651400548891,0.027236982747350015,0.06723698274735002,0.4596774116454749,0.39244042889812486,-0.6842231025585872,-0.6442231025585872,0.11106498474055522,0.7552880872991424,,,validation
asp_mercury_saturn_opp & ~venus_sign_scorpio,2,4,-0.1920240915507261,-0.1520240915507261,0.3506085990112943,0.027236982747350015,0.06723698274735002,0.4596774116454749,0.39244042889812486,-0.6896214474646126,-0.6496214474646126,0.10566663983452987,0.7552880872991424,,,validation
~asp_saturn_venus_sextile & ~mercury_sign_cancer,2,5,-0.16087055985716575,-0.11087055985716576,0.39176213070485466,0.027185504804993696,0.0771855048049937,0.46962593370311856,0.39244042889812486,-0.19434526157049042,-0.14434526157049044,0.610942825728652,0.7552880872991424,,,validation
~jupiter_ingress_1d & ~mercury_station,2,5,-0.2596179584530902,-0.20961795845309023,0.2930147321089302,0.0270562688122941,0.0770562688122941,0.46949669771041896,0.39244042889812486,0.043804668175071934,0.09380466817507194,0.8490927554742144,0.7552880872991424,,,validation
~asp_jupiter_mars_conj & ~jupiter_ingress_1d,2,5,-0.07306766611079941,-0.023067666110799412,0.479565024451221,0.026260782040921124,0.07626078204092113,0.468701210939046,0.39244042889812486,-0.14526603370532148,-0.0952660337053215,0.6600220535938209,0.7552880872991424,,,validation
~jupiter_ingress_1d & ~sun_sign_cancer,2,5,-0.08695096227061556,-0.03695096227061556,0.46568172829140486,0.026194929942711595,0.0761949299427116,0.46863535884083646,0.39244042889812486,-0.21430198078114432,-0.16430198078114433,0.5909861065179981,0.7552880872991424,,,validation
~asp_saturn_venus_sextile & ~mars_sign_cancer,2,5,-0.13553032898287948,-0.08553032898287949,0.41710236157914093,0.026027984111250055,0.07602798411125006,0.4684684130093749,0.39244042889812486,-0.04885123930483211,0.0011487606951678941,0.7564368479943103,0.7552880872991424,,,validation
~asp_saturn_sun_trine,1,2,-0.06089129217520255,-0.04089129217520254,0.4617413983868179,0.025846651099732627,0.04584665109973263,0.4382870799978575,0.39244042889812486,-0.018321140727594148,0.0016788592724058526,0.7569669465715483,0.7552880872991424,,,validation
~mars_sign_scorpio & ~venus_sign_scorpio,2,5,-0.08348267164371444,-0.033482671643714434,0.469150018918306,0.02529785553260315,0.07529785553260315,0.467738284430728,0.39244042889812486,-0.23385610181843725,-0.18385610181843726,0.5714319854807052,0.7552880872991424,,,validation
~asp_jupiter_venus_square & ~venus_sign_cancer,2,5,-0.11752167625689854,-0.06752167625689853,0.4351110143051219,0.025205839505333325,0.07520583950533333,0.4676462684034582,0.39244042889812486,-0.06601498826068992,-0.016014988260689922,0.7392730990384525,0.7552880872991424,,,validation
~asp_jupiter_mars_conj & ~saturn_ingress_1d,2,5,-0.0533441506679891,-0.0033441506679890987,0.4992885398940313,0.02517447482465028,0.07517447482465028,0.46761490372277514,0.39244042889812486,-0.15774153335598545,-0.10774153335598546,0.647546553943157,0.7552880872991424,,,validation
~mercury_sign_gemini & ~venus_sign_cancer,2,5,-0.02132555731037196,0.028674442689628044,0.5313071332516485,0.025141611622786927,0.07514161162278693,0.4675820405209118,0.39244042889812486,-0.15695319163979532,-0.10695319163979533,0.6483348956593471,0.7552880872991424,,,validation
~asp_jupiter_venus_conj & ~mars_sign_scorpio,2,5,-0.0941222549980227,-0.04412225499802269,0.45851043556399773,0.025123575389125616,0.07512357538912562,0.4675640042872505,0.39244042889812486,-0.18006079644715173,-0.13006079644715174,0.6252272908519907,0.7552880872991424,,,validation
~asp_jupiter_venus_square & ~mercury_sign_cancer,2,5,-0.19969389831609963,-0.14969389831609964,0.3529387922459208,0.024700725459931946,0.07470072545993195,0.4671411543580568,0.39244042889812486,-0.09390015950504378,-0.04390015950504378,0.7113879277940987,0.7552880872991424,,,validation
~asp_jupiter_venus_conj & ~asp_saturn_sun_trine,2,5,-0.09387531996838962,-0.043875319968389614,0.4587573705936308,0.024596002083100463,0.07459600208310047,0.4670364309812253,0.39244042889812486,-0.09181905560196608,-0.04181905560196608,0.7134690316971763,0.7552880872991424,,,validation
~asp_saturn_venus_sextile & ~mars_sign_leo,2,5,-0.12208264876206994,-0.07208264876206993,0.4305500417999505,0.024568562387223478,0.07456856238722348,0.46700899128534834,0.39244042889812486,-0.12416885038530341,-0.07416885038530341,0.681119236913839,0.7552880872991424,,,validation
~sun_sign_cancer & ~venus_sign_scorpio,2,5,-0.03062447572049827,0.019375524279501732,0.5220082148415222,0.024517965571760267,0.07451796557176027,0.46695839446988513,0.39244042889812486,-0.31721276458705466,-0.2672127645870547,0.48807532271208776,0.7552880872991424,,,validation
~mercury_station & ~sun_sign_capricorn,2,5,-0.34729108092201194,-0.29729108092201195,0.20534160964000847,0.024435843933204235,0.07443584393320424,0.4668762728313291,0.39244042889812486,-0.09315681819114492,-0.04315681819114492,0.7121312691079975,0.7552880872991424,,,validation
~jupiter_ingress_1d & ~mars_sign_taurus,2,5,-0.09518234235402591,-0.045182342354025906,0.4574503482079945,0.024060147691449416,0.07406014769144942,0.4665005765895743,0.39244042889812486,-0.12248418547508984,-0.07248418547508984,0.6828039018240526,0.7552880872991424,,,validation
~asp_jupiter_venus_conj & ~mars_sign_cancer,2,5,-0.09555849382408584,-0.04555849382408583,0.4570741967379346,0.024011410438286238,0.07401141043828624,0.4664518393364111,0.39244042889812486,-0.046948379665805076,0.0030516203341949266,0.7583397076333374,0.7552880872991424,,,validation
~asp_mars_venus_sextile & jupiter_sign_scorpio,2,4,-0.4013208290295605,-0.36132082902956053,0.14131186153245986,0.023889468661641967,0.06388946866164197,0.45632989755976683,0.39244042889812486,-0.6604657671078098,-0.6204657671078098,0.13482232019133264,0.7552880872991424,,,validation
~asp_jupiter_sun_square & mercury_sign_sagittarius,2,4,-0.005590712062377788,0.03440928793762221,0.5370419784996426,0.02363775017344453,0.06363775017344453,0.4560781790715694,0.39244042889812486,-0.6334884146780635,-0.5934884146780635,0.161799672621079,0.7552880872991424,,,validation
~mars_sign_scorpio & ~mercury_sign_cancer,2,5,-0.1601220374584469,-0.1101220374584469,0.3925106531035735,0.02347332141489021,0.07347332141489021,0.4659137503130151,0.39244042889812486,-0.25070441308958974,-0.20070441308958975,0.5545836742095527,0.7552880872991424,,,validation
~asp_jupiter_venus_square & venus_retro,2,4,-0.6640559657529509,-0.6240559657529509,-0.12142327519093046,0.023039030918029425,0.06303903091802943,0.4554794598161543,0.39244042889812486,-1.0446278172753,-1.0046278172753,-0.2493397299761575,0.7552880872991424,,,validation
~asp_saturn_sun_sextile & mars_sign_virgo,2,4,-0.4186002176342562,-0.3786002176342562,0.12403247292776418,0.02279016642116164,0.06279016642116164,0.4552305953192865,0.39244042889812486,-0.3570928781531749,-0.31709287815317494,0.4381952091459675,0.7552880872991424,,,validation
~asp_saturn_venus_sextile & ~venus_sign_cancer,2,5,-0.12243894024712416,-0.07243894024712416,0.43019375031489626,0.022714908449717394,0.0727149084497174,0.46515533734784226,0.39244042889812486,-0.1699361895800094,-0.1199361895800094,0.635351897719133,0.7552880872991424,,,validation
~asp_jupiter_sun_sextile & ~asp_jupiter_venus_square,2,5,-0.24431774033641523,-0.19431774033641525,0.3083149502256052,0.022656236155539564,0.07265623615553957,0.4650966650536644,0.39244042889812486,-0.013750971914784874,0.03624902808521513,0.7915371153843576,0.7552880872991424,,,validation
~jupiter_sign_capricorn & mercury_sign_sagittarius,2,4,-0.09035560835282544,-0.05035560835282543,0.452277082209195,0.022627886807846033,0.06262788680784603,0.4550683157059709,0.39244042889812486,-0.6672149935373045,-0.6272149935373045,0.12807309376183793,0.7552880872991424,,,validation
~asp_jupiter_venus_conj & ~mercury_station,2,5,-0.2254699015592478,-0.1754699015592478,0.3271627890027726,0.02255806751769572,0.07255806751769572,0.4649984964158206,0.39244042889812486,0.015167675711429227,0.06516767571142923,0.8204557630105717,0.7552880872991424,,,validation
~asp_jupiter_venus_square,1,2,-0.1141629788152118,-0.0941629788152118,0.40846971174680863,0.022450976262083328,0.04245097626208333,0.4348914051602082,0.39244042889812486,0.03613869074138633,0.05613869074138633,0.8114267780405288,0.7552880872991424,,,validation
~mars_sign_cancer & ~mercury_sign_gemini,2,5,-0.08817080887766672,-0.03817080887766672,0.4644618816843537,0.022352420258110003,0.07235242025811,0.46479284915623487,0.39244042889812486,-0.05229943573208724,-0.0022994357320872405,0.7529886515670552,0.7552880872991424,,,validation
~asp_jupiter_sun_sextile & ~sun_sign_libra,2,5,-0.028638226314038187,0.021361773685961816,0.5239944642479822,0.022234794698908475,0.07223479469890848,0.46467522359703334,0.39244042889812486,-0.15809373509190788,-0.1080937350919079,0.6471943522072345,0.7552880872991424,,,validation
~asp_jupiter_sun_sextile & ~sun_sign_cancer,2,5,-0.16492920862781763,-0.11492920862781764,0.3877034819342028,0.021736108231673754,0.07173610823167376,0.4641765371297986,0.39244042889812486,-0.19244021456775534,-0.14244021456775535,0.6128478727313871,0.7552880872991424,,,validation
mars_sign_pisces,1,1,-0.16123743922720496,-0.15123743922720495,0.3513952513348155,0.021597357845284777,0.03159735784528478,0.42403778674340964,0.39244042889812486,-0.8129705172447144,-0.8029705172447144,-0.04768242994557193,0.7552880872991424,,,validation
~mars_sign_cancer & ~saturn_ingress_1d,2,5,-0.08264242639990756,-0.032642426399907554,0.46999026416211287,0.0215112007700327,0.0715112007700327,0.46395162966815756,0.39244042889812486,-0.0340676683588161,0.015932331641183906,0.7712204189403263,0.7552880872991424,,,validation
~asp_jupiter_venus_conj & ~asp_jupiter_venus_square,2,5,-0.1462960771575459,-0.0962960771575459,0.4063366134044745,0.021371666184428414,0.07137166618442842,0.4638120950825533,0.39244042889812486,-0.03733226949921216,0.012667730500787844,0.7679558177999303,0.7552880872991424,,,validation
~asp_jupiter_sun_opp & ~asp_saturn_sun_trine,2,5,-0.01060411315991601,0.03939588684008399,0.5420285774021044,0.021292485287937354,0.07129248528793736,0.4637329141860622,0.39244042889812486,-0.07761989506646312,-0.027619895066463118,0.7276681922326793,0.7552880872991424,,,validation
~asp_jupiter_sun_opp & ~asp_jupiter_venus_square,2,5,-0.07505042736718633,-0.025050427367186323,0.4775822631948341,0.021186566576875995,0.071186566576876,0.46362699547500086,0.39244042889812486,-0.023021060058445245,0.026978939941554758,0.7822670272406972,0.7552880872991424,,,validation
mercury_sign_taurus & saturn_sign_aries,2,3,-0.5326326905620204,-0.5026326905620204,0.0,0.021049053851022098,0.0510490538510221,0.44348948274914696,0.39244042889812486,-0.5254823812159349,-0.49548238121593496,0.25980570608320747,0.7552880872991424,,,validation
jupiter_sign_sagittarius & ~sun_sign_capricorn,2,4,-0.218728781777949,-0.178728781777949,0.32390390878407144,0.020627833000131414,0.060627833000131415,0.4530682618982563,0.39244042889812486,-0.7974391220150627,-0.7574391220150627,-0.002151034715920213,0.7552880872991424,,,validation
~asp_jupiter_sun_sextile & ~mars_sign_cancer,2,5,-0.1666585417832363,-0.11665854178323631,0.3859741487787841,0.02056658843098884,0.07056658843098884,0.4630070173291137,0.39244042889812486,-0.008443471183489162,0.04155652881651084,0.7968446161156533,0.7552880872991424,,,validation
~asp_jupiter_sun_opp & ~sun_sign_libra,2,5,0.10289905036872986,0.15289905036872986,0.6555317409307503,0.020515571719361567,0.07051557171936157,0.46295600061748643,0.39244042889812486,-0.17285099652596186,-0.12285099652596188,0.6324370907731806,0.7552880872991424,,,validation
~mercury_sign_cancer & ~mercury_station,2,5,-0.309029633534938,-0.259029633534938,0.24360305702708238,0.020480705441961053,0.07048070544196106,0.4629211343400859,0.39244042889812486,-0.051399967374119185,-0.001399967374119182,0.7538881199250232,0.7552880872991424,,,validation
~mercury_station & ~sun_sign_cancer,2,5,-0.24660494265352095,-0.19660494265352096,0.30602774790849946,0.02046641353761751,0.07046641353761751,0.46290684243574237,0.39244042889812486,-0.09212493414428631,-0.04212493414428631,0.7131631531548561,0.7552880872991424,,,validation
~sun_sign_capricorn & ~venus_sign_scorpio,2,5,-0.06878236521529753,-0.018782365215297525,0.4838503253467229,0.020446037795563296,0.0704460377955633,0.46288646669368816,0.39244042889812486,-0.2086513863327188,-0.1586513863327188,0.5966367009664236,0.7552880872991424,,,validation
~asp_jupiter_venus_square & ~mars_sign_scorpio,2,5,-0.1490260496823479,-0.0990260496823479,0.4036066408796725,0.020393348228168615,0.07039334822816862,0.4628337771262935,0.39244042889812486,-0.09280543459507269,-0.04280543459507269,0.7124826527040697,0.7552880872991424,,,validation
~asp_jupiter_sun_sextile & ~venus_sign_scorpio,2,5,-0.10695170030207292,-0.056951700302072916,0.4456809902599475,0.02034607474769516,0.07034607474769516,0.46278650364582,0.39244042889812486,-0.14604182575797425,-0.09604182575797426,0.6592462615411682,0.7552880872991424,,,validation
~jupiter_ingress_1d & ~venus_sign_sagittarius,2,5,-0.1274690131325531,-0.07746901313255311,0.4251636774294673,0.020325684680287046,0.07032568468028705,0.4627661135784119,0.39244042889812486,-0.15066152447290976,-0.10066152447290977,0.6546265628262327,0.7552880872991424,,,validation
~asp_jupiter_sun_sextile & ~mercury_station,2,5,-0.31901651946544934,-0.26901651946544936,0.2336161710965711,0.020285295666864142,0.07028529566686414,0.462725724564989,0.39244042889812486,-0.06315338549896483,-0.013153385498964831,0.7421347018001776,0.7552880872991424,,,validation
~mars_sign_scorpio & ~saturn_ingress_1d,2,5,-0.08906265358064248,-0.03906265358064248,0.46357003698137794,0.01989636308472985,0.06989636308472985,0.4623367919828547,0.39244042889812486,-0.18866560213254652,-0.13866560213254653,0.6166224851665959,0.7552880872991424,,,validation
~asp_saturn_sun_sextile & ~asp_saturn_sun_trine,2,5,-0.10016244266398096,-0.050162442663980955,0.45247024789803947,0.01985629497503681,0.06985629497503681,0.4622967238731617,0.39244042889812486,0.008282050494134593,0.058282050494134596,0.813570137793277,0.7552880872991424,,,validation
~mars_sign_leo & mercury_sign_sagittarius,2,4,0.0020426378610169174,0.04204263786101692,0.5446753284230373,0.01978192733105031,0.05978192733105031,0.45222235622917517,0.39244042889812486,-0.685221391190086,-0.6452213911900859,0.11006669610905645,0.7552880872991424,,,validation
~asp_jupiter_sun_opp & ~asp_saturn_venus_sextile,2,5,-0.04792614433939753,0.002073855660602475,0.5047065462226229,0.019480144595056356,0.06948014459505636,0.4619205734931812,0.39244042889812486,-0.11953807977106908,-0.06953807977106907,0.6857500075280734,0.7552880872991424,,,validation
~asp_saturn_venus_sextile,1,2,-0.09017258654054632,-0.07017258654054631,0.4324601040214741,0.01943149620911185,0.03943149620911185,0.4318719251072367,0.39244042889812486,-0.06110907569662059,-0.04110907569662059,0.7141790116025218,0.7552880872991424,,,validation
~mercury_station & ~saturn_ingress_1d,2,5,-0.24262035001494098,-0.192620350014941,0.31001234054707943,0.019430345591665663,0.06943034559166567,0.4618707744897905,0.39244042889812486,-0.0068810850265213636,0.04311891497347864,0.7984070022726211,0.7552880872991424,,,validation
~asp_jupiter_venus_conj & ~mercury_sign_gemini,2,5,-0.05005815095722972,-5.815095722971897e-05,0.5025745396047907,0.019369843852443377,0.06936984385244338,0.46181027275056824,0.39244042889812486,-0.14970119455344594,-0.09970119455344595,0.6555868927456965,0.7552880872991424,,,validation
~mercury_station & ~sun_sign_libra,2,5,-0.13917223257147482,-0.08917223257147483,0.4134604579905456,0.01935834977255406,0.06935834977255406,0.4617987786706789,0.39244042889812486,-0.06800017827506773,-0.018000178275067724,0.7372879090240747,0.7552880872991424,,,validation
~saturn_sign_gemini & ~sun_sign_cancer,2,5,-0.05598714556832353,-0.005987145568323526,0.4966455449936969,0.019350219421902223,0.06935021942190223,0.4617906483200271,0.39244042889812486,-0.20883607455410463,-0.15883607455410464,0.5964520127450378,0.7552880872991424,,,validation
~asp_jupiter_sun_sextile & ~sun_sign_capricorn,2,5,-0.23074492439378907,-0.18074492439378909,0.32188776616823134,0.01934706103824367,0.06934706103824367,0.46178748993636853,0.39244042889812486,-0.1382374669417729,-0.08823746694177292,0.6670506203573695,0.7552880872991424,,,validation
~sun_sign_libra & ~venus_sign_sagittarius,2,5,-0.010197850683610857,0.039802149316389146,0.5424348398784096,0.019293877297487758,0.06929387729748776,0.4617343061956126,0.39244042889812486,-0.2051741268470278,-0.1551741268470278,0.6001139604521146,0.7552880872991424,,,validation
~asp_saturn_sun_trine & ~mercury_sign_cancer,2,5,-0.14831266261916254,-0.09831266261916255,0.4043200279428579,0.019289501878625923,0.06928950187862593,0.4617299307767508,0.39244042889812486,-0.12788732799585772,-0.07788732799585774,0.6774007593032847,0.7552880872991424,,,validation
~asp_jupiter_sun_sextile,1,2,-0.11493419881919302,-0.09493419881919302,0.4076984917428274,0.01914250420956622,0.03914250420956622,0.4315829331076911,0.39244042889812486,-0.022911828506090953,-0.002911828506090952,0.7523762587930515,0.7552880872991424,,,validation
~asp_saturn_sun_trine & ~jupiter_ingress_1d,2,5,-0.11235471723117298,-0.062354717231172974,0.44027797333084745,0.01901691149761585,0.06901691149761585,0.4614573403957407,0.39244042889812486,-0.054607629124776305,-0.004607629124776302,0.7506804581743661,0.7552880872991424,,,validation
~asp_jupiter_sun_sextile & ~saturn_ingress_1d,2,5,-0.14169543743390878,-0.09169543743390879,0.41093725312811163,0.018968287101094924,0.06896828710109493,0.4614087159992198,0.39244042889812486,-0.09617842432600361,-0.04617842432600361,0.7091096629731388,0.7552880872991424,,,validation
~asp_jupiter_mars_conj & ~sun_sign_cancer,2,5,-0.06663756561443397,-0.01663756561443397,0.48599512494758645,0.018749682383887675,0.06874968238388768,0.46119011128201254,0.39244042889812486,-0.2941174449683926,-0.2441174449683926,0.5111706423307498,0.7552880872991424,,,validation
~asp_saturn_sun_trine & ~venus_sign_cancer,2,5,-0.07666743401366378,-0.026667434013663782,0.47596525654835664,0.018727520922289173,0.06872752092228918,0.46116794982041404,0.39244042889812486,-0.1116928891381785,-0.0616928891381785,0.6935951981609639,0.7552880872991424,,,validation
~asp_jupiter_venus_square & ~saturn_ingress_1d,2,5,-0.14426664794113875,-0.09426664794113876,0.40836604262088166,0.018612767554608098,0.0686127675546081,0.46105319645273296,0.39244042889812486,-0.03390799860486711,0.016092001395132893,0.7713800886942753,0.7552880872991424,,,validation
~asp_saturn_sun_trine & ~saturn_ingress_1d,2,5,-0.09043723651969927,-0.04043723651969927,0.46219545404232115,0.018565105179474337,0.06856510517947434,0.4610055340775992,0.39244042889812486,-0.08878380218378586,-0.038783802183785854,0.7165042851153566,0.7552880872991424,,,validation
~asp_jupiter_venus_conj & ~venus_sign_scorpio,2,5,-0.02744622176499474,0.022553778235005262,0.5251864687970257,0.018033357631048227,0.06803335763104823,0.4604737865291731,0.39244042889812486,-0.19342761375538836,-0.14342761375538837,0.6118604735437541,0.7552880872991424,,,validation
~asp_jupiter_sun_sextile & ~asp_jupiter_venus_conj,2,5,-0.1470758886276598,-0.09707588862765981,0.4055568019343606,0.018007613937431763,0.06800761393743177,0.4604480428355566,0.39244042889812486,-0.09856431786401916,-0.04856431786401916,0.7067237694351233,0.7552880872991424,,,validation
~asp_jupiter_sun_opp & ~asp_jupiter_sun_sextile,2,5,-0.07648574003886056,-0.02648574003886056,0.47614695052315986,0.017851297775222083,0.06785129777522209,0.46029172667334695,0.39244042889812486,-0.08358456028045631,-0.03358456028045631,0.7217035270186861,0.7552880872991424,,,validation
~jupiter_sign_capricorn & ~venus_sign_scorpio,2,5,-0.05850167551196302,-0.008501675511963014,0.4941310150500574,0.017709815978951035,0.06770981597895104,0.4601502448770759,0.39244042889812486,-0.12878083051933925,-0.07878083051933926,0.6765072567798032,0.7552880872991424,,,validation
~mercury_sign_cancer & ~sun_sign_libra,2,5,0.0024278668317149615,0.052427866831714964,0.5550605573937354,0.017521662040360306,0.06752166204036031,0.45996209093848517,0.39244042889812486,-0.25034529101301645,-0.20034529101301646,0.554942796286126,0.7552880872991424,,,validation
~asp_jupiter_venus_conj & ~sun_sign_libra,2,5,0.07619236289732227,0.12619236289732227,0.6288250534593427,0.01748839884428731,0.06748839884428731,0.45992882774241217,0.39244042889812486,-0.18470295079543514,-0.13470295079543515,0.6205851365037073,0.7552880872991424,,,validation
~asp_saturn_sun_sextile & mercury_sign_sagittarius,2,4,-0.0201598195426231,0.0198401804573769,0.5224728710193973,0.017311762396953513,0.057311762396953514,0.4497521912950784,0.39244042889812486,-0.7289059257927202,-0.6889059257927201,0.06638216150642234,0.7552880872991424,,,validation
~asp_jupiter_venus_conj & ~asp_saturn_venus_sextile,2,5,-0.12214834913374835,-0.07214834913374835,0.4304843414282721,0.01723645253277782,0.06723645253277782,0.4596768814309027,0.39244042889812486,-0.13525921479028508,-0.08525921479028509,0.6700288725088573,0.7552880872991424,,,validation
~asp_jupiter_sun_sextile & ~venus_sign_cancer,2,5,-0.13084000378119276,-0.08084000378119277,0.42179268678082765,0.0170336654408038,0.0670336654408038,0.45947409433892866,0.39244042889812486,-0.1269819573869176,-0.0769819573869176,0.6783061299122248,0.7552880872991424,,,validation
~jupiter_ingress_1d & jupiter_sign_scorpio,2,4,-0.4228148460071555,-0.38281484600715554,0.11981784455486491,0.016928952850857083,0.056928952850857084,0.44936938174898194,0.39244042889812486,-0.6179523339293859,-0.5779523339293858,0.17733575336975663,0.7552880872991424,,,validation
~asp_jupiter_sun_sextile & ~mars_sign_scorpio,2,5,-0.1709412114999807,-0.12094121149998072,0.3816914790620397,0.01690098360765112,0.06690098360765112,0.459341412505776,0.39244042889812486,-0.13694162867236553,-0.08694162867236555,0.6683464586267769,0.7552880872991424,,,validation
~sun_sign_cancer,1,2,-0.03371519806146216,-0.013715198061462153,0.48891749250055827,0.01686530097266405,0.03686530097266405,0.4293057298707889,0.39244042889812486,-0.17883607455410463,-0.15883607455410464,0.5964520127450378,0.7552880872991424,,,validation
~jupiter_ingress_1d & ~mars_sign_scorpio,2,5,-0.111887585404734,-0.06188758540473399,0.44074510515728643,0.01676307233234413,0.06676307233234413,0.459203501230469,0.39244042889812486,-0.15885327724962878,-0.10885327724962879,0.6464348100495136,0.7552880872991424,,,validation
~mars_sign_leo,1,2,-0.039963915580203,-0.019963915580202996,0.48266877498181743,0.016745210762195945,0.036745210762195946,0.4291856396603208,0.39244042889812486,-0.055871587906897155,-0.03587158790689715,0.7194164993922453,0.7552880872991424,,,validation
~sun_sign_libra & ~venus_sign_cancer,2,5,0.08864519551474319,0.1386451955147432,0.6412778860767636,0.01669943004408818,0.06669943004408818,0.45913985894221304,0.39244042889812486,-0.22652380149939738,-0.1765238014993974,0.578764285799745,0.7552880872991424,,,validation
~asp_jupiter_venus_conj & ~mars_sign_leo,2,5,-0.07142416817819193,-0.021424168178191927,0.4812085223838285,0.01656072940018609,0.06656072940018609,0.45900115829831095,0.39244042889812486,-0.12547568449930407,-0.07547568449930409,0.6798124027998383,0.7552880872991424,,,validation
~asp_jupiter_venus_square & ~jupiter_ingress_1d,2,5,-0.16311221794187725,-0.11311221794187726,0.38952047262014317,0.016434989488063864,0.06643498948806387,0.4588754183861887,0.39244042889812486,-0.0051966639254151376,0.044803336074584865,0.8000914233737273,0.7552880872991424,,,validation
~sun_sign_libra,1,2,0.09838091969255904,0.11838091969255904,0.6210136102545795,0.016320655545439173,0.03632065554543917,0.42876108444356403,0.39244042889812486,-0.11368882707241966,-0.09368882707241966,0.6615992602267228,0.7552880872991424,,,validation
~asp_jupiter_venus_square & ~sun_sign_cancer,2,5,-0.15598917783347677,-0.10598917783347678,0.39664351272854365,0.016285797447690473,0.06628579744769048,0.45872622634581534,0.39244042889812486,-0.15331363966229655,-0.10331363966229656,0.6519744476368459,0.7552880872991424,,,validation
~asp_saturn_venus_sextile & ~sun_sign_capricorn,2,5,-0.20798711757167404,-0.15798711757167405,0.34464557299034637,0.016125046066020207,0.06612504606602021,0.45856547496414507,0.39244042889812486,-0.19271393540370968,-0.1427139354037097,0.6125741518954327,0.7552880872991424,,,validation
~asp_jupiter_venus_conj & ~sun_sign_cancer,2,5,-0.06472675386184852,-0.014726753861848518,0.4879059367001719,0.016038580926720045,0.06603858092672005,0.4584790098248449,0.39244042889812486,-0.2622677057056006,-0.2122677057056006,0.5430203815935418,0.7552880872991424,,,validation
~asp_saturn_sun_sextile & ~asp_saturn_venus_sextile,2,5,-0.11845651360941696,-0.06845651360941696,0.43417617695260347,0.015888182221320532,0.06588818222132053,0.4583286111194454,0.39244042889812486,-0.04829910516730991,0.001700894832690092,0.7569889821318325,0.7552880872991424,,,validation
~sun_sign_capricorn & ~sun_sign_libra,2,5,-0.03114195813943761,0.01885804186056239,0.5214907324225828,0.015736122744539158,0.06573612274453916,0.458176551642664,0.39244042889812486,-0.2400155186616622,-0.19001551866166222,0.5652725686374802,0.7552880872991424,,,validation
~asp_mars_venus_sextile & ~sun_sign_capricorn,2,5,-0.1779949531694089,-0.1279949531694089,0.3746377373926115,0.015389051323210765,0.06538905132321077,0.4578294802213356,0.39244042889812486,-0.20621214999796572,-0.15621214999796573,0.5990759373011767,0.7552880872991424,,,validation
~asp_jupiter_sun_opp & ~mars_sign_leo,2,5,0.008558682356971478,0.05855868235697148,0.5611913729189919,0.014843062496311107,0.06484306249631111,0.45728349139443597,0.39244042889812486,-0.12641507365935695,-0.07641507365935696,0.6788730136397855,0.7552880872991424,,,validation
~mars_sign_cancer & ~sun_sign_capricorn,2,5,-0.18729204823132167,-0.13729204823132168,0.36534064233069874,0.01474435978534415,0.06474435978534415,0.457184788683469,0.39244042889812486,-0.08257443680255257,-0.032574436802552564,0.7227136504965899,0.7552880872991424,,,validation
~asp_jupiter_venus_square & ~mercury_station,2,5,-0.3103530584443964,-0.26035305844439643,0.242279632117624,0.014648153095704539,0.06464815309570454,0.4570885819938294,0.39244042889812486,0.0197228005918572,0.0697228005918572,0.8250108878909996,0.7552880872991424,,,validation
~mars_sign_leo & ~sun_sign_capricorn,2,5,-0.18138885693752083,-0.13138885693752084,0.3712438336244996,0.014634783355357991,0.064634783355358,0.45707521225348285,0.39244042889812486,-0.18079813684385232,-0.13079813684385233,0.6244899504552901,0.7552880872991424,,,validation
~asp_saturn_sun_sextile & ~mars_sign_cancer,2,5,-0.0940622131997756,-0.0440622131997756,0.4585704773622448,0.014166967673114192,0.0641669676731142,0.45660739657123905,0.39244042889812486,0.037123431025787676,0.08712343102578768,0.8424115183249301,0.7552880872991424,,,validation
~sun_sign_cancer & ~sun_sign_capricorn,2,5,-0.16194758991834113,-0.11194758991834114,0.3906851006436793,0.013885701855296681,0.06388570185529668,0.45632613075342154,0.39244042889812486,-0.30593286606195963,-0.25593286606195964,0.4993552212371828,0.7552880872991424,,,validation
~asp_jupiter_mars_conj & ~mercury_sign_cancer,2,5,-0.12080123714109282,-0.07080123714109282,0.4318314534209276,0.013472034369747019,0.06347203436974702,0.4559124632678719,0.39244042889812486,-0.23585610281935626,-0.18585610281935627,0.5694319844797862,0.7552880872991424,,,validation
~asp_saturn_sun_sextile & ~mars_sign_taurus,2,5,-0.0683793619690526,-0.0183793619690526,0.4842533285929678,0.01341743119288906,0.06341743119288906,0.4558578600910139,0.39244042889812486,-0.05625229428620977,-0.00625229428620977,0.7490357930129327,0.7552880872991424,,,validation
~asp_saturn_venus_sextile & ~jupiter_ingress_1d,2,5,-0.13444597671928976,-0.08444597671928977,0.41818671384273065,0.013388868070259338,0.06338886807025934,0.4558292969683842,0.39244042889812486,-0.1027410433772707,-0.0527410433772707,0.7025470439218717,0.7552880872991424,,,validation
~asp_jupiter_venus_square & ~venus_sign_scorpio,2,5,-0.1045476412710425,-0.0545476412710425,0.4480850492909779,0.013269047459270253,0.06326904745927026,0.4557094763573951,0.39244042889812486,-0.09486472893644156,-0.044864728936441556,0.7104233583627009,0.7552880872991424,,,validation
~asp_mars_venus_conj & ~venus_sign_cancer,2,5,-0.04300277135591986,0.0069972286440801446,0.5096299192061006,0.013065460214621613,0.06306546021462162,0.4555058891127465,0.39244042889812486,-0.1561839463267795,-0.10618394632677952,0.6491041409723629,0.7552880872991424,,,validation
~mercury_sign_cancer & ~venus_sign_scorpio,2,5,-0.08788590117585483,-0.03788590117585483,0.4647467893861656,0.01290436769768559,0.06290436769768559,0.45534479659581045,0.39244042889812486,-0.2565511414068375,-0.2065511414068375,0.5487369458923049,0.7552880872991424,,,validation
~mars_sign_cancer & ~mercury_station,2,5,-0.22670589221609933,-0.17670589221609934,0.3259267983459211,0.012617402317199641,0.06261740231719964,0.4550578312153245,0.39244042889812486,0.06698458860628946,0.11698458860628946,0.8722726759054319,0.7552880872991424,,,validation
~asp_jupiter_sun_opp & ~venus_sign_scorpio,2,5,-0.0045819966414638175,0.045418003358536185,0.5480506939205566,0.012612231541279925,0.06261223154127993,0.4550526604394048,0.39244042889812486,-0.1851806536900395,-0.1351806536900395,0.6201074336091029,0.7552880872991424,,,validation
~asp_saturn_sun_sextile & ~mercury_sign_cancer,2,5,-0.11471284907229658,-0.06471284907229657,0.43791984148972385,0.012531354972595707,0.06253135497259571,0.45497178387072057,0.39244042889812486,-0.10514307853996914,-0.05514307853996914,0.7001450087591733,0.7552880872991424,,,validation
~asp_jupiter_sun_sextile & ~jupiter_ingress_1d,2,5,-0.1686317401901925,-0.11863174019019251,0.3840009503718279,0.012431128703957336,0.06243112870395734,0.4548715576020822,0.39244042889812486,-0.061966773761022956,-0.011966773761022953,0.7433213135381195,0.7552880872991424,,,validation
~mars_sign_leo & ~mercury_sign_gemini,2,5,-0.04961497155414814,0.0003850284458518649,0.5030177190078723,0.012268944410182767,0.06226894441018277,0.45470937330830763,0.39244042889812486,-0.12101407984624087,-0.07101407984624086,0.6842740074529016,0.7552880872991424,,,validation
~venus_sign_cancer & ~venus_sign_scorpio,2,5,-0.0018458120277161233,0.04815418797228388,0.5507868785343043,0.012134469145284918,0.06213446914528492,0.4545748980434098,0.39244042889812486,-0.2326378540457415,-0.1826378540457415,0.5726502332534009,0.7552880872991424,,,validation
~venus_sign_scorpio,1,2,0.011410053388792325,0.031410053388792325,0.5340427439508127,0.01205367426377298,0.03205367426377298,0.42449410316189784,0.39244042889812486,-0.11942278568570862,-0.09942278568570861,0.6558653016134338,0.7552880872991424,,,validation
mercury_sign_sagittarius & ~venus_sign_scorpio,2,4,-0.2538901506280167,-0.2138901506280167,0.28874253993400373,0.011877990195141942,0.05187799019514194,0.4443184190932668,0.39244042889812486,-0.6257812133084344,-0.5857812133084344,0.16950687399070802,0.7552880872991424,,,validation
~jupiter_sign_capricorn & ~sun_sign_libra,2,5,0.03923252745046661,0.08923252745046661,0.591865218012487,0.011700061410782545,0.06170006141078255,0.4541404903089074,0.39244042889812486,-0.1094007251114731,-0.059400725111473096,0.6958873621876693,0.7552880872991424,,,validation
~asp_jupiter_sun_opp & ~sun_sign_capricorn,2,5,-0.0585811895282491,-0.0085811895282491,0.4940515010337713,0.011340444696000304,0.06134044469600031,0.45378087359412517,0.39244042889812486,-0.1663811991229343,-0.11638119912293432,0.6389068881762081,0.7552880872991424,,,validation
~saturn_ingress_1d & ~sun_sign_cancer,2,5,-0.06303892405290819,-0.013038924052908185,0.48959376650911224,0.01098291818450263,0.06098291818450263,0.4534233470826275,0.39244042889812486,-0.23216377914945702,-0.18216377914945703,0.5731243081496854,0.7552880872991424,,,validation
~mercury_sign_aquarius & ~sun_sign_capricorn,2,5,-0.30260663448592234,-0.25260663448592235,0.25002605607609807,0.010632646027688583,0.060632646027688586,0.45307307492581345,0.39244042889812486,-0.044217186282436274,0.005782813717563728,0.7610709010167062,0.7552880872991424,,,validation
~mercury_sign_cancer & ~venus_sign_cancer,2,5,-0.08647037525329655,-0.03647037525329655,0.4661623153087239,0.010510229567964866,0.06051022956796487,0.45295065846608973,0.39244042889812486,-0.21613610473711303,-0.16613610473711304,0.5891519825620294,0.7552880872991424,,,validation
~jupiter_ingress_1d & ~sun_sign_libra,2,5,0.05910331091740788,0.10910331091740788,0.6117360014794283,0.01043078310935501,0.06043078310935501,0.4528712120074799,0.39244042889812486,-0.15511792878316716,-0.10511792878316717,0.6501701585159753,0.7552880872991424,,,validation
~asp_saturn_sun_trine & mars_sign_pisces,2,4,-0.22597558455754976,-0.18597558455754976,0.31665710600447067,0.01024123376950973,0.05024123376950973,0.4426816626676346,0.39244042889812486,-0.8971838262730453,-0.8571838262730452,-0.10189573897390283,0.7552880872991424,,,validation
~asp_jupiter_venus_conj & ~sun_sign_capricorn,2,5,-0.14420458284330084,-0.09420458284330085,0.40842810771871957,0.010186120405397944,0.06018612040539795,0.4526265493035228,0.39244042889812486,-0.18478721092466427,-0.13478721092466428,0.6205008763744781,0.7552880872991424,,,validation
~jupiter_sign_capricorn & mars_sign_pisces,2,4,-0.272750437911423,-0.23275043791142302,0.2698822526505974,0.010133707045168173,0.050133707045168174,0.44257413594329303,0.39244042889812486,-0.9649723374379788,-0.9249723374379788,-0.1696842501388364,0.7552880872991424,,,validation
~asp_saturn_sun_sextile & ~sun_sign_cancer,2,5,-0.054759862230612424,-0.004759862230612422,0.497872828331408,0.00991086959303443,0.05991086959303443,0.4523512984911593,0.39244042889812486,-0.14944489045256754,-0.09944489045256755,0.6558431968465749,0.7552880872991424,,,validation
mars_sign_pisces & ~venus_sign_cancer,2,4,-0.15992943112089766,-0.11992943112089766,0.38270325944112277,0.009479071096452109,0.04947907109645211,0.44191949999457697,0.39244042889812486,-0.8429705172447144,-0.8029705172447144,-0.04768242994557193,0.7552880872991424,,,validation
~jupiter_ingress_1d & ~venus_sign_scorpio,2,5,-0.030747580227039453,0.01925241977296055,0.521885110334981,0.00879189763992165,0.05879189763992165,0.4512323265380465,0.39244042889812486,-0.15264229372666266,-0.10264229372666267,0.6526457935724798,0.7552880872991424,,,validation
~jupiter_ingress_1d & ~mercury_sign_cancer,2,5,-0.13766217019182592,-0.08766217019182593,0.4149705203701945,0.008545999451494077,0.05854599945149408,0.45098642834961894,0.39244042889812486,-0.15095813890065207,-0.10095813890065208,0.6543299483984903,0.7552880872991424,,,validation
jupiter_sign_scorpio,1,1,-0.37012767681146036,-0.36012767681146035,0.14250501375056007,0.008140030886512448,0.018140030886512448,0.4105804597846373,0.39244042889812486,-0.6068741564355646,-0.5968741564355646,0.15841393086357783,0.7552880872991424,,,validation
~mercury_station & ~venus_sign_cancer,2,5,-0.18081825007788593,-0.13081825007788594,0.3718144404841345,0.007872958013089057,0.05787295801308906,0.4503133869112139,0.39244042889812486,-0.00804989451330236,0.04195010548669764,0.7972381927858401,0.7552880872991424,,,validation
~asp_jupiter_sun_opp,1,2,0.053050770230330904,0.07305077023033091,0.5756834607923513,0.007863060190470856,0.027863060190470856,0.4203034890885957,0.39244042889812486,-0.048926777996971635,-0.02892677799697163,0.7263613093021708,0.7552880872991424,,,validation
~asp_jupiter_sun_square & ~mars_sign_scorpio,2,5,-0.17168626254175806,-0.12168626254175807,0.38094642802026235,0.007821222790524593,0.057821222790524596,0.45026165168864946,0.39244042889812486,-0.18029617967055295,-0.13029617967055296,0.6249919076285895,0.7552880872991424,,,validation
~asp_jupiter_venus_trine & mercury_sign_taurus,2,4,-0.34991013323118314,-0.30991013323118316,0.19272255733083726,0.007815342737423105,0.047815342737423105,0.44025577163554797,0.39244042889812486,-0.939816152029569,-0.899816152029569,-0.1445280647304266,0.7552880872991424,,,validation
~mars_sign_cancer & mercury_sign_sagittarius,2,4,-0.07101845185130143,-0.03101845185130142,0.471614238710719,0.007677298922501553,0.047677298922501554,0.4401177278206264,0.39244042889812486,-0.6180386979013452,-0.5780386979013452,0.17724938939779727,0.7552880872991424,,,validation
asp_mercury_saturn_opp,1,1,-0.14972641003582543,-0.13972641003582542,0.362906280526195,0.0076453617470737065,0.017645361747073707,0.41008579064519857,0.39244042889812486,-0.6596214474646126,-0.6496214474646126,0.10566663983452987,0.7552880872991424,,,validation
~asp_jupiter_venus_conj,1,2,-0.02153250450038467,-0.0015325045003846682,0.5011001860616358,0.00762080110028825,0.02762080110028825,0.4200612299984131,0.39244042889812486,-0.06290703442915456,-0.042907034429154556,0.7123810528699879,0.7552880872991424,,,validation
~asp_jupiter_sun_square & mars_sign_pisces,2,4,-0.15826591230973755,-0.11826591230973754,0.3843667782522829,0.00757994676686722,0.04757994676686722,0.4400203756649921,0.39244042889812486,-0.9159456229589285,-0.8759456229589284,-0.120657535659786,0.7552880872991424,,,validation
mercury_sign_sagittarius & ~venus_sign_sagittarius,2,4,-0.14910785412664043,-0.10910785412664042,0.39352483643538,0.00757177940692514,0.04757177940692514,0.44001220830505,0.39244042889812486,-0.6647083564668109,-0.6247083564668109,0.13057973083233151,0.7552880872991424,,,validation
~asp_saturn_sun_sextile & ~mars_sign_scorpio,2,5,-0.09226095464463481,-0.04226095464463481,0.4603717359173856,0.00752285111084687,0.05752285111084687,0.44996328000897173,0.39244042889812486,-0.1171290243990601,-0.0671290243990601,0.6881590629000823,0.7552880872991424,,,validation
~asp_jupiter_venus_square & ~asp_saturn_sun_sextile,2,5,-0.16236745166660932,-0.11236745166660933,0.3902652388954111,0.006780116170873637,0.05678011617087364,0.4492205450689985,0.39244042889812486,0.03429241841989321,0.08429241841989321,0.8395805057190356,0.7552880872991424,,,validation
~mercury_sign_cancer,1,2,-0.08367744638738193,-0.06367744638738193,0.4389552441746385,0.0065515223438044785,0.02655152234380448,0.41899195124192934,0.39244042889812486,-0.12042722656556913,-0.10042722656556913,0.6548608607335733,0.7552880872991424,,,validation
~asp_saturn_sun_sextile & ~mars_sign_leo,2,5,-0.08090986931050499,-0.03090986931050499,0.47172282125151543,0.006509084662419326,0.05650908466241933,0.4489495135605442,0.39244042889812486,-0.025938990000955633,0.02406100999904437,0.7793490972981868,0.7552880872991424,,,validation
~jupiter_ingress_1d & ~venus_sign_cancer,2,5,-0.060018379248882384,-0.01001837924888238,0.49261431131313804,0.006422591453334556,0.05642259145333456,0.4488630203514594,0.39244042889812486,-0.12557376226755884,-0.07557376226755885,0.6797143250315836,0.7552880872991424,,,validation
~mars_sign_cancer & ~sun_sign_cancer,2,5,-0.09349097639258187,-0.04349097639258187,0.45914171416943855,0.006352917426432833,0.056352917426432836,0.4487933463245577,0.39244042889812486,-0.1457908031473389,-0.0957908031473389,0.6594972841518035,0.7552880872991424,,,validation
~venus_sign_cancer,1,2,-0.008743582319977499,0.011256417680022501,0.5138891082420429,0.006296672107005925,0.026296672107005925,0.4187371010051308,0.39244042889812486,-0.09775380117663278,-0.07775380117663278,0.6775342861225097,0.7552880872991424,,,validation
~saturn_ingress_1d & ~sun_sign_libra,2,5,0.07044900505703815,0.12044900505703815,0.6230816956190586,0.006273773694568427,0.05627377369456843,0.4487142025926933,0.39244042889812486,-0.19032844946830524,-0.14032844946830525,0.6149596378308372,0.7552880872991424,,,validation
~asp_jupiter_sun_opp & ~asp_jupiter_venus_conj,2,5,0.022173715086799148,0.07217371508679915,0.5748064056488196,0.0060108799728357115,0.056010879972835714,0.4484513088709606,0.39244042889812486,-0.12226081685626262,-0.07226081685626262,0.6830272704428798,0.7552880872991424,,,validation
~asp_mars_venus_conj & asp_mercury_saturn_opp,2,4,-0.16346243375953837,-0.12346243375953836,0.37917025680248206,0.005737511992000989,0.04573751199200099,0.43817794089012585,0.39244042889812486,-0.6896214474646126,-0.6496214474646126,0.10566663983452987,0.7552880872991424,,,validation
jupiter_sign_sagittarius & ~mars_sign_sagittarius,2,4,-0.1986485391046934,-0.1586485391046934,0.343984151457327,0.005533262173608645,0.045533262173608646,0.4379736910717335,0.39244042889812486,-0.6120589687392202,-0.5720589687392201,0.1832291185599223,0.7552880872991424,,,validation
~asp_jupiter_venus_conj & ~mercury_sign_cancer,2,5,-0.11823684297298899,-0.06823684297298899,0.43439584758903144,0.005420663135599954,0.05542066313559996,0.4478610920337248,0.39244042889812486,-0.18411141822038607,-0.13411141822038608,0.6211766690787563,0.7552880872991424,,,validation
~asp_saturn_sun_sextile & ~sun_sign_libra,2,5,0.04503922767352213,0.09503922767352213,0.5976719182355426,0.005338206542178134,0.05533820654217814,0.447778635440303,0.39244042889812486,-0.09405821164422985,-0.04405821164422985,0.7112298756549126,0.7552880872991424,,,validation
mars_sign_virgo & ~mercury_station,2,4,-0.7158632272122913,-0.6758632272122913,-0.1732305366502709,0.005159049618243795,0.045159049618243796,0.43759947851636866,0.39244042889812486,-0.5021302557080567,-0.4621302557080567,0.2931578315910857,0.7552880872991424,,,validation
mars_sign_pisces & ~mercury_sign_libra,2,4,-0.17461059480010424,-0.13461059480010423,0.3680220957619162,0.004984293470168856,0.04498429347016886,0.4374247223682937,0.39244042889812486,-0.8429705172447144,-0.8029705172447144,-0.04768242994557193,0.7552880872991424,,,validation
jupiter_sign_scorpio & ~sun_sign_capricorn,2,4,-0.3723416522150983,-0.3323416522150983,0.1702910383469221,0.004859348863008685,0.044859348863008686,0.43729977776113355,0.39244042889812486,-0.7322735589674397,-0.6922735589674397,0.06301452833170278,0.7552880872991424,,,validation
~sun_sign_capricorn,1,2,-0.11517645022259153,-0.09517645022259152,0.4074562403394289,0.004650715291898661,0.02465071529189866,0.4170911441900235,0.39244042889812486,-0.1111078365472443,-0.0911078365472443,0.6641802507518981,0.7552880872991424,,,validation
~asp_jupiter_sun_sextile & ~mercury_sign_cancer,2,5,-0.20890224007987385,-0.15890224007987386,0.34373045048214657,0.004128876868837103,0.054128876868837106,0.44656930576696197,0.39244042889812486,-0.1294237701944731,-0.07942377019447311,0.6758643171046693,0.7552880872991424,,,validation
~asp_mars_venus_sextile & mars_sign_pisces,2,4,-0.1967985045436548,-0.1567985045436548,0.34583418601836563,0.003998877692283166,0.04399887769228317,0.436439306590408,0.39244042889812486,-0.8429705172447144,-0.8029705172447144,-0.04768242994557193,0.7552880872991424,,,validation
~asp_jupiter_sun_square & ~sun_sign_libra,2,5,0.021155277745589826,0.07115527774558983,0.5737879683076103,0.003932534197687285,0.05393253419768729,0.44637296309581215,0.39244042889812486,-0.17201492288979586,-0.12201492288979587,0.6332731644093466,0.7552880872991424,,,validation
~mars_sign_leo & ~saturn_ingress_1d,2,5,-0.0787928719619871,-0.0287928719619871,0.4738398186000333,0.00354844383697743,0.05354844383697743,0.4459888727351023,0.39244042889812486,-0.12162917685299786,-0.07162917685299786,0.6836589104461446,0.7552880872991424,,,validation
~asp_mars_venus_sextile & mercury_sign_sagittarius,2,4,-0.12119601383706477,-0.08119601383706476,0.42143667672495566,0.0032665246146265994,0.0432665246146266,0.43570695351275146,0.39244042889812486,-0.6715240954716021,-0.631524095471602,0.12376399182754043,0.7552880872991424,,,validation
~mercury_sign_cancer & ~sun_sign_capricorn,2,5,-0.2138848660412005,-0.1638848660412005,0.3387478245208199,0.003053282136599597,0.0530532821365996,0.44549371103472446,0.39244042889812486,-0.2463825751761229,-0.1963825751761229,0.5589055121230195,0.7552880872991424,,,validation
~jupiter_ingress_1d,1,2,-0.041573824458328176,-0.021573824458328172,0.48105886610369225,0.002605545650898062,0.022605545650898062,0.4150459745490229,0.39244042889812486,-0.03142497223035555,-0.011424972230355546,0.7438631150687869,0.7552880872991424,,,validation
~asp_saturn_sun_sextile,1,2,-0.02857664739671482,-0.00857664739671482,0.4940560431653056,0.0025671454916063215,0.022567145491606322,0.4150075743897312,0.39244042889812486,0.03526463167654982,0.055264631676549825,0.8105527189756923,0.7552880872991424,,,validation
~sun_sign_capricorn & ~venus_sign_cancer,2,5,-0.1360706250909,-0.08607062509090002,0.4165620654711204,0.002542602421661419,0.05254260242166142,0.4449830313197863,0.39244042889812486,-0.22290672205501677,-0.17290672205501678,0.5823813652441256,0.7552880872991424,,,validation
~saturn_ingress_1d,1,2,-0.01942262635882162,0.0005773736411783803,0.5032100642031988,0.0022526689804919404,0.02225266898049194,0.4146930978786168,0.39244042889812486,-0.05999083768889278,-0.03999083768889278,0.7152972496102497,0.7552880872991424,,,validation
~asp_jupiter_sun_opp & ~asp_saturn_sun_sextile,2,5,0.012277795904502772,0.062277795904502775,0.5649104864665232,0.002156641795367051,0.052156641795367054,0.4445970706934919,0.39244042889812486,-0.023293681446258055,0.026706318553741948,0.7819944058528844,0.7552880872991424,,,validation
~asp_jupiter_sun_sextile & mercury_sign_sagittarius,2,4,-0.06765403781770415,-0.027654037817704147,0.4749786527443163,0.001521800276833997,0.041521800276834,0.43396222917495886,0.39244042889812486,-0.6413992163000903,-0.6013992163000903,0.15388887099905207,0.7552880872991424,,,validation
~mars_sign_leo & ~venus_sign_cancer,2,5,-0.056450443631828565,-0.006450443631828562,0.49618224693019186,0.0014200679564680269,0.05142006795646803,0.4438604968545929,0.39244042889812486,-0.16565646041141674,-0.11565646041141675,0.6396316268877257,0.7552880872991424,,,validation
~asp_jupiter_venus_conj & ~jupiter_ingress_1d,2,5,-0.07062467464385443,-0.020624674643854424,0.482008015918166,0.0006519284295079947,0.050651928429508,0.44309235732763286,0.39244042889812486,-0.10305668843747369,-0.05305668843747369,0.7022313988616687,0.7552880872991424,,,validation
~asp_jupiter_venus_conj & ~saturn_ingress_1d,2,5,-0.050390696162446694,-0.0003906961624466909,0.5022419943995737,0.00032422379133904833,0.05032422379133905,0.4427646526894639,0.39244042889812486,-0.13362738988596817,-0.08362738988596818,0.6716606974131742,0.7552880872991424,,,validation
~asp_jupiter_sun_opp & ~saturn_ingress_1d,2,5,0.024227310256978704,0.0742273102569787,0.5768600008189991,0.0002930202571280599,0.05029302025712806,0.4427334491552529,0.39244042889812486,-0.11946855899706317,-0.06946855899706317,0.6858195283020793,0.7552880872991424,,,validation
~jupiter_ingress_1d & mercury_sign_sagittarius,2,4,-0.04831131104912308,-0.008311311049123082,0.49432137951289734,6.230761608464613e-05,0.04006230761608465,0.4325027365142095,0.39244042889812486,-0.5902813453296896,-0.5502813453296895,0.20500674196945287,0.7552880872991424,,,validation
~venus_sign_aries,1,2,-0.04774056038031614,-0.027740560380316137,0.4748921301817043,4.1972876913338314e-05,0.02004197287691334,0.4124824017750382,0.39244042889812486,0.02952624176175635,0.04952624176175635,0.8048143290608988,0.7552880872991424,,,validation
~asp_jupiter_venus_square & ~sun_sign_capricorn,2,5,-0.25670765318763855,-0.20670765318763856,0.29592503737438186,-0.00013560762229793133,0.04986439237770207,0.44230482127582693,0.39244042889812486,-0.06971894650061135,-0.019718946500611345,0.7355691407985311,0.7552880872991424,,,validation
~asp_jupiter_sun_opp & ~sun_sign_cancer,2,5,0.011568789732477255,0.06156878973247726,0.5642014802944977,-0.0005077880261860207,0.04949221197381398,0.44193264087193884,0.39244042889812486,-0.23099902983322002,-0.18099902983322003,0.5742890574659224,0.7552880872991424,,,validation
~mercury_sign_cancer & ~saturn_ingress_1d,2,5,-0.1135277314408177,-0.06352773144081769,0.43910495912120273,-0.0005191651524510538,0.04948083484754895,0.4419212637456738,0.39244042889812486,-0.1846587651549993,-0.1346587651549993,0.6206293221441431,0.7552880872991424,,,validation
~mars_sign_cancer & ~mercury_sign_cancer,2,5,-0.09773797375228495,-0.047737973752284946,0.4548947168097355,-0.0007108923960357921,0.04928910760396421,0.44172953650208907,0.39244042889812486,-0.07811430959583816,-0.02811430959583816,0.7271737777033043,0.7552880872991424,,,validation
~saturn_ingress_1d & ~venus_sign_cancer,2,5,-0.037244328032947485,0.012755671967052518,0.5153883625290729,-0.0009175345367515991,0.049082465463248404,0.44152289436137326,0.39244042889812486,-0.1696206246699899,-0.1196206246699899,0.6356674626291525,0.7552880872991424,,,validation
mars_sign_pisces & ~mercury_station,2,4,-0.2155595025636791,-0.17555950256367908,0.32707318799834134,-0.0009742344409313861,0.039025765559068615,0.4314661944571935,0.39244042889812486,-0.7571956561816231,-0.7171956561816231,0.03809243111751941,0.7552880872991424,,,validation
~saturn_ingress_1d & ~venus_sign_scorpio,2,5,-0.015820735037028147,0.034179264962971856,0.5368119555249923,-0.0009922339225151983,0.049007766077484805,0.44144819497560966,0.39244042889812486,-0.19126768153748258,-0.1412676815374826,0.6140204057616598,0.7552880872991424,,,validation
mars_sign_pisces & ~sun_sign_libra,2,4,-0.19123743922720496,-0.15123743922720495,0.3513952513348155,-0.0016239931705585783,0.03837600682944142,0.4308164357275663,0.39244042889812486,-0.8429705172447144,-0.8029705172447144,-0.04768242994557193,0.7552880872991424,,,validation
~asp_saturn_venus_sextile & ~saturn_ingress_1d,2,5,-0.12256855966322623,-0.07256855966322623,0.4300641308987942,-0.001717850508181365,0.04828214949181864,0.4407225783899435,0.39244042889812486,-0.1314178771292958,-0.08141787712929582,0.6738702101698466,0.7552880872991424,,,validation
mercury_sign_taurus & saturn_sign_pisces,2,3,-0.6846525306602194,-0.6546525306602193,-0.15201984009819888,-0.0017621215001287494,0.02823787849987125,0.4206783073979961,0.39244042889812486,-0.5391837978299295,-0.5091837978299295,0.2461042894692129,0.7552880872991424,,,validation
asp_jupiter_saturn_square & ~mercury_sign_aquarius,2,4,-0.4294008274934272,-0.3894008274934272,0.1132318630685932,-0.0021275070538669047,0.037872492946133096,0.43031292184425796,0.39244042889812486,-0.5820871719804657,-0.5420871719804656,0.2132009153186768,0.7552880872991424,,,validation
~saturn_ingress_1d & ~sun_sign_capricorn,2,5,-0.1622517228777695,-0.11225172287776952,0.3903809676842509,-0.0023477712779868126,0.04765222872201319,0.44009265762013805,0.39244042889812486,-0.18110634064949588,-0.1311063406494959,0.6241817466496465,0.7552880872991424,,,validation
~asp_jupiter_venus_conj & mars_sign_pisces,2,4,-0.20201731058459008,-0.16201731058459007,0.34061537997743035,-0.0023527750412900214,0.03764722495870998,0.43008765385683484,0.39244042889812486,-0.8521110753738168,-0.8121110753738168,-0.056822988074674334,0.7552880872991424,,,validation
mars_sign_virgo & ~mercury_sign_gemini,2,4,-0.6084286601815597,-0.5684286601815597,-0.06579596961953922,-0.0027354002002112562,0.037264599799788745,0.4297050286979136,0.39244042889812486,-0.2689980909990824,-0.22899809099908242,0.52628999630006,0.7552880872991424,,,validation
~saturn_sign_taurus,1,2,-0.029605980561160244,-0.009605980561160243,0.4930267100008602,-0.0029228677731369217,0.01707713222686308,0.40951756112498794,0.39244042889812486,-0.02,0.0,0.7552880872991424,0.7552880872991424,,,validation
~mars_sign_leo & ~sun_sign_libra,2,5,0.03597624061684361,0.08597624061684361,0.588608931178864,-0.002969483706903933,0.04703051629309607,0.43947094519122093,0.39244042889812486,-0.15210596246946223,-0.10210596246946224,0.6531821248296802,0.7552880872991424,,,validation
~asp_saturn_sun_sextile & ~venus_sign_cancer,2,5,-0.04975317712718548,0.00024682287281452275,0.502879513434835,-0.0030583622866998256,0.04694163771330018,0.43938206661142504,0.39244042889812486,-0.07884998136509698,-0.028849981365096977,0.7264381059340455,0.7552880872991424,,,validation
~asp_jupiter_sun_square & ~asp_saturn_venus_sextile,2,5,-0.15636196675616554,-0.10636196675616555,0.3962707238058549,-0.003146484957981713,0.04685351504201829,0.43929394394014315,0.39244042889812486,-0.13927873230532212,-0.08927873230532213,0.6660093549938203,0.7552880872991424,,,validation
~asp_saturn_sun_trine & ~mercury_station,2,5,-0.28419410643276277,-0.23419410643276278,0.26843858412925764,-0.003241408273489746,0.04675859172651026,0.4391990206246351,0.39244042889812486,0.05399536412731114,0.10399536412731114,0.8592834514264536,0.7552880872991424,,,validation
~mercury_station & ~venus_sign_sagittarius,2,5,-0.27437773914359004,-0.22437773914359005,0.2782549514184304,-0.003478602743208617,0.046521397256791386,0.43896182615491625,0.39244042889812486,-0.047301621470339186,0.0026983785296608165,0.7579864658288032,0.7552880872991424,,,validation
~asp_saturn_sun_sextile & ~venus_sign_scorpio,2,5,-0.04959836881647646,0.0004016311835235431,0.503034321745544,-0.003547865710863643,0.04645213428913636,0.4388925631872612,0.39244042889812486,-0.08193999042993745,-0.03193999042993745,0.723348096869205,0.7552880872991424,,,validation
~asp_jupiter_sun_opp & ~jupiter_ingress_1d,2,5,0.0006356190162151582,0.05063561901621516,0.5532683095782356,-0.0037282788808776918,0.04627172111912231,0.43871215001724717,0.39244042889812486,-0.09054010772452876,-0.04054010772452876,0.7147479795746137,0.7552880872991424,,,validation
~asp_jupiter_mars_conj & mercury_sign_sagittarius,2,4,-0.04980325019782835,-0.00980325019782835,0.4928294403641921,-0.00392493411183422,0.03607506588816578,0.42851549478629064,0.39244042889812486,-0.663188405553484,-0.623188405553484,0.1320996817456585,0.7552880872991424,,,validation
~asp_saturn_sun_sextile & ~saturn_ingress_1d,2,5,-0.0637587934331822,-0.013758793433182204,0.4888738971288382,-0.0046603478948730875,0.045339652105126915,0.4377800810032518,0.39244042889812486,-0.025756037041741522,0.02424396295825848,0.7795320502574009,0.7552880872991424,,,validation
~mercury_sign_cancer & ~sun_sign_cancer,2,5,-0.09547917431910526,-0.04547917431910525,0.45715351624291517,-0.004709439184767031,0.04529056081523297,0.43773098971335783,0.39244042889812486,-0.2099502415637145,-0.1599502415637145,0.5953378457354279,0.7552880872991424,,,validation
~asp_jupiter_sun_sextile & ~asp_saturn_sun_sextile,2,5,-0.15183940276526686,-0.10183940276526687,0.40079328779675355,-0.004998008024426084,0.04500199197557392,0.4374424208736988,0.39244042889812486,0.00403662812140497,0.05403662812140497,0.8093247154205474,0.7552880872991424,,,validation
~jupiter_ingress_1d & ~saturn_ingress_1d,2,5,-0.07051380631311495,-0.020513806313114946,0.4821188842489055,-0.0049990180883842245,0.04500098191161578,0.43744141080974064,0.39244042889812486,-0.100986196203611,-0.050986196203611,0.7043018910955314,0.7552880872991424,,,validation
~asp_saturn_sun_sextile & ~mercury_station,2,5,-0.24542461718579572,-0.19542461718579573,0.3072080733762247,-0.005021752887587452,0.04497824711241255,0.4374186760105374,0.39244042889812486,0.10335969561577023,0.15335969561577023,0.9086477829149127,0.7552880872991424,,,validation
mars_sign_pisces & ~sun_sign_capricorn,2,4,-0.21430073475538017,-0.17430073475538016,0.32833195580664026,-0.005225101567034783,0.03477489843296522,0.4272153273310901,0.39244042889812486,-0.9339194642339397,-0.8939194642339396,-0.13863137693479724,0.7552880872991424,,,validation
jupiter_sign_scorpio & ~mercury_station,2,4,-0.4839457680202786,-0.44394576802027863,0.05868692254174181,-0.005809449575061652,0.03419055042493835,0.4266309793230632,0.39244042889812486,-0.625948497602034,-0.5859484976020339,0.16933958969710844,0.7552880872991424,,,validation
~asp_jupiter_venus_conj & ~asp_saturn_sun_sextile,2,5,-0.057809952557433944,-0.007809952557433941,0.4948227380045865,-0.006286555340877756,0.04371344465912225,0.4361538735572471,0.39244042889812486,-0.03767158498970842,0.012328415010291582,0.767616502309434,0.7552880872991424,,,validation
~asp_jupiter_venus_conj & ~venus_sign_cancer,2,5,-0.03309316290757265,0.01690683709242735,0.5195395276544478,-0.006948275024113562,0.04305172497588644,0.4354921538740113,0.39244042889812486,-0.15908689849640795,-0.10908689849640796,0.6462011888027345,0.7552880872991424,,,validation
~asp_saturn_venus_square,1,2,-0.04043308654706028,-0.020433086547060275,0.48219960401496015,-0.0072519158446829705,0.01274808415531703,0.4051885130534419,0.39244042889812486,-0.004656452168570007,0.015343547831429993,0.7706316351305724,0.7552880872991424,,,validation
~asp_saturn_venus_sextile & ~mars_sign_scorpio,2,5,-0.15742883206746705,-0.10742883206746706,0.39520385849455336,-0.007732673722230146,0.04226732627776986,0.4347077551758947,0.39244042889812486,-0.1748311277930093,-0.12483112779300931,0.6304569595061331,0.7552880872991424,,,validation
~asp_saturn_venus_conj,1,2,0.004871909479507903,0.024871909479507903,0.5275046000415283,-0.00813809410511888,0.01186190589488112,0.404302334793006,0.39244042889812486,-0.0035377788412931203,0.01646222115870688,0.7717503084578493,0.7552880872991424,,,validation
~mars_sign_leo & ~mercury_station,2,5,-0.24140876409516904,-0.19140876409516905,0.3112239264668514,-0.008180241849004025,0.04181975815099598,0.43426018704912084,0.39244042889812486,-0.01154897494151104,0.03845102505848896,0.7937391123576314,0.7552880872991424,,,validation
~asp_jupiter_venus_trine & mars_sign_pisces,2,4,-0.2212243436097441,-0.1812243436097441,0.3214083469522763,-0.00852526051311222,0.03147473948688778,0.42391516838501264,0.39244042889812486,-0.8447583628149392,-0.8047583628149392,-0.0494702755157967,0.7552880872991424,,,validation
jupiter_sign_sagittarius & ~sun_sign_virgo,2,4,-0.1346008241549738,-0.09460082415497378,0.40803186640704664,-0.008562333231585804,0.031437666768414196,0.42387809566653906,0.39244042889812486,-0.6921400976033528,-0.6521400976033528,0.10314798969578963,0.7552880872991424,,,validation
~jupiter_ingress_1d & ~mars_sign_leo,2,5,-0.08390472024999253,-0.033904720249992526,0.4687279703120279,-0.009120336951836353,0.04087966304816365,0.4333200919462885,0.39244042889812486,-0.10172299212397247,-0.05172299212397247,0.70356509517517,0.7552880872991424,,,validation
~saturn_ingress_3d,1,2,-0.029512781769156542,-0.009512781769156542,0.4931199087928639,-0.009138901649873948,0.010861098350126053,0.4033015272482509,0.39244042889812486,-0.045315339684492625,-0.02531533968449262,0.7299727476146498,0.7552880872991424,,,validation
~asp_jupiter_venus_square & jupiter_sign_scorpio,2,4,-0.44043783762976657,-0.4004378376297666,0.10219485293225383,-0.009266988968480515,0.030733011031519486,0.42317343992964435,0.39244042889812486,-0.5840333487634655,-0.5440333487634654,0.21125473853567706,0.7552880872991424,,,validation
~sun_sign_capricorn & ~venus_sign_sagittarius,2,5,-0.13995854935148166,-0.08995854935148168,0.41267414121053875,-0.009545850235457634,0.04045414976454237,0.43289457866266723,0.39244042889812486,-0.22488462071449095,-0.17488462071449096,0.5804034665846515,0.7552880872991424,,,validation
~asp_saturn_sun_trine & ~mars_sign_leo,2,5,-0.07332753706703994,-0.02332753706703994,0.4793051534949805,-0.009693900182827633,0.04030609981717237,0.43274652871529723,0.39244042889812486,-0.07940026770361248,-0.02940026770361248,0.72588781959553,0.7552880872991424,,,validation
asp_mars_venus_trine,1,1,-0.3144715784450281,-0.3044715784450281,0.19816111211699233,-0.009762753265249549,0.00023724673475045144,0.3926776756328753,0.39244042889812486,-0.4402329922916302,-0.4302329922916302,0.32505509500751223,0.7552880872991424,,,validation
moon_ingress_3d,1,1,-0.01,0.0,0.5026326905620204,-0.01,0.0,0.39244042889812486,0.39244042889812486,-0.01,0.0,0.7552880872991424,0.7552880872991424,,,validation
moon_ingress_5d,1,1,-0.01,0.0,0.5026326905620204,-0.01,0.0,0.39244042889812486,0.39244042889812486,-0.01,0.0,0.7552880872991424,0.7552880872991424,,,validation
mercury_sign_taurus & ~mercury_station,2,4,-0.41541971195650573,-0.37541971195650575,0.12721297860551467,-0.010036976109692085,0.029963023890307916,0.4224034527884328,0.39244042889812486,-0.9819501142698994,-0.9419501142698994,-0.18666202697075698,0.7552880872991424,,,validation
~jupiter_ingress_1d & ~sun_sign_capricorn,2,5,-0.17075074872718587,-0.12075074872718589,0.38188194183483454,-0.010114439644401022,0.03988556035559898,0.43232598925372384,0.39244042889812486,-0.1510918237143733,-0.10109182371437331,0.6541962635847691,0.7552880872991424,,,validation
~mars_ingress_3d,1,2,-0.21339980929972371,-0.19339980929972372,0.3092328812622967,-0.010159393235009456,0.009840606764990545,0.4022810356631154,0.39244042889812486,-0.050538349761243925,-0.03053834976124392,0.7247497375378985,0.7552880872991424,,,validation
~asp_saturn_sun_sextile & ~jupiter_ingress_1d,2,5,-0.07803446644775049,-0.028034466447750483,0.47459822411426994,-0.01021348385608474,0.03978651614391526,0.4322269450420401,0.39244042889812486,-0.006111584897029301,0.0438884151029707,0.7991765024021131,0.7552880872991424,,,validation
asp_jupiter_saturn_square & ~venus_sign_sagittarius,2,4,-0.47953166171779255,-0.43953166171779257,0.06310102884422789,-0.010617794168948334,0.029382205831051667,0.4218226347291765,0.39244042889812486,-0.5707990744873316,-0.5307990744873315,0.22448901281181088,0.7552880872991424,,,validation
~asp_saturn_sun_sextile & ~sun_sign_capricorn,2,5,-0.1358213660517789,-0.08582136605177892,0.4168113245102415,-0.010633066664069005,0.039366933335931,0.43180736223405586,0.39244042889812486,-0.06440247334711986,-0.01440247334711986,0.7408856139520226,0.7552880872991424,,,validation
~asp_jupiter_mercury_square,1,2,-0.04873347940800697,-0.028733479408006968,0.47389921115401346,-0.010649122795658921,0.00935087720434108,0.40179130610246594,0.39244042889812486,-0.037759248057894865,-0.01775924805789486,0.7375288392412476,0.7552880872991424,,,validation
mars_sign_pisces & ~sun_sign_cancer,2,4,-0.1776317075935044,-0.1376317075935044,0.365000982968516,-0.011011871125438409,0.02898812887456159,0.42142855777268645,0.39244042889812486,-0.8185562608445076,-0.7785562608445076,-0.02326817354536512,0.7552880872991424,,,validation
~saturn_sign_gemini & venus_retro,2,4,-0.6311055010371024,-0.5911055010371024,-0.08847281047508196,-0.01174227568347299,0.02825772431652701,0.42069815321465187,0.39244042889812486,-1.008398601191282,-0.968398601191282,-0.21311051389213956,0.7552880872991424,,,validation
venus_retro & ~venus_sign_scorpio,2,4,-0.7336163744366218,-0.6936163744366217,-0.1909836838746013,-0.01174227568347299,0.02825772431652701,0.42069815321465187,0.39244042889812486,-1.0200392447703828,-0.9800392447703827,-0.22475115747124033,0.7552880872991424,,,validation
~mars_ingress_5d,1,2,-0.22313685644911033,-0.20313685644911034,0.2994958341129101,-0.012434775830029204,0.007565224169970797,0.40000565306809566,0.39244042889812486,-0.14197290883040478,-0.12197290883040479,0.6333151784687376,0.7552880872991424,,,validation
mars_sign_pisces & ~venus_sign_sagittarius,2,4,-0.18748999926122464,-0.14748999926122464,0.3551426913007958,-0.012522325119879683,0.027477674880120317,0.4199181037782452,0.39244042889812486,-0.8429705172447144,-0.8029705172447144,-0.04768242994557193,0.7552880872991424,,,validation
~asp_jupiter_sun_opp & ~mercury_sign_cancer,2,5,-0.048433298426636864,0.0015667015733631384,0.5041993921353836,-0.013344561220148002,0.036655438779852,0.42909586767797686,0.39244042889812486,-0.17094460593492283,-0.12094460593492284,0.6343434813642196,0.7552880872991424,,,validation
~asp_jupiter_sun_opp & ~venus_sign_cancer,2,5,0.03056313057650599,0.08056313057650599,0.5831958211385264,-0.013579266473171106,0.0364207335268289,0.42886116242495376,0.39244042889812486,-0.1578740530127199,-0.1078740530127199,0.6474140342864225,0.7552880872991424,,,validation
~mars_sign_cancer & ~venus_sign_cancer,2,5,-0.0761908799827339,-0.026190879982733895,0.47644181057928653,-0.014558300967720664,0.03544169903227934,0.4278821279304042,0.39244042889812486,-0.06064084733746851,-0.010640847337468506,0.7446472399616739,0.7552880872991424,,,validation
~asp_saturn_sun_conj,1,2,0.02027767546451455,0.04027767546451455,0.542910366026535,-0.014751518982074035,0.0052484810179259656,0.3976889099160508,0.39244042889812486,-0.01142723305501257,0.008572766944987431,0.7638608542441299,0.7552880872991424,,,validation
~sun_sign_cancer & ~venus_sign_cancer,2,5,-0.055687142951033566,-0.005687142951033564,0.49694554761098686,-0.014793997819367646,0.035206002180632356,0.4276464310787572,0.39244042889812486,-0.24257942649449898,-0.192579426494499,0.5627086608046434,0.7552880872991424,,,validation
jupiter_sign_scorpio & ~mercury_sign_gemini,2,4,-0.3342514040624727,-0.29425140406247274,0.20838128649954768,-0.015280667467547603,0.024719332532452398,0.41715976143057726,0.39244042889812486,-0.6715935363343887,-0.6315935363343886,0.12369455096475379,0.7552880872991424,,,validation
mercury_sign_sagittarius & saturn_sign_pisces,2,3,-0.4725708614186699,-0.4425708614186699,0.06006182914335052,-0.015365986979953977,0.014634013020046022,0.4070744419181709,0.39244042889812486,-0.6918819860298504,-0.6618819860298504,0.09340610126929208,0.7552880872991424,,,validation
~asp_saturn_sun_trine & ~sun_sign_capricorn,2,5,-0.17337927887662535,-0.12337927887662536,0.37925341168539506,-0.015552769678809211,0.03444723032119079,0.42688765921931565,0.39244042889812486,-0.1405997407462976,-0.09059974074629762,0.6646883465528448,0.7552880872991424,,,validation
~asp_mars_sun_opp,1,2,-0.037124980077796785,-0.01712498007779678,0.48550771048422364,-0.016163861381516913,0.003836138618483087,0.39627656751660795,0.39244042889812486,-0.02577874494832753,-0.00577874494832753,0.7495093423508149,0.7552880872991424,,,validation
~jupiter_ingress_3d,1,2,-0.025002409204429015,-0.005002409204429015,0.4976302813575914,-0.01626364530457956,0.0037363546954204407,0.3961767835935453,0.39244042889812486,-0.0007306486549508544,0.019269351345049146,0.7745574386441916,0.7552880872991424,,,validation
~asp_jupiter_saturn_conj,1,2,0.012490564013547551,0.03249056401354755,0.535123254575568,-0.016617917400881626,0.0033820825991183745,0.39582251149724323,0.39244042889812486,-0.03526242117433419,-0.015262421174334184,0.7400256661248082,0.7552880872991424,,,validation
~venus_sign_virgo,1,2,0.017402735600605807,0.03740273560060581,0.5400354261626262,-0.016933452284350874,0.003066547715649126,0.395506976613774,0.39244042889812486,-0.07143827255121037,-0.05143827255121036,0.7038498147479321,0.7552880872991424,,,validation
mars_sign_virgo & ~venus_sign_cancer,2,4,-0.5757602694902856,-0.5357602694902855,-0.03312757892826517,-0.01770872791770086,0.02229127208229914,0.414731700980424,0.39244042889812486,-0.34046499723142193,-0.30046499723142195,0.4548230900677205,0.7552880872991424,,,validation
~mars_sign_scorpio & ~sun_sign_libra,2,5,0.018890935495438563,0.06889093549543857,0.571523626057459,-0.01816883411939997,0.03183116588060003,0.4242715947787249,0.39244042889812486,-0.2303562798709376,-0.1803562798709376,0.5749318074282048,0.7552880872991424,,,validation
~asp_jupiter_mars_opp,1,2,-0.022321167034416094,-0.002321167034416094,0.5003115235276043,-0.018225946970038192,0.0017740530299618085,0.39421448192808667,0.39244042889812486,-0.019322167518501892,0.0006778324814981085,0.7559659197806405,0.7552880872991424,,,validation
~jupiter_ingress_1d & mars_sign_pisces,2,4,-0.18702187202901097,-0.14702187202901096,0.35561081853300947,-0.018250692334535322,0.02174930766546468,0.41418973656358954,0.39244042889812486,-0.8235945192055131,-0.783594519205513,-0.028306431906370638,0.7552880872991424,,,validation
~asp_mars_sun_sextile,1,2,-0.07858869653576121,-0.05858869653576121,0.4440439940262592,-0.018490127779338655,0.0015098722206613457,0.3939503011187862,0.39244042889812486,0.02686110915066355,0.04686110915066355,0.802149196449806,0.7552880872991424,,,validation
~jupiter_sign_taurus,1,2,-0.019897801666569386,0.00010219833343061424,0.502734888895451,-0.018498986460287064,0.0015010135397129365,0.3939414424378378,0.39244042889812486,-0.07889375439122469,-0.058893754391224684,0.6963943329079177,0.7552880872991424,,,validation
~asp_mars_mercury_conj,1,2,-0.09637746004126584,-0.07637746004126583,0.4262552305207546,-0.019186850740109323,0.0008131492598906775,0.39325357815801554,0.39244042889812486,-0.09197337143602534,-0.07197337143602534,0.6833147158631171,0.7552880872991424,,,validation
~asp_mars_venus_opp,1,2,-0.045861840928402495,-0.02586184092840249,0.47677084963361793,-0.019239030375388027,0.0007609696246119735,0.39320139852273683,0.39244042889812486,-0.03428424640997861,-0.014284246409978607,0.7410038408891638,0.7552880872991424,,,validation
jupiter_sign_scorpio & ~mercury_sign_aquarius,2,4,-0.3597201314110703,-0.3197201314110703,0.18291255915095012,-0.019556618796473933,0.020443381203526068,0.4128838101016509,0.39244042889812486,-0.5501872083702135,-0.5101872083702135,0.2451008789289289,0.7552880872991424,,,validation
~asp_jupiter_mercury_trine,1,2,-0.1184696046296405,-0.0984696046296405,0.40416308593237993,-0.019678798508913447,0.0003212014910865535,0.3927616303892114,0.39244042889812486,-0.09514038435345538,-0.07514038435345538,0.680147702945687,0.7552880872991424,,,validation
~saturn_sign_scorpio,1,2,-0.12451063275837697,-0.10451063275837696,0.39812205780364346,-0.02,0.0,0.39244042889812486,0.39244042889812486,-0.10409307070780514,-0.08409307070780514,0.6711950165913373,0.7552880872991424,,,validation
~saturn_sign_sagittarius,1,2,-0.04237773394261539,-0.022377733942615385,0.48025495661940504,-0.02,0.0,0.39244042889812486,0.39244042889812486,-0.11372727770860812,-0.09372727770860811,0.6615608095905343,0.7552880872991424,,,validation
~saturn_sign_capricorn,1,2,-0.09450322355931222,-0.07450322355931221,0.4281294670027082,-0.02,0.0,0.39244042889812486,0.39244042889812486,0.07237737272616053,0.09237737272616053,0.847665460025303,0.7552880872991424,,,validation
~saturn_sign_aquarius,1,2,-0.09037080240073346,-0.07037080240073346,0.43226188816128697,-0.02,0.0,0.39244042889812486,0.39244042889812486,-0.09476517149279416,-0.07476517149279416,0.6805229158063483,0.7552880872991424,,,validation
~asp_jupiter_saturn_opp,1,2,-0.0055014440319455064,0.014498555968054494,0.5171312465300749,-0.02,0.0,0.39244042889812486,0.39244042889812486,-0.0014821342234820727,0.018517865776517928,0.7738059530756604,0.7552880872991424,,,validation
~asp_mercury_sun_sextile,1,2,-0.02,0.0,0.5026326905620204,-0.02,0.0,0.39244042889812486,0.39244042889812486,-0.02,0.0,0.7552880872991424,0.7552880872991424,,,validation
~asp_mercury_sun_square,1,2,-0.02,0.0,0.5026326905620204,-0.02,0.0,0.39244042889812486,0.39244042889812486,-0.02,0.0,0.7552880872991424,0.7552880872991424,,,validation
~asp_mercury_sun_trine,1,2,-0.02,0.0,0.5026326905620204,-0.02,0.0,0.39244042889812486,0.39244042889812486,-0.02,0.0,0.7552880872991424,0.7552880872991424,,,validation
~asp_mercury_sun_opp,1,2,-0.02,0.0,0.5026326905620204,-0.02,0.0,0.39244042889812486,0.39244042889812486,-0.02,0.0,0.7552880872991424,0.7552880872991424,,,validation
~asp_mercury_venus_square,1,2,-0.02,0.0,0.5026326905620204,-0.02,0.0,0.39244042889812486,0.39244042889812486,-0.02,0.0,0.7552880872991424,0.7552880872991424,,,validation
~asp_mercury_venus_trine,1,2,-0.02,0.0,0.5026326905620204,-0.02,0.0,0.39244042889812486,0.39244042889812486,-0.02,0.0,0.7552880872991424,0.7552880872991424,,,validation
~asp_mercury_venus_opp,1,2,-0.02,0.0,0.5026326905620204,-0.02,0.0,0.39244042889812486,0.39244042889812486,-0.02,0.0,0.7552880872991424,0.7552880872991424,,,validation
~asp_sun_venus_sextile,1,2,-0.02,0.0,0.5026326905620204,-0.02,0.0,0.39244042889812486,0.39244042889812486,-0.02,0.0,0.7552880872991424,0.7552880872991424,,,validation
~asp_sun_venus_square,1,2,-0.02,0.0,0.5026326905620204,-0.02,0.0,0.39244042889812486,0.39244042889812486,-0.02,0.0,0.7552880872991424,0.7552880872991424,,,validation
~asp_sun_venus_trine,1,2,-0.02,0.0,0.5026326905620204,-0.02,0.0,0.39244042889812486,0.39244042889812486,-0.02,0.0,0.7552880872991424,0.7552880872991424,,,validation
~asp_sun_venus_opp,1,2,-0.02,0.0,0.5026326905620204,-0.02,0.0,0.39244042889812486,0.39244042889812486,-0.02,0.0,0.7552880872991424,0.7552880872991424,,,validation
~mars_sign_leo & ~mercury_sign_cancer,2,5,-0.15707962679852783,-0.10707962679852784,0.3955530637634926,-0.020425977897597883,0.02957402210240212,0.422014451000527,0.39244042889812486,-0.20120883416677943,-0.15120883416677944,0.604079253132363,0.7552880872991424,,,validation
~mercury_retro & ~sun_sign_libra,2,5,-0.13231243790227282,-0.08231243790227283,0.4203202526597476,-0.020876873929783782,0.02912312607021622,0.4215635549683411,0.39244042889812486,-0.09954800701772977,-0.04954800701772977,0.7057400802814127,0.7552880872991424,,,validation
venus_sign_gemini,1,1,-0.2296349865401222,-0.2196349865401222,0.2829977040218982,-0.021512411403330982,-0.01151241140333098,0.3809280174947939,0.39244042889812486,-0.3573222989218432,-0.3473222989218432,0.40796578837729924,0.7552880872991424,,,validation
~asp_mars_saturn_conj,1,2,-0.030778476633667545,-0.010778476633667544,0.4918542139283529,-0.02169434932146445,-0.00169434932146445,0.3907460795766604,0.39244042889812486,-0.028570325826728898,-0.008570325826728897,0.7467177614724135,0.7552880872991424,,,validation
jupiter_sign_sagittarius & ~mercury_sign_gemini,2,4,-0.15048032632403405,-0.11048032632403404,0.3921523642379864,-0.02234776551294123,0.01765223448705877,0.41009266338518363,0.39244042889812486,-0.5906286273345658,-0.5506286273345657,0.20465945996457666,0.7552880872991424,,,validation
jupiter_sign_scorpio & ~sun_sign_cancer,2,4,-0.4323233564870322,-0.3923233564870322,0.1103093340749882,-0.02258210512553501,0.01741789487446499,0.40985832377258985,0.39244042889812486,-0.6737257709022584,-0.6337257709022583,0.12156231639688407,0.7552880872991424,,,validation
~asp_jupiter_sun_opp & asp_mercury_saturn_opp,2,4,-0.17972641003582543,-0.13972641003582542,0.362906280526195,-0.022609605324768543,0.017390394675231458,0.4098308235733563,0.39244042889812486,-0.6896214474646126,-0.6496214474646126,0.10566663983452987,0.7552880872991424,,,validation
mars_sign_virgo & saturn_sign_pisces,2,3,-0.18988223754143005,-0.15988223754143005,0.3427504530205904,-0.023307139560088258,0.006692860439911741,0.3991332893380366,0.39244042889812486,-0.7594059369920724,-0.7294059369920723,0.025882150307070088,0.7552880872991424,,,validation
jupiter_sign_sagittarius & mars_sign_virgo,2,3,-0.6281371245009758,-0.5981371245009758,-0.09550443393895532,-0.023307139560088258,0.006692860439911741,0.3991332893380366,0.39244042889812486,-0.7416608349608808,-0.7116608349608807,0.04362725233826166,0.7552880872991424,,,validation
~saturn_ingress_5d,1,2,-0.061904685811028634,-0.04190468581102863,0.4607280047509918,-0.023357612271542965,-0.0033576122715429646,0.3890828166265819,0.39244042889812486,-0.056256767936269755,-0.03625676793626975,0.7190313193628727,0.7552880872991424,,,validation
~asp_jupiter_mars_conj & mars_sign_pisces,2,4,-0.18463464248777897,-0.14463464248777896,0.35799804807424146,-0.024397471399850233,0.015602528600149768,0.4080429574982746,0.39244042889812486,-0.8547270212000049,-0.8147270212000048,-0.059438933900862446,0.7552880872991424,,,validation
mars_sign_pisces & ~mercury_retro,2,4,-0.24829083215559247,-0.20829083215559246,0.29434185840642796,-0.02477329577350914,0.015226704226490861,0.4076671331246157,0.39244042889812486,-0.8416789118170416,-0.8016789118170415,-0.046390824517899144,0.7552880872991424,,,validation
~venus_sign_taurus,1,2,0.007332217981334339,0.02733221798133434,0.5299649085433548,-0.02525206391119909,-0.00525206391119909,0.38718836498692577,0.39244042889812486,-0.014254284094028052,0.005745715905971949,0.7610338032051144,0.7552880872991424,,,validation
~moon_sign_aries,1,2,-0.24907193878265596,-0.22907193878265597,0.27356075177936445,-0.02540656368434106,-0.005406563684341059,0.3870338652137838,0.39244042889812486,-0.2924542781121937,-0.2724542781121937,0.48283380918694874,0.7552880872991424,,,validation
~asp_saturn_venus_sextile & ~sun_sign_libra,2,5,-0.007831765619548306,0.0421682343804517,0.5448009249424721,-0.025906288674160408,0.024093711325839595,0.41653414022396446,0.39244042889812486,-0.16809186295351558,-0.11809186295351559,0.6371962243456268,0.7552880872991424,,,validation
~asp_mars_mercury_opp,1,2,-0.026495092234688027,-0.006495092234688027,0.4961375983273324,-0.027118394599855194,-0.007118394599855193,0.38532203429826967,0.39244042889812486,-0.04974044999271886,-0.029740449992718854,0.7255476373064236,0.7552880872991424,,,validation
~asp_mercury_moon_trine,1,2,-0.18401713074497075,-0.16401713074497076,0.33861555981704966,-0.027135925654013054,-0.007135925654013053,0.3853045032441118,0.39244042889812486,-0.2142460823824693,-0.19424608238246932,0.5610420049166731,0.7552880872991424,,,validation
~asp_jupiter_sun_conj,1,2,-0.025761888665975435,-0.005761888665975434,0.496870801896045,-0.027731584409883308,-0.0077315844098833075,0.38470884448824155,0.39244042889812486,-0.04033151639541997,-0.02033151639541997,0.7349565709037225,0.7552880872991424,,,validation
~asp_mars_venus_sextile & asp_mercury_saturn_opp,2,4,-0.1712921476547947,-0.1312921476547947,0.37134054290722573,-0.028231842128624694,0.011768157871375307,0.40420858676950017,0.39244042889812486,-0.6752946450747978,-0.6352946450747977,0.11999344222434467,0.7552880872991424,,,validation
~asp_jupiter_sun_square & ~venus_sign_scorpio,2,5,-0.07562423207226106,-0.025624232072261055,0.47700845848975937,-0.028538622037391617,0.021461377962608386,0.41390180686073325,0.39244042889812486,-0.20020794429652106,-0.15020794429652107,0.6050801430026214,0.7552880872991424,,,validation
~venus_sign_leo,1,2,-0.10093992225442892,-0.08093992225442892,0.4216927683075915,-0.028600540749110153,-0.008600540749110153,0.3838398881490147,0.39244042889812486,0.0532428030839255,0.0732428030839255,0.8285308903830679,0.7552880872991424,,,validation
~asp_jupiter_mars_square,1,2,-0.12152894389799938,-0.10152894389799938,0.40110374666402104,-0.029517571957489202,-0.009517571957489201,0.38292285694063566,0.39244042889812486,-0.07674572630997543,-0.05674572630997543,0.698542360989167,0.7552880872991424,,,validation
jupiter_sign_scorpio & ~venus_sign_cancer,2,4,-0.3240548378481863,-0.2840548378481863,0.21857785271383412,-0.02986791188170037,0.010132088118299631,0.4025725170164245,0.39244042889812486,-0.6694534146068577,-0.6294534146068577,0.1258346726922848,0.7552880872991424,,,validation
~asp_mars_moon_sextile,1,2,-0.14034091998353146,-0.12034091998353147,0.38229177057848895,-0.030078577596943306,-0.010078577596943306,0.38236185130118155,0.39244042889812486,-0.11527109569969439,-0.09527109569969439,0.660016991599448,0.7552880872991424,,,validation
jupiter_sign_aquarius,1,1,-0.43196995475276734,-0.42196995475276733,0.08066273580925307,-0.030271869508989073,-0.02027186950898907,0.3721685593891358,0.39244042889812486,-0.3377692172907263,-0.3277692172907263,0.42751887000841615,0.7552880872991424,,,validation
~asp_jupiter_sun_square & jupiter_sign_scorpio,2,4,-0.36870055076712066,-0.3287005507671207,0.17393213979489977,-0.030613104152584024,0.009386895847415977,0.40182732474554084,0.39244042889812486,-0.7084016678197806,-0.6684016678197806,0.08688641947936177,0.7552880872991424,,,validation
asp_mercury_saturn_opp & mars_sign_aries,2,3,-0.8401289045990721,-0.810128904599072,-0.3074962140370517,-0.031438067237925166,-0.0014380672379251669,0.3910023616601997,0.39244042889812486,-0.40613957464940087,-0.37613957464940084,0.3791485126497416,0.7552880872991424,,,validation
~jupiter_ingress_5d,1,2,-0.039819093824359095,-0.01981909382435909,0.48281359673766133,-0.03157471317616621,-0.011574713176166207,0.38086571572195865,0.39244042889812486,0.005443318041808993,0.025443318041808993,0.7807314053409514,0.7552880872991424,,,validation
asp_mercury_saturn_opp & ~saturn_sign_gemini,2,4,-0.12509105004461482,-0.08509105004461481,0.4175416405174056,-0.03295286518066328,0.00704713481933672,0.3994875637174616,0.39244042889812486,-0.6896214474646126,-0.6496214474646126,0.10566663983452987,0.7552880872991424,,,validation
~asp_mercury_venus_conj,1,2,-0.1375626643659201,-0.11756266436592011,0.3850700261961003,-0.03306401978813543,-0.013064019788135428,0.37937640910998943,0.39244042889812486,0.008452357272865547,0.028452357272865547,0.783740444572008,0.7552880872991424,,,validation
~sun_sign_aquarius,1,2,-0.12196638798016306,-0.10196638798016305,0.40066630258185737,-0.03326349079668521,-0.013263490796685207,0.37917693810143965,0.39244042889812486,-0.09108106713155482,-0.07108106713155482,0.6842070201675876,0.7552880872991424,,,validation
~asp_moon_venus_conj,1,2,-0.09221941349889422,-0.07221941349889421,0.4304132770631262,-0.033329291580884976,-0.013329291580884972,0.3791111373172399,0.39244042889812486,-0.11898738764691251,-0.0989873876469125,0.6563006996522299,0.7552880872991424,,,validation
~asp_saturn_sun_trine & jupiter_sign_scorpio,2,4,-0.4183383224076531,-0.37833832240765314,0.1242943681543673,-0.033760124336840745,0.006239875663159256,0.3986803045612841,0.39244042889812486,-0.6566796836666852,-0.6166796836666851,0.1386084036324573,0.7552880872991424,,,validation
~sun_sign_gemini,1,2,-0.11479963572491513,-0.09479963572491512,0.4078330548371053,-0.03405216406421889,-0.014052164064218886,0.378388264833906,0.39244042889812486,-0.07948069169942183,-0.05948069169942183,0.6958073955997206,0.7552880872991424,,,validation
jupiter_sign_sagittarius & ~mercury_sign_aquarius,2,4,-0.24656063322959063,-0.20656063322959062,0.2960720573324298,-0.034113663244303614,0.005886336755696386,0.39832676565382125,0.39244042889812486,-0.6534633680639097,-0.6134633680639097,0.1418247192352328,0.7552880872991424,,,validation
mars_sign_pisces & ~venus_sign_scorpio,2,4,-0.20977920416966986,-0.16977920416966985,0.3328534863923506,-0.034126713070503155,0.005873286929496846,0.3983137158276217,0.39244042889812486,-0.7084090635311918,-0.6684090635311918,0.08687902376795067,0.7552880872991424,,,validation
asp_mercury_saturn_opp & ~jupiter_sign_gemini,2,4,-0.18985891390749762,-0.14985891390749762,0.3527737766545228,-0.034165798497808285,0.005834201502191716,0.3982746304003166,0.39244042889812486,-0.760719077041469,-0.720719077041469,0.03456901025767348,0.7552880872991424,,,validation
asp_mars_saturn_opp,1,1,-0.4106647503262769,-0.4006647503262769,0.10196794023574351,-0.03448917662620248,-0.02448917662620248,0.3679512522719224,0.39244042889812486,-0.16601985253103657,-0.15601985253103656,0.5992682347681059,0.7552880872991424,,,validation
~asp_sun_venus_conj,1,2,-0.01635287737218481,0.0036471226278151914,0.5062798131898356,-0.035729781890275134,-0.01572978189027513,0.37671064700784973,0.39244042889812486,-0.14145320085687904,-0.12145320085687905,0.6338348864422634,0.7552880872991424,,,validation
~asp_mars_venus_sextile & mars_sign_aries,2,4,-0.5088335173295327,-0.46883351732953277,0.03379917323248768,-0.03583487177023694,0.00416512822976306,0.3966055571278879,0.39244042889812486,-0.21660744339650292,-0.17660744339650292,0.5786806439026395,0.7552880872991424,,,validation
jupiter_sign_sagittarius & ~venus_sign_sagittarius,2,4,-0.1994177767856725,-0.15941777678567248,0.34321491377634794,-0.03624784940649647,0.0037521505935035337,0.3961925794916284,0.39244042889812486,-0.7542110909931123,-0.7142110909931123,0.04107699630603012,0.7552880872991424,,,validation
~asp_mars_venus_conj & mars_sign_pisces,2,4,-0.22468839545151256,-0.18468839545151255,0.31794429511050787,-0.03650199158220526,0.00349800841779474,0.3959384373159196,0.39244042889812486,-0.8488720453981029,-0.8088720453981029,-0.05358395809896046,0.7552880872991424,,,validation
saturn_retro,1,1,-0.16215479657205212,-0.1521547965720521,0.3504778939899683,-0.03662562248412087,-0.02662562248412087,0.365814806414004,0.39244042889812486,-0.3347619718978943,-0.3247619718978943,0.43052611540124813,0.7552880872991424,,,validation
asp_mercury_saturn_opp & ~mars_sign_taurus,2,4,-0.18726297528548594,-0.14726297528548593,0.3553697152765345,-0.03720876453627122,0.0027912354637287806,0.39523166436185364,0.39244042889812486,-0.5591796821895759,-0.5191796821895759,0.23610840510956652,0.7552880872991424,,,validation
jupiter_sign_sagittarius & mars_sign_pisces,2,3,-0.2996563087545565,-0.2696563087545565,0.23297638180746397,-0.037491080111202696,-0.007491080111202697,0.38494934878692216,0.39244042889812486,-1.011146284199823,-0.9811462841998231,-0.2258581969006806,0.7552880872991424,,,validation
asp_mercury_saturn_opp & ~mars_sign_leo,2,4,-0.2831807713738321,-0.2431807713738321,0.25945191918818833,-0.038200698683234634,0.001799301316765367,0.3942397302148902,0.39244042889812486,-0.6750839829521587,-0.6350839829521586,0.12020410434698377,0.7552880872991424,,,validation
sun_sign_taurus,1,1,-0.7301981290738168,-0.7201981290738168,-0.2175654385117963,-0.03825354479874498,-0.02825354479874498,0.3641868840993799,0.39244042889812486,-0.6537642331811887,-0.6437642331811887,0.11152385411795374,0.7552880872991424,,,validation
~asp_jupiter_sun_opp & mars_sign_pisces,2,4,-0.19123743922720496,-0.15123743922720495,0.3513952513348155,-0.03850694337918844,0.0014930566208115614,0.3939334855189364,0.39244042889812486,-0.8487977869110773,-0.8087977869110773,-0.05350969961193489,0.7552880872991424,,,validation
~asp_jupiter_sun_square & asp_mercury_saturn_opp,2,4,-0.2048832140914061,-0.1648832140914061,0.3377494764706143,-0.039174723501297824,0.0008252764987021766,0.39326570539682704,0.39244042889812486,-0.5959056570656962,-0.5559056570656962,0.19938243023344623,0.7552880872991424,,,validation
mars_sign_virgo & ~venus_sign_sagittarius,2,4,-0.6511276022769515,-0.6111276022769515,-0.10849491171493111,-0.03948729048216639,0.0005127095178336094,0.39295313841595847,0.39244042889812486,-0.25223507684449115,-0.21223507684449117,0.5430530104546513,0.7552880872991424,,,validation
mars_sign_aries & ~mercury_station,2,4,-0.44693788308584803,-0.40693788308584805,0.09569480747617239,-0.03999358872441352,6.411275586482024e-06,0.39244684017371134,0.39244042889812486,-0.29817790187753807,-0.2581779018775381,0.49711018542160434,0.7552880872991424,,,validation
~mars_sign_taurus & mercury_sign_sagittarius,2,4,-0.03178797894713189,0.008212021052868113,0.5108447116148885,-0.04029814097735209,-0.00029814097735209044,0.39214228792077277,0.39244042889812486,-0.6303348637283995,-0.5903348637283995,0.16495322357074294,0.7552880872991424,,,validation
~mars_sign_aquarius,1,2,0.02447483845931255,0.04447483845931255,0.547107529021333,-0.04067384712162157,-0.02067384712162157,0.3717665817765033,0.39244042889812486,-0.08883845260390398,-0.06883845260390398,0.6864496346952385,0.7552880872991424,,,validation
~asp_mars_venus_conj & jupiter_sign_scorpio,2,4,-0.4152845391428089,-0.3752845391428089,0.1273481514192115,-0.04126147427044082,-0.001261474270440821,0.39117895462768404,0.39244042889812486,-0.6368741564355647,-0.5968741564355646,0.15841393086357783,0.7552880872991424,,,validation
~asp_jupiter_sun_sextile & jupiter_sign_scorpio,2,4,-0.4286375513770529,-0.3886375513770529,0.11399513918496751,-0.04265260989226357,-0.002652609892263569,0.3897878190058613,0.39244042889812486,-0.6767435042501162,-0.6367435042501162,0.11854458304902624,0.7552880872991424,,,validation
~asp_jupiter_venus_square & asp_mercury_saturn_opp,2,4,-0.1597017648498298,-0.1197017648498298,0.3829309257121906,-0.042837795283083256,-0.0028377952830832553,0.3896026336150416,0.39244042889812486,-0.6896214474646126,-0.6496214474646126,0.10566663983452987,0.7552880872991424,,,validation
~sun_sign_libra & ~venus_sign_scorpio,2,5,-0.023204101999209262,0.02679589800079074,0.5294285885628112,-0.043237473564967335,0.0067625264350326675,0.3992029553331575,0.39244042889812486,-0.22799763789554156,-0.17799763789554157,0.5772904494036009,0.7552880872991424,,,validation
~saturn_sign_libra,1,2,0.0008179866248883179,0.02081798662488832,0.5234506771869087,-0.04401546325890841,-0.02401546325890841,0.36842496563921645,0.39244042889812486,-0.0929937039963221,-0.0729937039963221,0.6822943833028203,0.7552880872991424,,,validation
asp_mercury_saturn_opp & ~venus_sign_cancer,2,4,-0.22499354761008863,-0.18499354761008863,0.3176391429519318,-0.04417269059213976,-0.004172690592139761,0.3882677383059851,0.39244042889812486,-0.6336134436984654,-0.5936134436984654,0.16167464360067707,0.7552880872991424,,,validation
~jupiter_sign_libra,1,2,-0.014338941248336328,0.005661058751663672,0.5082937493136841,-0.04418471226947816,-0.02418471226947816,0.3682557166286467,0.39244042889812486,-0.08126170201055093,-0.06126170201055092,0.6940263852885915,0.7552880872991424,,,validation
asp_mercury_saturn_opp & ~mars_sign_cancer,2,4,-0.24518927122462894,-0.20518927122462893,0.2974434193373915,-0.044305616108025546,-0.004305616108025545,0.3881348127900993,0.39244042889812486,-0.7515343635432462,-0.7115343635432462,0.043753723755896264,0.7552880872991424,,,validation
~asp_saturn_venus_sextile & mars_sign_pisces,2,4,-0.22005849423645749,-0.18005849423645748,0.32257419632556295,-0.04461387744966474,-0.004613877449664738,0.3878265514484601,0.39244042889812486,-0.7265378759723797,-0.6865378759723797,0.06875021132676279,0.7552880872991424,,,validation
~saturn_sign_virgo & venus_retro,2,4,-0.7250103273248942,-0.6850103273248942,-0.18237763676287372,-0.04490277340976564,-0.004902773409765637,0.3875376554883592,0.39244042889812486,-1.008398601191282,-0.968398601191282,-0.21311051389213956,0.7552880872991424,,,validation
~mercury_retro & ~venus_sign_scorpio,2,5,-0.19670616601556412,-0.14670616601556413,0.3559265245464563,-0.04518432767822829,0.0048156723217717134,0.3972561012198966,0.39244042889812486,-0.14680549470632948,-0.09680549470632949,0.6584825925928129,0.7552880872991424,,,validation
asp_mercury_saturn_opp & ~sun_sign_capricorn,2,4,-0.3727320094274174,-0.33273200942741743,0.16990068113460302,-0.04519543630218916,-0.00519543630218916,0.3872449925959357,0.39244042889812486,-0.6896214474646126,-0.6496214474646126,0.10566663983452987,0.7552880872991424,,,validation
~mars_retro,1,2,-0.01583097228988382,0.00416902771011618,0.5068017182721366,-0.04526918347394902,-0.02526918347394902,0.36717124542417584,0.39244042889812486,-0.0904635764307322,-0.0704635764307322,0.6848245108684102,0.7552880872991424,,,validation
~asp_jupiter_sun_opp & jupiter_sign_scorpio,2,4,-0.3637845612705315,-0.3237845612705315,0.1788481292914889,-0.046215274448324205,-0.006215274448324204,0.38622515444980066,0.39244042889812486,-0.6761694703334821,-0.636169470333482,0.11911861696566041,0.7552880872991424,,,validation
mars_sign_pisces & ~mercury_sign_cancer,2,4,-0.19604019400860548,-0.15604019400860547,0.34659249655341495,-0.04629524963246242,-0.0062952496324624185,0.38614517926566244,0.39244042889812486,-0.8567101099839873,-0.8167101099839873,-0.0614220226848449,0.7552880872991424,,,validation
~mars_sign_leo & ~sun_sign_cancer,2,5,-0.0721041178652936,-0.022104117865293593,0.48052857269672683,-0.04649619237832338,0.0035038076216766245,0.3959442365198015,0.39244042889812486,-0.23010924448869835,-0.18010924448869836,0.5751788428104441,0.7552880872991424,,,validation
~asp_moon_sun_square,1,2,-0.19248757192251306,-0.17248757192251307,0.33014511863950735,-0.04649933354060691,-0.026499333540606906,0.36594109535751795,0.39244042889812486,-0.17167916493242272,-0.15167916493242273,0.6036089223667197,0.7552880872991424,,,validation
~asp_jupiter_sun_sextile & mars_sign_pisces,2,4,-0.25765667545944987,-0.2176566754594499,0.28497601510257053,-0.04697015720573968,-0.00697015720573968,0.3854702716923852,0.39244042889812486,-0.868028978399668,-0.8280289783996679,-0.0727408911005255,0.7552880872991424,,,validation
~asp_jupiter_sun_trine,1,2,-0.04960398520318486,-0.029603985203184857,0.47302870535883557,-0.04706387692835744,-0.027063876928357433,0.3653765519697674,0.39244042889812486,-0.06503056461679134,-0.045030564616791335,0.7102575226823511,0.7552880872991424,,,validation
asp_jupiter_saturn_square & ~jupiter_sign_capricorn,2,4,-0.4081832383104805,-0.3681832383104805,0.13444945225153992,-0.04707407869750809,-0.0070740786975080905,0.38536635020061677,0.39244042889812486,-0.5707990744873316,-0.5307990744873315,0.22448901281181088,0.7552880872991424,,,validation
~asp_saturn_sun_sextile & mars_sign_pisces,2,4,-0.23468441197657644,-0.19468441197657643,0.307948278585444,-0.04750728137911111,-0.007507281379111108,0.38493314751901375,0.39244042889812486,-0.8668073736840246,-0.8268073736840246,-0.07151928638488214,0.7552880872991424,,,validation
jupiter_sign_scorpio & ~mercury_sign_libra,2,4,-0.5120446794040903,-0.4720446794040903,0.030588011157930115,-0.04765520124570013,-0.007655201245700127,0.38478522765242473,0.39244042889812486,-0.55742050107554,-0.5174205010755399,0.23786758622360255,0.7552880872991424,,,validation
~asp_jupiter_moon_opp,1,2,-0.07895989435680432,-0.05895989435680432,0.4436727962052161,-0.047806364626601525,-0.02780636462660152,0.36463406427152334,0.39244042889812486,-0.12167189197821059,-0.10167189197821058,0.6536161953209318,0.7552880872991424,,,validation
sun_sign_scorpio,1,1,-0.3934233179514586,-0.38342331795145856,0.11920937261056185,-0.04839183012447228,-0.03839183012447228,0.3540485987736526,0.39244042889812486,-0.4262933448397774,-0.41629334483977737,0.33899474245936506,0.7552880872991424,,,validation
~asp_jupiter_venus_sextile,1,2,-0.08653555387244892,-0.06653555387244892,0.4360971366895715,-0.0491249015640287,-0.029124901564028693,0.36331552733409617,0.39244042889812486,-0.0004476413570655251,0.019552358642934475,0.7748404459420769,0.7552880872991424,,,validation
~asp_moon_sun_trine,1,2,-0.19089082761007817,-0.17089082761007818,0.33174186295194225,-0.04933190760327792,-0.029331907603277918,0.36310852129484694,0.39244042889812486,-0.07649524189466637,-0.05649524189466637,0.6987928454044761,0.7552880872991424,,,validation
~asp_saturn_venus_sextile & ~venus_sign_scorpio,2,5,-0.08265825496643976,-0.03265825496643976,0.46997443559558066,-0.04956669511124513,0.0004333048887548707,0.39287373378687973,0.39244042889812486,-0.23150356426532132,-0.18150356426532133,0.5737845230338211,0.7552880872991424,,,validation
saturn_sign_libra,1,1,-0.4902606910133499,-0.4802606910133499,0.022371999548670543,-0.04958069162549283,-0.039580691625492825,0.35285973727263203,0.39244042889812486,-0.4464331167582184,-0.4364331167582184,0.31885497054092404,0.7552880872991424,,,validation
asp_mercury_saturn_opp & ~sun_sign_virgo,2,4,-0.23842932773365275,-0.19842932773365274,0.3042033628283677,-0.05031911342112912,-0.010319113421129122,0.38212131547699574,0.39244042889812486,-0.7816890408304672,-0.7416890408304672,0.013599046468675286,0.7552880872991424,,,validation
~asp_saturn_venus_sextile & jupiter_sign_scorpio,2,4,-0.41843259260624927,-0.3784325926062493,0.12420009795577117,-0.051177395856855566,-0.011177395856855565,0.3812630330412693,0.39244042889812486,-0.6285969084724526,-0.5885969084724526,0.16669117882668985,0.7552880872991424,,,validation
~asp_jupiter_mars_trine,1,2,-0.07691102055511166,-0.05691102055511166,0.44572167000690877,-0.051430452718342665,-0.03143045271834266,0.3610099761797822,0.39244042889812486,-0.019635344618833744,0.00036465538116625673,0.7556527426803087,0.7552880872991424,,,validation
~asp_jupiter_mercury_opp,1,2,-0.028170024202954263,-0.008170024202954262,0.49446266635906616,-0.051708582253100085,-0.03170858225310008,0.3607318466450248,0.39244042889812486,-0.036492567573400456,-0.016492567573400452,0.738795519725742,0.7552880872991424,,,validation
mars_sign_pisces & ~sun_sign_virgo,2,4,-0.19123743922720496,-0.15123743922720495,0.3513952513348155,-0.05209742444704465,-0.012097424447044647,0.3803430044510802,0.39244042889812486,-0.8429705172447144,-0.8029705172447144,-0.04768242994557193,0.7552880872991424,,,validation
~jupiter_sign_virgo,1,2,-0.06733010661461196,-0.047330106614611955,0.45530258394740847,-0.05215777749158483,-0.03215777749158483,0.36028265140654003,0.39244042889812486,-0.009883454628631588,0.010116545371368413,0.7654046326705108,0.7552880872991424,,,validation
~asp_mars_sun_square,1,2,-0.0483794084663408,-0.028379408466340794,0.47425328209567963,-0.05241331919970664,-0.032413319199706636,0.3600271096984182,0.39244042889812486,-0.025277814977463047,-0.005277814977463047,0.7500102723216794,0.7552880872991424,,,validation
asp_jupiter_saturn_sextile,1,1,-0.4504430656673604,-0.4404430656673604,0.06218962489466003,-0.05242828816889055,-0.04242828816889055,0.3500121407292343,0.39244042889812486,0.05181603969200322,0.06181603969200322,0.8171041269911457,0.7552880872991424,,,validation
mercury_sign_taurus & ~saturn_sign_gemini,2,4,-0.3620945132816717,-0.3220945132816717,0.18053817728034868,-0.05276852055348604,-0.01276852055348604,0.3796719083446388,0.39244042889812486,-0.9746036638330107,-0.9346036638330106,-0.17931557653386823,0.7552880872991424,,,validation
~asp_saturn_sun_sextile & jupiter_sign_scorpio,2,4,-0.4255236316843037,-0.3855236316843037,0.1171090588777167,-0.05324525986031505,-0.01324525986031505,0.3791951690378098,0.39244042889812486,-0.6171258453714353,-0.5771258453714353,0.17816224192770716,0.7552880872991424,,,validation
~sun_sign_pisces,1,2,-0.10623658520368777,-0.08623658520368777,0.41639610535833266,-0.05425464099912379,-0.03425464099912379,0.3581857878990011,0.39244042889812486,0.10867419013602421,0.1286741901360242,0.8839622774351666,0.7552880872991424,,,validation
~asp_mars_venus_square,1,2,-0.12833118225196263,-0.10833118225196264,0.3943015083100578,-0.05461530648826572,-0.03461530648826572,0.35782512240985914,0.39244042889812486,-0.010550290350163954,0.009449709649836047,0.7647377969489785,0.7552880872991424,,,validation
~asp_jupiter_venus_conj & jupiter_sign_scorpio,2,4,-0.3678977493391354,-0.3278977493391354,0.17473494122288502,-0.0546255214447476,-0.014625521444747602,0.37781490745337726,0.39244042889812486,-0.642208108543987,-0.602208108543987,0.15307997875515547,0.7552880872991424,,,validation
~asp_mars_saturn_sextile,1,2,-0.014762494341979165,0.005237505658020836,0.5078701962200413,-0.05494866625301929,-0.03494866625301929,0.35749176264510557,0.39244042889812486,-0.11783426174562338,-0.09783426174562337,0.6574538255535191,0.7552880872991424,,,validation
saturn_sign_cancer,1,1,-0.6416016783580657,-0.6316016783580657,-0.12896898779604524,-0.05548090137578653,-0.04548090137578653,0.34695952752233833,0.39244042889812486,-0.7652880872991424,-0.7552880872991424,0.0,0.7552880872991424,,,validation
~asp_jupiter_venus_opp,1,2,-0.06819664530198626,-0.04819664530198625,0.45443604526003417,-0.05603599510358846,-0.03603599510358846,0.3564044337945364,0.39244042889812486,-0.056706020093705276,-0.03670602009370527,0.7185820672054372,0.7552880872991424,,,validation
~mars_ingress_1d,1,2,-0.1414567391952247,-0.1214567391952247,0.3811759513667957,-0.05648236212766082,-0.03648236212766082,0.35595806677046404,0.39244042889812486,-0.06621491665926314,-0.04621491665926314,0.7090731706398793,0.7552880872991424,,,validation
jupiter_sign_scorpio & ~mars_sign_scorpio,2,4,-0.536445747778408,-0.49644574777840805,0.006186942783612391,-0.05719208146816459,-0.01719208146816459,0.37524834742996027,0.39244042889812486,-0.75979749548698,-0.7197974954869799,0.03549059181216257,0.7552880872991424,,,validation
asp_mercury_saturn_opp & ~mercury_sign_libra,2,4,-0.17972641003582543,-0.13972641003582542,0.362906280526195,-0.05835007162863961,-0.018350071628639608,0.37409035726948525,0.39244042889812486,-0.7162230515126874,-0.6762230515126874,0.0790650357864551,0.7552880872991424,,,validation
~asp_mercury_saturn_conj,1,2,-0.05804818230079782,-0.03804818230079782,0.4645845082612226,-0.05880037131620229,-0.03880037131620229,0.3536400575819226,0.39244042889812486,-0.05135353526832685,-0.03135353526832685,0.7239345520308156,0.7552880872991424,,,validation
asp_mercury_saturn_opp & ~sun_sign_libra,2,4,-0.17972641003582543,-0.13972641003582542,0.362906280526195,-0.05889325358137928,-0.018893253581379277,0.3735471753167456,0.39244042889812486,-0.6896214474646126,-0.6496214474646126,0.10566663983452987,0.7552880872991424,,,validation
~asp_saturn_venus_trine,1,2,-0.03425895547241685,-0.014258955472416845,0.4883737350896036,-0.05892894190966784,-0.038928941909667836,0.353511486988457,0.39244042889812486,-0.0684736724384377,-0.0484736724384377,0.7068144148607047,0.7552880872991424,,,validation
asp_mercury_saturn_opp & ~mercury_sign_aquarius,2,4,-0.19285407640759963,-0.15285407640759963,0.3497786141544208,-0.059660637380975066,-0.019660637380975066,0.3727797915171498,0.39244042889812486,-0.6896214474646126,-0.6496214474646126,0.10566663983452987,0.7552880872991424,,,validation
~jupiter_sign_leo,1,2,-0.05181705561696402,-0.03181705561696402,0.4708156349450564,-0.06005082133136884,-0.040050821331368835,0.352389607566756,0.39244042889812486,-0.036726821135667484,-0.01672682113566748,0.738561266163475,0.7552880872991424,,,validation
~mars_station,1,2,-0.03849154066978143,-0.018491540669781426,0.484141149892239,-0.06109135337011422,-0.041091353370114214,0.35134907552801065,0.39244042889812486,-0.04750102496626961,-0.027501024966269605,0.7277870623328728,0.7552880872991424,,,validation
~asp_jupiter_venus_trine & jupiter_sign_scorpio,2,4,-0.4047386455541188,-0.36473864555411883,0.1378940450079016,-0.06109912578473289,-0.021099125784732886,0.371341303113392,0.39244042889812486,-0.6415319447703173,-0.6015319447703172,0.15375614252882516,0.7552880872991424,,,validation
~asp_mars_moon_conj,1,2,-0.09499580600064815,-0.07499580600064815,0.4276368845613723,-0.06170022360630083,-0.041700223606300824,0.35074020529182404,0.39244042889812486,-0.12064750450369587,-0.10064750450369586,0.6546405827954466,0.7552880872991424,,,validation
~asp_mars_saturn_trine,1,2,-0.04012181088722437,-0.020121810887224367,0.48251087967479606,-0.06185654401828171,-0.041856544018281705,0.35058388487984316,0.39244042889812486,0.0013792944486961285,0.02137929444869613,0.7766673817478386,0.7552880872991424,,,validation
asp_mercury_saturn_opp & ~jupiter_sign_capricorn,2,4,-0.18636755050713136,-0.14636755050713135,0.3562651400548891,-0.061933232518175695,-0.021933232518175694,0.37050719637994917,0.39244042889812486,-0.7334228460768515,-0.6934228460768515,0.06186524122229093,0.7552880872991424,,,validation
~mercury_sign_capricorn,1,2,-0.07698839945058904,-0.05698839945058903,0.4456442911114314,-0.06272687259326075,-0.042726872593260745,0.3497135563048641,0.39244042889812486,-0.15463557207131226,-0.13463557207131227,0.6206525152278302,0.7552880872991424,,,validation
~asp_mars_sun_conj,1,2,-0.04654955720871372,-0.026549557208713714,0.4760831333533067,-0.06273045016473282,-0.042730450164732814,0.34970997873339205,0.39244042889812486,-0.08546572085088043,-0.06546572085088043,0.689822366448262,0.7552880872991424,,,validation
jupiter_sign_scorpio & ~venus_sign_scorpio,2,4,-0.4585226617662715,-0.4185226617662715,0.08411002879574891,-0.06312088296668003,-0.023120882966680023,0.36931954593144484,0.39244042889812486,-0.5682383211251653,-0.5282383211251652,0.22704976617397718,0.7552880872991424,,,validation
~asp_mercury_moon_opp,1,2,-0.06300007616335655,-0.04300007616335655,0.4596326143986639,-0.06351728500606445,-0.04351728500606444,0.3489231438920604,0.39244042889812486,-0.06762111319743234,-0.04762111319743234,0.7076669741017101,0.7552880872991424,,,validation
~asp_mars_moon_opp,1,2,-0.08540733412711858,-0.06540733412711858,0.43722535643490185,-0.06370226420675444,-0.04370226420675444,0.3487381646913704,0.39244042889812486,-0.09941774445744343,-0.07941774445744343,0.675870342841699,0.7552880872991424,,,validation
asp_mars_mercury_trine,1,1,-0.6266561253049396,-0.6166561253049396,-0.11402343474291926,-0.06396821816377983,-0.053968218163779835,0.338472210734345,0.39244042889812486,-0.7881963138161522,-0.7781963138161522,-0.022908226517009727,0.7552880872991424,,,validation
~asp_mars_saturn_square,1,2,-0.033606632284800916,-0.013606632284800912,0.4890260582772195,-0.0641202620167282,-0.044120262016728196,0.34832016688139666,0.39244042889812486,-0.1316015191540598,-0.1116015191540598,0.6436865681450826,0.7552880872991424,,,validation
~asp_jupiter_mars_sextile,1,2,-0.11837930524193956,-0.09837930524193955,0.40425338532008087,-0.06425049442077212,-0.04425049442077211,0.34818993447735275,0.39244042889812486,-0.014675408753209367,0.005324591246790633,0.7606126785459331,0.7552880872991424,,,validation
~mars_sign_gemini,1,2,-0.07095261755450726,-0.05095261755450725,0.45168007300751317,-0.06431115433605976,-0.044311154336059755,0.3481292745620651,0.39244042889812486,-0.04697929637020702,-0.026979296370207018,0.7283087909289354,0.7552880872991424,,,validation
~asp_jupiter_saturn_trine & mars_sign_pisces,2,4,-0.19123743922720496,-0.15123743922720495,0.3513952513348155,-0.06444035090251568,-0.024440350902515673,0.3680000779956092,0.39244042889812486,-0.8429705172447144,-0.8029705172447144,-0.04768242994557193,0.7552880872991424,,,validation
~asp_saturn_venus_opp,1,2,-0.06254100751709794,-0.04254100751709794,0.4600916830449225,-0.06501904037595756,-0.04501904037595755,0.3474213885221673,0.39244042889812486,0.0045674071130107526,0.024567407113010753,0.7798554944121532,0.7552880872991424,,,validation
~asp_saturn_sun_trine & mercury_sign_sagittarius,2,4,-0.10189714352815152,-0.06189714352815151,0.4407355470338689,-0.06635552427195449,-0.026355524271954478,0.3660849046261704,0.39244042889812486,-0.6728289904232104,-0.6328289904232104,0.12245909687593205,0.7552880872991424,,,validation
~sun_ingress_3d,1,2,-0.10093602158432678,-0.08093602158432678,0.42169666897769364,-0.06694135427027141,-0.04694135427027141,0.34549907462785345,0.39244042889812486,-0.05666844293588112,-0.03666844293588112,0.7186196443632613,0.7552880872991424,,,validation
~asp_jupiter_venus_trine & asp_mercury_saturn_opp,2,4,-0.17972641003582543,-0.13972641003582542,0.362906280526195,-0.06694831970985729,-0.026948319709857282,0.3654921091882676,0.39244042889812486,-0.6720346460115382,-0.6320346460115381,0.12325344128760425,0.7552880872991424,,,validation
~jupiter_sign_aries,1,2,-0.013648381315416663,0.006351618684583338,0.5089843092466038,-0.06786020343863979,-0.04786020343863978,0.3445802254594851,0.39244042889812486,-0.026562368509284267,-0.0065623685092842665,0.7487257187898582,0.7552880872991424,,,validation
~asp_mars_moon_trine,1,2,-0.1572786509270618,-0.13727865092706182,0.3653540396349586,-0.0691369281663408,-0.0491369281663408,0.34330350073178406,0.39244042889812486,-0.07916624214101896,-0.059166242141018954,0.6961218451581235,0.7552880872991424,,,validation
mars_sign_aries & saturn_sign_aries,2,3,-0.5326326905620204,-0.5026326905620204,0.0,-0.07051736822550178,-0.04051736822550178,0.3519230606726231,0.39244042889812486,-0.31216676781090347,-0.2821667678109035,0.47312131948823893,0.7552880872991424,,,validation
~mercury_sign_leo,1,2,-0.05151140900485689,-0.03151140900485688,0.47112128155716354,-0.07079515793842721,-0.050795157938427205,0.34164527095969766,0.39244042889812486,-0.13754538515205103,-0.11754538515205104,0.6377427021470914,0.7552880872991424,,,validation
~asp_saturn_sun_opp,1,2,-0.050446987771618476,-0.030446987771618472,0.47218570279040195,-0.07109666864615759,-0.051096668646157584,0.3413437602519673,0.39244042889812486,-0.05507170627616918,-0.03507170627616918,0.7202163810229733,0.7552880872991424,,,validation
~asp_jupiter_moon_conj,1,2,-0.08857958812393173,-0.06857958812393172,0.4340531024380887,-0.07160946962679753,-0.05160946962679752,0.34083095927132734,0.39244042889812486,-0.09469275539661791,-0.0746927553966179,0.6805953319025245,0.7552880872991424,,,validation
~asp_mars_sun_trine,1,2,-0.021678113747959454,-0.0016781137479594532,0.500954576814061,-0.07201319412924743,-0.05201319412924743,0.34042723476887743,0.39244042889812486,-0.054557066106644334,-0.03455706610664433,0.7207310211924981,0.7552880872991424,,,validation
~jupiter_sign_scorpio,1,2,-0.04531548120933364,-0.025315481209333635,0.4773172093526868,-0.07262006744954567,-0.05262006744954567,0.3398203614485792,0.39244042889812486,-0.03833277749730811,-0.018332777497308106,0.7369553098018343,0.7552880872991424,,,validation
~asp_jupiter_mercury_sextile,1,2,-0.1254024953614528,-0.1054024953614528,0.3972301952005676,-0.07343656984360807,-0.05343656984360806,0.3390038590545168,0.39244042889812486,-0.11243393770727293,-0.09243393770727293,0.6628541495918695,0.7552880872991424,,,validation
~asp_mars_mercury_square,1,2,-0.009282340370479796,0.010717659629520204,0.5133503501915406,-0.07360551998525093,-0.05360551998525093,0.33883490891287393,0.39244042889812486,-0.013741554989205911,0.006258445010794089,0.7615465323099365,0.7552880872991424,,,validation
~sun_sign_sagittarius,1,2,-0.12555459493017015,-0.10555459493017016,0.39707809563185026,-0.07419272788155072,-0.05419272788155072,0.33824770101657414,0.39244042889812486,-0.07398962499068638,-0.05398962499068638,0.701298462308456,0.7552880872991424,,,validation
~asp_mercury_moon_square,1,2,-0.002568394074094465,0.017431605925905536,0.520064296487926,-0.07483214211667975,-0.05483214211667975,0.3376082867814451,0.39244042889812486,-0.1982047817541774,-0.17820478175417742,0.577083305544965,0.7552880872991424,,,validation
~mars_sign_libra,1,2,0.024476671454290572,0.04447667145429057,0.547109362016311,-0.07521579185086662,-0.05521579185086661,0.33722463704725825,0.39244042889812486,-0.11755367570095086,-0.09755367570095086,0.6577344115981916,0.7552880872991424,,,validation
~asp_moon_venus_square,1,2,-0.1847462637249593,-0.16474626372495932,0.3378864268370611,-0.0756070361342898,-0.0556070361342898,0.33683339276383506,0.39244042889812486,-0.11855206922331961,-0.0985520692233196,0.6567360180758228,0.7552880872991424,,,validation
~asp_mercury_moon_conj,1,2,-0.06699455167291789,-0.046994551672917884,0.45563813888910254,-0.07630262069464165,-0.05630262069464165,0.3361378082034832,0.39244042889812486,-0.06735697809485973,-0.047356978094859725,0.7079311092042827,0.7552880872991424,,,validation
jupiter_sign_scorpio & ~venus_sign_sagittarius,2,4,-0.433333392011485,-0.39333339201148504,0.1092992985505354,-0.07671102247410841,-0.0367110224741084,0.35572940642401646,0.39244042889812486,-0.6642717653965153,-0.6242717653965153,0.13101632190262708,0.7552880872991424,,,validation
jupiter_sign_scorpio & mercury_sign_sagittarius,2,3,-0.2653025642695326,-0.23530256426953255,0.26733012629248787,-0.07738935229670327,-0.04738935229670327,0.3450510766014216,0.39244042889812486,-0.2401039573246708,-0.2101039573246708,0.5451841299744716,0.7552880872991424,,,validation
~asp_moon_sun_opp,1,2,-0.02499436229966327,-0.004994362299663269,0.49763832826235715,-0.07908068598861116,-0.05908068598861116,0.3333597429095137,0.39244042889812486,-0.12135279395369868,-0.10135279395369867,0.6539352933454438,0.7552880872991424,,,validation
saturn_sign_leo,1,1,-0.26579926248999575,-0.25579926248999574,0.24683342807202466,-0.07920559358321243,-0.06920559358321243,0.3232348353149124,0.39244042889812486,-0.7652880872991424,-0.7552880872991424,0.0,0.7552880872991424,,,validation
~moon_sign_scorpio,1,2,-0.1817744388282039,-0.16177443882820391,0.3408582517338165,-0.0796347561638761,-0.05963475616387609,0.33280567273424877,0.39244042889812486,-0.05510692341399591,-0.035106923413995905,0.7201811638851465,0.7552880872991424,,,validation
asp_mercury_saturn_opp & ~venus_sign_sagittarius,2,4,-0.20156427613927455,-0.16156427613927454,0.3410684144227459,-0.08083545857012223,-0.04083545857012222,0.35160497032800264,0.39244042889812486,-0.6896214474646126,-0.6496214474646126,0.10566663983452987,0.7552880872991424,,,validation
~asp_jupiter_saturn_sextile,1,2,-0.028240747162110374,-0.008240747162110373,0.49439194339991005,-0.08190248791721082,-0.06190248791721081,0.33053794098091405,0.39244042889812486,-0.11426125709261069,-0.09426125709261068,0.6610268302065317,0.7552880872991424,,,validation
asp_mars_sun_trine,1,1,-0.6376535387545643,-0.6276535387545643,-0.12502084819254386,-0.08192878207933955,-0.07192878207933956,0.3205116468187853,0.39244042889812486,-0.593243160756312,-0.583243160756312,0.17204492654283043,0.7552880872991424,,,validation
~asp_mars_mercury_trine,1,2,-0.030637636783825677,-0.010637636783825677,0.49199505377819475,-0.08196197540743298,-0.06196197540743298,0.3304784534906919,0.39244042889812486,-0.03013377260583248,-0.01013377260583248,0.74515431469331,0.7552880872991424,,,validation
asp_mercury_saturn_opp & ~mercury_retro,2,4,-0.2475667732138739,-0.2075667732138739,0.2950659173481465,-0.08200452324098143,-0.04200452324098142,0.35043590565714344,0.39244042889812486,-0.7507534096629306,-0.7107534096629305,0.04453467763621186,0.7552880872991424,,,validation
venus_sign_pisces,1,1,-0.04757152077321496,-0.03757152077321496,0.46506116978880546,-0.08230699056607564,-0.07230699056607565,0.3201334383320492,0.39244042889812486,-0.4369839667271027,-0.4269839667271027,0.3283041205720397,0.7552880872991424,,,validation
venus_ingress_5d,1,1,-0.4038089209882486,-0.3938089209882486,0.10882376957377182,-0.08235654368302657,-0.07235654368302658,0.3200838852150983,0.39244042889812486,-0.01310265891869399,-0.00310265891869399,0.7521854283804484,0.7552880872991424,,,validation
jupiter_sign_scorpio & ~sun_sign_virgo,2,4,-0.45455826262874094,-0.41455826262874096,0.08807442793327945,-0.08246438535657566,-0.04246438535657565,0.3499760435415492,0.39244042889812486,-0.6763227426941344,-0.6363227426941344,0.11896534460500803,0.7552880872991424,,,validation
venus_sign_libra,1,1,-0.18445278703381807,-0.17445278703381806,0.32817990352820237,-0.08277887209562322,-0.07277887209562323,0.31966155680250163,0.39244042889812486,-0.6190488340130937,-0.6090488340130937,0.1462392532860487,0.7552880872991424,,,validation
asp_mercury_saturn_opp & ~jupiter_sign_cancer,2,4,-0.14712543334438918,-0.10712543334438918,0.39550725721763125,-0.08279652724792,-0.04279652724791999,0.34964390165020487,0.39244042889812486,-0.7251115887105577,-0.6851115887105577,0.07017649858858473,0.7552880872991424,,,validation
~saturn_sign_leo,1,2,-0.06631862167134399,-0.046318621671343985,0.45631406889067644,-0.08285170778621635,-0.06285170778621635,0.3295887211119085,0.39244042889812486,-0.02,0.0,0.7552880872991424,0.7552880872991424,,,validation
~asp_jupiter_moon_sextile,1,2,-0.1662712289251406,-0.1462712289251406,0.3563614616368798,-0.08373485446663397,-0.06373485446663396,0.3287055744314909,0.39244042889812486,-0.1271578720313896,-0.1071578720313896,0.6481302152677528,0.7552880872991424,,,validation
~asp_moon_sun_conj,1,2,-0.07992347429132228,-0.059923474291322276,0.44270921627069815,-0.08421701430407218,-0.06421701430407217,0.3282234145940527,0.39244042889812486,-0.09542095292350804,-0.07542095292350803,0.6798671343756344,0.7552880872991424,,,validation
~jupiter_sign_pisces,1,2,-0.020205257273564686,-0.00020525727356468515,0.5024274332884557,-0.08489481133237879,-0.06489481133237879,0.32754561756574607,0.39244042889812486,0.039693401956947164,0.05969340195694717,0.8149814892560896,0.7552880872991424,,,validation
~asp_mars_saturn_opp,1,2,-0.0392280190881044,-0.019228019088104398,0.483404671473916,-0.08503442577046182,-0.06503442577046181,0.32740600312766305,0.39244042889812486,-0.06310556267396493,-0.043105562673964926,0.7121825246251775,0.7552880872991424,,,validation
~asp_mercury_venus_sextile,1,2,-0.1261338765521081,-0.1061338765521081,0.3964988140099123,-0.08557936320115954,-0.06557936320115954,0.3268610656969653,0.39244042889812486,-0.006807864330913165,0.013192135669086835,0.7684802229682293,0.7552880872991424,,,validation
~moon_phase_waning,1,2,-0.2817477081156655,-0.2617477081156655,0.24088498244635492,-0.08607330960722119,-0.06607330960722119,0.3263671192909037,0.39244042889812486,-0.4850112446105716,-0.4650112446105716,0.29027684268857085,0.7552880872991424,,,validation
moon_phase_new,1,1,-0.31261499259151726,-0.30261499259151725,0.20001769797050317,-0.08697318517610501,-0.07697318517610502,0.31546724372201984,0.39244042889812486,-0.793190682160645,-0.783190682160645,-0.02790259486150263,0.7552880872991424,,,validation
~moon_phase_waxing,1,2,-0.25779433582962097,-0.23779433582962095,0.2648383547323995,-0.08745617911156343,-0.06745617911156343,0.32498424978656143,0.39244042889812486,-0.13029089130688773,-0.11029089130688774,0.6449971959922547,0.7552880872991424,,,validation
jupiter_sign_sagittarius & ~mars_sign_leo,2,4,-0.21218507066727524,-0.17218507066727523,0.3304476198947452,-0.0876716551480293,-0.04767165514802929,0.34476877375009557,0.39244042889812486,-0.5743135038288778,-0.5343135038288778,0.22097458347026472,0.7552880872991424,,,validation
~asp_moon_saturn_conj,1,2,-0.065615693886023,-0.04561569388602299,0.45701699667599743,-0.08776805028429245,-0.06776805028429245,0.3246723786138324,0.39244042889812486,-0.07929023134819833,-0.05929023134819833,0.6959978559509441,0.7552880872991424,,,validation
~saturn_sign_cancer,1,2,0.0683594760196259,0.0883594760196259,0.5909921665816463,-0.08789110956902633,-0.06789110956902633,0.32454931932909853,0.39244042889812486,-0.02,0.0,0.7552880872991424,0.7552880872991424,,,validation
~sun_sign_leo,1,2,-0.033690492962338545,-0.01369049296233854,0.4889421975996819,-0.08839777381066981,-0.0683977738106698,0.32404265508745506,0.39244042889812486,0.05532112186952766,0.07532112186952766,0.8306092091686701,0.7552880872991424,,,validation
~asp_moon_saturn_square,1,2,-0.20463784025242351,-0.18463784025242352,0.3179948503095969,-0.08929068614809586,-0.06929068614809586,0.323149742750029,0.39244042889812486,-0.11221431374873635,-0.09221431374873634,0.6630737735504061,0.7552880872991424,,,validation
~asp_mars_mercury_sextile,1,2,-0.13929992498425045,-0.11929992498425046,0.38333276557776996,-0.08961089707219104,-0.06961089707219104,0.3228295318259338,0.39244042889812486,0.04897024716755284,0.06897024716755285,0.8242583344666953,0.7552880872991424,,,validation
mercury_sign_sagittarius & ~sun_sign_capricorn,2,4,-0.12141700778949013,-0.08141700778949013,0.4212156827725303,-0.09044784504672701,-0.050447845046727,0.34199258385139786,0.39244042889812486,-0.8435842261722089,-0.8035842261722088,-0.04829613887306643,0.7552880872991424,,,validation
~asp_jupiter_mercury_conj,1,2,-0.06726114993318781,-0.04726114993318781,0.4553715406288326,-0.09063783842598998,-0.07063783842598997,0.3218025904721349,0.39244042889812486,-0.030569773119085358,-0.010569773119085357,0.7447183141800571,0.7552880872991424,,,validation
~asp_jupiter_saturn_square,1,2,-0.038737301317654946,-0.018737301317654942,0.4838953892443655,-0.09070106526917225,-0.07070106526917225,0.3217393636289526,0.39244042889812486,-0.05043659882559802,-0.030436598825598016,0.7248514884735444,0.7552880872991424,,,validation
~venus_station,1,2,-0.03948246690634903,-0.019482466906349027,0.4831502236556714,-0.09147679326371459,-0.07147679326371459,0.32096363563441027,0.39244042889812486,-0.0048856561940029235,0.015114343805997077,0.7704024311051395,0.7552880872991424,,,validation
~asp_moon_venus_opp,1,2,-0.08835785257744237,-0.06835785257744237,0.43427483798457805,-0.09245158915241179,-0.07245158915241179,0.31998883974571307,0.39244042889812486,-0.13958905515890804,-0.11958905515890805,0.6356990321402344,0.7552880872991424,,,validation
~sun_ingress_1d,1,2,-0.14019364903008244,-0.12019364903008245,0.382439041531938,-0.09313767386701392,-0.07313767386701392,0.31930275503111094,0.39244042889812486,-0.11734540490336252,-0.09734540490336252,0.6579426823957799,0.7552880872991424,,,validation
~moon_sign_sagittarius,1,2,-0.08746582779027827,-0.06746582779027827,0.43516686277174216,-0.09462637644394671,-0.07462637644394671,0.31781405245417815,0.39244042889812486,-0.3257672691848011,-0.30576726918480107,0.44952081811434136,0.7552880872991424,,,validation
mars_sign_pisces & ~saturn_sign_virgo,2,4,-0.25960529489695594,-0.21960529489695596,0.28302739566506446,-0.09470331404845764,-0.05470331404845763,0.33773711484966723,0.39244042889812486,-0.8429705172447144,-0.8029705172447144,-0.04768242994557193,0.7552880872991424,,,validation
~asp_mars_venus_trine,1,2,-0.0784272968253326,-0.0584272968253326,0.4442053937366878,-0.09615440317730521,-0.07615440317730521,0.31628602572081965,0.39244042889812486,-0.11174933599017743,-0.09174933599017743,0.663538751308965,0.7552880872991424,,,validation
~mars_sign_capricorn,1,2,-0.06525402656354277,-0.04525402656354277,0.45737866399847765,-0.09631979393585598,-0.07631979393585597,0.3161206349622689,0.39244042889812486,0.06761388165355788,0.08761388165355788,0.8429019689527003,0.7552880872991424,,,validation
~venus_sign_aquarius,1,2,-0.0542804429492829,-0.0342804429492829,0.4683522476127375,-0.0968199728547847,-0.0768199728547847,0.31562045604334016,0.39244042889812486,-0.06449089911692417,-0.044490899116924165,0.7107971881822183,0.7552880872991424,,,validation
~asp_mercury_saturn_opp,1,2,-0.07970385292749559,-0.05970385292749558,0.44292883763452484,-0.09728526090882221,-0.0772852609088222,0.31515516798930265,0.39244042889812486,-0.04903297121493176,-0.029032971214931758,0.7262551160842107,0.7552880872991424,,,validation
asp_jupiter_mercury_conj,1,1,-0.38178813508091997,-0.37178813508091996,0.13084455548110047,-0.09760080701942862,-0.08760080701942863,0.30483962187869623,0.39244042889812486,-0.9147932767241398,-0.9047932767241398,-0.14950518942499733,0.7552880872991424,,,validation
~asp_mercury_saturn_square,1,2,-0.10986823964827085,-0.08986823964827084,0.4127644509137496,-0.09765988778611494,-0.07765988778611493,0.3147805411120099,0.39244042889812486,-0.005068201610577288,0.014931798389422712,0.7702198856885651,0.7552880872991424,,,validation
~saturn_station,1,2,-0.12150065582103363,-0.10150065582103363,0.4011320347409868,-0.09810646905743624,-0.07810646905743623,0.3143339598406886,0.39244042889812486,-0.20749832793278142,-0.18749832793278143,0.567789759366361,0.7552880872991424,,,validation
asp_saturn_sun_square,1,1,-0.3767162435779893,-0.36671624357798926,0.1359164469840312,-0.10022348591076817,-0.09022348591076818,0.3022169429873567,0.39244042889812486,-0.785098545546794,-0.775098545546794,-0.019810458247651614,0.7552880872991424,,,validation
~asp_jupiter_moon_square,1,2,-0.18890130054065943,-0.16890130054065944,0.333731390021361,-0.10022929694831344,-0.08022929694831343,0.3122111319498114,0.39244042889812486,-0.1967354612422517,-0.1767354612422517,0.5785526260568907,0.7552880872991424,,,validation
~mercury_sign_aries,1,2,-0.08039398668564039,-0.06039398668564039,0.44223870387638003,-0.10028635599969836,-0.08028635599969836,0.3121540728984265,0.39244042889812486,-0.1283656652918553,-0.10836566529185532,0.6469224220072871,0.7552880872991424,,,validation
~asp_mercury_saturn_trine,1,2,-0.06655590929262405,-0.04655590929262404,0.4560767812693964,-0.10104754565211842,-0.08104754565211841,0.31139288324600645,0.39244042889812486,-0.082310209514717,-0.062310209514717,0.6929778777844254,0.7552880872991424,,,validation
asp_mercury_saturn_opp & ~mercury_station,2,4,-0.16187438870159201,-0.121874388701592,0.3807583018604284,-0.10113266292273351,-0.061132662922733505,0.33130776597539136,0.39244042889812486,-0.9249741287590999,-0.8849741287590999,-0.12968604145995744,0.7552880872991424,,,validation
~asp_moon_saturn_opp,1,2,-0.06270279025218538,-0.042702790252185374,0.45992990030983505,-0.10119219522084537,-0.08119219522084536,0.3112482336772795,0.39244042889812486,-0.06561989091798535,-0.04561989091798535,0.7096681963811571,0.7552880872991424,,,validation
~asp_saturn_sun_square,1,2,-0.08933108118288528,-0.06933108118288528,0.43330160937913514,-0.1022687647893634,-0.0822687647893634,0.31017166410876146,0.39244042889812486,-0.04899165135129112,-0.028991651351291114,0.7262964359478513,0.7552880872991424,,,validation
mars_sign_capricorn,1,1,-0.33419978057664357,-0.32419978057664356,0.17843290998537686,-0.10256275448136119,-0.0925627544813612,0.29987767441676366,0.39244042889812486,-0.8013010409685093,-0.7913010409685093,-0.03601295366936684,0.7552880872991424,,,validation
~mercury_sign_virgo,1,2,0.0174941024208012,0.0374941024208012,0.5401267929828216,-0.10307291595514427,-0.08307291595514427,0.3093675129429806,0.39244042889812486,0.020582213666508715,0.040582213666508715,0.7958703009656511,0.7552880872991424,,,validation
~sun_sign_aries,1,2,-0.05658169737999717,-0.03658169737999717,0.46605099318202325,-0.10329722653133415,-0.08329722653133415,0.3091432023667907,0.39244042889812486,-0.09521476591706644,-0.07521476591706644,0.680073321382076,0.7552880872991424,,,validation
mars_sign_pisces & venus_retro,2,3,-0.4295062881991467,-0.3995062881991467,0.10312640236287376,-0.10391780775445372,-0.07391780775445372,0.31852262114367114,0.39244042889812486,-0.6888936552269358,-0.6588936552269358,0.09639443207220671,0.7552880872991424,,,validation
~jupiter_retro,1,2,0.17461102291085753,0.19461102291085752,0.697243713472878,-0.10503717655752685,-0.08503717655752685,0.307403252340598,0.39244042889812486,-0.19699756756105455,-0.17699756756105456,0.5782905197380879,0.7552880872991424,,,validation
~venus_sign_capricorn,1,2,-0.037232992115446936,-0.017232992115446932,0.4853996984465735,-0.1054285868750031,-0.0854285868750031,0.30701184202312176,0.39244042889812486,-0.06696009126843948,-0.046960091268439474,0.708327996030703,0.7552880872991424,,,validation
~asp_mercury_saturn_sextile,1,2,-0.0824625257093655,-0.0624625257093655,0.4401701648526549,-0.10701990977055824,-0.08701990977055823,0.3054205191275666,0.39244042889812486,-0.11062675231829587,-0.09062675231829587,0.6646613349808466,0.7552880872991424,,,validation
~asp_moon_venus_sextile,1,2,-0.14775519846539417,-0.12775519846539418,0.37487749209662624,-0.10797332527826496,-0.08797332527826496,0.3044671036198599,0.39244042889812486,-0.1420150525803113,-0.12201505258031131,0.6332730347188311,0.7552880872991424,,,validation
~asp_moon_saturn_sextile,1,2,-0.13931254363675352,-0.11931254363675353,0.3833201469252669,-0.10929131726567208,-0.08929131726567208,0.3031491116324528,0.39244042889812486,-0.1617957477744267,-0.14179574777442672,0.6134923395247157,0.7552880872991424,,,validation
~asp_jupiter_moon_trine,1,2,-0.17719609244545828,-0.1571960924454583,0.34543659811656213,-0.11012012664354269,-0.09012012664354269,0.3023203022545822,0.39244042889812486,-0.21102079832425077,-0.19102079832425078,0.5642672889748916,0.7552880872991424,,,validation
jupiter_sign_sagittarius & mercury_sign_taurus,2,3,-0.13993089431252545,-0.10993089431252545,0.39270179624949497,-0.11157374809754941,-0.08157374809754941,0.31086668080057545,0.39244042889812486,-0.8521709762150871,-0.8221709762150871,-0.06688288891594464,0.7552880872991424,,,validation
asp_saturn_venus_opp,1,1,-0.3702133366536792,-0.3602133366536792,0.1424193539083412,-0.11173879996792906,-0.10173879996792906,0.2907016289301958,0.39244042889812486,-1.1860251792110876,-1.1760251792110876,-0.42073709191194514,0.7552880872991424,,,validation
asp_saturn_sun_opp,1,1,-0.44332489332837405,-0.43332489332837404,0.06930779723364637,-0.11178377322132958,-0.10178377322132959,0.2906566556767953,0.39244042889812486,-0.5629388299033083,-0.5529388299033083,0.20234925739583412,0.7552880872991424,,,validation
~venus_sign_pisces,1,2,-0.1440224581726778,-0.12402245817267782,0.3786102323893426,-0.11390967945081225,-0.09390967945081224,0.2985307494473126,0.39244042889812486,-0.11305433195994107,-0.09305433195994106,0.6622337553392014,0.7552880872991424,,,validation
~venus_sign_libra,1,2,-0.12305204903286042,-0.10305204903286042,0.39958064152916,-0.11397809452688716,-0.09397809452688716,0.2984623343712377,0.39244042889812486,-0.05862551639896939,-0.038625516398969384,0.716662570900173,0.7552880872991424,,,validation
~mercury_sign_pisces,1,2,0.001436617855241313,0.021436617855241313,0.5240693084172617,-0.11426128118116467,-0.09426128118116467,0.2981791477169602,0.39244042889812486,-0.08622395939779924,-0.06622395939779924,0.6890641279013432,0.7552880872991424,,,validation
jupiter_sign_scorpio & ~sun_sign_libra,2,4,-0.48149905721180375,-0.44149905721180377,0.06113363335021666,-0.11493904599492036,-0.07493904599492035,0.3175013829032045,0.39244042889812486,-0.5240670874096344,-0.4840670874096344,0.27122099988950804,0.7552880872991424,,,validation
mercury_sign_scorpio,1,1,-0.6630349013346017,-0.6530349013346017,-0.15040221077258134,-0.1149416802624451,-0.1049416802624451,0.28749874863567976,0.39244042889812486,-0.5414195108972314,-0.5314195108972314,0.22386857640191102,0.7552880872991424,,,validation
~sun_sign_taurus,1,2,0.02729494963524672,0.04729494963524672,0.5499276401972671,-0.11736121720858415,-0.09736121720858415,0.2950792116895407,0.39244042889812486,-0.04464744549725584,-0.024647445497255838,0.7306406418018866,0.7552880872991424,,,validation
jupiter_sign_pisces,1,1,-0.42406040273574347,-0.41406040273574346,0.08857228782627695,-0.11907250919132605,-0.10907250919132605,0.2833679197067988,0.39244042889812486,-0.834826597509331,-0.824826597509331,-0.06953851021018859,0.7552880872991424,,,validation
~moon_sign_capricorn,1,2,-0.2607619295482349,-0.2407619295482349,0.26187076101378554,-0.11913328675529776,-0.09913328675529776,0.2933071421428271,0.39244042889812486,-0.26946265279320136,-0.24946265279320134,0.5058254345059411,0.7552880872991424,,,validation
~venus_sign_gemini,1,2,-0.1142297949874053,-0.0942297949874053,0.4084028955746151,-0.11967776296644399,-0.09967776296644398,0.2927626659316809,0.39244042889812486,-0.13948339445664357,-0.11948339445664358,0.6358046928424989,0.7552880872991424,,,validation
mercury_sign_pisces,1,1,-0.6448382772623346,-0.6348382772623345,-0.13220558670031415,-0.11990884996884664,-0.10990884996884664,0.2825315789292782,0.39244042889812486,-0.528190265054175,-0.518190265054175,0.2370978222449675,0.7552880872991424,,,validation
~asp_mercury_moon_sextile,1,2,-0.17945320794522931,-0.15945320794522932,0.3431794826167911,-0.11992391855997196,-0.09992391855997196,0.2925165103381529,0.39244042889812486,-0.23468080753144335,-0.21468080753144336,0.5406072797676991,0.7552880872991424,,,validation
mercury_sign_aries,1,1,-0.3406101393083343,-0.33061013930833427,0.17202255125368615,-0.12386554763343992,-0.11386554763343992,0.27857488126468494,0.39244042889812486,-0.359502975333432,-0.349502975333432,0.40578511196571043,0.7552880872991424,,,validation
~asp_moon_sun_sextile,1,2,-0.08582340746031684,-0.06582340746031684,0.4368092831017036,-0.12486423647384219,-0.10486423647384219,0.2875761924242827,0.39244042889812486,-0.11196042140201655,-0.09196042140201655,0.6633276658971259,0.7552880872991424,,,validation
~asp_moon_venus_trine,1,2,-0.10978804901759047,-0.08978804901759047,0.41284464154442996,-0.12486521175594505,-0.10486521175594504,0.2875752171421798,0.39244042889812486,-0.11110729416020736,-0.09110729416020735,0.6641807931389351,0.7552880872991424,,,validation
~mars_sign_pisces,1,2,-0.10707593651830853,-0.08707593651830853,0.4155567540437119,-0.12603360542330558,-0.10603360542330559,0.28640682347481927,0.39244042889812486,0.013113352735847478,0.03311335273584748,0.7884014400349899,0.7552880872991424,,,validation
~mercury_sign_scorpio,1,2,0.09250160583814505,0.11250160583814506,0.6151342964001655,-0.12624329877366988,-0.10624329877366989,0.28619713012445497,0.39244042889812486,-0.08426913739287865,-0.06426913739287865,0.6910189499062638,0.7552880872991424,,,validation
~moon_sign_leo,1,2,-0.1776282187875868,-0.15762821878758682,0.3450044717744336,-0.12750319290871295,-0.10750319290871296,0.2849372359894119,0.39244042889812486,-0.23743799020158116,-0.21743799020158117,0.5378500970975613,0.7552880872991424,,,validation
mercury_sign_virgo,1,1,-0.6642272213877903,-0.6542272213877903,-0.1515945308257699,-0.12942464710373153,-0.11942464710373152,0.27301578179439334,0.39244042889812486,-0.8813200635212414,-0.8713200635212414,-0.1160319762220989,0.7552880872991424,,,validation
~jupiter_sign_sagittarius,1,2,-0.10115027936727981,-0.08115027936727981,0.4214824111947406,-0.12975386555873417,-0.10975386555873418,0.2826865633393907,0.39244042889812486,-0.043944394746655666,-0.02394439474665566,0.7313436925524868,0.7552880872991424,,,validation
~saturn_sign_pisces,1,2,-0.007527463520869176,0.012472536479130825,0.5151052270411512,-0.13040851446664095,-0.11040851446664096,0.2820319144314839,0.39244042889812486,-0.1518347725482981,-0.13183477254829812,0.6234533147508443,0.7552880872991424,,,validation
asp_mercury_saturn_sextile,1,1,-0.5105566283769202,-0.5005566283769202,0.002076062185100237,-0.13148195346767105,-0.12148195346767104,0.2709584754304538,0.39244042889812486,-0.5025134922156962,-0.4925134922156962,0.26277459508344625,0.7552880872991424,,,validation
~jupiter_station,1,2,-0.06888610963590751,-0.048886109635907504,0.4537465809261129,-0.134174236428985,-0.114174236428985,0.27826619246913986,0.39244042889812486,-0.19937177363518074,-0.17937177363518075,0.5759163136639617,0.7552880872991424,,,validation
jupiter_sign_aries,1,1,-0.39749898162336705,-0.38749898162336704,0.11513370893865339,-0.13452169830804805,-0.12452169830804805,0.2679187305900768,0.39244042889812486,-0.6331181742546511,-0.6231181742546511,0.1321699130444913,0.7552880872991424,,,validation
~asp_moon_saturn_trine,1,2,-0.06293938026264521,-0.04293938026264521,0.4596933102993752,-0.13465752752202334,-0.11465752752202335,0.2777829013761015,0.39244042889812486,-0.1309080141503137,-0.1109080141503137,0.6443800731488287,0.7552880872991424,,,validation
~sun_ingress_5d,1,2,-0.23776936333342194,-0.21776936333342195,0.2848633272285985,-0.13654113674828736,-0.11654113674828737,0.2758992921498375,0.39244042889812486,-0.16273774800262705,-0.14273774800262706,0.6125503392965154,0.7552880872991424,,,validation
sun_sign_aries,1,1,-0.4138023311683096,-0.4038023311683096,0.09883035939371082,-0.13675147644159635,-0.12675147644159634,0.2656889524565285,0.39244042889812486,-0.49700401786598675,-0.48700401786598674,0.2682840694331557,0.7552880872991424,,,validation
mercury_sign_sagittarius & ~mercury_station,2,4,-0.17645864423520244,-0.13645864423520243,0.366174046326818,-0.13720261917785362,-0.09720261917785361,0.29523780972027125,0.39244042889812486,-0.6671420670347342,-0.6271420670347342,0.12814602026440827,0.7552880872991424,,,validation
asp_mercury_saturn_opp & mars_sign_virgo,2,3,-0.5326326905620204,-0.5026326905620204,0.0,-0.13845896784980624,-0.10845896784980624,0.2839814610483186,0.39244042889812486,-1.1465069135415207,-1.1165069135415207,-0.3612188262423782,0.7552880872991424,,,validation
~mars_sign_aries,1,2,-0.03677655858420957,-0.016776558584209567,0.48585613197781086,-0.1420390269297033,-0.12203902692970331,0.27040140196842155,0.39244042889812486,-0.1655073562512471,-0.1455073562512471,0.6097807310478953,0.7552880872991424,,,validation
~asp_mars_moon_square,1,2,-0.10814520072262283,-0.08814520072262283,0.4144874898393976,-0.14264864482555953,-0.12264864482555954,0.2697917840725653,0.39244042889812486,-0.08397308823968296,-0.06397308823968295,0.6913149990594595,0.7552880872991424,,,validation
venus_sign_aquarius,1,1,-0.42747049178821134,-0.41747049178821133,0.0851621987738091,-0.14774543107053933,-0.13774543107053933,0.25469499782758553,0.39244042889812486,-0.5924074831468027,-0.5824074831468027,0.17288060415233972,0.7552880872991424,,,validation
mars_sign_aries & mercury_sign_taurus,2,3,-0.6757173547558957,-0.6457173547558956,-0.1430846641938752,-0.14873607290443427,-0.11873607290443428,0.2737043559936906,0.39244042889812486,-0.9186396793950526,-0.8886396793950526,-0.13335159209591013,0.7552880872991424,,,validation
asp_mercury_saturn_trine,1,1,-0.5798005024591238,-0.5698005024591238,-0.06716781189710341,-0.14894741496158864,-0.13894741496158863,0.2534930139365362,0.39244042889812486,-0.6523951003752326,-0.6423951003752326,0.1128929869239098,0.7552880872991424,,,validation
~mercury_sign_taurus,1,2,-0.06890422398676176,-0.04890422398676175,0.45372846657525867,-0.15034144812373432,-0.13034144812373433,0.26209898077439053,0.39244042889812486,0.03357380366306574,0.053573803663065744,0.8088618909622082,0.7552880872991424,,,validation
jupiter_station,1,1,-0.4145485214017637,-0.40454852140176367,0.09808416916025672,-0.152712208496407,-0.14271220849640698,0.24972822040171788,0.39244042889812486,-0.2960247441427299,-0.2860247441427299,0.46926334315641255,0.7552880872991424,,,validation
~jupiter_sign_aquarius,1,2,-0.025333377040853405,-0.005333377040853404,0.497299313521167,-0.15412092481738995,-0.13412092481738996,0.2583195040807349,0.39244042889812486,-0.08945310919274095,-0.06945310919274095,0.6858349781064015,0.7552880872991424,,,validation
~sun_sign_scorpio,1,2,-0.061205460983195945,-0.04120546098319594,0.4614272295788245,-0.15415300020084802,-0.13415300020084803,0.25828742869727683,0.39244042889812486,-0.10854853203438385,-0.08854853203438384,0.6667395552647586,0.7552880872991424,,,validation
~mercury_sign_sagittarius,1,2,-0.17540567102269514,-0.15540567102269515,0.3472270195393253,-0.1541611492445403,-0.1341611492445403,0.25827927965358455,0.39244042889812486,-0.0689198253587907,-0.04891982535879069,0.7063682619403517,0.7552880872991424,,,validation
jupiter_sign_scorpio & ~mercury_retro,2,4,-0.4308389607215493,-0.39083896072154933,0.11179372984047109,-0.15426885723382874,-0.11426885723382874,0.2781715716642961,0.39244042889812486,-0.7345434358468377,-0.6945434358468376,0.06074465145230475,0.7552880872991424,,,validation
venus_sign_capricorn,1,1,-0.4900846738796029,-0.4800846738796029,0.02254801668241749,-0.15469690985495652,-0.1446969098549565,0.24774351904316835,0.39244042889812486,-0.5798744164117285,-0.5698744164117285,0.18541367088741387,0.7552880872991424,,,validation
~asp_mercury_sun_conj,1,2,-0.10986897095124963,-0.08986897095124963,0.4127637196107708,-0.15789051229998394,-0.13789051229998395,0.2545499165981409,0.39244042889812486,-0.11317688536283542,-0.09317688536283542,0.662111201936307,0.7552880872991424,,,validation
venus_station,1,1,-0.5473097381888582,-0.5373097381888582,-0.034677047626837765,-0.1604020772051459,-0.1504020772051459,0.24203835169297896,0.39244042889812486,-0.8845574943215397,-0.8745574943215397,-0.11926940702239726,0.7552880872991424,,,validation
~mercury_retro & mercury_sign_taurus,2,4,-0.348866271955007,-0.30886627195500704,0.1937664186070134,-0.16136562452991074,-0.12136562452991073,0.27107480436821413,0.39244042889812486,-1.0250388784051594,-0.9850388784051594,-0.22975079110601693,0.7552880872991424,,,validation
asp_mercury_saturn_opp & jupiter_sign_scorpio,2,3,-0.2789910804956618,-0.24899108049566177,0.25364161006635866,-0.16505469573655743,-0.13505469573655743,0.25738573316156743,0.39244042889812486,-1.093426070921969,-1.063426070921969,-0.3081379836228265,0.7552880872991424,,,validation
~moon_sign_pisces,1,2,-0.13259366618746685,-0.11259366618746686,0.39003902437455357,-0.16621060264680548,-0.1462106026468055,0.24622982625131937,0.39244042889812486,-0.2061071687558884,-0.1861071687558884,0.569180918543254,0.7552880872991424,,,validation
~mars_sign_virgo,1,2,-0.0017403365079758752,0.018259663492024125,0.5208923540540445,-0.16690924565517218,-0.1469092456551722,0.24553118324295267,0.39244042889812486,-0.13984415542270232,-0.11984415542270233,0.6354439318764401,0.7552880872991424,,,validation
asp_mercury_saturn_square,1,1,-0.34229540959984295,-0.33229540959984294,0.17033728096217748,-0.16709543722514425,-0.15709543722514424,0.23534499167298062,0.39244042889812486,-1.0361766068930074,-1.0261766068930074,-0.270888519593865,0.7552880872991424,,,validation
jupiter_sign_scorpio & mars_sign_virgo,2,3,-0.5548093802703691,-0.524809380270369,-0.022176689708348622,-0.17024430908359614,-0.14024430908359614,0.2521961198145287,0.39244042889812486,-0.724907017640665,-0.694907017640665,0.06038106965847746,0.7552880872991424,,,validation
jupiter_sign_scorpio & ~mars_sign_taurus,2,4,-0.36012677324391323,-0.32012677324391325,0.1825059173181072,-0.17217579075686226,-0.13217579075686225,0.2602646381412626,0.39244042889812486,-0.6368741564355647,-0.5968741564355646,0.15841393086357783,0.7552880872991424,,,validation
venus_ingress_3d,1,1,-0.5167009492336688,-0.5067009492336688,-0.004068258671648443,-0.17268767894129408,-0.16268767894129407,0.2297527499568308,0.39244042889812486,-0.3264216786368198,-0.3164216786368198,0.4388664086623226,0.7552880872991424,,,validation
jupiter_sign_virgo,1,1,-0.2823974658880181,-0.2723974658880181,0.23023522467400231,-0.17345652674247064,-0.16345652674247063,0.22898390215565423,0.39244042889812486,-0.7174025901117711,-0.7074025901117711,0.04788549718737133,0.7552880872991424,,,validation
~moon_sign_cancer,1,2,-0.20085670160538896,-0.18085670160538897,0.32177598895663145,-0.17423208274484706,-0.15423208274484707,0.2382083461532778,0.39244042889812486,-0.10524593716667029,-0.08524593716667028,0.6700421501324721,0.7552880872991424,,,validation
~venus_retro,1,2,0.025863011045071622,0.04586301104507162,0.548495701607092,-0.17470434329670892,-0.15470434329670893,0.23773608560141593,0.39244042889812486,0.08752472512725641,0.10752472512725642,0.8628128124263988,0.7552880872991424,,,validation
sun_sign_leo,1,1,-0.48855085325928205,-0.47855085325928204,0.024081837302738357,-0.17814351269173018,-0.16814351269173017,0.2242969162063947,0.39244042889812486,-0.9638971952129265,-0.9538971952129265,-0.1986091079137841,0.7552880872991424,,,validation
moon_phase_full | moon_phase_new,2,3,-0.6275973852136535,-0.5975973852136535,-0.09496469465163301,-0.18002504563753025,-0.15002504563753025,0.2424153832605946,0.39244042889812486,-0.7138183037949035,-0.6838183037949035,0.07146978350423894,0.7552880872991424,,,validation
~moon_sign_libra,1,2,-0.29217112378745275,-0.27217112378745273,0.2304615667745677,-0.18466879203496472,-0.16466879203496473,0.22777163686316013,0.39244042889812486,-0.09987397048647582,-0.07987397048647582,0.6754141168126666,0.7552880872991424,,,validation
jupiter_retro,1,1,-0.5943028864584103,-0.5843028864584103,-0.08167019589638995,-0.18537680582851265,-0.17537680582851264,0.21706362306961222,0.39244042889812486,-0.29926799736597504,-0.289267997365975,0.4660200899331674,0.7552880872991424,,,validation
saturn_sign_aries & venus_retro,2,3,-0.5326326905620204,-0.5026326905620204,0.0,-0.18891939417877227,-0.15891939417877227,0.2335210347193526,0.39244042889812486,-0.7852880872991425,-0.7552880872991424,0.0,0.7552880872991424,,,validation
asp_mercury_saturn_opp & saturn_sign_aries,2,3,-0.5326326905620204,-0.5026326905620204,0.0,-0.192293845689539,-0.162293845689539,0.23014658320858586,0.39244042889812486,-0.7852880872991425,-0.7552880872991424,0.0,0.7552880872991424,,,validation
~moon_sign_taurus,1,2,-0.19117703095790575,-0.17117703095790576,0.33145565960411466,-0.19858358284336114,-0.17858358284336115,0.2138568460547637,0.39244042889812486,-0.23979151514074,-0.21979151514074002,0.5354965721584024,0.7552880872991424,,,validation
asp_jupiter_venus_opp,1,1,-0.3029400808888995,-0.2929400808888995,0.20969260967312092,-0.2007334153680396,-0.1907334153680396,0.20170701353008527,0.39244042889812486,-0.6037657054777479,-0.5937657054777479,0.1615223818213946,0.7552880872991424,,,validation
asp_jupiter_saturn_square & mars_sign_virgo,2,3,-0.5326326905620204,-0.5026326905620204,0.0,-0.20123691726087628,-0.17123691726087628,0.22120351163724858,0.39244042889812486,-0.34148976510195717,-0.3114897651019572,0.44379832219718524,0.7552880872991424,,,validation
mercury_sign_sagittarius & venus_retro,2,3,-0.39643260069031083,-0.3664326006903108,0.13620008987170965,-0.20767282091512992,-0.17767282091512993,0.21476760798299493,0.39244042889812486,-0.8936379331136932,-0.8636379331136932,-0.10834984581455075,0.7552880872991424,,,validation
~moon_sign_aquarius,1,2,-0.2248725529789576,-0.20487255297895762,0.2977601375830628,-0.2077729117678473,-0.1877729117678473,0.20466751713027756,0.39244042889812486,-0.15908757366502632,-0.13908757366502633,0.6162005136341161,0.7552880872991424,,,validation
~saturn_retro,1,2,-0.17976752092652323,-0.15976752092652324,0.3428651696354972,-0.21019223597567527,-0.19019223597567528,0.20224819292244958,0.39244042889812486,-0.17991026864604895,-0.15991026864604896,0.5953778186530935,0.7552880872991424,,,validation
jupiter_sign_libra,1,1,-0.47042231077352925,-0.46042231077352924,0.04221037978849119,-0.2123337567332556,-0.2023337567332556,0.19010667216486926,0.39244042889812486,-0.2111925846972017,-0.2011925846972017,0.5540955026019407,0.7552880872991424,,,validation
asp_mars_sun_conj,1,1,-0.39039775804856214,-0.38039775804856213,0.1222349325134583,-0.21381363372023737,-0.20381363372023736,0.1886267951778875,0.39244042889812486,-0.24916206250379336,-0.23916206250379335,0.5161260247953491,0.7552880872991424,,,validation
moon_ingress_1d,1,1,-0.22063075095978557,-0.21063075095978556,0.29200193960223486,-0.21471066569243935,-0.20471066569243934,0.18772976320568552,0.39244042889812486,-0.24015399751907773,-0.23015399751907772,0.5251340897800647,0.7552880872991424,,,validation
mars_sign_libra,1,1,-0.5072099683347421,-0.49720996833474207,0.005422722227278335,-0.215938263943424,-0.205938263943424,0.18650216495470087,0.39244042889812486,-0.30200524144568,-0.29200524144567996,0.46328284585346247,0.7552880872991424,,,validation
moon_phase_new | moon_phase_waxing,2,3,-0.23698036577809642,-0.20698036577809642,0.295652324783924,-0.21633383033412257,-0.18633383033412257,0.2061065985640023,0.39244042889812486,-0.719682568040456,-0.689682568040456,0.06560551925868645,0.7552880872991424,,,validation
moon_phase_new | moon_phase_waning,2,3,-0.21556252652637872,-0.18556252652637872,0.3170701640356417,-0.2182540286033753,-0.1882540286033753,0.20418640029474955,0.39244042889812486,-0.2753423839504763,-0.24534238395047625,0.5099457033486662,0.7552880872991424,,,validation
jupiter_sign_leo,1,1,-0.34295682620813916,-0.33295682620813916,0.16967586435388127,-0.22083811230447162,-0.2108381123044716,0.18160231659365325,0.39244042889812486,-0.6180044836458164,-0.6080044836458164,0.14728360365332605,0.7552880872991424,,,validation
asp_mercury_saturn_conj,1,1,-0.46619558379900694,-0.45619558379900693,0.046437106763013485,-0.22529125643647355,-0.21529125643647354,0.17714917246165132,0.39244042889812486,-0.6759984466123935,-0.6659984466123935,0.0892896406867489,0.7552880872991424,,,validation
mars_sign_gemini,1,1,-0.332481135467537,-0.322481135467537,0.18015155509448347,-0.22580488715168853,-0.21580488715168852,0.17663554174643634,0.39244042889812486,-0.6045512531917042,-0.5945512531917042,0.1607368341074382,0.7552880872991424,,,validation
sun_sign_sagittarius,1,1,-0.17076328006511587,-0.16076328006511587,0.34186941049690456,-0.22987565406827112,-0.21987565406827111,0.17256477482985375,0.39244042889812486,-0.5486598824846126,-0.5386598824846126,0.21662820481452985,0.7552880872991424,,,validation
asp_jupiter_mars_sextile,1,1,-0.18421752274104486,-0.17421752274104485,0.3284151678209756,-0.23104287606994217,-0.22104287606994216,0.1713975528281827,0.39244042889812486,-0.8874149720263297,-0.8774149720263297,-0.12212688472718725,0.7552880872991424,,,validation
mars_sign_aries & mercury_sign_sagittarius,2,3,-0.5400028530221052,-0.5100028530221051,-0.007370162460084657,-0.2320947980063104,-0.2020947980063104,0.19034563089181447,0.39244042889812486,-0.6840057901206179,-0.6540057901206179,0.10128229717852459,0.7552880872991424,,,validation
~mercury_ingress_1d,1,2,-0.311058590767636,-0.29105859076763596,0.2115740997943845,-0.23335714491622125,-0.21335714491622126,0.1790832839819036,0.39244042889812486,-0.30021343589912386,-0.28021343589912384,0.4750746514000186,0.7552880872991424,,,validation
saturn_station,1,1,-0.30294759859519715,-0.29294759859519715,0.20968509196682328,-0.23495731978718373,-0.22495731978718372,0.16748310911094114,0.39244042889812486,-0.3382971724157023,-0.3282971724157023,0.42699091488344015,0.7552880872991424,,,validation
mars_station,1,1,-0.5020237236197028,-0.49202372361970287,0.01060896694231754,-0.23506184879731418,-0.22506184879731417,0.1673785801008107,0.39244042889812486,-0.6639627801155237,-0.6539627801155237,0.10132530718361875,0.7552880872991424,,,validation
asp_mercury_saturn_opp & jupiter_sign_sagittarius,2,3,-0.582591547424976,-0.552591547424976,-0.04995885686295554,-0.2460720036762649,-0.2160720036762649,0.17636842522185997,0.39244042889812486,-0.5022583911519765,-0.4722583911519765,0.28302969614716594,0.7552880872991424,,,validation
asp_mars_saturn_square,1,1,-0.5464620589011614,-0.5364620589011614,-0.03382936833914094,-0.2465889811675603,-0.2365889811675603,0.15585144773056456,0.39244042889812486,-0.208344815752053,-0.19834481575205298,0.5569432715470894,0.7552880872991424,,,validation
asp_mars_mercury_sextile,1,1,-0.1594747421364569,-0.1494747421364569,0.35315794842556353,-0.24785940104636692,-0.2378594010463669,0.15458102785175795,0.39244042889812486,-1.2102388933755297,-1.2002388933755297,-0.4449508060763872,0.7552880872991424,,,validation
~moon_sign_gemini,1,2,-0.125844576263183,-0.105844576263183,0.3967881142988374,-0.2478916132971744,-0.22789161329717442,0.16454881560095044,0.39244042889812486,-0.21669743367190095,-0.19669743367190096,0.5585906536272415,0.7552880872991424,,,validation
asp_jupiter_mercury_opp,1,1,-0.6877005784906164,-0.6777005784906164,-0.17506788792859593,-0.2507077926116306,-0.24070779261163064,0.15173263628649422,0.39244042889812486,-0.8392709492605669,-0.8292709492605669,-0.07398286196142446,0.7552880872991424,,,validation
~saturn_sign_aries,1,2,-0.02,0.0,0.5026326905620204,-0.2507535461460025,-0.2307535461460025,0.16168688275212237,0.39244042889812486,-0.08292892106883319,-0.06292892106883319,0.6923591662303092,0.7552880872991424,,,validation
asp_mercury_saturn_opp & mars_sign_pisces,2,3,-0.8227829514787801,-0.7927829514787801,-0.2901502609167597,-0.2512504803050779,-0.22125048030507793,0.17118994859304693,0.39244042889812486,-0.509643805034864,-0.4796438050348639,0.2756442822642785,0.7552880872991424,,,validation
~venus_ingress_1d,1,2,-0.24286204276417225,-0.22286204276417226,0.27977064779784816,-0.2533028796059933,-0.2333028796059933,0.15913754929213156,0.39244042889812486,-0.32110873737272855,-0.30110873737272853,0.4541793499264139,0.7552880872991424,,,validation
asp_mars_saturn_trine,1,1,-0.5326211121448396,-0.5226211121448396,-0.019988421582819226,-0.25395016151612326,-0.24395016151612325,0.1484902673820016,0.39244042889812486,-0.8755807139299095,-0.8655807139299095,-0.11029262663076708,0.7552880872991424,,,validation
asp_jupiter_saturn_square & asp_mercury_saturn_opp,2,3,-0.5326326905620204,-0.5026326905620204,0.0,-0.25454083994033216,-0.22454083994033217,0.1678995889577927,0.39244042889812486,-0.7852880872991425,-0.7552880872991424,0.0,0.7552880872991424,,,validation
mercury_sign_leo,1,1,-0.46251312951573514,-0.45251312951573514,0.050119561046285274,-0.2546359929234362,-0.2446359929234362,0.14780443597468865,0.39244042889812486,-0.34499867408216706,-0.33499867408216705,0.4202894132169754,0.7552880872991424,,,validation
~moon_phase_full,1,2,-0.1376749069967684,-0.11767490699676841,0.384957783565252,-0.2571703705392779,-0.23717037053927786,0.155270058358847,0.39244042889812486,-0.3012581812585834,-0.2812581812585834,0.47402990604055906,0.7552880872991424,,,validation
~moon_sign_virgo,1,2,-0.3521957939434237,-0.3321957939434237,0.17043689661859673,-0.2590617497390536,-0.2390617497390536,0.15337867915907127,0.39244042889812486,-0.12910508888912628,-0.10910508888912629,0.6461829984100161,0.7552880872991424,,,validation
asp_mercury_venus_sextile,1,1,-0.2574924288830348,-0.2474924288830348,0.2551402616789856,-0.2697373572533823,-0.2597373572533823,0.13270307164474254,0.39244042889812486,-0.9340052096268918,-0.9240052096268918,-0.16871712232774938,0.7552880872991424,,,validation
asp_mercury_saturn_opp & venus_retro,2,3,-0.35792302926077535,-0.3279230292607754,0.17470966130124505,-0.2748845376898825,-0.2448845376898825,0.14755589120824236,0.39244042889812486,-1.2018266518380702,-1.1718266518380702,-0.41653856453892785,0.7552880872991424,,,validation
~mercury_ingress_5d,1,2,-0.45311994829500896,-0.43311994829500894,0.0695127422670115,-0.27597690235702355,-0.25597690235702353,0.13646352654110133,0.39244042889812486,-0.26679920226843423,-0.24679920226843421,0.5084888850307082,0.7552880872991424,,,validation
mars_sign_virgo & venus_retro,2,3,-0.32659709700203454,-0.29659709700203457,0.20603559355998585,-0.2846553871986214,-0.25465538719862135,0.1377850416995035,0.39244042889812486,-0.8829764532778778,-0.8529764532778777,-0.09768836597873534,0.7552880872991424,,,validation
asp_mars_sun_square,1,1,-0.451604625899243,-0.441604625899243,0.06102806466277746,-0.28582940156817976,-0.27582940156817976,0.1166110273299451,0.39244042889812486,-0.7391157022736388,-0.7291157022736388,0.02617238502550371,0.7552880872991424,,,validation
asp_mars_mercury_square,1,1,-0.9571169136207804,-0.9471169136207804,-0.44448422305875995,-0.288753863119144,-0.278753863119144,0.11368656577898084,0.39244042889812486,-0.9908563689115066,-0.9808563689115066,-0.22556828161236414,0.7552880872991424,,,validation
mercury_sign_capricorn,1,1,-0.3682135363455048,-0.3582135363455048,0.14441915421651566,-0.29342726662682644,-0.28342726662682644,0.10901316227129844,0.39244042889812486,-0.26356555765702283,-0.2535655576570228,0.5017225296421196,0.7552880872991424,,,validation
mars_retro,1,1,-0.5015656850339223,-0.49156568503392234,0.011067005528098098,-0.29366406756230345,-0.28366406756230345,0.10877636133582144,0.39244042889812486,-0.4505515700055238,-0.4405515700055238,0.3147365172936186,0.7552880872991424,,,validation
asp_mars_venus_square,1,1,-0.11640994647972767,-0.10640994647972768,0.39622274408229274,-0.2957026138112355,-0.2857026138112355,0.10673781508688934,0.39244042889812486,-0.9433115028328148,-0.9333115028328148,-0.17802341553367243,0.7552880872991424,,,validation
jupiter_sign_sagittarius & mercury_sign_sagittarius,2,3,-0.14994798849193877,-0.11994798849193877,0.38268470207008165,-0.29619767716795,-0.26619767716794995,0.12624275173017488,0.39244042889812486,-0.874674981280342,-0.844674981280342,-0.08938689398119953,0.7552880872991424,,,validation
sun_sign_pisces,1,1,-0.2175149241473826,-0.2075149241473826,0.2951177664146378,-0.29870913467845805,-0.28870913467845805,0.10373129421966681,0.39244042889812486,-0.9260214708865898,-0.9160214708865898,-0.1607333835874474,0.7552880872991424,,,validation
asp_jupiter_mars_trine,1,1,-0.2598947976724022,-0.2498947976724022,0.25273789288961823,-0.30096686460910693,-0.2909668646091069,0.10147356428901792,0.39244042889812486,-0.9134326892914238,-0.9034326892914238,-0.14814460199228144,0.7552880872991424,,,validation
asp_mercury_sun_conj,1,1,-0.7576903709285431,-0.7476903709285431,-0.24505768036652267,-0.3028167549779679,-0.2928167549779679,0.099623673920157,0.39244042889812486,-0.8865654299582287,-0.8765654299582287,-0.12127734265908634,0.7552880872991424,,,validation
asp_mars_saturn_sextile,1,1,-0.656231471612993,-0.646231471612993,-0.14359878105097257,-0.3056844027538699,-0.29568440275386987,0.09675602614425498,0.39244042889812486,-0.27456408306819297,-0.26456408306819296,0.4907240042309495,0.7552880872991424,,,validation
mars_sign_aquarius,1,1,-0.6963670752427887,-0.6863670752427887,-0.1837343846807683,-0.31442368276161026,-0.30442368276161025,0.08801674613651464,0.39244042889812486,-0.47143592162515796,-0.46143592162515795,0.2938521656739845,0.7552880872991424,,,validation
~mercury_ingress_3d,1,2,-0.40090775067337836,-0.38090775067337834,0.12172493988864208,-0.3182601812586998,-0.2982601812586998,0.09418024763942509,0.39244042889812486,-0.33107167718656727,-0.31107167718656725,0.4442164101125752,0.7552880872991424,,,validation
asp_mercury_saturn_opp & mercury_sign_sagittarius,2,3,-0.6961400543793475,-0.6661400543793474,-0.16350736381732697,-0.3259146519470668,-0.2959146519470668,0.09652577695105806,0.39244042889812486,-0.7852880872991425,-0.7552880872991424,0.0,0.7552880872991424,,,validation
mars_sign_pisces & mercury_sign_taurus,2,3,-0.43308367305634754,-0.40308367305634757,0.09954901750567285,-0.32929041462247854,-0.2992904146224785,0.09315001427564634,0.39244042889812486,-0.9973578440725831,-0.9673578440725831,-0.21206975677344062,0.7552880872991424,,,validation
moon_sign_virgo,1,1,-0.4290596305453388,-0.4190596305453388,0.08357306001668163,-0.35569382279072137,-0.34569382279072136,0.046746606107403485,0.39244042889812486,-1.3696850266574228,-1.3596850266574227,-0.6043969393582802,0.7552880872991424,,,validation
saturn_sign_taurus,1,1,-0.4215888749661086,-0.4115888749661086,0.09104381559591186,-0.3557438039783067,-0.3457438039783067,0.046696624919818165,0.39244042889812486,-0.7652880872991424,-0.7552880872991424,0.0,0.7552880872991424,,,validation
asp_saturn_venus_trine,1,1,-0.7469630430590983,-0.7369630430590983,-0.23433035249707795,-0.35780930870549876,-0.34780930870549875,0.044631120192626106,0.39244042889812486,-0.6948079794274327,-0.6848079794274327,0.07048010787170977,0.7552880872991424,,,validation
mercury_ingress_3d,1,1,-0.5209093949646317,-0.5109093949646317,-0.008276704402611306,-0.3580711410047612,-0.34807114100476116,0.04436928789336369,0.39244042889812486,-0.6956406547017585,-0.6856406547017585,0.06964743259738389,0.7552880872991424,,,validation
~venus_ingress_3d,1,2,-0.34073028472802624,-0.3207302847280262,0.1819024058339942,-0.3625209623222226,-0.34252096232222257,0.0499194665759023,0.39244042889812486,-0.47432078637062547,-0.45432078637062545,0.300967300928517,0.7552880872991424,,,validation
asp_jupiter_mercury_sextile,1,1,-0.22539257226247467,-0.21539257226247466,0.28724011829954577,-0.37252616920859577,-0.36252616920859576,0.029914259689529096,0.39244042889812486,-0.4709604407349496,-0.4609604407349496,0.29432764656419286,0.7552880872991424,,,validation
jupiter_sign_taurus,1,1,-0.4837921264768354,-0.4737921264768354,0.02884056408518506,-0.37281559522038,-0.36281559522038,0.029624833677744895,0.39244042889812486,-0.48074774719509983,-0.4707477471950998,0.2845403401040426,0.7552880872991424,,,validation
moon_phase_full,1,1,-0.8471259500441478,-0.8371259500441478,-0.3344932594821274,-0.3741890565396774,-0.36418905653967737,0.028251372358447484,0.39244042889812486,-0.6451695900156418,-0.6351695900156418,0.12011849728350066,0.7552880872991424,,,validation
asp_moon_venus_opp,1,1,-0.9664042166725921,-0.9564042166725921,-0.4537715261105717,-0.3787425562741226,-0.3687425562741226,0.023697872624002272,0.39244042889812486,-0.6042130958683635,-0.5942130958683635,0.16107499143077897,0.7552880872991424,,,validation
sun_sign_aquarius,1,1,-0.16609007461902836,-0.15609007461902835,0.34654261594299207,-0.38028940222142843,-0.3702894022214284,0.022151026676696436,0.39244042889812486,-0.49195849524056795,-0.48195849524056794,0.2733295920585745,0.7552880872991424,,,validation
jupiter_sign_scorpio & venus_retro,2,3,-0.6658139375706263,-0.6358139375706263,-0.1331812470086059,-0.381705168575718,-0.351705168575718,0.04073526032240686,0.39244042889812486,-0.9068412369447989,-0.8768412369447989,-0.12155314964565644,0.7552880872991424,,,validation
sun_sign_gemini,1,1,-0.19965811326600935,-0.18965811326600934,0.3129745772960111,-0.3840768222532696,-0.3740768222532696,0.01836360664485527,0.39244042889812486,-0.5378509167288285,-0.5278509167288284,0.22743717057031398,0.7552880872991424,,,validation
venus_sign_leo,1,1,-0.27579072617063594,-0.2657907261706359,0.2368419643913845,-0.39614940973328194,-0.38614940973328193,0.006291019164842909,0.39244042889812486,-0.9256644379288081,-0.9156644379288081,-0.16037635062966576,0.7552880872991424,,,validation
saturn_sign_scorpio,1,1,-0.0819528567358213,-0.0719528567358213,0.4306798338261991,-0.40244042889812487,-0.39244042889812486,0.0,0.39244042889812486,-0.3823405608591896,-0.3723405608591896,0.38294752643995283,0.7552880872991424,,,validation
saturn_sign_sagittarius,1,1,-0.34104947868543456,-0.33104947868543455,0.17158321187658587,-0.40244042889812487,-0.39244042889812486,0.0,0.39244042889812486,-0.33576236336984766,-0.32576236336984765,0.4295257239292948,0.7552880872991424,,,validation
saturn_sign_capricorn,1,1,-0.21769573838693446,-0.20769573838693445,0.294936952175086,-0.40244042889812487,-0.39244042889812486,0.0,0.39244042889812486,-0.7293849548111259,-0.7193849548111259,0.0359031324880166,0.7552880872991424,,,validation
saturn_sign_aquarius,1,1,-0.18107004793913506,-0.17107004793913505,0.3315626426228854,-0.40244042889812487,-0.39244042889812486,0.0,0.39244042889812486,-0.43984463822996983,-0.4298446382299698,0.3254434490691726,0.7552880872991424,,,validation
asp_jupiter_saturn_opp,1,1,-0.5808317909001329,-0.5708317909001329,-0.06819910033811248,-0.40244042889812487,-0.39244042889812486,0.0,0.39244042889812486,-0.8615368386761202,-0.8515368386761202,-0.0962487513769777,0.7552880872991424,,,validation
asp_mercury_sun_sextile,1,1,-0.5126326905620204,-0.5026326905620204,0.0,-0.40244042889812487,-0.39244042889812486,0.0,0.39244042889812486,-0.7652880872991424,-0.7552880872991424,0.0,0.7552880872991424,,,validation
asp_mercury_sun_square,1,1,-0.5126326905620204,-0.5026326905620204,0.0,-0.40244042889812487,-0.39244042889812486,0.0,0.39244042889812486,-0.7652880872991424,-0.7552880872991424,0.0,0.7552880872991424,,,validation
asp_mercury_sun_trine,1,1,-0.5126326905620204,-0.5026326905620204,0.0,-0.40244042889812487,-0.39244042889812486,0.0,0.39244042889812486,-0.7652880872991424,-0.7552880872991424,0.0,0.7552880872991424,,,validation
asp_mercury_sun_opp,1,1,-0.5126326905620204,-0.5026326905620204,0.0,-0.40244042889812487,-0.39244042889812486,0.0,0.39244042889812486,-0.7652880872991424,-0.7552880872991424,0.0,0.7552880872991424,,,validation
asp_mercury_venus_square,1,1,-0.5126326905620204,-0.5026326905620204,0.0,-0.40244042889812487,-0.39244042889812486,0.0,0.39244042889812486,-0.7652880872991424,-0.7552880872991424,0.0,0.7552880872991424,,,validation
asp_mercury_venus_trine,1,1,-0.5126326905620204,-0.5026326905620204,0.0,-0.40244042889812487,-0.39244042889812486,0.0,0.39244042889812486,-0.7652880872991424,-0.7552880872991424,0.0,0.7552880872991424,,,validation
asp_mercury_venus_opp,1,1,-0.5126326905620204,-0.5026326905620204,0.0,-0.40244042889812487,-0.39244042889812486,0.0,0.39244042889812486,-0.7652880872991424,-0.7552880872991424,0.0,0.7552880872991424,,,validation
asp_sun_venus_sextile,1,1,-0.5126326905620204,-0.5026326905620204,0.0,-0.40244042889812487,-0.39244042889812486,0.0,0.39244042889812486,-0.7652880872991424,-0.7552880872991424,0.0,0.7552880872991424,,,validation
asp_sun_venus_square,1,1,-0.5126326905620204,-0.5026326905620204,0.0,-0.40244042889812487,-0.39244042889812486,0.0,0.39244042889812486,-0.7652880872991424,-0.7552880872991424,0.0,0.7552880872991424,,,validation
asp_sun_venus_trine,1,1,-0.5126326905620204,-0.5026326905620204,0.0,-0.40244042889812487,-0.39244042889812486,0.0,0.39244042889812486,-0.7652880872991424,-0.7552880872991424,0.0,0.7552880872991424,,,validation
asp_sun_venus_opp,1,1,-0.5126326905620204,-0.5026326905620204,0.0,-0.40244042889812487,-0.39244042889812486,0.0,0.39244042889812486,-0.7652880872991424,-0.7552880872991424,0.0,0.7552880872991424,,,validation
asp_moon_saturn_opp,1,1,-0.9802029283939495,-0.9702029283939495,-0.467570237831929,-0.4041026529193411,-0.3941026529193411,-0.001662224021216251,0.39244042889812486,-1.0928153109106316,-1.0828153109106315,-0.32752722361148917,0.7552880872991424,,,validation
asp_jupiter_venus_sextile,1,1,-0.3977252890509778,-0.3877252890509778,0.11490740151104264,-0.4077084521369491,-0.3977084521369491,-0.005268023238824273,0.39244042889812486,-1.1313563123526946,-1.1213563123526946,-0.36606822505355224,0.7552880872991424,,,validation
moon_sign_gemini,1,1,-1.2654771000901845,-1.2554771000901845,-0.7528444095281641,-0.40870462609901526,-0.39870462609901525,-0.006264197200890402,0.39244042889812486,-0.96348527950072,-0.95348527950072,-0.19819719220157755,0.7552880872991424,,,validation
mercury_ingress_5d,1,1,-0.421513819217166,-0.411513819217166,0.09111887134485444,-0.410094205201224,-0.400094205201224,-0.007653776303099135,0.39244042889812486,-0.7257008704915268,-0.7157008704915268,0.03958721680761568,0.7552880872991424,,,validation
~moon_ingress_3d,1,2,-0.5226326905620204,-0.5026326905620204,0.0,-0.4124404288981249,-0.39244042889812486,0.0,0.39244042889812486,-0.7752880872991424,-0.7552880872991424,0.0,0.7552880872991424,,,validation
~moon_ingress_5d,1,2,-0.5226326905620204,-0.5026326905620204,0.0,-0.4124404288981249,-0.39244042889812486,0.0,0.39244042889812486,-0.7752880872991424,-0.7552880872991424,0.0,0.7552880872991424,,,validation
moon_phase_full | moon_phase_waxing,2,3,-0.6252655391826689,-0.5952655391826689,-0.09263284862064845,-0.41393069451712927,-0.38393069451712925,0.008509734380995622,0.39244042889812486,-0.6202357400397331,-0.5902357400397331,0.16505234725940926,0.7552880872991424,,,validation
~moon_phase_new,1,2,-0.4400718103033753,-0.42007181030337526,0.08256088025864516,-0.41886803618112184,-0.3988680361811218,-0.006427607282996972,0.39244042889812486,-0.2338664189855608,-0.2138664189855608,0.5414216683135816,0.7552880872991424,,,validation
moon_phase_full | moon_phase_waning,2,3,-0.5734806359407703,-0.5434806359407702,-0.040847945378749785,-0.4192299130310061,-0.38922991303100607,0.0032105158671187663,0.39244042889812486,-0.2001643464053726,-0.1701643464053726,0.5851237408937698,0.7552880872991424,,,validation
asp_jupiter_saturn_conj,1,1,-0.6768623959758983,-0.6668623959758982,-0.1642297054138778,-0.4243055823010982,-0.4143055823010982,-0.021865153402973358,0.39244042889812486,-0.4898151111123336,-0.4798151111123336,0.2754729761868088,0.7552880872991424,,,validation
venus_sign_taurus,1,1,-0.6756791630664083,-0.6656791630664083,-0.16304647250438783,-0.424324485363961,-0.414324485363961,-0.021884056465836153,0.39244042889812486,-0.6555282776483309,-0.6455282776483309,0.10975980965081153,0.7552880872991424,,,validation
jupiter_ingress_5d,1,1,-0.6150035077898154,-0.6050035077898154,-0.10237081722779497,-0.4274935055081971,-0.4174935055081971,-0.02505307661007222,0.39244042889812486,-1.0123043697226235,-1.0023043697226235,-0.2470162824234811,0.7552880872991424,,,validation
asp_mars_saturn_conj,1,1,-0.5245760362447998,-0.5145760362447998,-0.011943345682779381,-0.4275951102947509,-0.4175951102947509,-0.025154681396626015,0.39244042889812486,-0.7293704114877159,-0.7193704114877159,0.035917675811426554,0.7552880872991424,,,validation
asp_sun_venus_conj,1,1,-0.6367459222139515,-0.6267459222139515,-0.12411323165193106,-0.4292960130006501,-0.4192960130006501,-0.02685558410252527,0.39244042889812486,-0.30400886083063794,-0.29400886083063793,0.4612792264685045,0.7552880872991424,,,validation
mercury_sign_taurus & venus_retro,2,3,-0.5458323003937025,-0.5158323003937024,-0.013199609831681997,-0.4294616180886217,-0.39946161808862174,-0.007021189190496896,0.39244042889812486,-0.8847144496749045,-0.8547144496749045,-0.09942636237576205,0.7552880872991424,,,validation
asp_jupiter_sun_conj,1,1,-0.6201425161029672,-0.6101425161029672,-0.10750982554094685,-0.429958676546125,-0.419958676546125,-0.027518247648000167,0.39244042889812486,-0.7269709168401484,-0.7169709168401484,0.03831717045899402,0.7552880872991424,,,validation
venus_sign_virgo,1,1,-0.6932621293278303,-0.6832621293278303,-0.18062943876580984,-0.43382504405580113,-0.4238250440558011,-0.03138461515767627,0.39244042889812486,-0.5709328143099328,-0.5609328143099328,0.1943552729892096,0.7552880872991424,,,validation
venus_sign_aries,1,1,-0.4488872021946909,-0.4388872021946909,0.06374548836732953,-0.4346443721263614,-0.4246443721263614,-0.032203943228236526,0.39244042889812486,-0.9068070927153256,-0.8968070927153255,-0.1415190054161831,0.7552880872991424,,,validation
mars_sign_pisces & saturn_sign_pisces,2,3,-0.7589259648772297,-0.7289259648772297,-0.22629327431520926,-0.4365385690171497,-0.40653856901714974,-0.014098140119024907,0.39244042889812486,-1.0271420200144237,-0.9971420200144238,-0.24185393271528133,0.7552880872991424,,,validation
mars_sign_pisces & mercury_sign_sagittarius,2,3,-0.3525035976326266,-0.32250359763262665,0.18012909292939377,-0.4418036982428145,-0.4118036982428145,-0.01936326934468962,0.39244042889812486,-0.8895980137682613,-0.8595980137682613,-0.10430992646911882,0.7552880872991424,,,validation
asp_jupiter_saturn_square & jupiter_sign_scorpio,2,3,-0.5326326905620204,-0.5026326905620204,0.0,-0.44276343790101735,-0.4127634379010173,-0.02032300900289249,0.39244042889812486,-0.7852880872991425,-0.7552880872991424,0.0,0.7552880872991424,,,validation
venus_ingress_1d,1,1,-0.8538039586776536,-0.8438039586776536,-0.34117126811563314,-0.4429672799511782,-0.4329672799511782,-0.0405268510530533,0.39244042889812486,-0.6764921963722528,-0.6664921963722528,0.08879589092688961,0.7552880872991424,,,validation
~venus_ingress_5d,1,2,-0.39832516805339574,-0.3783251680533957,0.1243075225086247,-0.4443282029345186,-0.42432820293451856,-0.03188777403639372,0.39244042889812486,-0.688915745962103,-0.668915745962103,0.0863723413370394,0.7552880872991424,,,validation
asp_mercury_venus_conj,1,1,-0.26121461838397275,-0.25121461838397274,0.2514180721780477,-0.44569514888468753,-0.4356951488846875,-0.04325471998656265,0.39244042889812486,-0.9572775579863098,-0.9472775579863097,-0.19198947068716732,0.7552880872991424,,,validation
asp_jupiter_mars_square,1,1,-0.03170474871165351,-0.02170474871165351,0.4809279418503669,-0.4462440180358013,-0.4362440180358013,-0.043803589137676464,0.39244042889812486,-0.5241379700143797,-0.5141379700143797,0.2411501172847628,0.7552880872991424,,,validation
mars_sign_scorpio,1,1,-0.3537652719936635,-0.34376527199366347,0.15886741856835696,-0.45105242559736086,-0.44105242559736085,-0.048611996699236,0.39244042889812486,-0.312537506530988,-0.302537506530988,0.45275058076815444,0.7552880872991424,,,validation
asp_mars_mercury_conj,1,1,-0.2579020333041851,-0.2479020333041851,0.25473065725783534,-0.45204855989018927,-0.44204855989018926,-0.04960813099206441,0.39244042889812486,-0.439240240861807,-0.429240240861807,0.3260478464373354,0.7552880872991424,,,validation
asp_jupiter_sun_trine,1,1,-0.593138137088364,-0.583138137088364,-0.08050544652634357,-0.452283832247795,-0.442283832247795,-0.04984340334967014,0.39244042889812486,-0.6918782757117946,-0.6818782757117946,0.07340981158734783,0.7552880872991424,,,validation
venus_sign_scorpio,1,1,-0.5022942493088249,-0.492294249308825,0.010338441253195461,-0.4541847581376043,-0.4441847581376043,-0.051744329239479414,0.39244042889812486,-0.4065245086478332,-0.3965245086478332,0.35876357865130926,0.7552880872991424,,,validation
asp_mars_mercury_opp,1,1,-0.6254556389440066,-0.6154556389440066,-0.11282294838198617,-0.45532643124657446,-0.44532643124657445,-0.05288600234844961,0.39244042889812486,-0.5040625894127189,-0.49406258941271886,0.2612254978864236,0.7552880872991424,,,validation
sun_sign_libra,1,1,-0.6713394266813446,-0.6613394266813446,-0.15870673611932415,-0.45649994478803246,-0.44649994478803245,-0.054059515889907594,0.39244042889812486,-0.41103240442757466,-0.40103240442757465,0.3542556828715678,0.7552880872991424,,,validation
saturn_ingress_5d,1,1,-0.36819417731008186,-0.35819417731008185,0.14443851325193854,-0.4618240975146026,-0.4518240975146026,-0.05938366861647778,0.39244042889812486,-0.6096981787266835,-0.5996981787266835,0.15558990857245894,0.7552880872991424,,,validation
jupiter_sign_sagittarius & venus_retro,2,3,-0.39397253119300324,-0.3639725311930032,0.13866015936901724,-0.47048633613639546,-0.44048633613639543,-0.04804590723827057,0.39244042889812486,-1.0704649884412216,-1.0404649884412216,-0.28517690114207916,0.7552880872991424,,,validation
jupiter_sign_capricorn,1,1,-0.29334877319031605,-0.28334877319031604,0.2192839173717044,-0.4727241385682295,-0.46272413856822947,-0.0702837096701046,0.39244042889812486,-0.5977601713589483,-0.5877601713589483,0.16752791594019414,0.7552880872991424,,,validation
asp_moon_saturn_conj,1,1,-0.9814656336841427,-0.9714656336841427,-0.46883294312212226,-0.47793607290708034,-0.46793607290708034,-0.07549564400895546,0.39244042889812486,-1.0662747989715922,-1.0562747989715922,-0.30098671167244984,0.7552880872991424,,,validation
asp_moon_sun_conj,1,1,-0.8594005245339056,-0.8494005245339056,-0.3467678339718851,-0.4803473865371095,-0.4703473865371095,-0.07790695763898466,0.39244042889812486,-0.9139211179570852,-0.9039211179570852,-0.14863303065794273,0.7552880872991424,,,validation
asp_mars_sun_sextile,1,1,-0.2940774315224197,-0.2840774315224197,0.2185552590396007,-0.48334272005760975,-0.47334272005760974,-0.0809022911594849,0.39244042889812486,-0.9008476730296284,-0.8908476730296284,-0.135559585730486,0.7552880872991424,,,validation
moon_sign_aquarius,1,1,-0.8763669652542296,-0.8663669652542296,-0.3637342746922092,-0.4927412301805096,-0.4827412301805096,-0.09030080128238473,0.39244042889812486,-1.1330723459287306,-1.1230723459287306,-0.3677842586295881,0.7552880872991424,,,validation
asp_mercury_moon_conj,1,1,-0.8633883431400284,-0.8533883431400284,-0.35075565257800806,-0.49289055652920316,-0.48289055652920315,-0.0904501276310783,0.39244042889812486,-1.1949527586454483,-1.1849527586454482,-0.42966467134630587,0.7552880872991424,,,validation
mars_sign_leo,1,1,-0.43443313577117704,-0.42443313577117703,0.07819955479084341,-0.49344491049507694,-0.48344491049507693,-0.09100448159695207,0.39244042889812486,-0.5733093099119014,-0.5633093099119014,0.19197877738724103,0.7552880872991424,,,validation
jupiter_sign_sagittarius & mars_sign_aries,2,3,-0.368462264288855,-0.33846226428885495,0.16417042627316544,-0.49992005746629864,-0.4699200574662986,-0.07747962856817374,0.39244042889812486,-0.40970140904910846,-0.37970140904910843,0.375586678250034,0.7552880872991424,,,validation
asp_jupiter_mars_opp,1,1,-0.5959135759292009,-0.5859135759292009,-0.08328088536718044,-0.5080964247286868,-0.4980964247286868,-0.10565599583056196,0.39244042889812486,-0.9259661270242061,-0.9159661270242061,-0.16067803972506367,0.7552880872991424,,,validation
asp_mercury_saturn_opp & saturn_sign_pisces,2,3,-0.3371009430454005,-0.30710094304540053,0.1955317475166199,-0.5206884294762619,-0.49068842947626196,-0.09824800057813711,0.39244042889812486,-0.8803930365058052,-0.8503930365058052,-0.09510494920666285,0.7552880872991424,,,validation
asp_moon_sun_opp,1,1,-1.3641282625198459,-1.3541282625198459,-0.8514955719578254,-0.5245373554819898,-0.5145373554819898,-0.12209692658386492,0.39244042889812486,-0.6743318269283728,-0.6643318269283728,0.09095626037076962,0.7552880872991424,,,validation
saturn_sign_virgo,1,1,-0.25408417231309594,-0.24408417231309593,0.2585485182489245,-0.525528991182022,-0.515528991182022,-0.12308856228389711,0.39244042889812486,-0.8993314443400806,-0.8893314443400806,-0.1340433570409382,0.7552880872991424,,,validation
sun_sign_capricorn,1,1,-0.20697323455641847,-0.19697323455641846,0.30565945600560196,-0.538128283152543,-0.528128283152543,-0.13568785425441815,0.39244042889812486,-0.37290311807175397,-0.36290311807175396,0.39238496922738847,0.7552880872991424,,,validation
mars_sign_aries & saturn_sign_pisces,2,3,-0.43224228814797516,-0.4022422881479752,0.10039040241404523,-0.5386471617229244,-0.5086471617229243,-0.11620673282479947,0.39244042889812486,-0.2729670465131553,-0.24296704651315526,0.5123210407859872,0.7552880872991424,,,validation
sun_ingress_5d,1,1,-0.629874811227076,-0.619874811227076,-0.11724212066505563,-0.5476696108624892,-0.5376696108624892,-0.14522918196436435,0.39244042889812486,-0.8700886973441622,-0.8600886973441622,-0.10480061004501973,0.7552880872991424,,,validation
venus_sign_sagittarius,1,1,-0.34508472793243194,-0.33508472793243194,0.16754796262958851,-0.5541909321458707,-0.5441909321458707,-0.15175050324774578,0.39244042889812486,-0.3685643494887389,-0.3585643494887389,0.39672373781040354,0.7552880872991424,,,validation
mars_sign_cancer,1,1,-0.38727434265440297,-0.37727434265440296,0.1253583479076175,-0.5667915358204035,-0.5567915358204035,-0.16435110692227867,0.39244042889812486,-0.826831594763716,-0.816831594763716,-0.06154350746457355,0.7552880872991424,,,validation
jupiter_ingress_3d,1,1,-0.7486337651900337,-0.7386337651900337,-0.2360010746280132,-0.5689815134897429,-0.5589815134897429,-0.1665410845916181,0.39244042889812486,-1.0766472076781946,-1.0666472076781945,-0.31135912037905217,0.7552880872991424,,,validation
mercury_sign_cancer,1,1,-0.3220055478122056,-0.3120055478122056,0.19062714274981485,-0.5710505132036621,-0.5610505132036621,-0.16861008430553726,0.39244042889812486,-0.3823213796138253,-0.3723213796138253,0.38296670768531715,0.7552880872991424,,,validation
saturn_sign_gemini,1,1,-0.45453469807414354,-0.44453469807414353,0.05809799248787687,-0.5711770810363324,-0.5611770810363323,-0.16873665213820752,0.39244042889812486,-0.7652880872991424,-0.7552880872991424,0.0,0.7552880872991424,,,validation
moon_sign_taurus,1,1,-1.007908970903986,-0.9979089709039859,-0.49527628034196547,-0.5759647856664136,-0.5659647856664136,-0.17352435676828876,0.39244042889812486,-0.8891337102407137,-0.8791337102407137,-0.12384562294157136,0.7552880872991424,,,validation
asp_jupiter_mercury_square,1,1,-0.6972621259909183,-0.6872621259909183,-0.18462943542889784,-0.5789051084499856,-0.5689051084499855,-0.17646467955186068,0.39244042889812486,-1.0336387075888245,-1.0236387075888245,-0.26835062028968204,0.7552880872991424,,,validation
sun_sign_cancer,1,1,-0.5075037337779977,-0.4975037337779978,0.005128956784022627,-0.5812784540620135,-0.5712784540620135,-0.17883802516388866,0.39244042889812486,-0.11934012523661773,-0.10934012523661774,0.6459479620625247,0.7552880872991424,,,validation
moon_sign_libra,1,1,-0.6010400645913037,-0.5910400645913036,-0.08840737402928327,-0.5821838282061618,-0.5721838282061618,-0.17974339930803687,0.39244042889812486,-1.2490816329379122,-1.2390816329379122,-0.4837935456387698,0.7552880872991424,,,validation
mercury_ingress_1d,1,1,-0.8083647317898348,-0.7983647317898348,-0.29573204122781444,-0.5860368761854147,-0.5760368761854147,-0.18359644728728974,0.39244042889812486,-0.8380729239442043,-0.8280729239442043,-0.07278483664506184,0.7552880872991424,,,validation
asp_mars_venus_opp,1,1,-0.28587565196479947,-0.27587565196479946,0.22675703859722096,-0.5897139595087352,-0.5797139595087352,-0.18727353061061028,0.39244042889812486,-0.6951084247956884,-0.6851084247956883,0.0701796625034541,0.7552880872991424,,,validation
jupiter_sign_gemini,1,1,-0.306364750924505,-0.296364750924505,0.20626793963751547,-0.5917325504223848,-0.5817325504223848,-0.18929212152425992,0.39244042889812486,-0.40788415625433483,-0.3978841562543348,0.3574039310448076,0.7552880872991424,,,validation
venus_sign_cancer,1,1,-0.6145651737422244,-0.6045651737422244,-0.10193248318020402,-0.5917838833193212,-0.5817838833193212,-0.18934345442119638,0.39244042889812486,-0.45427042020353003,-0.44427042020353,0.3110176670956124,0.7552880872991424,,,validation
asp_jupiter_saturn_trine,1,1,-0.6415096814359886,-0.6315096814359886,-0.12887699087396826,-0.5918854848171043,-0.5818854848171043,-0.18944505591897945,0.39244042889812486,-0.3375268394021503,-0.32752683940215027,0.42776124789699216,0.7552880872991424,,,validation
asp_mars_moon_square,1,1,-1.2215548472292868,-1.2115548472292867,-0.7089221566672664,-0.6090233657510311,-0.5990233657510311,-0.2065829368529063,0.39244042889812486,-1.2818429528535848,-1.2718429528535848,-0.5165548655544424,0.7552880872991424,,,validation
asp_moon_saturn_trine,1,1,-1.4437332375245735,-1.4337332375245735,-0.9311005469625532,-0.6200967169019347,-0.6100967169019347,-0.21765628800380984,0.39244042889812486,-1.1922865989518376,-1.1822865989518376,-0.42699851165269515,0.7552880872991424,,,validation
asp_saturn_sun_conj,1,1,-0.9382717121259982,-0.9282717121259982,-0.42563902156397776,-0.6241905749929632,-0.6141905749929631,-0.2217501460948383,0.39244042889812486,-0.9539241370197875,-0.9439241370197875,-0.18863604972064502,0.7552880872991424,,,validation
mercury_retro,1,1,-0.11723676617298916,-0.10723676617298916,0.39539592438903126,-0.6302173776059969,-0.6202173776059969,-0.2277769487078721,0.39244042889812486,-0.7545184115657788,-0.7445184115657788,0.010769675733363616,0.7552880872991424,,,validation
saturn_ingress_3d,1,1,-0.6172020749484853,-0.6072020749484853,-0.10456938438646494,-0.6318200180647014,-0.6218200180647014,-0.22937958916657658,0.39244042889812486,-0.6680584868337526,-0.6580584868337526,0.09722960046538989,0.7552880872991424,,,validation
asp_mars_moon_conj,1,1,-0.8372862325478287,-0.8272862325478287,-0.3246535419858083,-0.6409340393687704,-0.6309340393687703,-0.23849361047064552,0.39244042889812486,-0.6041989837452317,-0.5941989837452317,0.1610891035539107,0.7552880872991424,,,validation
moon_sign_cancer,1,1,-0.905981719432444,-0.895981719432444,-0.3933490288704235,-0.6412444783854845,-0.6312444783854845,-0.23880404948735956,0.39244042889812486,-1.360046055933993,-1.350046055933993,-0.5947579686348506,0.7552880872991424,,,validation
mars_sign_taurus,1,1,-0.41337712397306287,-0.40337712397306286,0.09925556658895757,-0.6450827419780023,-0.6350827419780023,-0.2426423130798775,0.39244042889812486,-0.46573486728379676,-0.45573486728379675,0.2995532200153457,0.7552880872991424,,,validation
sun_sign_virgo,1,1,-0.5841859012011003,-0.5741859012011002,-0.07155321063907978,-0.6478500877976511,-0.6378500877976511,-0.2454096588995262,0.39244042889812486,-0.7298263692382607,-0.7198263692382607,0.03546171806088171,0.7552880872991424,,,validation
mercury_sign_gemini,1,1,-0.6343308356781563,-0.6243308356781563,-0.12169814511613591,-0.6480026146693678,-0.6380026146693678,-0.24556218577124292,0.39244042889812486,-0.5669093805498036,-0.5569093805498035,0.19837870674933886,0.7552880872991424,,,validation
moon_phase_waxing,1,1,-0.6497507672608558,-0.6397507672608558,-0.1371180766988353,-0.6534228671973908,-0.6434228671973908,-0.250982438299266,0.39244042889812486,-0.9301834589075684,-0.9201834589075684,-0.164895371608426,0.7552880872991424,,,validation
asp_jupiter_venus_conj,1,1,-0.7336944751580097,-0.7236944751580097,-0.2210617845959892,-0.6576928416212275,-0.6476928416212275,-0.2552524127231026,0.39244042889812486,-0.574479510793514,-0.564479510793514,0.19080857650562844,0.7552880872991424,,,validation
mars_sign_sagittarius,1,1,0.027380641014489233,0.037380641014489235,0.5400133315765097,-0.6631071968200566,-0.6531071968200566,-0.2606667679219317,0.39244042889812486,-0.812788796341253,-0.802788796341253,-0.047500709042110574,0.7552880872991424,,,validation
asp_saturn_sun_sextile,1,1,-0.710462551473492,-0.700462551473492,-0.1978298609114716,-0.6679154988330864,-0.6579154988330864,-0.26547506993496156,0.39244042889812486,-1.0868058701970575,-1.0768058701970575,-0.32151778289791505,0.7552880872991424,,,validation
moon_phase_waning,1,1,-0.569792560611192,-0.559792560611192,-0.057159870049171516,-0.6682561922488104,-0.6582561922488104,-0.2658157633506855,0.39244042889812486,-0.3310164301516082,-0.3210164301516082,0.43427165714753424,0.7552880872991424,,,validation
asp_saturn_venus_square,1,1,-0.6852737814750919,-0.6752737814750919,-0.17264109091307148,-0.6686293604059004,-0.6586293604059004,-0.2661889315077755,0.39244042889812486,-0.9692642845822801,-0.9592642845822801,-0.20397619728313765,0.7552880872991424,,,validation
mars_ingress_5d,1,1,-0.4111328157310674,-0.4011328157310674,0.10149987483095302,-0.6698133364718608,-0.6598133364718608,-0.267372907573736,0.39244042889812486,-0.7455208892809561,-0.735520889280956,0.019767198018186397,0.7552880872991424,,,validation
asp_mercury_moon_opp,1,1,-0.973332117133625,-0.963332117133625,-0.46069942657160456,-0.6803811275562932,-0.6703811275562932,-0.2779406986581684,0.39244042889812486,-1.3091666726934839,-1.2991666726934838,-0.5438785853943414,0.7552880872991424,,,validation
asp_moon_venus_trine,1,1,-1.2213962570135097,-1.2113962570135097,-0.7087635664514892,-0.6822870600469666,-0.6722870600469666,-0.2798466311488417,0.39244042889812486,-1.2842348965799013,-1.2742348965799013,-0.5189468092807588,0.7552880872991424,,,validation
asp_saturn_venus_conj,1,1,-0.9364194706590898,-0.9264194706590898,-0.4237867800970694,-0.6932054759695033,-0.6832054759695033,-0.29076504707137846,0.39244042889812486,-0.8561870239846849,-0.8461870239846849,-0.09089893668554247,0.7552880872991424,,,validation
asp_mars_sun_opp,1,1,-0.416573919221615,-0.406573919221615,0.0960587713404054,-0.696575359352882,-0.6865753593528819,-0.2941349304547571,0.39244042889812486,-0.8147580644234643,-0.8047580644234643,-0.04946997712432185,0.7552880872991424,,,validation
mercury_station,1,1,-0.39074519653646494,-0.38074519653646494,0.12188749402555547,-0.7047138722691806,-0.6947138722691806,-0.3022734433710557,0.39244042889812486,-0.9490112549314986,-0.9390112549314986,-0.18372316763235624,0.7552880872991424,,,validation
asp_jupiter_moon_conj,1,1,-0.8547599455891194,-0.8447599455891194,-0.34212725502709895,-0.7150087338162643,-0.7050087338162643,-0.31256830491813936,0.39244042889812486,-0.8579068991082087,-0.8479068991082087,-0.09261881180906631,0.7552880872991424,,,validation
mercury_sign_libra,1,1,-0.4186465615175951,-0.4086465615175951,0.09398612904442533,-0.7164021118090562,-0.7064021118090562,-0.3139616829109313,0.39244042889812486,-0.44146732196811367,-0.43146732196811366,0.32382076533102877,0.7552880872991424,,,validation
asp_mars_venus_conj,1,1,-0.5034149233799794,-0.4934149233799794,0.009217767182041014,-0.7169909425242371,-0.7069909425242371,-0.31455051362611225,0.39244042889812486,-0.6525830356204305,-0.6425830356204305,0.11270505167871198,0.7552880872991424,,,validation
moon_sign_pisces,1,1,-1.210170788059996,-1.2001707880599959,-0.6975380974979755,-0.7206805469419293,-0.7106805469419293,-0.3182401180438045,0.39244042889812486,-1.0156004820354172,-1.0056004820354172,-0.2503123947362747,0.7552880872991424,,,validation
moon_sign_leo,1,1,-0.8496915912571703,-0.8396915912571703,-0.3370589006951499,-0.7220178974543351,-0.7120178974543351,-0.3195774685562102,0.39244042889812486,-0.8445092586756606,-0.8345092586756606,-0.07922117137651823,0.7552880872991424,,,validation
asp_mars_moon_opp,1,1,-0.8026876065533088,-0.7926876065533088,-0.29005491599128835,-0.7239387021925865,-0.7139387021925865,-0.32149827329446157,0.39244042889812486,-0.887898549360728,-0.877898549360728,-0.1226104620615855,0.7552880872991424,,,validation
asp_jupiter_saturn_square & mercury_sign_sagittarius,2,3,-0.7769736163979939,-0.7469736163979939,-0.2443409258359734,-0.7243488690232508,-0.6943488690232508,-0.3019084401251259,0.39244042889812486,-0.9183217743862698,-0.8883217743862698,-0.13303368708712737,0.7552880872991424,,,validation
asp_jupiter_sun_sextile,1,1,-0.18241762585584465,-0.17241762585584464,0.3302150647061758,-0.7306138070779556,-0.7206138070779556,-0.3281733781798308,0.39244042889812486,-0.7342401969162369,-0.7242401969162369,0.031047890382905598,0.7552880872991424,,,validation
asp_mercury_moon_sextile,1,1,-0.825646704288292,-0.815646704288292,-0.3130140137262715,-0.7364930716894658,-0.7264930716894658,-0.33405264279134084,0.39244042889812486,-0.6511091269776336,-0.6411091269776336,0.11417896032150884,0.7552880872991424,,,validation
asp_mars_venus_sextile,1,1,-0.5062377342367548,-0.4962377342367548,0.006394956325265591,-0.7402154242537019,-0.7302154242537019,-0.33777499535557703,0.39244042889812486,-0.4988898049325525,-0.4888898049325525,0.2663982823665899,0.7552880872991424,,,validation
sun_ingress_3d,1,1,-1.0032990911534483,-0.9932990911534483,-0.4906664005914279,-0.7471285511231489,-0.7371285511231489,-0.3446881222250241,0.39244042889812486,-1.2447895665205053,-1.2347895665205053,-0.4795014792213628,0.7552880872991424,,,validation
asp_saturn_venus_sextile,1,1,-0.3912100140292301,-0.3812100140292301,0.12142267653279032,-0.7517883905622256,-0.7417883905622256,-0.34934796166410076,0.39244042889812486,-0.7276138620703961,-0.7176138620703961,0.037674225228746305,0.7552880872991424,,,validation
asp_jupiter_venus_square,1,1,-0.2671654807392779,-0.2571654807392779,0.2454672098227425,-0.7621361072681111,-0.7521361072681111,-0.3596956783699862,0.39244042889812486,-1.1400713304594834,-1.1300713304594834,-0.37478324316034106,0.7552880872991424,,,validation
jupiter_sign_cancer,1,1,-0.39433795955877987,-0.38433795955877986,0.11829473100324056,-0.7636392069820703,-0.7536392069820703,-0.36119877808394546,0.39244042889812486,-0.11446508478205707,-0.10446508478205707,0.6508230025170854,0.7552880872991424,,,validation
asp_jupiter_moon_square,1,1,-0.8036323532991037,-0.7936323532991036,-0.2909996627370833,-0.7648717406274491,-0.7548717406274491,-0.36243131172932425,0.39244042889812486,-0.7983514883855469,-0.7883514883855469,-0.033063401086404515,0.7552880872991424,,,validation
mars_ingress_1d,1,1,-0.8037759333338584,-0.7937759333338584,-0.291143242771838,-0.7789105927740829,-0.7689105927740829,-0.376470163875958,0.39244042889812486,-1.2236499591616126,-1.2136499591616126,-0.4583618718624701,0.7552880872991424,,,validation
moon_sign_capricorn,1,1,-0.7356222806725121,-0.7256222806725121,-0.2229895901104917,-0.7803837377090702,-0.7703837377090702,-0.37794330881094534,0.39244042889812486,-0.7899369331779628,-0.7799369331779628,-0.024648845878820273,0.7552880872991424,,,validation
mars_ingress_3d,1,1,-0.44357479604601724,-0.43357479604601723,0.06905789451600318,-0.7807290449438489,-0.7707290449438489,-0.37828861604572406,0.39244042889812486,-1.0988167840383418,-1.0888167840383418,-0.33352869673919944,0.7552880872991424,,,validation
asp_moon_venus_sextile,1,1,-1.0932462318888567,-1.0832462318888567,-0.5806135413268363,-0.7809383599414634,-0.7709383599414634,-0.3784979310433385,0.39244042889812486,-1.2178564928254343,-1.2078564928254343,-0.4525684055262918,0.7552880872991424,,,validation
asp_jupiter_mercury_trine,1,1,-0.29575081658600527,-0.28575081658600526,0.21688187397601516,-0.78616032751331,-0.77616032751331,-0.3837198986151852,0.39244042889812486,-0.6023564154463056,-0.5923564154463056,0.16293167185283688,0.7552880872991424,,,validation
moon_phase_waning | moon_phase_waxing,2,3,-0.6650858977664345,-0.6350858977664344,-0.13245320720441395,-0.7876951829601411,-0.757695182960141,-0.36525475406201624,0.39244042889812486,-0.6050818407809939,-0.5750818407809939,0.18020624651814848,0.7552880872991424,,,validation
asp_jupiter_moon_trine,1,1,-0.7783541371467877,-0.7683541371467877,-0.2657214465847673,-0.802847362373397,-0.792847362373397,-0.4004069334752722,0.39244042889812486,-0.761101455281854,-0.751101455281854,0.0041866320172884545,0.7552880872991424,,,validation
asp_jupiter_saturn_square & venus_retro,2,3,-0.5047792937682157,-0.4747792937682157,0.02785339679380474,-0.8029163281247554,-0.7729163281247554,-0.38047589922663055,0.39244042889812486,-0.6602453162727786,-0.6302453162727786,0.1250427710263638,0.7552880872991424,,,validation
asp_moon_sun_sextile,1,1,-1.4812327137669106,-1.4712327137669106,-0.9686000232048902,-0.8087225470320569,-0.7987225470320569,-0.4062821181339321,0.39244042889812486,-1.3301988064011439,-1.3201988064011438,-0.5649107191020014,0.7552880872991424,,,validation
mercury_sign_aquarius,1,1,0.061271692508534266,0.07127169250853427,0.5739043830705547,-0.8328697724376171,-0.822869772437617,-0.43042934353949214,0.39244042889812486,-1.0034504614844788,-0.9934504614844789,-0.23816237418533648,0.7552880872991424,,,validation
asp_saturn_sun_trine,1,1,-0.5492030747627311,-0.5392030747627311,-0.036570384200710716,-0.8390176817369632,-0.8290176817369632,-0.43657725283883836,0.39244042889812486,-0.9718432073821343,-0.9618432073821342,-0.2065551200829918,0.7552880872991424,,,validation
asp_jupiter_mars_conj,1,1,-0.5589779294332433,-0.5489779294332433,-0.04634523887122287,-0.8524535228367456,-0.8424535228367456,-0.4500130939386207,0.39244042889812486,-0.3662012942108448,-0.3562012942108448,0.39908679308829764,0.7552880872991424,,,validation
asp_jupiter_sun_opp,1,1,-0.7024233776898925,-0.6924233776898925,-0.1897906871278721,-0.8530107642648294,-0.8430107642648293,-0.4505703353667045,0.39244042889812486,-0.6528313930276753,-0.6428313930276753,0.1124566942714671,0.7552880872991424,,,validation
asp_moon_venus_square,1,1,-0.8972604030173128,-0.8872604030173128,-0.38462771245529237,-0.8556063271960186,-0.8456063271960186,-0.4531658982978937,0.39244042889812486,-1.25212086099193,-1.24212086099193,-0.48683277369278755,0.7552880872991424,,,validation
sun_ingress_1d,1,1,-1.0968001734342068,-1.0868001734342068,-0.5841674828721863,-0.8649402692328279,-0.8549402692328278,-0.4624998403347029,0.39244042889812486,-1.3174825826611551,-1.3074825826611551,-0.5521944953620128,0.7552880872991424,,,validation
asp_moon_saturn_sextile,1,1,-1.045685712806754,-1.035685712806754,-0.5330530222447337,-0.8805055601230092,-0.8705055601230092,-0.47806513122488437,0.39244042889812486,-0.994744002421844,-0.984744002421844,-0.2294559151227016,0.7552880872991424,,,validation
jupiter_ingress_1d,1,1,-0.7059588428189547,-0.6959588428189547,-0.1933261522569343,-0.8883416390651357,-0.8783416390651357,-0.4859012101670109,0.39244042889812486,-0.9545217213132517,-0.9445217213132517,-0.1892336340141093,0.7552880872991424,,,validation
moon_sign_sagittarius,1,1,-1.3712736930311153,-1.3612736930311153,-0.8586410024690949,-0.9036705457358176,-0.8936705457358176,-0.5012301168376928,0.39244042889812486,-0.5844728034434987,-0.5744728034434987,0.18081528385564374,0.7552880872991424,,,validation
asp_jupiter_sun_square,1,1,-0.436499172526096,-0.426499172526096,0.07613351803592444,-0.9167140350776402,-0.9067140350776401,-0.5142736061795153,0.39244042889812486,-0.6589905752298751,-0.6489905752298751,0.10629751206926727,0.7552880872991424,,,validation
jupiter_sign_scorpio & mercury_sign_taurus,2,3,-0.9329601658191929,-0.9029601658191929,-0.4003274752571725,-0.9310724262625256,-0.9010724262625256,-0.5086319973644007,0.39244042889812486,-0.830906736985781,-0.800906736985781,-0.04561864968663856,0.7552880872991424,,,validation
saturn_ingress_1d,1,1,-0.7976180492017673,-0.7876180492017673,-0.2849853586397469,-0.9332029646950353,-0.9232029646950353,-0.5307625357969104,0.39244042889812486,-0.5794749119376262,-0.5694749119376262,0.18581317536151623,0.7552880872991424,,,validation
asp_moon_saturn_square,1,1,-0.7093339396910758,-0.6993339396910758,-0.19670124912905537,-0.9369081962906913,-0.9269081962906913,-0.5344677673925665,0.39244042889812486,-1.1616890430998206,-1.1516890430998206,-0.39640095580067813,0.7552880872991424,,,validation
asp_mercury_moon_square,1,1,-1.1293518338285022,-1.1193518338285022,-0.6167191432664817,-0.9514721847356264,-0.9414721847356264,-0.5490317558375016,0.39244042889812486,-1.0046298839166614,-0.9946298839166614,-0.23934179661751903,0.7552880872991424,,,validation
asp_mars_moon_trine,1,1,-0.9553870127804411,-0.9453870127804411,-0.44275432221842065,-0.960190904639957,-0.950190904639957,-0.5577504757418322,0.39244042889812486,-1.3747278247015882,-1.3647278247015882,-0.6094397374024457,0.7552880872991424,,,validation
asp_moon_venus_conj,1,1,-0.8400047014725449,-0.8300047014725449,-0.3273720109105245,-0.9676011290680553,-0.9576011290680553,-0.5651607001699304,0.39244042889812486,-0.7533728636627971,-0.7433728636627971,0.011915223636345368,0.7552880872991424,,,validation
moon_sign_scorpio,1,1,-0.9706572982898694,-0.9606572982898693,-0.45802460772784886,-0.9699485591058084,-0.9599485591058083,-0.5675081302076835,0.39244042889812486,-1.313733120205176,-1.303733120205176,-0.5484450329060336,0.7552880872991424,,,validation
~moon_ingress_1d,1,2,-1.7069234458144202,-1.6869234458144202,-1.1842907552523998,-0.9713677019943101,-0.9513677019943101,-0.5589272730961853,0.39244042889812486,-1.3963584009376437,-1.3763584009376437,-0.6210703136385013,0.7552880872991424,,,validation
asp_jupiter_moon_sextile,1,1,-1.026526520885293,-1.016526520885293,-0.5138938303232725,-0.9742809562352932,-0.9642809562352932,-0.5718405273371684,0.39244042889812486,-1.1352603114404731,-1.1252603114404731,-0.3699722241413307,0.7552880872991424,,,validation
asp_jupiter_moon_opp,1,1,-0.8962147036357744,-0.8862147036357744,-0.3835820130737539,-1.0362421086470144,-1.0262421086470144,-0.6338016797488896,0.39244042889812486,-0.6454803357119517,-0.6354803357119517,0.11980775158719069,0.7552880872991424,,,validation
asp_jupiter_venus_trine,1,1,-0.4765769573384846,-0.4665769573384846,0.036055733223535814,-1.072818735135935,-1.062818735135935,-0.6703783062378103,0.39244042889812486,-0.8548547939076077,-0.8448547939076076,-0.0895667066084652,0.7552880872991424,,,validation
moon_sign_aries,1,1,-0.8271485777081868,-0.8171485777081868,-0.31451588714616646,-1.0853064740926,-1.0753064740926,-0.6828660451944751,0.39244042889812486,-0.7047915849123574,-0.6947915849123574,0.060496502386785084,0.7552880872991424,,,validation
asp_mars_moon_sextile,1,1,-1.1172325261244633,-1.1072325261244633,-0.6045998355624429,-1.1095490010896534,-1.0995490010896534,-0.7071085721915286,0.39244042889812486,-1.0805171601073458,-1.0705171601073458,-0.31522907280820345,0.7552880872991424,,,validation
asp_moon_sun_square,1,1,-0.7852076803227901,-0.7752076803227901,-0.2725749897607696,-1.1316997226401262,-1.1216997226401262,-0.7292592937420014,0.39244042889812486,-0.9149748566783118,-0.9049748566783118,-0.14968676937916942,0.7552880872991424,,,validation
asp_mercury_moon_trine,1,1,-0.8776103751486931,-0.8676103751486931,-0.3649776845866727,-1.2116781698051977,-1.2016781698051977,-0.8092377409070728,0.39244042889812486,-0.6945460521146208,-0.6845460521146208,0.07074203518452159,0.7552880872991424,,,validation
asp_moon_sun_trine,1,1,-0.8621669854475611,-0.8521669854475611,-0.3495342948855407,-1.2134862726705913,-1.2034862726705913,-0.8110458437724665,0.39244042889812486,-1.4203078761101848,-1.4103078761101848,-0.6550197888110425,0.7552880872991424,,,validation
