rule,length,complexity,train_fitness,train_excess_sharpe,train_sharpe,val_fitness,val_excess_sharpe,val_sharpe,val_sharpe_bh,val_fitness_raw,n_episodes_val,max_episode_val,n_episodes_train_val,val_half1_excess_sharpe,val_half2_excess_sharpe,stable,holdout_fitness,holdout_excess_sharpe,holdout_sharpe,holdout_sharpe_bh,null_pvalue,null_n,selected_on,drop_reason
~asp_mercury_uranus_square_orb5 & asp_pluto_uranus_sextile_orb3 & ~mars_ingress_3d,3,7,-0.6623843443126837,-0.5573843443126837,-0.054751653750663244,0.5639316170478494,0.6689316170478494,1.0613720459459743,0.39244042889812486,0.5639316170478494,30,50,39,0.8746394508931497,-0.2044341522827901,False,-0.8602880872991424,-0.7552880872991424,0.0,0.7552880872991424,0.0005998800239952009,5000.0,validation,
~asp_moon_saturn_trine_orb1 & asp_pluto_uranus_sextile_orb3 & ~mars_ingress_3d,3,7,-0.5874117589864563,-0.4824117589864562,0.020220931575564184,0.5563832675675302,0.6613832675675302,1.053823696465655,0.39244042889812486,0.5563832675675302,33,76,44,0.8638944076342892,-0.2044341522827901,False,-0.8602880872991424,-0.7552880872991424,0.0,0.7552880872991424,0.0005998800239952009,5000.0,validation,
~asp_moon_saturn_trine_orb1 & asp_pluto_uranus_sextile_orb3 & ~sun_sign_cancer,3,7,-0.6251484986557341,-0.5201484986557341,-0.01751580809371371,0.549955434749648,0.654955434749648,1.047395863647773,0.39244042889812486,0.549955434749648,14,128,21,0.854745221252196,-0.2044341522827901,False,-0.8602880872991424,-0.7552880872991424,0.0,0.7552880872991424,0.0009998000399920016,5000.0,validation,
~asp_mercury_uranus_square_orb5 & asp_pluto_uranus_sextile_orb3 & ~sun_sign_cancer,3,7,-0.679073349441788,-0.574073349441788,-0.07144065887976753,0.547951939830843,0.652951939830843,1.045392368728968,0.39244042889812486,0.547951939830843,12,106,18,0.8518936568779791,-0.2044341522827901,False,-0.8602880872991424,-0.7552880872991424,0.0,0.7552880872991424,0.0001999600079984003,5000.0,validation,
~asp_moon_saturn_trine_orb1 & asp_pluto_uranus_sextile_orb3 & ~mercury_sign_cancer,3,7,-0.5882087779388282,-0.48320877793882816,0.019423912623192287,0.5470426299512774,0.6520426299512774,1.0444830588494023,0.39244042889812486,0.5470426299512774,14,133,20,0.8505994642138652,-0.2044341522827901,False,-0.8602880872991424,-0.7552880872991424,0.0,0.7552880872991424,0.0007998400319936012,5000.0,validation,
~asp_mercury_uranus_square_orb5 & asp_pluto_uranus_sextile_orb3 & ~mars_ingress_5d,3,7,-0.659162190480928,-0.554162190480928,-0.051529499918907505,0.5449045724035706,0.6499045724035706,1.0423450013016955,0.39244042889812486,0.5449045724035706,30,50,39,0.8475564908439286,-0.2044341522827901,False,-0.8602880872991424,-0.7552880872991424,0.0,0.7552880872991424,0.001999600079984003,5000.0,validation,
~asp_mercury_uranus_square_orb5 & asp_pluto_uranus_sextile_orb3 & ~mercury_sign_cancer,3,7,-0.662142298585541,-0.557142298585541,-0.054509608023520596,0.5447929172956805,0.6497929172956804,1.0422333461938054,0.39244042889812486,0.5447929172956805,12,106,18,0.8473975808309999,-0.2044341522827901,False,-0.8602880872991424,-0.7552880872991424,0.0,0.7552880872991424,0.0011997600479904018,5000.0,validation,
~asp_moon_saturn_trine_orb1 & asp_pluto_uranus_sextile_orb3 & ~venus_sign_aries,3,7,-0.41662649237240934,-0.31162649237240936,0.19100619818961104,0.5426980548637166,0.6476980548637166,1.0401384837618415,0.39244042889812486,0.5426980548637166,14,150,18,0.8444161673734387,-0.2044341522827901,False,-0.8602880872991424,-0.7552880872991424,0.0,0.7552880872991424,0.0013997200559888023,5000.0,validation,
~asp_jupiter_sun_sextile_orb5 & ~asp_moon_saturn_trine_orb1 & asp_pluto_uranus_sextile_orb3,3,7,-0.5641213091606493,-0.45912130916064925,0.04351138140137115,0.5411083501195386,0.6461083501195386,1.0385487790176635,0.39244042889812486,0.5411083501195386,17,164,23,0.8421537474580927,-0.2044341522827901,False,-0.8602880872991424,-0.7552880872991424,0.0,0.7552880872991424,0.003199360127974405,5000.0,validation,
~asp_moon_saturn_trine_orb1 & asp_pluto_uranus_sextile_orb3 & ~mars_ingress_5d,3,7,-0.5809017260152717,-0.47590172601527164,0.026730964546748757,0.5393848547318494,0.6443848547318494,1.0368252836299743,0.39244042889812486,0.5393848547318494,32,74,43,0.8397009711928565,-0.2044341522827901,False,-0.8602880872991424,-0.7552880872991424,0.0,0.7552880872991424,0.0007998400319936012,5000.0,validation,
~asp_moon_saturn_trine_orb1 & asp_pluto_uranus_sextile_orb3,2,4,-0.5325787139577642,-0.4925787139577642,0.010053976604256222,0.5353898163302782,0.5753898163302782,0.9678302452284031,0.39244042889812486,0.5353898163302782,12,184,18,0.7415534296053445,-0.2044341522827901,False,-0.7952880872991425,-0.7552880872991424,0.0,0.7552880872991424,,,validation,
~asp_mercury_uranus_square_orb5 & asp_pluto_uranus_sextile_orb3,2,4,-0.5842018033373484,-0.5442018033373484,-0.04156911277532797,0.5312697667747979,0.5712697667747979,0.9637101956729228,0.39244042889812486,0.5312697667747979,10,136,14,0.7356950677039111,-0.2044341522827901,False,-0.7952880872991425,-0.7552880872991424,0.0,0.7552880872991424,,,validation,
~asp_mercury_uranus_square_orb5 & asp_pluto_uranus_sextile_orb3 & ~asp_uranus_venus_sextile_orb5,3,7,-0.6499933019757557,-0.5449933019757557,-0.042360611413735226,0.5308045483273311,0.6358045483273311,1.028244977225456,0.39244042889812486,0.5308045483273311,15,136,19,0.8274907670375755,-0.2044341522827901,False,-0.8602880872991424,-0.7552880872991424,0.0,0.7552880872991424,,,validation,
~asp_mercury_uranus_square_orb1 & ~asp_moon_saturn_trine_orb1 & asp_pluto_uranus_sextile_orb3,3,7,-0.6096462263602145,-0.5046462263602145,-0.002013535798194032,0.5293987181907267,0.6343987181907267,1.0268391470888516,0.39244042889812486,0.5293987181907267,16,150,23,0.8254903237128917,-0.2044341522827901,False,-0.8602880872991424,-0.7552880872991424,0.0,0.7552880872991424,,,validation,
~asp_mercury_uranus_square_orb3 & ~asp_moon_saturn_trine_orb1 & asp_pluto_uranus_sextile_orb3,3,7,-0.6601252629723733,-0.5551252629723733,-0.05249257241035282,0.5270571016423127,0.6320571016423127,1.0244975305404376,0.39244042889812486,0.5270571016423127,17,132,25,0.8221583682131735,-0.2044341522827901,False,-0.8602880872991424,-0.7552880872991424,0.0,0.7552880872991424,,,validation,
~asp_moon_saturn_trine_orb1 & asp_pluto_uranus_sextile_orb3 & ~asp_uranus_venus_sextile_orb5,3,7,-0.5983719224137312,-0.4933719224137312,0.00926076814828922,0.5199897650723968,0.6249897650723968,1.0174301939705217,0.39244042889812486,0.5199897650723968,19,126,25,0.8121026244690583,-0.2044341522827901,False,-0.8602880872991424,-0.7552880872991424,0.0,0.7552880872991424,,,validation,
~asp_jupiter_moon_square_orb1 & ~asp_moon_saturn_trine_orb1 & asp_pluto_uranus_sextile_orb3,3,7,-0.6021893186304288,-0.4971893186304288,0.0054433719315915875,0.5160890293558142,0.6210890293558142,1.0135294582539391,0.39244042889812486,0.5160890293558142,23,151,29,0.8065528421969472,-0.2044341522827901,False,-0.8602880872991424,-0.7552880872991424,0.0,0.7552880872991424,,,validation,
~asp_mars_neptune_square_orb5 & ~asp_moon_saturn_trine_orb1 & asp_pluto_uranus_sextile_orb3,3,7,-0.6641605295761506,-0.5591605295761506,-0.05652783901413014,0.5149536051748183,0.6199536051748182,1.0123940340729431,0.39244042889812486,0.5149536051748183,13,150,20,0.8049374637176405,-0.2044341522827901,False,-0.8602880872991424,-0.7552880872991424,0.0,0.7552880872991424,,,validation,
~asp_mercury_uranus_square_orb5 & asp_pluto_uranus_sextile_orb3 & ~asp_saturn_sun_sextile_orb3,3,7,-0.6474221297832505,-0.5424221297832506,-0.039789439221230134,0.514692027613366,0.619692027613366,1.0121324565114909,0.39244042889812486,0.514692027613366,15,115,21,0.8045653180501617,-0.2044341522827901,False,-0.8602880872991424,-0.7552880872991424,0.0,0.7552880872991424,,,validation,
~asp_jupiter_moon_square_orb1 & ~asp_mercury_uranus_square_orb5 & asp_pluto_uranus_sextile_orb3,3,7,-0.6537454165545227,-0.5487454165545227,-0.04611272599250223,0.5145164351966913,0.6195164351966913,1.0119568640948162,0.39244042889812486,0.5145164351966913,19,98,23,0.8043155038692933,-0.2044341522827901,False,-0.8602880872991424,-0.7552880872991424,0.0,0.7552880872991424,,,validation,
~asp_moon_saturn_trine_orb1 & asp_pluto_uranus_sextile_orb3 & ~asp_pluto_venus_opp_orb3,3,7,-0.5977917011808612,-0.4927917011808612,0.009840989381159253,0.5141695127569366,0.6191695127569365,1.0116099416550615,0.39244042889812486,0.5141695127569366,14,150,22,0.8038219411471019,-0.2044341522827901,False,-0.8602880872991424,-0.7552880872991424,0.0,0.7552880872991424,,,validation,
~asp_mercury_uranus_square_orb5 & asp_pluto_uranus_sextile_orb3 & ~asp_pluto_venus_sextile_orb1,3,7,-0.642874047416728,-0.5378740474167281,-0.0352413568547076,0.5125607914281787,0.6175607914281787,1.0100012203263036,0.39244042889812486,0.5125607914281787,15,136,20,0.8015332581431924,-0.2044341522827901,False,-0.8602880872991424,-0.7552880872991424,0.0,0.7552880872991424,,,validation,
~asp_jupiter_sun_sextile_orb5 & ~asp_mercury_uranus_square_orb5 & asp_pluto_uranus_sextile_orb3,3,7,-0.6169107470091866,-0.5119107470091866,-0.00927805644716616,0.5102661363312577,0.6152661363312577,1.0077065652293826,0.39244042889812486,0.5102661363312577,14,136,18,0.7982687932038619,-0.2044341522827901,False,-0.8602880872991424,-0.7552880872991424,0.0,0.7552880872991424,,,validation,
~asp_mars_neptune_trine_orb1 & ~asp_moon_saturn_trine_orb1 & asp_pluto_uranus_sextile_orb3,3,7,-0.5706318429937856,-0.46563184299378557,0.03700084756823485,0.5100411338806989,0.6150411338806989,1.0074815627788238,0.39244042889812486,0.5100411338806989,16,129,23,0.7979487008921682,-0.2044341522827901,False,-0.8602880872991424,-0.7552880872991424,0.0,0.7552880872991424,,,validation,
~asp_mercury_uranus_square_orb5 & asp_pluto_uranus_sextile_orb3 & ~venus_sign_aries,3,7,-0.44474832134246456,-0.3397483213424646,0.16288436921955585,0.5098528984166575,0.6148528984166575,1.0072933273147824,0.39244042889812486,0.5098528984166575,12,136,16,0.7976809145870973,-0.2044341522827901,False,-0.8602880872991424,-0.7552880872991424,0.0,0.7552880872991424,,,validation,
~asp_moon_saturn_trine_orb1 & asp_pluto_uranus_sextile_orb3 & ~asp_saturn_sun_sextile_orb3,3,7,-0.595496810159634,-0.490496810159634,0.012135880402386444,0.5092044398139921,0.6142044398139921,1.006644868712117,0.39244042889812486,0.5092044398139921,16,147,24,0.7967584132968435,-0.2044341522827901,False,-0.8602880872991424,-0.7552880872991424,0.0,0.7552880872991424,,,validation,
~asp_neptune_sun_square_orb5 & asp_pluto_uranus_sextile_orb3 & ~mars_ingress_3d,3,7,-0.6254426988229101,-0.5204426988229102,-0.01781000826088976,0.5089910963899991,0.613991096389999,1.006431525288124,0.39244042889812486,0.5089910963899991,30,47,38,0.7964549111730779,-0.2044341522827901,False,-0.8602880872991424,-0.7552880872991424,0.0,0.7552880872991424,,,validation,
~asp_mars_neptune_square_orb5 & ~asp_mercury_uranus_square_orb5 & asp_pluto_uranus_sextile_orb3,3,7,-0.7168031933754337,-0.6118031933754338,-0.1091705028134134,0.5088292662373026,0.6138292662373026,1.0062696951354275,0.39244042889812486,0.5088292662373026,12,121,17,0.7962246922928944,-0.2044341522827901,False,-0.8602880872991424,-0.7552880872991424,0.0,0.7552880872991424,,,validation,
~asp_moon_saturn_trine_orb1 & asp_pluto_uranus_sextile_orb3 & ~asp_saturn_sun_square_orb5,3,7,-0.6857286615052981,-0.5807286615052981,-0.07809597094327769,0.5084637737537636,0.6134637737537636,1.0059042026518885,0.39244042889812486,0.5084637737537636,18,115,26,0.795704745904767,-0.2044341522827901,False,-0.8602880872991424,-0.7552880872991424,0.0,0.7552880872991424,,,validation,
~asp_mars_neptune_trine_orb1 & ~asp_mercury_uranus_square_orb5 & asp_pluto_uranus_sextile_orb3,3,7,-0.6241125445591192,-0.5191125445591193,-0.01647985399709886,0.5068996437964144,0.6118996437964144,1.0043400726945393,0.39244042889812486,0.5068996437964144,14,136,19,0.793479654211247,-0.2044341522827901,False,-0.8602880872991424,-0.7552880872991424,0.0,0.7552880872991424,,,validation,
~asp_moon_saturn_trine_orb1 & asp_pluto_uranus_sextile_orb3 & ~asp_pluto_venus_sextile_orb1,3,7,-0.591020248345425,-0.486020248345425,0.0166124422165954,0.5068627338522889,0.6118627338522888,1.0043031627504138,0.39244042889812486,0.5068627338522889,18,134,25,0.7934271475637975,-0.2044341522827901,False,-0.8602880872991424,-0.7552880872991424,0.0,0.7552880872991424,,,validation,
asp_pluto_uranus_sextile_orb3 & saturn_retro & ~venus_sign_sagittarius,3,6,-0.3468210759544085,-0.25682107595440845,0.24581161460761197,0.5066500501592183,0.5966500501592182,0.989090479057343,0.39244042889812486,0.5066500501592183,6,96,8,0.7717881479721116,-0.2044341522827901,False,-0.8452880872991424,-0.7552880872991424,0.0,0.7552880872991424,,,validation,
~asp_neptune_sun_square_orb5 & asp_pluto_uranus_sextile_orb3 & ~sun_sign_cancer,3,7,-0.6035184710576571,-0.4985184710576571,0.004114219504363298,0.5065975011345236,0.6115975011345236,1.0040379300326485,0.39244042889812486,0.5065975011345236,12,118,17,0.7930498385248994,-0.2044341522827901,False,-0.8602880872991424,-0.7552880872991424,0.0,0.7552880872991424,,,validation,
~asp_moon_saturn_trine_orb1 & asp_pluto_uranus_sextile_orb3 & ~asp_saturn_venus_sextile_orb5,3,7,-0.6107668444793872,-0.5057668444793872,-0.0031341539173668307,0.5061054978151349,0.6111054978151349,1.0035459267132598,0.39244042889812486,0.5061054978151349,19,139,26,0.7923499382354755,-0.2044341522827901,False,-0.8602880872991424,-0.7552880872991424,0.0,0.7552880872991424,,,validation,
~asp_mercury_uranus_square_orb5 & asp_pluto_uranus_sextile_orb3 & ~asp_saturn_sun_square_orb5,3,7,-0.7385871602746363,-0.6335871602746364,-0.13095446971261598,0.5058800530923517,0.6108800530923517,1.0033204819904766,0.39244042889812486,0.5058800530923517,16,91,22,0.7920292327822329,-0.2044341522827901,False,-0.8602880872991424,-0.7552880872991424,0.0,0.7552880872991424,,,validation,
~asp_mars_neptune_square_orb3 & ~asp_moon_saturn_trine_orb1 & asp_pluto_uranus_sextile_orb3,3,7,-0.685537174618257,-0.580537174618257,-0.07790448405623666,0.5046421936246264,0.6096421936246263,1.0020826225227513,0.39244042889812486,0.5046421936246264,13,150,20,0.790268336391313,-0.2044341522827901,False,-0.8602880872991424,-0.7552880872991424,0.0,0.7552880872991424,,,validation,
~asp_neptune_sun_square_orb5 & asp_pluto_uranus_sextile_orb3 & ~mercury_sign_cancer,3,7,-0.5810684975425467,-0.4760684975425467,0.026564193019473718,0.5039166209655372,0.6089166209655372,1.0013570498636621,0.39244042889812486,0.5039166209655372,12,118,17,0.789236197218425,-0.2044341522827901,False,-0.8602880872991424,-0.7552880872991424,0.0,0.7552880872991424,,,validation,
~asp_jupiter_venus_sextile_orb5 & ~asp_moon_saturn_trine_orb1 & asp_pluto_uranus_sextile_orb3,3,7,-0.6170108351857743,-0.5120108351857743,-0.009378144623753878,0.5027990340780313,0.6077990340780313,1.0002394629761562,0.39244042889812486,0.5027990340780313,18,127,24,0.7876464288244587,-0.2044341522827901,False,-0.8602880872991424,-0.7552880872991424,0.0,0.7552880872991424,,,validation,
~asp_jupiter_sun_sextile_orb5 & asp_pluto_uranus_sextile_orb3 & ~venus_sign_sagittarius,3,7,-0.5658660440564485,-0.4608660440564485,0.041766646505571915,0.5020825676757448,0.6070825676757448,0.9995229965738696,0.39244042889812486,0.5020825676757448,12,165,14,0.7866272658740701,-0.2044341522827901,False,-0.8602880872991424,-0.7552880872991424,0.0,0.7552880872991424,,,validation,
~asp_mercury_uranus_square_orb5 & asp_pluto_uranus_sextile_orb3 & ~asp_saturn_venus_sextile_orb5,3,7,-0.6705327654153326,-0.5655327654153326,-0.06290007485331219,0.5019869730841366,0.6069869730841366,0.9994274019822615,0.39244042889812486,0.5019869730841366,16,98,22,0.7864912846292953,-0.2044341522827901,False,-0.8602880872991424,-0.7552880872991424,0.0,0.7552880872991424,,,validation,
~asp_jupiter_sun_sextile_orb5 & asp_pluto_uranus_sextile_orb3 & ~mars_ingress_3d,3,7,-0.5851677669175496,-0.4801677669175496,0.02246492364447085,0.5008477247977734,0.6058477247977734,0.9982881536958983,0.39244042889812486,0.5008477247977734,27,74,35,0.7848707404642745,-0.2044341522827901,False,-0.8602880872991424,-0.7552880872991424,0.0,0.7552880872991424,,,validation,
~asp_neptune_sun_square_orb5 & asp_pluto_uranus_sextile_orb3 & ~mars_ingress_5d,3,7,-0.6177858939576961,-0.5127858939576961,-0.01015320339567575,0.4998027311528348,0.6048027311528348,0.9972431600509597,0.39244042889812486,0.4998027311528348,29,47,37,0.783384289880446,-0.2044341522827901,False,-0.8602880872991424,-0.7552880872991424,0.0,0.7552880872991424,,,validation,
~asp_mars_neptune_square_orb3 & ~asp_mercury_uranus_square_orb5 & asp_pluto_uranus_sextile_orb3,3,7,-0.7370707153046185,-0.6320707153046186,-0.12943802474259808,0.49925650840672575,0.6042565084067257,0.9966969373048505,0.39244042889812486,0.49925650840672575,12,121,17,0.7826073230337587,-0.2044341522827901,False,-0.8602880872991424,-0.7552880872991424,0.0,0.7552880872991424,,,validation,
~asp_neptune_sun_square_orb5 & asp_pluto_uranus_sextile_orb3 & ~venus_sign_aries,3,7,-0.3936843621806421,-0.28868436218064214,0.21394832838137828,0.499086918733199,0.604086918733199,0.9965273476313239,0.39244042889812486,0.499086918733199,12,121,16,0.7823660936217574,-0.2044341522827901,False,-0.8602880872991424,-0.7552880872991424,0.0,0.7552880872991424,,,validation,
~asp_moon_saturn_trine_orb1 & asp_pluto_uranus_sextile_orb3 & ~asp_saturn_sun_conj_orb3,3,7,-0.5975787139577642,-0.4925787139577642,0.010053976604256222,0.4977512267584514,0.6027512267584514,0.9951916556565762,0.39244042889812486,0.4977512267584514,15,160,21,0.7804661825303427,-0.2044341522827901,False,-0.8602880872991424,-0.7552880872991424,0.0,0.7552880872991424,,,validation,
~asp_jupiter_sun_square_orb3 & ~asp_moon_saturn_trine_orb1 & asp_pluto_uranus_sextile_orb3,3,7,-0.6598441432600534,-0.5548441432600534,-0.05221145269803295,0.49718584355736817,0.6021858435573682,0.9946262724554931,0.39244042889812486,0.49718584355736817,18,119,26,0.7796619809000123,-0.2044341522827901,False,-0.8602880872991424,-0.7552880872991424,0.0,0.7552880872991424,,,validation,
~asp_jupiter_sun_sextile_orb5 & ~asp_neptune_sun_square_orb5 & asp_pluto_uranus_sextile_orb3,3,7,-0.5486717596118047,-0.44367175961180466,0.05896093095021578,0.49692452957879096,0.601924529578791,0.9943649584769158,0.39244042889812486,0.49692452957879096,15,121,18,0.7792902894627405,-0.2044341522827901,False,-0.8602880872991424,-0.7552880872991424,0.0,0.7552880872991424,,,validation,
asp_pluto_uranus_sextile_orb3 & ~mars_ingress_3d & ~sun_sign_cancer,3,7,-0.6413229780895966,-0.5363229780895966,-0.033690287527576135,0.4966487136800697,0.6016487136800697,0.9940891425781945,0.39244042889812486,0.4966487136800697,25,76,33,0.7788979718336477,-0.2044341522827901,False,-0.8602880872991424,-0.7552880872991424,0.0,0.7552880872991424,,,validation,
~asp_jupiter_sun_square_orb1 & ~asp_moon_saturn_trine_orb1 & asp_pluto_uranus_sextile_orb3,3,7,-0.6374256469275144,-0.5324256469275144,-0.029792956365494002,0.4966195110756362,0.6016195110756362,0.9940599399737611,0.39244042889812486,0.4966195110756362,16,144,24,0.7788564344319915,-0.2044341522827901,False,-0.8602880872991424,-0.7552880872991424,0.0,0.7552880872991424,,,validation,
~asp_mars_neptune_trine_orb3 & ~asp_moon_saturn_trine_orb1 & asp_pluto_uranus_sextile_orb3,3,7,-0.5606517461503462,-0.4556517461503462,0.04698094441167422,0.4963790089838016,0.6013790089838016,0.9938194378819265,0.39244042889812486,0.4963790089838016,17,124,24,0.7785143479580832,-0.2044341522827901,False,-0.8602880872991424,-0.7552880872991424,0.0,0.7552880872991424,,,validation,
~asp_mercury_uranus_square_orb5 & asp_pluto_uranus_sextile_orb3 & ~asp_saturn_sun_conj_orb3,3,7,-0.6492018033373483,-0.5442018033373484,-0.04156911277532797,0.49433479411307046,0.5993347941130704,0.9917752230111953,0.39244042889812486,0.49433479411307046,13,136,17,0.7756067276270926,-0.2044341522827901,False,-0.8602880872991424,-0.7552880872991424,0.0,0.7552880872991424,,,validation,
~asp_mercury_uranus_square_orb5 & asp_pluto_uranus_sextile_orb3 & ~asp_saturn_sun_conj_orb5,3,7,-0.6492018033373483,-0.5442018033373484,-0.04156911277532797,0.4941507326556227,0.5991507326556227,0.9915911615537476,0.39244042889812486,0.4941507326556227,12,136,16,0.7753449284544187,-0.2044341522827901,False,-0.8602880872991424,-0.7552880872991424,0.0,0.7552880872991424,,,validation,
~asp_mars_neptune_trine_orb3 & ~asp_mercury_uranus_square_orb5 & asp_pluto_uranus_sextile_orb3,3,7,-0.6151452404370196,-0.5101452404370196,-0.007512549874999168,0.49332447126161894,0.5983244712616189,0.9907649001597438,0.39244042889812486,0.49332447126161894,15,94,20,0.774169705475569,-0.2044341522827901,False,-0.8602880872991424,-0.7552880872991424,0.0,0.7552880872991424,,,validation,
~asp_jupiter_sun_square_orb1 & ~asp_mercury_uranus_square_orb5 & asp_pluto_uranus_sextile_orb3,3,7,-0.6889815658463438,-0.5839815658463439,-0.08134887528432344,0.49313291960360806,0.598132919603608,0.990573348501733,0.39244042889812486,0.49313291960360806,14,118,20,0.7738972559159234,-0.2044341522827901,False,-0.8602880872991424,-0.7552880872991424,0.0,0.7552880872991424,,,validation,
~asp_jupiter_sun_square_orb3 & ~asp_mercury_uranus_square_orb5 & asp_pluto_uranus_sextile_orb3,3,7,-0.7115574358521306,-0.6065574358521306,-0.10392474529011023,0.4927360260399809,0.5977360260399809,0.9901764549381058,0.39244042889812486,0.4927360260399809,15,117,21,0.773332744488374,-0.2044341522827901,False,-0.8602880872991424,-0.7552880872991424,0.0,0.7552880872991424,,,validation,
~asp_mercury_uranus_square_orb5 & asp_pluto_uranus_sextile_orb3 & ~asp_pluto_venus_opp_orb3,3,7,-0.6219794234715604,-0.5169794234715605,-0.014346732909540008,0.49265542753843206,0.597655427538432,0.9900958564365568,0.39244042889812486,0.49265542753843206,11,136,16,0.7732181075913755,-0.2044341522827901,False,-0.8602880872991424,-0.7552880872991424,0.0,0.7552880872991424,,,validation,
~asp_moon_saturn_trine_orb1 & ~asp_neptune_sun_opp_orb1 & asp_pluto_uranus_sextile_orb3,3,7,-0.6121853996969914,-0.5071853996969914,-0.004552709134970971,0.4922284815832967,0.5972284815832967,0.9896689104814215,0.39244042889812486,0.4922284815832967,14,129,22,0.7726108554520745,-0.2044341522827901,False,-0.8602880872991424,-0.7552880872991424,0.0,0.7552880872991424,,,validation,
~asp_mars_neptune_square_orb1 & ~asp_moon_saturn_trine_orb1 & asp_pluto_uranus_sextile_orb3,3,7,-0.5975787139577642,-0.4925787139577642,0.010053976604256222,0.4921914209445737,0.5971914209445737,0.9896318498426986,0.39244042889812486,0.4921914209445737,15,150,21,0.7725581436507389,-0.2044341522827901,False,-0.8602880872991424,-0.7552880872991424,0.0,0.7552880872991424,,,validation,
asp_pluto_uranus_sextile_orb3 & ~mars_ingress_3d & ~mercury_sign_cancer,3,7,-0.602443312682053,-0.497443312682053,0.005189377879967412,0.4918575445930611,0.5968575445930611,0.989297973491186,0.39244042889812486,0.4918575445930611,26,76,34,0.7720832682598628,-0.2044341522827901,False,-0.8602880872991424,-0.7552880872991424,0.0,0.7552880872991424,,,validation,
~asp_neptune_sun_square_orb5 & asp_pluto_uranus_sextile_orb3,2,4,-0.516843318115534,-0.476843318115534,0.02578937244648645,0.491809327448636,0.531809327448636,0.9242497563467609,0.39244042889812486,0.491809327448636,10,121,13,0.6795995685084952,-0.2044341522827901,False,-0.7952880872991425,-0.7552880872991424,0.0,0.7552880872991424,,,validation,
~asp_jupiter_venus_square_orb1 & ~asp_moon_saturn_trine_orb1 & asp_pluto_uranus_sextile_orb3,3,7,-0.5975787139577642,-0.4925787139577642,0.010053976604256222,0.4900822481206146,0.5950822481206146,0.9875226770187394,0.39244042889812486,0.4900822481206146,17,150,23,0.7695582793133686,-0.2044341522827901,False,-0.8602880872991424,-0.7552880872991424,0.0,0.7552880872991424,,,validation,
asp_pluto_uranus_sextile_orb3 & ~sun_sign_cancer & ~venus_sign_sagittarius,3,7,-0.6218770560131068,-0.5168770560131069,-0.014244365451086377,0.48996702357009325,0.5949670235700932,0.9874074524682181,0.39244042889812486,0.48996702357009325,9,138,13,0.7693943982531803,-0.2044341522827901,False,-0.8602880872991424,-0.7552880872991424,0.0,0.7552880872991424,,,validation,
asp_pluto_uranus_sextile_orb3 & ~asp_saturn_sun_square_orb5 & ~venus_sign_sagittarius,3,7,-0.684344940085656,-0.5793449400856561,-0.0767122495236356,0.4894780961642462,0.5944780961642462,0.986918525062371,0.39244042889812486,0.4894780961642462,12,130,16,0.7686990112405789,-0.2044341522827901,False,-0.8602880872991424,-0.7552880872991424,0.0,0.7552880872991424,,,validation,
~asp_moon_saturn_trine_orb1 & asp_pluto_uranus_sextile_orb3 & ~asp_saturn_sun_conj_orb5,3,7,-0.5975787139577642,-0.4925787139577642,0.010053976604256222,0.4893308770105931,0.5943308770105931,0.986771305908718,0.39244042889812486,0.4893308770105931,15,158,21,0.7684896265711503,-0.2044341522827901,False,-0.8602880872991424,-0.7552880872991424,0.0,0.7552880872991424,,,validation,
~asp_mars_neptune_square_orb1 & ~asp_mercury_uranus_square_orb5 & asp_pluto_uranus_sextile_orb3,3,7,-0.6492018033373483,-0.5442018033373484,-0.04156911277532797,0.48857180015723745,0.5935718001572374,0.9860122290553623,0.39244042889812486,0.48857180015723745,13,124,17,0.7674100237975587,-0.2044341522827901,False,-0.8602880872991424,-0.7552880872991424,0.0,0.7552880872991424,,,validation,
~asp_mercury_uranus_square_orb5 & ~asp_neptune_sun_opp_orb1 & asp_pluto_uranus_sextile_orb3,3,7,-0.6636691076826602,-0.5586691076826602,-0.05603641712063981,0.4885591023211133,0.5935591023211133,0.9859995312192381,0.39244042889812486,0.4885591023211133,12,106,18,0.767391964286628,-0.2044341522827901,False,-0.8602880872991424,-0.7552880872991424,0.0,0.7552880872991424,,,validation,
~asp_moon_saturn_trine_orb1 & ~asp_pluto_sun_square_orb5 & asp_pluto_uranus_sextile_orb3,3,7,-0.6440366990056237,-0.5390366990056237,-0.03640400844360323,0.4880492944427268,0.5930492944427268,0.9854897233408516,0.39244042889812486,0.4880492944427268,18,119,25,0.7666668917218007,-0.2044341522827901,False,-0.8602880872991424,-0.7552880872991424,0.0,0.7552880872991424,,,validation,
~asp_moon_saturn_trine_orb1 & ~asp_neptune_sun_opp_orb5 & asp_pluto_uranus_sextile_orb3,3,7,-0.6406530353223765,-0.5356530353223765,-0.03302034476035604,0.48737917161295363,0.5923791716129536,0.9848196005110784,0.39244042889812486,0.48737917161295363,14,127,21,0.7657138183724939,-0.2044341522827901,False,-0.8602880872991424,-0.7552880872991424,0.0,0.7552880872991424,,,validation,
~asp_jupiter_moon_square_orb1 & ~asp_neptune_sun_square_orb5 & asp_pluto_uranus_sextile_orb3,3,7,-0.581843318115534,-0.476843318115534,0.02578937244648645,0.48692151836142394,0.5919215183614239,0.9843619472595487,0.39244042889812486,0.48692151836142394,20,97,23,0.7650629313974819,-0.2044341522827901,False,-0.8602880872991424,-0.7552880872991424,0.0,0.7552880872991424,,,validation,
asp_pluto_uranus_sextile_orb3 & ~sun_sign_cancer & ~venus_sign_aries,3,7,-0.4163512424417564,-0.31135124244175644,0.19128144812026399,0.4865686217788854,0.5915686217788854,0.9840090506770103,0.39244042889812486,0.4865686217788854,8,169,13,0.7645610346166527,-0.2044341522827901,False,-0.8602880872991424,-0.7552880872991424,0.0,0.7552880872991424,,,validation,
~asp_jupiter_venus_square_orb1 & ~asp_mercury_uranus_square_orb5 & asp_pluto_uranus_sextile_orb3,3,7,-0.6492018033373483,-0.5442018033373484,-0.04156911277532797,0.48651761724083076,0.5915176172408307,0.9839580461389555,0.39244042889812486,0.48651761724083076,15,136,19,0.7644884950855042,-0.2044341522827901,False,-0.8602880872991424,-0.7552880872991424,0.0,0.7552880872991424,,,validation,
asp_pluto_uranus_sextile_orb3 & ~mercury_sign_cancer & ~venus_sign_sagittarius,3,7,-0.6010551442624229,-0.4960551442624229,0.006577546299597488,0.486351236730755,0.591351236730755,0.9837916656288798,0.39244042889812486,0.486351236730755,9,145,13,0.7642518661653308,-0.2044341522827901,False,-0.8602880872991424,-0.7552880872991424,0.0,0.7552880872991424,,,validation,
~asp_mercury_uranus_square_orb5 & asp_pluto_uranus_sextile_orb3 & ~asp_saturn_sun_sextile_orb5,3,7,-0.5457613113732279,-0.44076131137322794,0.0618713791887925,0.4859940350788794,0.5909940350788794,0.9834344639770043,0.39244042889812486,0.4859940350788794,15,113,20,0.7637438500465981,-0.2044341522827901,False,-0.8602880872991424,-0.7552880872991424,0.0,0.7552880872991424,,,validation,
~asp_moon_saturn_trine_orb1 & asp_pluto_uranus_sextile_orb3 & ~asp_sun_uranus_sextile_orb1,3,7,-0.6226946253077728,-0.5176946253077728,-0.015061934745752362,0.48568890422385347,0.5906889042238535,0.9831293331219784,0.39244042889812486,0.48568890422385347,17,151,24,0.7633098912774416,-0.2044341522827901,False,-0.8602880872991424,-0.7552880872991424,0.0,0.7552880872991424,,,validation,
~asp_mercury_uranus_square_orb5 & ~asp_pluto_sun_square_orb5 & asp_pluto_uranus_sextile_orb3,3,7,-0.6958597917314839,-0.590859791731484,-0.08822710116946351,0.4847403435888997,0.5897403435888997,0.9821807724870245,0.39244042889812486,0.4847403435888997,16,88,21,0.7619608530956579,-0.2044341522827901,False,-0.8602880872991424,-0.7552880872991424,0.0,0.7552880872991424,,,validation,
asp_pluto_uranus_sextile_orb3 & ~mercury_sign_cancer & ~venus_sign_aries,3,7,-0.4082908797233209,-0.3032908797233209,0.19934181083869948,0.4844044128344773,0.5894044128344773,0.9818448417326021,0.39244042889812486,0.4844044128344773,8,174,12,0.7614830976633096,-0.2044341522827901,False,-0.8602880872991424,-0.7552880872991424,0.0,0.7552880872991424,,,validation,
~asp_moon_saturn_trine_orb1 & asp_pluto_uranus_sextile_orb3 & ~asp_sun_uranus_trine_orb5,3,7,-0.646882158454411,-0.541882158454411,-0.039249467892390554,0.48435527415052104,0.589355274150521,0.9817957030486459,0.39244042889812486,0.48435527415052104,17,98,25,0.7614132135582228,-0.2044341522827901,False,-0.8602880872991424,-0.7552880872991424,0.0,0.7552880872991424,,,validation,
~asp_jupiter_sun_opp_orb5 & ~asp_moon_saturn_trine_orb1 & asp_pluto_uranus_sextile_orb3,3,7,-0.599868033798678,-0.49486803379867805,0.007764656763342361,0.48404863278879895,0.5890486327887989,0.9814890616869238,0.39244042889812486,0.48404863278879895,14,138,21,0.7609771149351723,-0.2044341522827901,False,-0.8602880872991424,-0.7552880872991424,0.0,0.7552880872991424,,,validation,
asp_pluto_uranus_sextile_orb3 & ~mars_ingress_3d,2,4,-0.5540564535944101,-0.5140564535944101,-0.011423763032389693,0.48395342750402787,0.5239534275040278,0.9163938564021527,0.39244042889812486,0.48395342750402787,25,76,33,0.6684348629847818,-0.2044341522827901,False,-0.7952880872991425,-0.7552880872991424,0.0,0.7552880872991424,,,validation,
~asp_jupiter_sun_opp_orb3 & ~asp_moon_saturn_trine_orb1 & asp_pluto_uranus_sextile_orb3,3,7,-0.6237089702430496,-0.5187089702430496,-0.016076279681029253,0.4838758498129858,0.5888758498129858,0.9813162787111107,0.39244042889812486,0.4838758498129858,14,139,21,0.7607313874654933,-0.2044341522827901,False,-0.8602880872991424,-0.7552880872991424,0.0,0.7552880872991424,,,validation,
~asp_mercury_uranus_square_orb5 & ~asp_neptune_sun_opp_orb5 & asp_pluto_uranus_sextile_orb3,3,7,-0.6983269721504878,-0.5933269721504878,-0.09069428158846739,0.48372771631074785,0.5887277163107478,0.9811681452088727,0.39244042889812486,0.48372771631074785,12,106,18,0.7605207162347536,-0.2044341522827901,False,-0.8602880872991424,-0.7552880872991424,0.0,0.7552880872991424,,,validation,
~asp_jupiter_sun_sextile_orb5 & asp_pluto_uranus_sextile_orb3 & ~sun_sign_cancer,3,7,-0.5857038916615598,-0.4807038916615598,0.021928798900460632,0.4836167544724368,0.5886167544724368,0.9810571833705617,0.39244042889812486,0.4836167544724368,11,95,15,0.7603629097212343,-0.2044341522827901,False,-0.8602880872991424,-0.7552880872991424,0.0,0.7552880872991424,,,validation,
asp_pluto_uranus_sextile_orb3 & ~sun_sign_cancer,2,4,-0.5568770560131069,-0.5168770560131069,-0.014244365451086377,0.4830248352617466,0.5230248352617466,0.9154652641598715,0.39244042889812486,0.4830248352617466,6,183,10,0.6671152230729935,-0.2044341522827901,False,-0.7952880872991425,-0.7552880872991424,0.0,0.7552880872991424,,,validation,
~asp_moon_saturn_trine_orb1 & asp_pluto_uranus_sextile_orb3 & ~jupiter_ingress_1d,3,7,-0.5975787139577642,-0.4925787139577642,0.010053976604256222,0.48301511004096875,0.5880151100409687,0.9804555389390935,0.39244042889812486,0.48301511004096875,14,184,20,0.7595072730905896,-0.2044341522827901,False,-0.8602880872991424,-0.7552880872991424,0.0,0.7552880872991424,,,validation,
~asp_jupiter_mercury_trine_orb3 & ~asp_moon_saturn_trine_orb1 & asp_pluto_uranus_sextile_orb3,3,7,-0.45758951287080396,-0.352589512870804,0.15004317769121647,0.4826470806152221,0.5876470806152221,0.980087509513347,0.39244042889812486,0.4826470806152221,19,114,29,0.7589838781219329,-0.2044341522827901,False,-0.8602880872991424,-0.7552880872991424,0.0,0.7552880872991424,,,validation,
asp_pluto_uranus_sextile_orb3 & ~venus_sign_aries & ~venus_sign_sagittarius,3,7,-0.42061917101061563,-0.31561917101061565,0.18701351955140477,0.48220480957680967,0.5872048095768096,0.9796452384749345,0.39244042889812486,0.48220480957680967,9,199,12,0.7583549030417147,-0.2044341522827901,False,-0.8602880872991424,-0.7552880872991424,0.0,0.7552880872991424,,,validation,
~asp_moon_saturn_trine_orb1 & ~asp_pluto_sun_opp_orb5 & asp_pluto_uranus_sextile_orb3,3,7,-0.7053337198392018,-0.6003337198392018,-0.09770102927718143,0.4821740057507138,0.5871740057507138,0.9796144346488387,0.39244042889812486,0.4821740057507138,14,150,22,0.7583110955489483,-0.2044341522827901,False,-0.8602880872991424,-0.7552880872991424,0.0,0.7552880872991424,,,validation,
~asp_mercury_uranus_square_orb5 & asp_pluto_uranus_sextile_orb3 & ~asp_sun_uranus_sextile_orb1,3,7,-0.67413844575495,-0.56913844575495,-0.06650575519292962,0.4820782220847124,0.5870782220847124,0.9795186509828372,0.39244042889812486,0.4820782220847124,15,136,20,0.7581748774332961,-0.2044341522827901,False,-0.8602880872991424,-0.7552880872991424,0.0,0.7552880872991424,,,validation,
asp_pluto_uranus_sextile_orb3 & ~mercury_sign_cancer,2,4,-0.536055144262423,-0.4960551442624229,0.006577546299597488,0.48176484834687044,0.5217648483468704,0.9142052772449953,0.39244042889812486,0.48176484834687044,6,188,10,0.6653246533838704,-0.2044341522827901,False,-0.7952880872991425,-0.7552880872991424,0.0,0.7552880872991424,,,validation,
~asp_mercury_uranus_square_orb5 & ~asp_moon_saturn_trine_orb1 & asp_pluto_uranus_sextile_orb3,3,7,-0.6446601303806758,-0.5396601303806758,-0.037027439818655375,0.4817367863794513,0.5867367863794513,0.9791772152775761,0.39244042889812486,0.4817367863794513,17,131,24,0.7576893081155649,-0.2044341522827901,False,-0.8602880872991424,-0.7552880872991424,0.0,0.7552880872991424,,,validation,
~asp_jupiter_sun_sextile_orb5 & asp_pluto_uranus_sextile_orb3 & ~mercury_sign_cancer,3,7,-0.5617859994703963,-0.4567859994703963,0.04584669109162415,0.4812819722295074,0.5862819722295074,0.9787224011276322,0.39244042889812486,0.4812819722295074,11,107,15,0.7570425018090698,-0.2044341522827901,False,-0.8602880872991424,-0.7552880872991424,0.0,0.7552880872991424,,,validation,
~asp_moon_saturn_trine_orb1 & asp_pluto_uranus_sextile_orb3 & ~asp_saturn_sun_sextile_orb5,3,7,-0.48685433690973756,-0.3818543369097376,0.12077835365228286,0.48083436770084,0.58583436770084,0.9782747965989649,0.39244042889812486,0.48083436770084,16,146,23,0.756405951904594,-0.2044341522827901,False,-0.8602880872991424,-0.7552880872991424,0.0,0.7552880872991424,,,validation,
~asp_mercury_uranus_square_orb5 & asp_pluto_uranus_sextile_orb3 & ~asp_sun_uranus_trine_orb5,3,7,-0.6997806137624266,-0.5947806137624266,-0.09214792320040623,0.4807348922850936,0.5857348922850936,0.9781753211832185,0.39244042889812486,0.4807348922850936,15,106,21,0.7562644858117193,-0.2044341522827901,False,-0.8602880872991424,-0.7552880872991424,0.0,0.7552880872991424,,,validation,
~asp_mercury_uranus_square_orb3 & asp_pluto_uranus_sextile_orb3 & ~mars_ingress_3d,3,7,-0.6732176342625364,-0.5682176342625365,-0.06558494370051605,0.4806707169967679,0.5856707169967679,0.9781111458948927,0.39244042889812486,0.4806707169967679,30,50,39,0.756173220864049,-0.2044341522827901,False,-0.8602880872991424,-0.7552880872991424,0.0,0.7552880872991424,,,validation,
~asp_jupiter_venus_square_orb3 & ~asp_moon_saturn_trine_orb1 & asp_pluto_uranus_sextile_orb3,3,7,-0.5737077105084146,-0.46870771050841464,0.03392498005360578,0.48035593012784683,0.5853559301278468,0.9777963590259716,0.39244042889812486,0.48035593012784683,18,98,25,0.7557255572192152,-0.2044341522827901,False,-0.8602880872991424,-0.7552880872991424,0.0,0.7552880872991424,,,validation,
~asp_jupiter_sun_opp_orb5 & ~asp_mercury_uranus_square_orb5 & asp_pluto_uranus_sextile_orb3,3,7,-0.6469292675973235,-0.5419292675973235,-0.03929657703530312,0.4803399431740163,0.5853399431740163,0.9777803720721412,0.39244042889812486,0.4803399431740163,12,106,16,0.7557028219500774,-0.2044341522827901,False,-0.8602880872991424,-0.7552880872991424,0.0,0.7552880872991424,,,validation,
~asp_jupiter_sun_opp_orb3 & ~asp_mercury_uranus_square_orb5 & asp_pluto_uranus_sextile_orb3,3,7,-0.6751220033620314,-0.5701220033620314,-0.06748931280001104,0.48016199625407285,0.5851619962540728,0.9776024251521978,0.39244042889812486,0.48016199625407285,12,106,17,0.755449761449918,-0.2044341522827901,False,-0.8602880872991424,-0.7552880872991424,0.0,0.7552880872991424,,,validation,
~asp_moon_saturn_trine_orb1 & ~asp_neptune_venus_square_orb1 & asp_pluto_uranus_sextile_orb3,3,7,-0.5973956275231143,-0.4923956275231143,0.01023706303890614,0.4800286835199006,0.5850286835199006,0.9774691124180255,0.39244042889812486,0.4800286835199006,16,106,24,0.7552601761182707,-0.2044341522827901,False,-0.8602880872991424,-0.7552880872991424,0.0,0.7552880872991424,,,validation,
~asp_jupiter_mercury_trine_orb3 & ~asp_mercury_uranus_square_orb5 & asp_pluto_uranus_sextile_orb3,3,7,-0.47910024548555136,-0.3741002454855514,0.12853244507646905,0.478819833896871,0.583819833896871,0.9762602627949959,0.39244042889812486,0.478819833896871,17,106,26,0.7535410728246561,-0.2044341522827901,False,-0.8602880872991424,-0.7552880872991424,0.0,0.7552880872991424,,,validation,
~asp_jupiter_venus_sextile_orb5 & ~asp_mercury_uranus_square_orb5 & asp_pluto_uranus_sextile_orb3,3,7,-0.6738395120618093,-0.5688395120618093,-0.06620682149978888,0.4784308003202824,0.5834308003202824,0.9758712292184073,0.39244042889812486,0.4784308003202824,15,136,20,0.7529878338996905,-0.2044341522827901,False,-0.8602880872991424,-0.7552880872991424,0.0,0.7552880872991424,,,validation,
~asp_mercury_uranus_square_orb5 & ~asp_pluto_sun_opp_orb5 & asp_pluto_uranus_sextile_orb3,3,7,-0.7585248462010106,-0.6535248462010106,-0.1508921556389901,0.47837796677444366,0.5833779667744436,0.9758183956725685,0.39244042889812486,0.47837796677444366,12,108,18,0.752912700285205,-0.2044341522827901,False,-0.8602880872991424,-0.7552880872991424,0.0,0.7552880872991424,,,validation,
~asp_mercury_uranus_square_orb1 & asp_pluto_uranus_sextile_orb3 & ~mars_ingress_3d,3,7,-0.6264359054100521,-0.5214359054100521,-0.01880321484803177,0.4779984988355215,0.5829984988355215,0.9754389277336464,0.39244042889812486,0.4779984988355215,29,50,37,0.7523730672640474,-0.2044341522827901,False,-0.8602880872991424,-0.7552880872991424,0.0,0.7552880872991424,,,validation,
~asp_mercury_uranus_square_orb5 & asp_pluto_uranus_sextile_orb3 & ~jupiter_ingress_1d,3,7,-0.6492018033373483,-0.5442018033373484,-0.04156911277532797,0.47673836779425094,0.5817383677942509,0.9741787966923757,0.39244042889812486,0.47673836779425094,13,136,17,0.7505810797117387,-0.2044341522827901,False,-0.8602880872991424,-0.7552880872991424,0.0,0.7552880872991424,,,validation,
~asp_jupiter_venus_square_orb3 & ~asp_mercury_uranus_square_orb5 & asp_pluto_uranus_sextile_orb3,3,7,-0.6260951432054416,-0.5210951432054416,-0.018462452643421157,0.4766530237484159,0.5816530237484159,0.9740934526465408,0.39244042889812486,0.4766530237484159,16,136,21,0.7504597159294968,-0.2044341522827901,False,-0.8602880872991424,-0.7552880872991424,0.0,0.7552880872991424,,,validation,
~asp_mercury_uranus_square_orb5 & ~asp_neptune_venus_square_orb1 & asp_pluto_uranus_sextile_orb3,3,7,-0.6492041738584333,-0.5442041738584333,-0.04157148329641291,0.476147691996734,0.581147691996734,0.9735881208948588,0.39244042889812486,0.476147691996734,14,136,20,0.7497411097137947,-0.2044341522827901,False,-0.8602880872991424,-0.7552880872991424,0.0,0.7552880872991424,,,validation,
asp_pluto_uranus_sextile_orb3 & ~venus_sign_aries,2,4,-0.35561917101061563,-0.31561917101061565,0.18701351955140477,0.4752479194568034,0.5152479194568034,0.9076883483549283,0.39244042889812486,0.4752479194568034,6,265,9,0.656063826493706,-0.2044341522827901,False,-0.7952880872991425,-0.7552880872991424,0.0,0.7552880872991424,,,validation,
~asp_mercury_uranus_square_orb1 & asp_pluto_uranus_sextile_orb3 & ~sun_sign_cancer,3,7,-0.6350741015905234,-0.5300741015905234,-0.027441411028503,0.47511912566976,0.58011912566976,0.9725595545678849,0.39244042889812486,0.47511912566976,10,179,15,0.74827845165259,-0.2044341522827901,False,-0.8602880872991424,-0.7552880872991424,0.0,0.7552880872991424,,,validation,
~asp_moon_saturn_trine_orb1 & asp_pluto_uranus_sextile_orb3 & ~mercury_sign_aquarius,3,7,-0.6062264209664082,-0.5012264209664082,0.001406269595612177,0.47489800179811614,0.5798980017981161,0.972338430696241,0.39244042889812486,0.47489800179811614,16,156,22,0.7479640078924104,-0.2044341522827901,False,-0.8602880872991424,-0.7552880872991424,0.0,0.7552880872991424,,,validation,
~asp_moon_saturn_trine_orb1 & ~asp_neptune_sun_opp_orb3 & asp_pluto_uranus_sextile_orb3,3,7,-0.6530729501599165,-0.5480729501599165,-0.04544025959789612,0.47473152579383004,0.57973152579383,0.9721719546919548,0.39244042889812486,0.47473152579383004,14,129,22,0.7477272753204329,-0.2044341522827901,False,-0.8602880872991424,-0.7552880872991424,0.0,0.7552880872991424,,,validation,
~asp_neptune_sun_square_orb5 & asp_pluto_uranus_sextile_orb3 & ~asp_saturn_sun_sextile_orb3,3,7,-0.5719741221077892,-0.4669741221077892,0.03565856845423123,0.4743690240795757,0.5793690240795757,0.9718094529777006,0.39244042889812486,0.4743690240795757,15,103,19,0.7472117914235108,-0.2044341522827901,False,-0.8602880872991424,-0.7552880872991424,0.0,0.7552880872991424,,,validation,
~asp_mercury_uranus_square_orb5 & ~asp_neptune_venus_conj_orb3 & asp_pluto_uranus_sextile_orb3,3,7,-0.6492018033373483,-0.5442018033373484,-0.04156911277532797,0.4740682352320995,0.5790682352320995,0.9715086641302244,0.39244042889812486,0.4740682352320995,17,136,21,0.7467840659705516,-0.2044341522827901,False,-0.8602880872991424,-0.7552880872991424,0.0,0.7552880872991424,,,validation,
~asp_moon_saturn_trine_orb1 & asp_pluto_uranus_sextile_orb3 & ~venus_sign_taurus,3,7,-0.651666449604162,-0.546666449604162,-0.04403375904214152,0.47336983343100325,0.5783698334310032,0.970810262329128,0.39244042889812486,0.47336983343100325,14,150,22,0.7457909357515917,-0.2044341522827901,False,-0.8602880872991424,-0.7552880872991424,0.0,0.7552880872991424,,,validation,
~asp_mercury_uranus_square_orb1 & asp_pluto_uranus_sextile_orb3 & ~mercury_sign_cancer,3,7,-0.6151666625095886,-0.5101666625095886,-0.007533971947568207,0.4732741072030071,0.5782741072030071,0.970714536101132,0.39244042889812486,0.4732741072030071,10,184,15,0.7456548132909846,-0.2044341522827901,False,-0.8602880872991424,-0.7552880872991424,0.0,0.7552880872991424,,,validation,
~asp_moon_saturn_trine_orb1 & asp_pluto_uranus_sextile_orb3 & ~asp_pluto_venus_trine_orb5,3,7,-0.6261867583027871,-0.5211867583027872,-0.018554067740766768,0.4732717639022579,0.5782717639022579,0.9707121928003827,0.39244042889812486,0.4732717639022579,17,92,24,0.7456514811249821,-0.2044341522827901,False,-0.8602880872991424,-0.7552880872991424,0.0,0.7552880872991424,,,validation,
~asp_jupiter_sun_square_orb5 & ~asp_moon_saturn_trine_orb1 & asp_pluto_uranus_sextile_orb3,3,7,-0.6053203806577281,-0.5003203806577281,0.0023123099042923097,0.473146583323923,0.578146583323923,0.9705870122220479,0.39244042889812486,0.473146583323923,18,116,26,0.7454734748836471,-0.2044341522827901,False,-0.8602880872991424,-0.7552880872991424,0.0,0.7552880872991424,,,validation,
~asp_mars_saturn_sextile_orb1 & ~asp_moon_saturn_trine_orb1 & asp_pluto_uranus_sextile_orb3,3,7,-0.613286684394963,-0.508286684394963,-0.0056539938329426475,0.47284432039685576,0.5778443203968557,0.9702847492949805,0.39244042889812486,0.47284432039685576,15,184,22,0.7450436593734195,-0.2044341522827901,False,-0.8602880872991424,-0.7552880872991424,0.0,0.7552880872991424,,,validation,
~asp_moon_saturn_trine_orb1 & ~asp_neptune_venus_conj_orb3 & asp_pluto_uranus_sextile_orb3,3,7,-0.5975787139577642,-0.4925787139577642,0.010053976604256222,0.4725656238646805,0.5775656238646805,0.9700060527628053,0.39244042889812486,0.4725656238646805,17,166,23,0.7446473564268701,-0.2044341522827901,False,-0.8602880872991424,-0.7552880872991424,0.0,0.7552880872991424,,,validation,
~asp_neptune_sun_square_orb5 & asp_pluto_uranus_sextile_orb3 & ~asp_uranus_venus_sextile_orb5,3,7,-0.5826223953308399,-0.47762239533083994,0.02501029523118046,0.47249469921449405,0.577494699214494,0.9699351281126188,0.39244042889812486,0.47249469921449405,15,121,18,0.7445465026750817,-0.2044341522827901,False,-0.8602880872991424,-0.7552880872991424,0.0,0.7552880872991424,,,validation,
~asp_mercury_uranus_square_orb5 & asp_pluto_uranus_sextile_orb3 & ~asp_saturn_sun_sextile_orb1,3,7,-0.6492018033373483,-0.5442018033373484,-0.04156911277532797,0.4724628459189617,0.5774628459189617,0.9699032748170865,0.39244042889812486,0.4724628459189617,13,136,17,0.7445012078101951,-0.2044341522827901,False,-0.8602880872991424,-0.7552880872991424,0.0,0.7552880872991424,,,validation,
~asp_mercury_pluto_opp_orb5 & ~asp_moon_saturn_trine_orb1 & asp_pluto_uranus_sextile_orb3,3,7,-0.5783088039188813,-0.47330880391888125,0.029323886643139185,0.4721284384504838,0.5771284384504838,0.9695688673486087,0.39244042889812486,0.4721284384504838,14,150,22,0.7440256868728732,-0.2044341522827901,False,-0.8602880872991424,-0.7552880872991424,0.0,0.7552880872991424,,,validation,
~asp_moon_pluto_trine_orb1 & ~asp_moon_saturn_trine_orb1 & asp_pluto_uranus_sextile_orb3,3,7,-0.6253495737343732,-0.5203495737343732,-0.01771688317235273,0.4719862987406396,0.5769862987406396,0.9694267276387644,0.39244042889812486,0.4719862987406396,18,113,26,0.7438235675191585,-0.2044341522827901,False,-0.8602880872991424,-0.7552880872991424,0.0,0.7552880872991424,,,validation,
~asp_mercury_uranus_square_orb5 & asp_pluto_uranus_sextile_orb3 & ~mercury_sign_aquarius,3,7,-0.6583597418514333,-0.5533597418514333,-0.05072705128941295,0.47178206104684905,0.576782061046849,0.9692224899449738,0.39244042889812486,0.47178206104684905,14,136,18,0.7435331468627435,-0.2044341522827901,False,-0.8602880872991424,-0.7552880872991424,0.0,0.7552880872991424,,,validation,
~asp_mercury_uranus_trine_orb1 & ~asp_moon_saturn_trine_orb1 & asp_pluto_uranus_sextile_orb3,3,7,-0.6088220356629497,-0.5038220356629497,-0.0011893451009293088,0.47150008156269885,0.5765000815626988,0.9689405104608236,0.39244042889812486,0.47150008156269885,17,121,25,0.7431321805438764,-0.2044341522827901,False,-0.8602880872991424,-0.7552880872991424,0.0,0.7552880872991424,,,validation,
~asp_mercury_uranus_square_orb5 & asp_pluto_uranus_sextile_orb3 & ~asp_pluto_venus_trine_orb5,3,7,-0.6780535697562498,-0.5730535697562498,-0.07042087919422929,0.47147057895254885,0.5764705789525488,0.9689110078506736,0.39244042889812486,0.47147057895254885,14,98,19,0.7430902287980397,-0.2044341522827901,False,-0.8602880872991424,-0.7552880872991424,0.0,0.7552880872991424,,,validation,
~asp_neptune_sun_square_orb5 & asp_pluto_uranus_sextile_orb3 & ~asp_pluto_venus_opp_orb3,3,7,-0.5818655389397732,-0.4768655389397732,0.025767151622247256,0.4709876972564684,0.5759876972564684,0.9684281261545933,0.39244042889812486,0.4709876972564684,12,121,17,0.7424035888707008,-0.2044341522827901,False,-0.8602880872991424,-0.7552880872991424,0.0,0.7552880872991424,,,validation,
~asp_mercury_uranus_square_orb5 & ~asp_neptune_sun_opp_orb3 & asp_pluto_uranus_sextile_orb3,3,7,-0.7044752757692316,-0.5994752757692317,-0.09684258520721127,0.4707946385737447,0.5757946385737447,0.9682350674718695,0.39244042889812486,0.4707946385737447,12,106,18,0.7421290676322319,-0.2044341522827901,False,-0.8602880872991424,-0.7552880872991424,0.0,0.7552880872991424,,,validation,
~asp_jupiter_sun_sextile_orb5 & asp_pluto_uranus_sextile_orb3,2,4,-0.5008660440564485,-0.4608660440564485,0.041766646505571915,0.47061727310771523,0.5106172731077152,0.90305770200584,0.39244042889812486,0.47061727310771523,9,165,11,0.6494838835163779,-0.2044341522827901,False,-0.7952880872991425,-0.7552880872991424,0.0,0.7552880872991424,,,validation,
~asp_jupiter_sun_sextile_orb5 & asp_pluto_uranus_sextile_orb3 & ~mars_ingress_5d,3,7,-0.5785859580009795,-0.4735859580009794,0.029046732561041008,0.470304134650821,0.575304134650821,0.9677445635489458,0.39244042889812486,0.470304134650821,27,72,35,0.741431594667278,-0.2044341522827901,False,-0.8602880872991424,-0.7552880872991424,0.0,0.7552880872991424,,,validation,
~asp_mars_neptune_square_orb5 & ~asp_neptune_sun_square_orb5 & asp_pluto_uranus_sextile_orb3,3,7,-0.6467988079633646,-0.5417988079633647,-0.03916611740134423,0.47022253081695764,0.5752225308169576,0.9676629597150824,0.39244042889812486,0.47022253081695764,11,118,15,0.7413155583280187,-0.2044341522827901,False,-0.8602880872991424,-0.7552880872991424,0.0,0.7552880872991424,,,validation,
~asp_moon_saturn_trine_orb1 & asp_pluto_uranus_sextile_orb3 & ~asp_saturn_sun_conj_orb1,3,7,-0.5975787139577642,-0.4925787139577642,0.010053976604256222,0.46998779517771605,0.574987795177716,0.967428224075841,0.39244042889812486,0.46998779517771605,15,162,21,0.7409817772645995,-0.2044341522827901,False,-0.8602880872991424,-0.7552880872991424,0.0,0.7552880872991424,,,validation,
~asp_mercury_uranus_square_orb5 & asp_pluto_uranus_sextile_orb3 & ~venus_sign_taurus,3,7,-0.6842652352344967,-0.5792652352344967,-0.0766325446724763,0.4697012304792172,0.5747012304792172,0.9671416593773421,0.39244042889812486,0.4697012304792172,12,136,17,0.7405742993808029,-0.2044341522827901,False,-0.8602880872991424,-0.7552880872991424,0.0,0.7552880872991424,,,validation,
asp_pluto_uranus_sextile_orb3 & ~asp_saturn_venus_sextile_orb5 & ~mars_ingress_3d,3,7,-0.6417941689813346,-0.5367941689813346,-0.0341614784193142,0.4695650486539431,0.5745650486539431,0.9670054775520679,0.39244042889812486,0.4695650486539431,31,64,40,0.7403806574330258,-0.2044341522827901,False,-0.8602880872991424,-0.7552880872991424,0.0,0.7552880872991424,,,validation,
~asp_mercury_neptune_square_orb1 & ~asp_mercury_uranus_square_orb5 & asp_pluto_uranus_sextile_orb3,3,7,-0.6492018033373483,-0.5442018033373484,-0.04156911277532797,0.4694740689181318,0.5744740689181318,0.9669144978162567,0.39244042889812486,0.4694740689181318,11,135,15,0.7402512901691678,-0.2044341522827901,False,-0.8602880872991424,-0.7552880872991424,0.0,0.7552880872991424,,,validation,
~asp_jupiter_mercury_trine_orb1 & ~asp_moon_saturn_trine_orb1 & asp_pluto_uranus_sextile_orb3,3,7,-0.5541207750247411,-0.44912077502474107,0.05351191553727933,0.46920691358926003,0.57420691358926,0.9666473424873849,0.39244042889812486,0.46920691358926003,17,116,27,0.7398714134626148,-0.2044341522827901,False,-0.8602880872991424,-0.7552880872991424,0.0,0.7552880872991424,,,validation,
~asp_moon_saturn_trine_orb1 & ~asp_moon_sun_trine_orb1 & asp_pluto_uranus_sextile_orb3,3,7,-0.6137931131601482,-0.5087931131601482,-0.006160422598127788,0.46907873173671266,0.5740787317367126,0.9665191606348376,0.39244042889812486,0.46907873173671266,18,139,28,0.7396891480031125,-0.2044341522827901,False,-0.8602880872991424,-0.7552880872991424,0.0,0.7552880872991424,,,validation,
~asp_mercury_uranus_square_orb3 & asp_pluto_uranus_sextile_orb3 & ~sun_sign_cancer,3,7,-0.6905977739909983,-0.5855977739909983,-0.08296508342897795,0.46902413211888794,0.5740241321188879,0.9664645610170127,0.39244042889812486,0.46902413211888794,12,109,18,0.7396115113195492,-0.2044341522827901,False,-0.8602880872991424,-0.7552880872991424,0.0,0.7552880872991424,,,validation,
asp_pluto_uranus_sextile_orb3 & ~mars_ingress_5d & ~venus_sign_sagittarius,3,7,-0.6140241887212149,-0.5090241887212149,-0.006391498159194501,0.4689170476600675,0.5739170476600675,0.9663574765581924,0.39244042889812486,0.4689170476600675,25,72,33,0.7394592451533804,-0.2044341522827901,False,-0.8602880872991424,-0.7552880872991424,0.0,0.7552880872991424,,,validation,
~asp_mars_saturn_sextile_orb1 & ~asp_mercury_uranus_square_orb5 & asp_pluto_uranus_sextile_orb3,3,7,-0.6647876896510875,-0.5597876896510875,-0.05715499908906712,0.46878838812040247,0.5737883881204024,0.9662288170185274,0.39244042889812486,0.46878838812040247,13,134,18,0.73927630106989,-0.2044341522827901,False,-0.8602880872991424,-0.7552880872991424,0.0,0.7552880872991424,,,validation,
~asp_mercury_uranus_square_orb5 & ~asp_moon_venus_conj_orb3 & asp_pluto_uranus_sextile_orb3,3,7,-0.6679722894591021,-0.5629722894591022,-0.06033959889708175,0.46878141068343915,0.5737814106834391,0.9662218395815639,0.39244042889812486,0.46878141068343915,24,85,32,0.7392663796927894,-0.2044341522827901,False,-0.8602880872991424,-0.7552880872991424,0.0,0.7552880872991424,,,validation,
~asp_jupiter_venus_conj_orb3 & ~asp_moon_saturn_trine_orb1 & asp_pluto_uranus_sextile_orb3,3,7,-0.5975787139577642,-0.4925787139577642,0.010053976604256222,0.4683628179052304,0.5733628179052304,0.9658032468033553,0.39244042889812486,0.4683628179052304,13,184,19,0.7386711745161596,-0.2044341522827901,False,-0.8602880872991424,-0.7552880872991424,0.0,0.7552880872991424,,,validation,
~asp_moon_saturn_trine_orb1 & ~asp_neptune_sun_conj_orb3 & asp_pluto_uranus_sextile_orb3,3,7,-0.5975787139577642,-0.4925787139577642,0.010053976604256222,0.4683626060125248,0.5733626060125248,0.9658030349106496,0.39244042889812486,0.4683626060125248,16,184,22,0.7386708732225467,-0.2044341522827901,False,-0.8602880872991424,-0.7552880872991424,0.0,0.7552880872991424,,,validation,
asp_pluto_uranus_sextile_orb3 & ~mars_ingress_3d & ~venus_sign_aries,3,7,-0.41755880316225913,-0.31255880316225915,0.19007388739976128,0.468248129623968,0.573248129623968,0.9656885585220928,0.39244042889812486,0.468248129623968,26,55,34,0.7385080975302971,-0.2044341522827901,False,-0.8602880872991424,-0.7552880872991424,0.0,0.7552880872991424,,,validation,
~asp_moon_saturn_trine_orb1 & ~asp_neptune_sun_trine_orb1 & asp_pluto_uranus_sextile_orb3,3,7,-0.5808243742603678,-0.47582437426036783,0.026808316301652584,0.4681242320306467,0.5731242320306467,0.9655646609287716,0.39244042889812486,0.4681242320306467,17,98,25,0.738331925928174,-0.2044341522827901,False,-0.8602880872991424,-0.7552880872991424,0.0,0.7552880872991424,,,validation,
~asp_moon_saturn_trine_orb1 & asp_pluto_uranus_sextile_orb3 & ~asp_saturn_sun_sextile_orb1,3,7,-0.5975787139577642,-0.4925787139577642,0.010053976604256222,0.46805158904106303,0.573051589041063,0.9654920179391878,0.39244042889812486,0.46805158904106303,14,184,20,0.7382286340320126,-0.2044341522827901,False,-0.8602880872991424,-0.7552880872991424,0.0,0.7552880872991424,,,validation,
~asp_mars_neptune_trine_orb1 & asp_pluto_uranus_sextile_orb3 & ~mercury_sign_cancer,3,7,-0.6010551442624229,-0.4960551442624229,0.006577546299597488,0.467786874965449,0.572786874965449,0.9652273038635739,0.39244042889812486,0.467786874965449,9,145,13,0.7378522347986058,-0.2044341522827901,False,-0.8602880872991424,-0.7552880872991424,0.0,0.7552880872991424,,,validation,
~asp_jupiter_moon_square_orb1 & asp_pluto_uranus_sextile_orb3 & ~venus_sign_sagittarius,3,7,-0.6029743512059305,-0.4979743512059305,0.0046583393560899675,0.4677536725259641,0.5727536725259641,0.9651941014240889,0.39244042889812486,0.4677536725259641,17,149,19,0.7378050240438982,-0.2044341522827901,False,-0.8602880872991424,-0.7552880872991424,0.0,0.7552880872991424,,,validation,
~asp_jupiter_moon_square_orb1 & asp_pluto_uranus_sextile_orb3 & ~mars_ingress_3d,3,7,-0.6237639101355912,-0.5187639101355912,-0.016131219573570756,0.467677406128435,0.572677406128435,0.9651178350265599,0.39244042889812486,0.467677406128435,33,76,41,0.7376965804485314,-0.2044341522827901,False,-0.8602880872991424,-0.7552880872991424,0.0,0.7552880872991424,,,validation,
~asp_mercury_uranus_square_orb5 & ~asp_mercury_uranus_trine_orb1 & asp_pluto_uranus_sextile_orb3,3,7,-0.6602724226000088,-0.5552724226000089,-0.05263973203798844,0.46746536020159546,0.5724653602015954,0.9649057890997204,0.39244042889812486,0.46746536020159546,15,124,21,0.7373950717212463,-0.2044341522827901,False,-0.8602880872991424,-0.7552880872991424,0.0,0.7552880872991424,,,validation,
~asp_moon_saturn_trine_orb1 & asp_pluto_uranus_sextile_orb3 & ~asp_sun_venus_conj_orb3,3,7,-0.5975787139577642,-0.4925787139577642,0.010053976604256222,0.4672484271170163,0.5722484271170163,0.9646888560151412,0.39244042889812486,0.4672484271170163,15,150,21,0.7370866146929995,-0.2044341522827901,False,-0.8602880872991424,-0.7552880872991424,0.0,0.7552880872991424,,,validation,
~asp_mercury_uranus_square_orb3 & asp_pluto_uranus_sextile_orb3 & ~mercury_sign_cancer,3,7,-0.6745216079389331,-0.5695216079389331,-0.06688891737691267,0.4671905891615713,0.5721905891615713,0.9646310180596961,0.39244042889812486,0.4671905891615713,12,109,18,0.7370043750676831,-0.2044341522827901,False,-0.8602880872991424,-0.7552880872991424,0.0,0.7552880872991424,,,validation,
asp_pluto_uranus_sextile_orb3 & ~mars_ingress_5d & ~mercury_sign_cancer,3,7,-0.6192638112996327,-0.5142638112996327,-0.011631120737612346,0.4670384776166232,0.5720384776166232,0.9644789065147481,0.39244042889812486,0.4670384776166232,26,74,34,0.736788088353763,-0.2044341522827901,False,-0.8602880872991424,-0.7552880872991424,0.0,0.7552880872991424,,,validation,
asp_pluto_uranus_sextile_orb3 & ~venus_sign_sagittarius,2,4,-0.5334753980256333,-0.4934753980256332,0.009157292536387187,0.4666430397629476,0.5066430397629476,0.8990834686610724,0.39244042889812486,0.4666430397629476,7,262,9,0.6438369364726115,-0.2044341522827901,False,-0.7952880872991425,-0.7552880872991424,0.0,0.7552880872991424,,,validation,
~asp_mars_neptune_trine_orb1 & ~asp_neptune_sun_square_orb5 & asp_pluto_uranus_sextile_orb3,3,7,-0.554866739561448,-0.449866739561448,0.05276595100057239,0.4666372858054926,0.5716372858054926,0.9640777147036175,0.39244042889812486,0.4666372858054926,14,121,18,0.7362176373613074,-0.2044341522827901,False,-0.8602880872991424,-0.7552880872991424,0.0,0.7552880872991424,,,validation,
~asp_moon_saturn_trine_orb1 & asp_pluto_uranus_sextile_orb3 & ~asp_sun_uranus_trine_orb1,3,7,-0.6293784443076488,-0.5243784443076488,-0.021745753745628416,0.4665031011358638,0.5715031011358638,0.9639435300339887,0.39244042889812486,0.4665031011358638,16,98,24,0.7360268419868439,-0.2044341522827901,False,-0.8602880872991424,-0.7552880872991424,0.0,0.7552880872991424,,,validation,
~asp_mercury_uranus_square_orb1 & asp_pluto_uranus_sextile_orb3,2,4,-0.5452518088883813,-0.5052518088883813,-0.0026191183263608135,0.4661109481141466,0.5061109481141466,0.8985513770122714,0.39244042889812486,0.4661109481141466,8,250,11,0.6430809112735845,-0.2044341522827901,False,-0.7952880872991425,-0.7552880872991424,0.0,0.7552880872991424,,,validation,
~asp_moon_saturn_trine_orb1 & asp_pluto_uranus_sextile_orb3 & ~asp_saturn_venus_conj_orb3,3,7,-0.5975787139577642,-0.4925787139577642,0.010053976604256222,0.46610073282553,0.57110073282553,0.9635411617236549,0.39244042889812486,0.46610073282553,15,150,21,0.7354547216738856,-0.2044341522827901,False,-0.8602880872991424,-0.7552880872991424,0.0,0.7552880872991424,,,validation,
~asp_mercury_pluto_opp_orb5 & ~asp_mercury_uranus_square_orb5 & asp_pluto_uranus_sextile_orb3,3,7,-0.6316109928893051,-0.5266109928893051,-0.023978302327284748,0.46587544788450286,0.5708754478845028,0.9633158767826276,0.39244042889812486,0.46587544788450286,13,122,19,0.7351343941982706,-0.2044341522827901,False,-0.8602880872991424,-0.7552880872991424,0.0,0.7552880872991424,,,validation,
~asp_mercury_uranus_square_orb5 & asp_pluto_uranus_sextile_orb3 & ~asp_saturn_sun_conj_orb1,3,7,-0.6492018033373483,-0.5442018033373484,-0.04156911277532797,0.4658643992296405,0.5708643992296405,0.9633048281277654,0.39244042889812486,0.4658643992296405,13,136,17,0.7351186843914397,-0.2044341522827901,False,-0.8602880872991424,-0.7552880872991424,0.0,0.7552880872991424,,,validation,
~asp_mercury_neptune_square_orb1 & ~asp_moon_saturn_trine_orb1 & asp_pluto_uranus_sextile_orb3,3,7,-0.6424644171905094,-0.5374644171905094,-0.03483172662848904,0.4656068129292832,0.5706068129292832,0.963047241827408,0.39244042889812486,0.4656068129292832,16,184,24,0.7347524294206702,-0.2044341522827901,False,-0.8602880872991424,-0.7552880872991424,0.0,0.7552880872991424,,,validation,
~asp_mercury_uranus_square_orb1 & ~asp_neptune_sun_square_orb5 & asp_pluto_uranus_sextile_orb3,3,7,-0.5937131435144711,-0.4887131435144711,0.013919547047549335,0.4654501352393148,0.5704501352393148,0.9628905641374397,0.39244042889812486,0.4654501352393148,12,121,16,0.7345296541959645,-0.2044341522827901,False,-0.8602880872991424,-0.7552880872991424,0.0,0.7552880872991424,,,validation,
~asp_jupiter_mercury_trine_orb1 & ~asp_mercury_uranus_square_orb5 & asp_pluto_uranus_sextile_orb3,3,7,-0.5745245844382041,-0.46952458443820405,0.033108106123816365,0.4650708608963299,0.5700708608963299,0.9625112897944548,0.39244042889812486,0.4650708608963299,15,106,24,0.7339903772481877,-0.2044341522827901,False,-0.8602880872991424,-0.7552880872991424,0.0,0.7552880872991424,,,validation,
~asp_mercury_uranus_square_orb5 & ~asp_moon_sun_trine_orb1 & asp_pluto_uranus_sextile_orb3,3,7,-0.6663022347823508,-0.5613022347823509,-0.05866954422033047,0.4649529284588916,0.5699529284588916,0.9623933573570165,0.39244042889812486,0.4649529284588916,16,106,23,0.7338226937120298,-0.2044341522827901,False,-0.8602880872991424,-0.7552880872991424,0.0,0.7552880872991424,,,validation,
~asp_mars_neptune_trine_orb1 & asp_pluto_uranus_sextile_orb3 & ~sun_sign_cancer,3,7,-0.6218770560131068,-0.5168770560131069,-0.014244365451086377,0.4646952342121662,0.5696952342121662,0.9621356631102911,0.39244042889812486,0.4646952342121662,9,140,13,0.7334562890982297,-0.2044341522827901,False,-0.8602880872991424,-0.7552880872991424,0.0,0.7552880872991424,,,validation,
asp_pluto_uranus_sextile_orb3 & ~asp_uranus_venus_sextile_orb5 & ~sun_sign_cancer,3,7,-0.6227464714074108,-0.5177464714074108,-0.015113780845390366,0.4646120295076166,0.5696120295076166,0.9620524584057415,0.39244042889812486,0.4646120295076166,13,102,17,0.7333379840593492,-0.2044341522827901,False,-0.8602880872991424,-0.7552880872991424,0.0,0.7552880872991424,,,validation,
~asp_moon_saturn_trine_orb1 & asp_pluto_uranus_sextile_orb3 & ~asp_uranus_venus_square_orb3,3,7,-0.5352232386188295,-0.4302232386188295,0.0724094519431909,0.4645239034580031,0.5695239034580031,0.961964332356128,0.39244042889812486,0.4645239034580031,18,109,25,0.7332126817039959,-0.2044341522827901,False,-0.8602880872991424,-0.7552880872991424,0.0,0.7552880872991424,,,validation,
~asp_moon_saturn_trine_orb1 & asp_pluto_uranus_sextile_orb3 & ~asp_sun_uranus_opp_orb5,3,7,-0.6215425293352888,-0.5165425293352888,-0.013909838773268329,0.46450094468139724,0.5695009446813972,0.9619413735795221,0.39244042889812486,0.46450094468139724,14,123,22,0.7331800377019073,-0.2044341522827901,False,-0.8602880872991424,-0.7552880872991424,0.0,0.7552880872991424,,,validation,
~asp_mercury_uranus_square_orb5 & ~asp_neptune_sun_conj_orb3 & asp_pluto_uranus_sextile_orb3,3,7,-0.6492018033373483,-0.5442018033373484,-0.04156911277532797,0.46434721440399174,0.5693472144039917,0.9617876433021166,0.39244042889812486,0.46434721440399174,14,136,18,0.7329614560899187,-0.2044341522827901,False,-0.8602880872991424,-0.7552880872991424,0.0,0.7552880872991424,,,validation,
~asp_jupiter_venus_conj_orb3 & ~asp_mercury_uranus_square_orb5 & asp_pluto_uranus_sextile_orb3,3,7,-0.6492018033373483,-0.5442018033373484,-0.04156911277532797,0.4642599444750879,0.5692599444750879,0.9617003733732128,0.39244042889812486,0.4642599444750879,11,136,15,0.732837371390167,-0.2044341522827901,False,-0.8602880872991424,-0.7552880872991424,0.0,0.7552880872991424,,,validation,
~asp_mercury_uranus_square_orb5 & asp_pluto_uranus_sextile_orb3 & ~asp_saturn_venus_conj_orb3,3,7,-0.6492018033373483,-0.5442018033373484,-0.04156911277532797,0.464246142489966,0.569246142489966,0.9616865713880909,0.39244042889812486,0.464246142489966,12,136,16,0.7328177470567165,-0.2044341522827901,False,-0.8602880872991424,-0.7552880872991424,0.0,0.7552880872991424,,,validation,
~asp_neptune_sun_square_orb5 & asp_pluto_uranus_sextile_orb3 & ~asp_saturn_sun_square_orb5,3,7,-0.6678400354780977,-0.5628400354780977,-0.060207344916077245,0.4640720157083671,0.5690720157083671,0.9615124446064919,0.39244042889812486,0.4640720157083671,16,80,21,0.7325701654005818,-0.2044341522827901,False,-0.8602880872991424,-0.7552880872991424,0.0,0.7552880872991424,,,validation,
~asp_mercury_uranus_square_orb5 & ~asp_neptune_sun_trine_orb1 & asp_pluto_uranus_sextile_orb3,3,7,-0.6333386870579345,-0.5283386870579345,-0.025705996495914065,0.4639982132890088,0.5689982132890088,0.9614386421871336,0.39244042889812486,0.4639982132890088,15,106,21,0.732465229795543,-0.2044341522827901,False,-0.8602880872991424,-0.7552880872991424,0.0,0.7552880872991424,,,validation,
asp_pluto_uranus_sextile_orb3 & ~asp_saturn_sun_sextile_orb3 & ~venus_sign_aries,3,7,-0.4426555817064596,-0.3376555817064596,0.16497710885556083,0.463906448903177,0.568906448903177,0.9613468778013019,0.39244042889812486,0.463906448903177,10,163,14,0.732334755181403,-0.2044341522827901,False,-0.8602880872991424,-0.7552880872991424,0.0,0.7552880872991424,,,validation,
~asp_mars_neptune_trine_orb5 & asp_pluto_uranus_sextile_orb3 & ~venus_sign_sagittarius,3,7,-0.5423647440463396,-0.4373647440463396,0.06526794651568078,0.46389659242552383,0.5688965924255238,0.9613370213236486,0.39244042889812486,0.46389659242552383,10,124,13,0.7323207408189014,-0.2044341522827901,False,-0.8602880872991424,-0.7552880872991424,0.0,0.7552880872991424,,,validation,
asp_pluto_uranus_sextile_orb3 & ~asp_saturn_sun_sextile_orb3 & ~sun_sign_cancer,3,7,-0.6197574955330997,-0.5147574955330997,-0.012124804971079216,0.4636101576057412,0.5686101576057412,0.961050586503866,0.39244042889812486,0.4636101576057412,11,125,17,0.7319134762050441,-0.2044341522827901,False,-0.8602880872991424,-0.7552880872991424,0.0,0.7552880872991424,,,validation,
~asp_neptune_sun_square_orb5 & asp_pluto_uranus_sextile_orb3 & ~asp_pluto_venus_sextile_orb1,3,7,-0.5753374522499929,-0.4703374522499929,0.0322952383120275,0.4635791265266167,0.5685791265266167,0.9610195554247416,0.39244042889812486,0.4635791265266167,16,121,20,0.7318693550419018,-0.2044341522827901,False,-0.8602880872991424,-0.7552880872991424,0.0,0.7552880872991424,,,validation,
~asp_mercury_uranus_square_orb5 & ~asp_neptune_venus_square_orb5 & asp_pluto_uranus_sextile_orb3,3,7,-0.6275838971655147,-0.5225838971655147,-0.019951206603494205,0.46346097713110335,0.5684609771311033,0.9609014060292282,0.39244042889812486,0.46346097713110335,15,136,22,0.7317013659021165,-0.2044341522827901,False,-0.8602880872991424,-0.7552880872991424,0.0,0.7552880872991424,,,validation,
asp_pluto_uranus_sextile_orb3 & ~asp_pluto_venus_opp_orb3 & ~mars_ingress_3d,3,7,-0.6195499137306993,-0.5145499137306994,-0.011917223168678886,0.4628687627002317,0.5678687627002317,0.9603091915983565,0.39244042889812486,0.4628687627002317,27,76,37,0.730859337158434,-0.2044341522827901,False,-0.8602880872991424,-0.7552880872991424,0.0,0.7552880872991424,,,validation,
asp_pluto_uranus_sextile_orb3 & ~asp_uranus_venus_sextile_orb5 & ~mercury_sign_cancer,3,7,-0.6019825434557952,-0.4969825434557951,0.0056501471062253145,0.46268336174341496,0.5676833617434149,0.9601237906415399,0.39244042889812486,0.46268336174341496,13,107,17,0.7305957295361574,-0.2044341522827901,False,-0.8602880872991424,-0.7552880872991424,0.0,0.7552880872991424,,,validation,
~asp_mercury_uranus_square_orb5 & asp_pluto_uranus_sextile_orb3 & ~asp_sun_uranus_trine_orb1,3,7,-0.682078646770973,-0.577078646770973,-0.07444595620895257,0.4623352423415279,0.5673352423415279,0.9597756712396527,0.39244042889812486,0.4623352423415279,14,106,20,0.7301007663575119,-0.2044341522827901,False,-0.8602880872991424,-0.7552880872991424,0.0,0.7552880872991424,,,validation,
~asp_moon_saturn_trine_orb1 & ~asp_neptune_sun_conj_orb1 & asp_pluto_uranus_sextile_orb3,3,7,-0.5975787139577642,-0.4925787139577642,0.010053976604256222,0.4621993833057785,0.5671993833057785,0.9596398122039034,0.39244042889812486,0.4621993833057785,16,184,22,0.7299075997797717,-0.2044341522827901,False,-0.8602880872991424,-0.7552880872991424,0.0,0.7552880872991424,,,validation,
~asp_neptune_sun_square_orb5 & asp_pluto_uranus_sextile_orb3 & ~asp_saturn_venus_sextile_orb5,3,7,-0.5987218020096354,-0.4937218020096354,0.008910888552385044,0.4621731871259862,0.5671731871259862,0.9596136160241111,0.39244042889812486,0.4621731871259862,17,94,21,0.7298703536616196,-0.2044341522827901,False,-0.8602880872991424,-0.7552880872991424,0.0,0.7552880872991424,,,validation,
asp_pluto_uranus_sextile_orb3 & ~asp_saturn_sun_sextile_orb3 & ~mercury_sign_cancer,3,7,-0.59863257239639,-0.49363257239639,0.009000118165630384,0.4618616454597855,0.5668616454597855,0.9593020743579103,0.39244042889812486,0.4618616454597855,11,130,17,0.7294273999435767,-0.2044341522827901,False,-0.8602880872991424,-0.7552880872991424,0.0,0.7552880872991424,,,validation,
~asp_jupiter_moon_square_orb1 & asp_pluto_uranus_sextile_orb3 & ~sun_sign_cancer,3,7,-0.6268987232121677,-0.5218987232121677,-0.01926603265014724,0.46158629331604817,0.5665862933160482,0.959026722214173,0.39244042889812486,0.46158629331604817,17,99,21,0.7290359022445048,-0.2044341522827901,False,-0.8602880872991424,-0.7552880872991424,0.0,0.7552880872991424,,,validation,
~asp_mars_neptune_sextile_orb3 & ~asp_moon_saturn_trine_orb1 & asp_pluto_uranus_sextile_orb3,3,7,-0.6656922865507023,-0.5606922865507024,-0.05805959598868189,0.4613168496961346,0.5663168496961346,0.9587572785942595,0.39244042889812486,0.4613168496961346,15,171,22,0.7286528065240736,-0.2044341522827901,False,-0.8602880872991424,-0.7552880872991424,0.0,0.7552880872991424,,,validation,
asp_pluto_uranus_sextile_orb3 & ~mars_ingress_5d,2,4,-0.549024188721215,-0.5090241887212149,-0.006391498159194501,0.46115599029447313,0.5011559902944731,0.893596419192598,0.39244042889812486,0.46115599029447313,25,74,33,0.6360408405572751,-0.2044341522827901,False,-0.7952880872991425,-0.7552880872991424,0.0,0.7552880872991424,,,validation,
~asp_mercury_uranus_square_orb5 & asp_pluto_uranus_sextile_orb3 & ~asp_uranus_venus_sextile_orb3,3,7,-0.6492018033373483,-0.5442018033373484,-0.04156911277532797,0.46104974074986016,0.5660497407498601,0.9584901696479851,0.39244042889812486,0.46104974074986016,15,136,19,0.7282730314168542,-0.2044341522827901,False,-0.8602880872991424,-0.7552880872991424,0.0,0.7552880872991424,,,validation,
~asp_moon_saturn_trine_orb1 & asp_pluto_uranus_sextile_orb3 & ~asp_saturn_venus_sextile_orb3,3,7,-0.5784169592673671,-0.4734169592673671,0.029215731294653317,0.46102397102237713,0.5660239710223771,0.9584643999205019,0.39244042889812486,0.46102397102237713,18,150,26,0.7282363921176636,-0.2044341522827901,False,-0.8602880872991424,-0.7552880872991424,0.0,0.7552880872991424,,,validation,
~asp_mercury_uranus_square_orb5 & asp_pluto_uranus_sextile_orb3 & ~asp_uranus_venus_square_orb3,3,7,-0.5612132830365195,-0.45621328303651953,0.046419407525500875,0.4606611782855985,0.5656611782855985,0.9581016071837233,0.39244042889812486,0.4606611782855985,16,136,23,0.7277205759509264,-0.2044341522827901,False,-0.8602880872991424,-0.7552880872991424,0.0,0.7552880872991424,,,validation,
asp_pluto_uranus_sextile_orb3 & ~asp_pluto_venus_opp_orb3 & ~sun_sign_cancer,3,7,-0.6528211474429975,-0.5478211474429975,-0.04518845688097701,0.46057217568087117,0.5655721756808711,0.9580126045789961,0.39244042889812486,0.46057217568087117,8,183,13,0.7275940329995871,-0.2044341522827901,False,-0.8602880872991424,-0.7552880872991424,0.0,0.7552880872991424,,,validation,
~asp_moon_saturn_trine_orb1 & asp_pluto_uranus_sextile_orb3 & ~asp_saturn_venus_trine_orb1,3,7,-0.6084607205558963,-0.5034607205558963,-0.0008280299938758344,0.4605280432400125,0.5655280432400125,0.9579684721381373,0.39244042889812486,0.4605280432400125,16,118,23,0.7275312860150842,-0.2044341522827901,False,-0.8602880872991424,-0.7552880872991424,0.0,0.7552880872991424,,,validation,
~asp_mercury_uranus_square_orb5 & asp_pluto_uranus_sextile_orb3 & ~asp_sun_uranus_opp_orb5,3,7,-0.6738563139700093,-0.5688563139700094,-0.0662236234079889,0.46036603777632856,0.5653660377763285,0.9578064666744533,0.39244042889812486,0.46036603777632856,12,106,18,0.7273009488271507,-0.2044341522827901,False,-0.8602880872991424,-0.7552880872991424,0.0,0.7552880872991424,,,validation,
~asp_mars_venus_sextile_orb5 & ~asp_moon_saturn_trine_orb1 & asp_pluto_uranus_sextile_orb3,3,7,-0.6367305200873582,-0.5317305200873582,-0.029097829525337772,0.4603438450795587,0.5653438450795587,0.9577842739776835,0.39244042889812486,0.4603438450795587,14,123,21,0.727269395582828,-0.2044341522827901,False,-0.8602880872991424,-0.7552880872991424,0.0,0.7552880872991424,,,validation,
~asp_mars_venus_sextile_orb1 & ~asp_moon_saturn_trine_orb1 & asp_pluto_uranus_sextile_orb3,3,7,-0.6532733175095702,-0.5482733175095702,-0.045640626947549744,0.46004606795001823,0.5650460679500182,0.957486496848143,0.39244042889812486,0.46004606795001823,14,128,21,0.7268460212892864,-0.2044341522827901,False,-0.8602880872991424,-0.7552880872991424,0.0,0.7552880872991424,,,validation,
~asp_jupiter_moon_square_orb1 & asp_pluto_uranus_sextile_orb3 & ~mercury_sign_cancer,3,7,-0.6064419085603594,-0.5014419085603594,0.001190782001660977,0.459792283631568,0.564792283631568,0.9572327125296929,0.39244042889812486,0.459792283631568,17,109,21,0.7264851963407251,-0.2044341522827901,False,-0.8602880872991424,-0.7552880872991424,0.0,0.7552880872991424,,,validation,
~asp_mercury_uranus_square_orb3 & asp_pluto_uranus_sextile_orb3,2,4,-0.5944864043136663,-0.5544864043136662,-0.05185371375164585,0.45979211389098573,0.4997921138909857,0.8922325427891106,0.39244042889812486,0.45979211389098573,10,138,14,0.6341030920601429,-0.2044341522827901,False,-0.7952880872991425,-0.7552880872991424,0.0,0.7552880872991424,,,validation,
~asp_mercury_uranus_square_orb5 & asp_pluto_uranus_sextile_orb3 & ~asp_pluto_venus_conj_orb5,3,7,-0.6492018033373483,-0.5442018033373484,-0.04156911277532797,0.4594570364448314,0.5644570364448314,0.9568974653429563,0.39244042889812486,0.4594570364448314,13,136,17,0.726008550888054,-0.2044341522827901,False,-0.8602880872991424,-0.7552880872991424,0.0,0.7552880872991424,,,validation,
~asp_mercury_uranus_square_orb3 & asp_pluto_uranus_sextile_orb3 & ~mars_ingress_5d,3,7,-0.6704637900405402,-0.5654637900405403,-0.06283109947851988,0.4592919547651624,0.5642919547651624,0.9567323836632872,0.39244042889812486,0.4592919547651624,30,50,39,0.725773842857921,-0.2044341522827901,False,-0.8602880872991424,-0.7552880872991424,0.0,0.7552880872991424,,,validation,
~asp_mercury_uranus_square_orb5 & asp_pluto_uranus_sextile_orb3 & ~asp_saturn_venus_sextile_orb3,3,7,-0.6312484093305853,-0.5262484093305854,-0.023615718768564973,0.45929011531005726,0.5642901153100572,0.956730544208182,0.39244042889812486,0.45929011531005726,15,136,21,0.725771227579999,-0.2044341522827901,False,-0.8602880872991424,-0.7552880872991424,0.0,0.7552880872991424,,,validation,
~asp_moon_saturn_trine_orb1 & ~asp_neptune_venus_square_orb5 & asp_pluto_uranus_sextile_orb3,3,7,-0.6008827595256282,-0.49588275952562816,0.0067499310363922605,0.45908523370836485,0.5640852337083648,0.9565256626064896,0.39244042889812486,0.45908523370836485,18,104,25,0.7254799338730316,-0.2044341522827901,False,-0.8602880872991424,-0.7552880872991424,0.0,0.7552880872991424,,,validation,
asp_pluto_uranus_sextile_orb3 & ~asp_pluto_venus_opp_orb3 & ~mercury_sign_cancer,3,7,-0.6340276742428472,-0.5290276742428472,-0.02639498368082684,0.4589030322534893,0.5639030322534893,0.9563434611516141,0.39244042889812486,0.4589030322534893,8,188,13,0.7252208866021248,-0.2044341522827901,False,-0.8602880872991424,-0.7552880872991424,0.0,0.7552880872991424,,,validation,
~asp_moon_saturn_trine_orb1 & asp_pluto_uranus_sextile_orb3 & ~asp_saturn_venus_sextile_orb1,3,7,-0.5855631454228304,-0.4805631454228304,0.02206954513919001,0.4588262617201002,0.5638262617201002,0.9562666906182251,0.39244042889812486,0.4588262617201002,18,150,26,0.7251117372666238,-0.2044341522827901,False,-0.8602880872991424,-0.7552880872991424,0.0,0.7552880872991424,,,validation,
~asp_mars_neptune_square_orb3 & ~asp_neptune_sun_square_orb5 & asp_pluto_uranus_sextile_orb3,3,7,-0.6681393018941997,-0.5631393018941997,-0.06050661133217932,0.4586157654477072,0.5636157654477072,0.956056194345832,0.39244042889812486,0.4586157654477072,12,118,16,0.724812462407773,-0.2044341522827901,False,-0.8602880872991424,-0.7552880872991424,0.0,0.7552880872991424,,,validation,
asp_pluto_uranus_sextile_orb3 & ~asp_saturn_sun_square_orb5 & ~mars_ingress_3d,3,7,-0.7104152868195154,-0.6054152868195154,-0.10278259625749496,0.45807438980012294,0.5630743898001229,0.9555148186982477,0.39244042889812486,0.45807438980012294,29,76,39,0.7240427602994985,-0.2044341522827901,False,-0.8602880872991424,-0.7552880872991424,0.0,0.7552880872991424,,,validation,
~asp_mercury_uranus_square_orb5 & ~asp_neptune_sun_conj_orb1 & asp_pluto_uranus_sextile_orb3,3,7,-0.6492018033373483,-0.5442018033373484,-0.04156911277532797,0.4579753581838426,0.5629753581838426,0.9554157870819674,0.39244042889812486,0.4579753581838426,14,136,18,0.7239019623795864,-0.2044341522827901,False,-0.8602880872991424,-0.7552880872991424,0.0,0.7552880872991424,,,validation,
~asp_mars_neptune_trine_orb5 & ~asp_moon_saturn_trine_orb1 & asp_pluto_uranus_sextile_orb3,3,7,-0.5398506630703696,-0.43485066307036957,0.06778202749165083,0.45774362937708135,0.5627436293770813,0.9551840582752061,0.39244042889812486,0.45774362937708135,16,121,23,0.723572503227123,-0.2044341522827901,False,-0.8602880872991424,-0.7552880872991424,0.0,0.7552880872991424,,,validation,
~asp_mars_saturn_sextile_orb5 & ~asp_moon_saturn_trine_orb1 & asp_pluto_uranus_sextile_orb3,3,7,-0.625371283258361,-0.520371283258361,-0.01773859269634064,0.4575063924808418,0.5625063924808418,0.9549468213789666,0.39244042889812486,0.4575063924808418,14,184,21,0.7232352138816769,-0.2044341522827901,False,-0.8602880872991424,-0.7552880872991424,0.0,0.7552880872991424,,,validation,
~asp_jupiter_venus_conj_orb5 & ~asp_moon_saturn_trine_orb1 & asp_pluto_uranus_sextile_orb3,3,7,-0.5975787139577642,-0.4925787139577642,0.010053976604256222,0.4569404652984965,0.5619404652984965,0.9543808941966213,0.39244042889812486,0.4569404652984965,13,184,19,0.7224306158735452,-0.2044341522827901,False,-0.8602880872991424,-0.7552880872991424,0.0,0.7552880872991424,,,validation,
~asp_mars_neptune_trine_orb5 & ~asp_mercury_uranus_square_orb5 & asp_pluto_uranus_sextile_orb3,3,7,-0.5951648387861792,-0.49016483878617917,0.012467851775841272,0.45687127440764796,0.561871274407648,0.9543117033057728,0.39244042889812486,0.45687127440764796,15,94,20,0.7223322451767193,-0.2044341522827901,False,-0.8602880872991424,-0.7552880872991424,0.0,0.7552880872991424,,,validation,
~asp_mars_neptune_square_orb5 & asp_pluto_uranus_sextile_orb3 & ~sun_sign_cancer,3,7,-0.6960754527084764,-0.5910754527084764,-0.08844276214645595,0.4567398843476014,0.5617398843476014,0.9541803132457263,0.39244042889812486,0.4567398843476014,8,183,13,0.7221454443302391,-0.2044341522827901,False,-0.8602880872991424,-0.7552880872991424,0.0,0.7552880872991424,,,validation,
~asp_mercury_uranus_square_orb1 & asp_pluto_uranus_sextile_orb3 & ~mars_ingress_5d,3,7,-0.6217098208313339,-0.5167098208313339,-0.014077130269313424,0.4565522703194691,0.5615522703194691,0.953992699217594,0.39244042889812486,0.4565522703194691,29,50,37,0.7218787088137917,-0.2044341522827901,False,-0.8602880872991424,-0.7552880872991424,0.0,0.7552880872991424,,,validation,
~asp_mars_neptune_trine_orb3 & asp_pluto_uranus_sextile_orb3 & ~mercury_sign_cancer,3,7,-0.6010551442624229,-0.4960551442624229,0.006577546299597488,0.4563571593349003,0.5613571593349003,0.9537975882330252,0.39244042889812486,0.4563571593349003,10,140,14,0.7216013152936684,-0.2044341522827901,False,-0.8602880872991424,-0.7552880872991424,0.0,0.7552880872991424,,,validation,
~asp_moon_saturn_trine_orb1 & ~asp_pluto_sun_square_orb1 & asp_pluto_uranus_sextile_orb3,3,7,-0.5874796273860323,-0.48247962738603234,0.02015306317598808,0.4561777264090747,0.5611777264090747,0.9536181553071995,0.39244042889812486,0.4561777264090747,18,138,25,0.7213462121544014,-0.2044341522827901,False,-0.8602880872991424,-0.7552880872991424,0.0,0.7552880872991424,,,validation,
asp_pluto_uranus_sextile_orb3 & ~asp_saturn_sun_sextile_orb3,2,4,-0.5314503402611784,-0.4914503402611784,0.01118235030084204,0.4548819288694359,0.4948819288694359,0.8873223577675607,0.39244042889812486,0.4548819288694359,9,163,13,0.6271271036758661,-0.2044341522827901,False,-0.7952880872991425,-0.7552880872991424,0.0,0.7552880872991424,,,validation,
asp_pluto_uranus_sextile_orb3 & ~asp_uranus_venus_sextile_orb5,2,4,-0.5342495969688792,-0.49424959696887916,0.00838309359314127,0.45425143266994106,0.49425143266994104,0.8866918615680659,0.39244042889812486,0.45425143266994106,11,211,13,0.6262313727031761,-0.2044341522827901,False,-0.7952880872991425,-0.7552880872991424,0.0,0.7552880872991424,,,validation,
asp_pluto_uranus_sextile_orb3 & ~asp_pluto_venus_opp_orb3,2,4,-0.5336966707111381,-0.49369667071113815,0.008936019850882248,0.4524318335352673,0.49243183353526726,0.8848722624333921,0.39244042889812486,0.4524318335352673,6,255,10,0.6236463449652672,-0.2044341522827901,False,-0.7952880872991425,-0.7552880872991424,0.0,0.7552880872991424,,,validation,
~asp_jupiter_moon_square_orb1 & asp_pluto_uranus_sextile_orb3,2,4,-0.5379743512059305,-0.4979743512059305,0.0046583393560899675,0.4523164285970538,0.49231642859705377,0.8847568574951786,0.39244042889812486,0.4523164285970538,15,151,17,0.6234823957151501,-0.2044341522827901,False,-0.7952880872991425,-0.7552880872991424,0.0,0.7552880872991424,,,validation,
~asp_mars_neptune_trine_orb1 & asp_pluto_uranus_sextile_orb3,2,4,-0.507250724447983,-0.46725072444798305,0.0353819661140374,0.44761616784835023,0.4876161678483502,0.8800565967464751,0.39244042889812486,0.44761616784835023,8,266,11,0.616805171483358,-0.2044341522827901,False,-0.7952880872991425,-0.7552880872991424,0.0,0.7552880872991424,,,validation,
~asp_mars_neptune_square_orb5 & asp_pluto_uranus_sextile_orb3,2,4,-0.5983697425279225,-0.5583697425279225,-0.05573705196590208,0.44693032865388016,0.48693032865388014,0.879370757552005,0.39244042889812486,0.44693032865388016,6,237,9,0.6158308910137889,-0.2044341522827901,False,-0.7952880872991425,-0.7552880872991424,0.0,0.7552880872991424,,,validation,
asp_pluto_uranus_sextile_orb3 & ~asp_pluto_venus_sextile_orb1,2,4,-0.5270796375229201,-0.48707963752292005,0.015553053039100376,0.44542192229738675,0.48542192229738673,0.8778623511955116,0.39244042889812486,0.44542192229738675,10,215,13,0.613688123532744,-0.2044341522827901,False,-0.7952880872991425,-0.7552880872991424,0.0,0.7552880872991424,,,validation,
asp_pluto_uranus_sextile_orb3,1,1,-0.5034753980256332,-0.4934753980256332,0.009157292536387187,0.4414721117257607,0.4514721117257607,0.8439125406238855,0.39244042889812486,0.4414721117257607,4,342,6,0.565469554739749,-0.2044341522827901,False,-0.7652880872991424,-0.7552880872991424,0.0,0.7552880872991424,,,validation,
asp_pluto_uranus_sextile_orb3 & ~asp_saturn_venus_sextile_orb5,2,4,-0.5515068522556531,-0.5115068522556531,-0.008874161693632688,0.44136899841157085,0.4813689984115708,0.8738094273096957,0.39244042889812486,0.44136899841157085,11,146,15,0.6079309079744957,-0.2044341522827901,False,-0.7952880872991425,-0.7552880872991424,0.0,0.7552880872991424,,,validation,
asp_pluto_uranus_sextile_orb3 & ~asp_saturn_sun_square_orb5,2,4,-0.6193449400856561,-0.5793449400856561,-0.0767122495236356,0.44099091166105686,0.48099091166105684,0.8734313405591817,0.39244042889812486,0.44099091166105686,10,130,14,0.6073938447133009,-0.2044341522827901,False,-0.7952880872991425,-0.7552880872991424,0.0,0.7552880872991424,,,validation,
~asp_mars_neptune_square_orb3 & asp_pluto_uranus_sextile_orb3,2,4,-0.6192444884064379,-0.5792444884064378,-0.07661179784441745,0.43889568492625897,0.47889568492625895,0.8713361138243838,0.39244042889812486,0.43889568492625897,6,237,9,0.6044176632048384,-0.2044341522827901,False,-0.7952880872991425,-0.7552880872991424,0.0,0.7552880872991424,,,validation,
asp_pluto_uranus_sextile_orb3 & ~asp_saturn_sun_conj_orb3,2,4,-0.5334753980256333,-0.4934753980256332,0.009157292536387187,0.43611842589651406,0.47611842589651404,0.8685588547946389,0.39244042889812486,0.43611842589651406,7,257,9,0.600472783484032,-0.2044341522827901,False,-0.7952880872991425,-0.7552880872991424,0.0,0.7552880872991424,,,validation,
~asp_jupiter_sun_square_orb1 & asp_pluto_uranus_sextile_orb3,2,4,-0.5723522788951184,-0.5323522788951184,-0.02971958833309793,0.4354756082661355,0.4754756082661355,0.8679160371642604,0.39244042889812486,0.4354756082661355,8,208,12,0.5995597274148454,-0.2044341522827901,False,-0.7952880872991425,-0.7552880872991424,0.0,0.7552880872991424,,,validation,
~asp_jupiter_venus_sextile_orb5 & asp_pluto_uranus_sextile_orb3,2,4,-0.5572366976588706,-0.5172366976588706,-0.01460400709685014,0.43492386353053025,0.47492386353053023,0.8673642924286551,0.39244042889812486,0.43492386353053025,11,220,14,0.5987760358412404,-0.2044341522827901,False,-0.7952880872991425,-0.7552880872991424,0.0,0.7552880872991424,,,validation,
~asp_jupiter_sun_square_orb3 & asp_pluto_uranus_sextile_orb3,2,4,-0.5942032424893136,-0.5542032424893135,-0.05157055192729315,0.434222187253973,0.47422218725397297,0.8666626161520978,0.39244042889812486,0.434222187253973,10,130,14,0.5977793897838664,-0.2044341522827901,False,-0.7952880872991425,-0.7552880872991424,0.0,0.7552880872991424,,,validation,
~asp_neptune_sun_opp_orb1 & asp_pluto_uranus_sextile_orb3,2,4,-0.5477292542702448,-0.5077292542702447,-0.005096563708224297,0.4321733463765729,0.4721733463765729,0.8646137752746977,0.39244042889812486,0.4321733463765729,6,184,10,0.5948693011885966,-0.2044341522827901,False,-0.7952880872991425,-0.7552880872991424,0.0,0.7552880872991424,,,validation,
~asp_mars_neptune_square_orb1 & asp_pluto_uranus_sextile_orb3,2,4,-0.5334753980256333,-0.4934753980256332,0.009157292536387187,0.4316600465028314,0.4716600465028314,0.8641004754009562,0.39244042889812486,0.4316600465028314,7,240,9,0.5941402409903138,-0.2044341522827901,False,-0.7952880872991425,-0.7552880872991424,0.0,0.7552880872991424,,,validation,
~asp_mars_neptune_trine_orb3 & asp_pluto_uranus_sextile_orb3,2,4,-0.497575551058374,-0.457575551058374,0.04505713950364642,0.4312996043469489,0.4712996043469489,0.8637400332450738,0.39244042889812486,0.4312996043469489,9,140,12,0.5936282929883312,-0.2044341522827901,False,-0.7952880872991425,-0.7552880872991424,0.0,0.7552880872991424,,,validation,
~asp_jupiter_venus_square_orb1 & asp_pluto_uranus_sextile_orb3,2,4,-0.5334753980256333,-0.4934753980256332,0.009157292536387187,0.4287313311852454,0.4687313311852454,0.8611717600833703,0.39244042889812486,0.4287313311852454,9,290,11,0.5899805441123303,-0.2044341522827901,False,-0.7952880872991425,-0.7552880872991424,0.0,0.7552880872991424,,,validation,
asp_pluto_uranus_sextile_orb3 & ~asp_saturn_sun_conj_orb5,2,4,-0.5334753980256333,-0.4934753980256332,0.009157292536387187,0.42695269158875837,0.46695269158875835,0.8593931204868832,0.39244042889812486,0.42695269158875837,7,253,9,0.5874543776559558,-0.2044341522827901,False,-0.7952880872991425,-0.7552880872991424,0.0,0.7552880872991424,,,validation,
~asp_neptune_sun_opp_orb5 & asp_pluto_uranus_sextile_orb3,2,4,-0.5803652273844996,-0.5403652273844995,-0.03773253682247917,0.42645266782491764,0.4664526678249176,0.8588930967230425,0.39244042889812486,0.42645266782491764,6,182,10,0.5867442121542124,-0.2044341522827901,False,-0.7952880872991425,-0.7552880872991424,0.0,0.7552880872991424,,,validation,
asp_pluto_uranus_sextile_orb3 & ~asp_saturn_sun_sextile_orb5,2,4,-0.43031898905088567,-0.3903189890508857,0.11231370151113475,0.4262618346269782,0.4662618346269782,0.858702263525103,0.39244042889812486,0.4262618346269782,9,159,13,0.5864731796887384,-0.2044341522827901,False,-0.7952880872991425,-0.7552880872991424,0.0,0.7552880872991424,,,validation,
asp_pluto_uranus_sextile_orb3 & ~asp_sun_uranus_sextile_orb1,2,4,-0.5579838384489287,-0.5179838384489287,-0.015351147886908284,0.4241337736413763,0.46413377364137626,0.8565742025395011,0.39244042889812486,0.4241337736413763,9,246,12,0.5834508189626497,-0.2044341522827901,False,-0.7952880872991425,-0.7552880872991424,0.0,0.7552880872991424,,,validation,
~asp_pluto_sun_square_orb5 & asp_pluto_uranus_sextile_orb3,2,4,-0.5787930695214204,-0.5387930695214204,-0.03616037895939992,0.42406187292008246,0.46406187292008244,0.8565023018182073,0.39244042889812486,0.42406187292008246,10,121,13,0.5833487037176315,-0.2044341522827901,False,-0.7952880872991425,-0.7552880872991424,0.0,0.7552880872991424,,,validation,
~asp_jupiter_sun_opp_orb5 & asp_pluto_uranus_sextile_orb3,2,4,-0.5357142843765522,-0.49571428437655224,0.006918406185468176,0.42317808133147916,0.46317808133147914,0.855618510229604,0.39244042889812486,0.42317808133147916,6,193,9,0.5820935264118934,-0.2044341522827901,False,-0.7952880872991425,-0.7552880872991424,0.0,0.7552880872991424,,,validation,
~asp_jupiter_sun_opp_orb3 & asp_pluto_uranus_sextile_orb3,2,4,-0.5589735812198985,-0.5189735812198984,-0.016340890657878037,0.42302899267738536,0.46302899267738534,0.8554694215755102,0.39244042889812486,0.42302899267738536,6,194,9,0.5818817890410422,-0.2044341522827901,False,-0.7952880872991425,-0.7552880872991424,0.0,0.7552880872991424,,,validation,
~asp_jupiter_mercury_trine_orb3 & asp_pluto_uranus_sextile_orb3,2,4,-0.35865194460475963,-0.31865194460475965,0.18398074595726074,0.4227038313802769,0.4627038313802769,0.8551442602784017,0.39244042889812486,0.4227038313802769,11,169,18,0.5814199924557164,-0.2044341522827901,False,-0.7952880872991425,-0.7552880872991424,0.0,0.7552880872991424,,,validation,
asp_pluto_uranus_sextile_orb3 & ~asp_sun_uranus_trine_orb5,2,4,-0.5815393326180177,-0.5415393326180177,-0.038906642055997274,0.4226971395206378,0.4626971395206378,0.8551375684187627,0.39244042889812486,0.4226971395206378,9,135,13,0.5814104886410834,-0.2044341522827901,False,-0.7952880872991425,-0.7552880872991424,0.0,0.7552880872991424,,,validation,
~asp_pluto_sun_opp_orb5 & asp_pluto_uranus_sextile_orb3,2,4,-0.6383789524885808,-0.5983789524885808,-0.0957462619265603,0.42186096747346025,0.4618609674734602,0.8543013963715851,0.39244042889812486,0.42186096747346025,6,222,10,0.5802229577639897,-0.2044341522827901,False,-0.7952880872991425,-0.7552880872991424,0.0,0.7552880872991424,,,validation,
asp_pluto_uranus_sextile_orb3 & ~jupiter_ingress_1d,2,4,-0.5334753980256333,-0.4934753980256332,0.009157292536387187,0.42100967523257826,0.46100967523257824,0.8534501041307031,0.39244042889812486,0.42100967523257826,7,265,9,0.5790139636070317,-0.2044341522827901,False,-0.7952880872991425,-0.7552880872991424,0.0,0.7552880872991424,,,validation,
~asp_neptune_venus_square_orb1 & asp_pluto_uranus_sextile_orb3,2,4,-0.5333007312509911,-0.49330073125099105,0.009331959311029347,0.4202167968222472,0.4602167968222472,0.8526572257203721,0.39244042889812486,0.4202167968222472,8,243,12,0.5778879374468355,-0.2044341522827901,False,-0.7952880872991425,-0.7552880872991424,0.0,0.7552880872991424,,,validation,
~asp_jupiter_venus_square_orb3 & asp_pluto_uranus_sextile_orb3,2,4,-0.5102018773660437,-0.4702018773660437,0.03243081319597673,0.41888887700939437,0.45888887700939435,0.8513293059075192,0.39244042889812486,0.41888887700939437,10,183,13,0.5760020791786622,-0.2044341522827901,False,-0.7952880872991425,-0.7552880872991424,0.0,0.7552880872991424,,,validation,
asp_pluto_uranus_sextile_orb3 & ~asp_saturn_sun_sextile_orb1,2,4,-0.5334753980256333,-0.4934753980256332,0.009157292536387187,0.41679596422048293,0.4567959642204829,0.8492363931186078,0.39244042889812486,0.41679596422048293,7,260,9,0.5730298603477353,-0.2044341522827901,False,-0.7952880872991425,-0.7552880872991424,0.0,0.7552880872991424,,,validation,
~asp_neptune_sun_opp_orb3 & asp_pluto_uranus_sextile_orb3,2,4,-0.5876136643810855,-0.5476136643810855,-0.04498097381906506,0.4146700919803108,0.4546700919803108,0.8471105208784356,0.39244042889812486,0.4146700919803108,6,184,10,0.5700108992282285,-0.2044341522827901,False,-0.7952880872991425,-0.7552880872991424,0.0,0.7552880872991424,,,validation,
~asp_mars_saturn_sextile_orb1 & asp_pluto_uranus_sextile_orb3,2,4,-0.5488040910435942,-0.5088040910435941,-0.00617140048157367,0.41366473214658395,0.4536647321465839,0.8461051610447088,0.39244042889812486,0.41366473214658395,7,203,10,0.5685832056442606,-0.2044341522827901,False,-0.7952880872991425,-0.7552880872991424,0.0,0.7552880872991424,,,validation,
~asp_neptune_venus_conj_orb3 & asp_pluto_uranus_sextile_orb3,2,4,-0.5334753980256333,-0.4934753980256332,0.009157292536387187,0.41201163504145155,0.45201163504145153,0.8444520639395764,0.39244042889812486,0.41201163504145155,11,281,13,0.5662357034245757,-0.2044341522827901,False,-0.7952880872991425,-0.7552880872991424,0.0,0.7552880872991424,,,validation,
~asp_mercury_uranus_trine_orb1 & asp_pluto_uranus_sextile_orb3,2,4,-0.5444464928948294,-0.5044464928948293,-0.0018138023328089152,0.4119070188011553,0.4519070188011553,0.8443474476992802,0.39244042889812486,0.4119070188011553,9,140,13,0.5660871430782504,-0.2044341522827901,False,-0.7952880872991425,-0.7552880872991424,0.0,0.7552880872991424,,,validation,
asp_pluto_uranus_sextile_orb3 & ~asp_pluto_venus_trine_orb5,2,4,-0.5613887802748431,-0.521388780274843,-0.018756089712822607,0.4116190902855794,0.4516190902855794,0.8440595191837043,0.39244042889812486,0.4116190902855794,9,140,12,0.5656782708493815,-0.2044341522827901,False,-0.7952880872991425,-0.7552880872991424,0.0,0.7552880872991424,,,validation,
asp_pluto_uranus_sextile_orb3 & ~asp_saturn_sun_conj_orb1,2,4,-0.5334753980256333,-0.4934753980256332,0.009157292536387187,0.4110418490874621,0.4510418490874621,0.843482277985587,0.39244042889812486,0.4110418490874621,7,260,9,0.5648585643822255,-0.2044341522827901,False,-0.7952880872991425,-0.7552880872991424,0.0,0.7552880872991424,,,validation,
asp_jupiter_pluto_square_orb3 & ~moon_sign_aries,2,4,-0.5342593832947776,-0.4942593832947776,0.00837330726724285,0.4107444134531171,0.45074441345311705,0.8431848423512419,0.39244042889812486,0.4107444134531171,6,18,17,-0.07169593859919454,0.8529051750854706,False,-0.7738578047569179,-0.7338578047569179,0.02143028254222461,0.7552880872991424,,,validation,
asp_pluto_uranus_sextile_orb3 & ~venus_sign_taurus,2,4,-0.5860144940067572,-0.5460144940067572,-0.0433818034447367,0.41054863325198543,0.4505486332519854,0.8429890621501103,0.39244042889812486,0.41054863325198543,6,258,10,0.5641581811945608,-0.2044341522827901,False,-0.7952880872991425,-0.7552880872991424,0.0,0.7552880872991424,,,validation,
~asp_jupiter_mercury_trine_orb1 & asp_pluto_uranus_sextile_orb3,2,4,-0.45683849761659245,-0.4168384976165925,0.08579419294542794,0.41026736208668757,0.45026736208668755,0.8427077909848124,0.39244042889812486,0.41026736208668757,9,171,16,0.5637587681725684,-0.2044341522827901,False,-0.7952880872991425,-0.7552880872991424,0.0,0.7552880872991424,,,validation,
~asp_moon_sun_trine_orb1 & asp_pluto_uranus_sextile_orb3,2,4,-0.549298519983043,-0.509298519983043,-0.006665829421022604,0.410017362943464,0.450017362943464,0.8424577918415889,0.39244042889812486,0.410017362943464,10,194,16,0.5634037632567275,-0.2044341522827901,False,-0.7952880872991425,-0.7552880872991424,0.0,0.7552880872991424,,,validation,
~asp_mercury_pluto_opp_orb5 & asp_pluto_uranus_sextile_orb3,2,4,-0.5147281534156808,-0.4747281534156808,0.027904537146339625,0.4099216132359056,0.44992161323590557,0.8423620421340304,0.39244042889812486,0.4099216132359056,7,206,11,0.5632677965597426,-0.2044341522827901,False,-0.7952880872991425,-0.7552880872991424,0.0,0.7552880872991424,,,validation,
~asp_jupiter_sun_square_orb5 & asp_pluto_uranus_sextile_orb3,2,4,-0.5410608941171335,-0.5010608941171335,0.0015717964448869002,0.40918324000209394,0.4491832400020939,0.8416236689002188,0.39244042889812486,0.40918324000209394,10,129,14,0.5622192946767401,-0.2044341522827901,False,-0.7952880872991425,-0.7552880872991424,0.0,0.7552880872991424,,,validation,
~asp_jupiter_venus_conj_orb3 & asp_pluto_uranus_sextile_orb3,2,4,-0.5334753980256333,-0.4934753980256332,0.009157292536387187,0.40896380026788404,0.448963800267884,0.8414042291660089,0.39244042889812486,0.40896380026788404,5,294,7,0.561907688220352,-0.2044341522827901,False,-0.7952880872991425,-0.7552880872991424,0.0,0.7552880872991424,,,validation,
~asp_neptune_sun_trine_orb1 & asp_pluto_uranus_sextile_orb3,2,4,-0.5171514239153565,-0.4771514239153565,0.025481266646663933,0.4089184315027746,0.4489184315027746,0.8413588604008995,0.39244042889812486,0.4089184315027746,9,142,13,0.5618432642391222,-0.2044341522827901,False,-0.7952880872991425,-0.7552880872991424,0.0,0.7552880872991424,,,validation,
~asp_neptune_sun_conj_orb3 & asp_pluto_uranus_sextile_orb3,2,4,-0.5334753980256333,-0.4934753980256332,0.009157292536387187,0.4081021754338511,0.44810217543385106,0.8405426043319759,0.39244042889812486,0.4081021754338511,8,249,10,0.5606841796135749,-0.2044341522827901,False,-0.7952880872991425,-0.7552880872991424,0.0,0.7552880872991424,,,validation,
asp_pluto_uranus_sextile_orb3 & ~asp_sun_uranus_trine_orb1,2,4,-0.564494262856757,-0.5244942628567569,-0.0218615722947365,0.40746479087570386,0.44746479087570384,0.8399052197738287,0.39244042889812486,0.40746479087570386,8,140,12,0.559779099357461,-0.2044341522827901,False,-0.7952880872991425,-0.7552880872991424,0.0,0.7552880872991424,,,validation,
asp_pluto_uranus_sextile_orb3 & ~mercury_sign_aquarius,2,4,-0.5419224634730961,-0.5019224634730961,0.0007102270889243181,0.40731796592055813,0.4473179659205581,0.839758394818683,0.39244042889812486,0.40731796592055813,8,235,10,0.5595706100810847,-0.2044341522827901,False,-0.7952880872991425,-0.7552880872991424,0.0,0.7552880872991424,,,validation,
asp_pluto_uranus_sextile_orb3 & ~asp_saturn_venus_conj_orb3,2,4,-0.5334753980256333,-0.4934753980256332,0.009157292536387187,0.40686387398723245,0.44686387398723243,0.8393043028853573,0.39244042889812486,0.40686387398723245,7,290,9,0.558925808158393,-0.2044341522827901,False,-0.7952880872991425,-0.7552880872991424,0.0,0.7552880872991424,,,validation,
~asp_mercury_neptune_square_orb1 & asp_pluto_uranus_sextile_orb3,2,4,-0.5772651911820449,-0.5372651911820449,-0.034632500620024445,0.4063821921929385,0.44638219219293845,0.8388226210910633,0.39244042889812486,0.4063821921929385,8,225,12,0.5582418323643918,-0.2044341522827901,False,-0.7952880872991425,-0.7552880872991424,0.0,0.7552880872991424,,,validation,
asp_pluto_uranus_sextile_orb3 & ~asp_saturn_venus_trine_orb1,2,4,-0.5440944784917647,-0.5040944784917647,-0.001461787929744289,0.4060626139676131,0.4460626139676131,0.838503042865738,0.39244042889812486,0.4060626139676131,10,194,13,0.5577880413019509,-0.2044341522827901,False,-0.7952880872991425,-0.7552880872991424,0.0,0.7552880872991424,,,validation,
asp_pluto_uranus_sextile_orb3 & ~asp_sun_uranus_opp_orb5,2,4,-0.556859168070857,-0.516859168070857,-0.014226477508836585,0.40482504029425337,0.44482504029425335,0.8372654691923782,0.39244042889812486,0.40482504029425337,6,178,10,0.5560307391732631,-0.2044341522827901,False,-0.7952880872991425,-0.7552880872991424,0.0,0.7552880872991424,,,validation,
~asp_moon_venus_conj_orb3 & asp_pluto_uranus_sextile_orb3,2,4,-0.5518591634380646,-0.5118591634380646,-0.00922647287604416,0.40439218901347695,0.44439218901347693,0.8368326179116018,0.39244042889812486,0.40439218901347695,19,152,25,0.5554161138465072,-0.2044341522827901,False,-0.7952880872991425,-0.7552880872991424,0.0,0.7552880872991424,,,validation,
~asp_moon_pluto_trine_orb1 & asp_pluto_uranus_sextile_orb3,2,4,-0.5605743534928598,-0.5205743534928597,-0.017941662930839295,0.40418535442045567,0.44418535442045565,0.8366257833185805,0.39244042889812486,0.40418535442045567,13,168,17,0.5551224208886172,-0.2044341522827901,False,-0.7952880872991425,-0.7552880872991424,0.0,0.7552880872991424,,,validation,
~asp_neptune_sun_conj_orb1 & asp_pluto_uranus_sextile_orb3,2,4,-0.5334753980256333,-0.4934753980256332,0.009157292536387187,0.4030557957439609,0.44305579574396087,0.8354962246420857,0.39244042889812486,0.4030557957439609,8,254,10,0.5535185247015213,-0.2044341522827901,False,-0.7952880872991425,-0.7552880872991424,0.0,0.7552880872991424,,,validation,
asp_pluto_uranus_sextile_orb3 & ~asp_uranus_venus_square_orb3,2,4,-0.4425272588984944,-0.40252725889849444,0.10010543166352598,0.40220567260608553,0.4422056726060855,0.8346461015042104,0.39244042889812486,0.40220567260608553,10,179,15,0.5523114198195389,-0.2044341522827901,False,-0.7952880872991425,-0.7552880872991424,0.0,0.7552880872991424,,,validation,
asp_pluto_uranus_sextile_orb3 & ~asp_sun_venus_conj_orb3,2,4,-0.5334753980256333,-0.4934753980256332,0.009157292536387187,0.4007737568344337,0.4407737568344337,0.8332141857325586,0.39244042889812486,0.4007737568344337,8,196,10,0.5502782404009234,-0.2044341522827901,False,-0.7952880872991425,-0.7552880872991424,0.0,0.7552880872991424,,,validation,
asp_pluto_uranus_sextile_orb3 & ~asp_saturn_venus_sextile_orb3,2,4,-0.514815007620998,-0.474815007620998,0.027817682941022423,0.4003699710017804,0.4403699710017804,0.8328103998999052,0.39244042889812486,0.4003699710017804,10,210,14,0.549704909510502,-0.2044341522827901,False,-0.7952880872991425,-0.7552880872991424,0.0,0.7552880872991424,,,validation,
asp_pluto_uranus_sextile_orb3 & ~asp_saturn_venus_sextile_orb1,2,4,-0.5217682503609261,-0.4817682503609261,0.02086444020109437,0.40007433672241943,0.4400743367224194,0.8325147656205443,0.39244042889812486,0.40007433672241943,10,213,14,0.5492851432348103,-0.2044341522827901,False,-0.7952880872991425,-0.7552880872991424,0.0,0.7552880872991424,,,validation,
~asp_mars_neptune_sextile_orb3 & asp_pluto_uranus_sextile_orb3,2,4,-0.5998414328676346,-0.5598414328676345,-0.0572087423056141,0.39917925188247594,0.4391792518824759,0.8316196807806008,0.39244042889812486,0.39917925188247594,8,266,11,0.548014234437112,-0.2044341522827901,False,-0.7952880872991425,-0.7552880872991424,0.0,0.7552880872991424,,,validation,
asp_pluto_uranus_sextile_orb3 & ~asp_sun_uranus_conj_orb3,2,4,-0.5334753980256333,-0.4934753980256332,0.009157292536387187,0.3990398168935675,0.43903981689356747,0.8314802457916923,0.39244042889812486,0.3990398168935675,8,251,10,0.547816255166655,-0.2044341522827901,False,-0.7952880872991425,-0.7552880872991424,0.0,0.7552880872991424,,,validation,
~asp_jupiter_venus_conj_orb5 & asp_pluto_uranus_sextile_orb3,2,4,-0.5334753980256333,-0.4934753980256332,0.009157292536387187,0.3979352154928749,0.4379352154928749,0.8303756443909998,0.39244042889812486,0.3979352154928749,5,294,7,0.5462478767334402,-0.2044341522827901,False,-0.7952880872991425,-0.7552880872991424,0.0,0.7552880872991424,,,validation,
~asp_pluto_sun_square_orb1 & asp_pluto_uranus_sextile_orb3,2,4,-0.5236246524411875,-0.4836246524411875,0.019008038120832904,0.3974300196395246,0.4374300196395246,0.8298704485376495,0.39244042889812486,0.3974300196395246,10,138,13,0.5455305754920021,-0.2044341522827901,False,-0.7952880872991425,-0.7552880872991424,0.0,0.7552880872991424,,,validation,
~asp_neptune_venus_square_orb5 & asp_pluto_uranus_sextile_orb3,2,4,-0.5074646850833172,-0.4674646850833172,0.03516800547870325,0.3970054411560864,0.43700544115608636,0.8294458700542112,0.39244042889812486,0.3970054411560864,10,176,15,0.5449277414262692,-0.2044341522827901,False,-0.7952880872991425,-0.7552880872991424,0.0,0.7552880872991424,,,validation,
~asp_jupiter_sun_conj_orb1 & asp_pluto_uranus_sextile_orb3,2,4,-0.5334753980256333,-0.4934753980256332,0.009157292536387187,0.3966102862937152,0.4366102862937152,0.82905071519184,0.39244042889812486,0.3966102862937152,7,273,9,0.5443666865104495,-0.2044341522827901,False,-0.7952880872991425,-0.7552880872991424,0.0,0.7552880872991424,,,validation,
asp_pluto_uranus_sextile_orb3 & ~asp_sun_uranus_opp_orb3,2,4,-0.5162534035271417,-0.4762534035271417,0.02637928703487872,0.3955012415692549,0.4355012415692549,0.8279416704673798,0.39244042889812486,0.3955012415692549,6,179,10,0.5427920371199382,-0.2044341522827901,False,-0.7952880872991425,-0.7552880872991424,0.0,0.7552880872991424,,,validation,
~asp_neptune_venus_square_orb3 & asp_pluto_uranus_sextile_orb3,2,4,-0.525283455643633,-0.48528345564363295,0.01734923491838747,0.3954974078587653,0.4354974078587653,0.8279378367568901,0.39244042889812486,0.3954974078587653,10,179,15,0.5427865939520209,-0.2044341522827901,False,-0.7952880872991425,-0.7552880872991424,0.0,0.7552880872991424,,,validation,
~asp_mars_uranus_sextile_orb5 & asp_pluto_uranus_sextile_orb3,2,4,-0.5589507532780116,-0.5189507532780115,-0.01631806271599112,0.3952808028363173,0.43528080283631726,0.8277212317344421,0.39244042889812486,0.3952808028363173,7,257,10,0.5424790547605258,-0.2044341522827901,False,-0.7952880872991425,-0.7552880872991424,0.0,0.7552880872991424,,,validation,
asp_jupiter_pluto_square_orb3 & ~asp_neptune_sun_opp_orb5,2,4,-0.46082255957158286,-0.4208225595715829,0.08181013099043752,0.3950431587532093,0.43504315875320926,0.8274835876513341,0.39244042889812486,0.3950431587532093,4,42,9,-0.07169593859919454,0.8270033939879036,False,-0.6449347294742109,-0.6049347294742109,0.1503533578249316,0.7552880872991424,,,validation,
~asp_jupiter_mars_square_orb1 & asp_pluto_uranus_sextile_orb3,2,4,-0.5334753980256333,-0.4934753980256332,0.009157292536387187,0.3949744512904736,0.4349744512904736,0.8274148801885984,0.39244042889812486,0.3949744512904736,7,250,9,0.5420440931784312,-0.2044341522827901,False,-0.7952880872991425,-0.7552880872991424,0.0,0.7552880872991424,,,validation,
~asp_jupiter_mercury_trine_orb5 & asp_pluto_uranus_sextile_orb3,2,4,-0.4479714280730473,-0.4079714280730473,0.09466126248897311,0.39485059744575524,0.4348505974457552,0.8272910263438801,0.39244042889812486,0.39485059744575524,11,169,17,0.5418682443848306,-0.2044341522827901,False,-0.7952880872991425,-0.7552880872991424,0.0,0.7552880872991424,,,validation,
~asp_mars_venus_sextile_orb1 & asp_pluto_uranus_sextile_orb3,2,4,-0.5877975803758282,-0.5477975803758282,-0.04516488981380775,0.39400405936254634,0.4340040593625463,0.8264444882606712,0.39244042889812486,0.39400405936254634,7,256,10,0.5406663278214467,-0.2044341522827901,False,-0.7952880872991425,-0.7552880872991424,0.0,0.7552880872991424,,,validation,
~asp_mars_saturn_sextile_orb5 & asp_pluto_uranus_sextile_orb3,2,4,-0.5605942977620274,-0.5205942977620274,-0.017961607200006908,0.39385604956096965,0.4338560495609696,0.8262964784590945,0.39244042889812486,0.39385604956096965,7,201,10,0.5404561842231936,-0.2044341522827901,False,-0.7952880872991425,-0.7552880872991424,0.0,0.7552880872991424,,,validation,
~asp_mercury_venus_conj_orb1 & asp_pluto_uranus_sextile_orb3,2,4,-0.5334753980256333,-0.4934753980256332,0.009157292536387187,0.39364573090241617,0.43364573090241615,0.826086159800541,0.39244042889812486,0.39364573090241617,9,313,11,0.5401575753399079,-0.2044341522827901,False,-0.7952880872991425,-0.7552880872991424,0.0,0.7552880872991424,,,validation,
~asp_jupiter_moon_opp_orb1 & asp_pluto_uranus_sextile_orb3,2,4,-0.5334753980256333,-0.4934753980256332,0.009157292536387187,0.39272097243309956,0.43272097243309954,0.8251614013312244,0.39244042889812486,0.39272097243309956,11,227,13,0.5388446174200483,-0.2044341522827901,False,-0.7952880872991425,-0.7552880872991424,0.0,0.7552880872991424,,,validation,
~asp_mars_neptune_trine_orb5 & asp_pluto_uranus_sextile_orb3,2,4,-0.4773647440463396,-0.4373647440463396,0.06526794651568078,0.3924770465600985,0.4324770465600985,0.8249174754582234,0.39244042889812486,0.3924770465600985,9,140,12,0.5384982971936487,-0.2044341522827901,False,-0.7952880872991425,-0.7552880872991424,0.0,0.7552880872991424,,,validation,
~asp_mars_venus_sextile_orb5 & asp_pluto_uranus_sextile_orb3,2,4,-0.5716365140416059,-0.5316365140416058,-0.029003823479585366,0.3920145629285674,0.4320145629285674,0.8244549918266922,0.39244042889812486,0.3920145629285674,7,252,10,0.5378416760782065,-0.2044341522827901,False,-0.7952880872991425,-0.7552880872991424,0.0,0.7552880872991424,,,validation,
asp_jupiter_pluto_square_orb3 & ~asp_neptune_sun_opp_orb3,2,4,-0.42009782052500183,-0.38009782052500185,0.12253487003701855,0.3917787016347908,0.43177870163479076,0.8242191305329156,0.39244042889812486,0.3917787016347908,4,42,10,-0.07169593859919454,0.8205867168762535,False,-0.6450251983742067,-0.6050251983742067,0.15026288892493575,0.7552880872991424,,,validation,
asp_pluto_uranus_sextile_orb3 & ~asp_pluto_venus_conj_orb5,2,4,-0.5334753980256333,-0.4934753980256332,0.009157292536387187,0.3912196818152921,0.4312196818152921,0.8236601107134169,0.39244042889812486,0.3912196818152921,8,261,10,0.5367131334489244,-0.2044341522827901,False,-0.7952880872991425,-0.7552880872991424,0.0,0.7552880872991424,,,validation,
asp_pluto_uranus_sextile_orb3 & ~asp_saturn_venus_conj_orb5,2,4,-0.5334753980256333,-0.4934753980256332,0.009157292536387187,0.39002918874651427,0.43002918874651425,0.8224696176446391,0.39244042889812486,0.39002918874651427,7,287,9,0.5350229321830964,-0.2044341522827901,False,-0.7952880872991425,-0.7552880872991424,0.0,0.7552880872991424,,,validation,
~asp_mercury_pluto_square_orb1 & asp_pluto_uranus_sextile_orb3,2,4,-0.5824213432394706,-0.5424213432394706,-0.03978865267745016,0.38981350278555615,0.42981350278555613,0.822253931683681,0.39244042889812486,0.38981350278555615,10,166,14,0.5347167143849951,-0.2044341522827901,False,-0.7952880872991425,-0.7552880872991424,0.0,0.7552880872991424,,,validation,
asp_pluto_uranus_sextile_orb3 & ~venus_sign_cancer,2,4,-0.577270209700957,-0.537270209700957,-0.03463751913893657,0.3897160025539077,0.4297160025539077,0.8221564314520325,0.39244042889812486,0.3897160025539077,6,170,9,0.5345782897039704,-0.2044341522827901,False,-0.7952880872991425,-0.7552880872991424,0.0,0.7552880872991424,,,validation,
~asp_mars_uranus_sextile_orb3 & asp_pluto_uranus_sextile_orb3,2,4,-0.52940891647448,-0.4894089164744799,0.013223774087540469,0.3896086267484956,0.4296086267484956,0.8220490556466205,0.39244042889812486,0.3896086267484956,7,259,10,0.5344258444593155,-0.2044341522827901,False,-0.7952880872991425,-0.7552880872991424,0.0,0.7552880872991424,,,validation,
~asp_mercury_moon_trine_orb1 & asp_pluto_uranus_sextile_orb3,2,4,-0.5611220288057388,-0.5211220288057388,-0.01848933824371831,0.3873146092383597,0.4273146092383597,0.8197550381364845,0.39244042889812486,0.3873146092383597,13,140,17,0.5311689846709553,-0.2044341522827901,False,-0.7952880872991425,-0.7552880872991424,0.0,0.7552880872991424,,,validation,
asp_pluto_uranus_sextile_orb3 & ~asp_uranus_venus_sextile_orb3,2,4,-0.5334753980256333,-0.4934753980256332,0.009157292536387187,0.3871178606006269,0.4271178606006269,0.8195582894987518,0.39244042889812486,0.3871178606006269,11,214,13,0.5308896603386912,-0.2044341522827901,False,-0.7952880872991425,-0.7552880872991424,0.0,0.7552880872991424,,,validation,
~asp_mercury_venus_conj_orb3 & asp_pluto_uranus_sextile_orb3,2,4,-0.525683782873236,-0.485683782873236,0.01694890768878442,0.38700041711346944,0.4270004171134694,0.8194408460115943,0.39244042889812486,0.38700041711346944,12,139,15,0.5307229259024238,-0.2044341522827901,False,-0.7952880872991425,-0.7552880872991424,0.0,0.7552880872991424,,,validation,
~asp_moon_sun_square_orb1 & asp_pluto_uranus_sextile_orb3,2,4,-0.5712106944335784,-0.5312106944335784,-0.028578003871557973,0.3860743118304151,0.42607431183041505,0.8185147407285399,0.39244042889812486,0.3860743118304151,17,201,22,0.5294081415919951,-0.2044341522827901,False,-0.7952880872991425,-0.7552880872991424,0.0,0.7552880872991424,,,validation,
~asp_neptune_sun_square_orb1 & asp_pluto_uranus_sextile_orb3,2,4,-0.5308591458494735,-0.49085914584947343,0.011773544712546984,0.3856468415009707,0.4256468415009707,0.8180872703990956,0.39244042889812486,0.3856468415009707,9,177,12,0.5288012693772173,-0.2044341522827901,False,-0.7952880872991425,-0.7552880872991424,0.0,0.7552880872991424,,,validation,
asp_pluto_uranus_sextile_orb3 & ~jupiter_ingress_5d,2,4,-0.5334753980256333,-0.4934753980256332,0.009157292536387187,0.384136385752635,0.42413638575263496,0.8165768146507598,0.39244042889812486,0.384136385752635,7,261,9,0.5266569218274475,-0.2044341522827901,False,-0.7952880872991425,-0.7552880872991424,0.0,0.7552880872991424,,,validation,
~asp_mars_venus_sextile_orb3 & asp_pluto_uranus_sextile_orb3,2,4,-0.5983697425279225,-0.5583697425279225,-0.05573705196590208,0.3837593674257841,0.4237593674257841,0.8161997963239089,0.39244042889812486,0.3837593674257841,7,255,10,0.5261216854365505,-0.2044341522827901,False,-0.7952880872991425,-0.7552880872991424,0.0,0.7552880872991424,,,validation,
~asp_jupiter_sun_conj_orb3 & asp_pluto_uranus_sextile_orb3,2,4,-0.5334753980256333,-0.4934753980256332,0.009157292536387187,0.38293038225929443,0.4229303822592944,0.8153708111574193,0.39244042889812486,0.38293038225929443,7,268,9,0.5249448184510506,-0.2044341522827901,False,-0.7952880872991425,-0.7552880872991424,0.0,0.7552880872991424,,,validation,
asp_pluto_uranus_sextile_orb3 & ~asp_sun_uranus_trine_orb3,2,4,-0.5868045271218142,-0.5468045271218142,-0.04417183655979376,0.3787828383764451,0.4187828383764451,0.81122326727457,0.39244042889812486,0.3787828383764451,9,136,13,0.5190569092459656,-0.2044341522827901,False,-0.7952880872991425,-0.7552880872991424,0.0,0.7552880872991424,,,validation,
asp_pluto_uranus_sextile_orb3 & ~asp_pluto_venus_conj_orb3,2,4,-0.5334753980256333,-0.4934753980256332,0.009157292536387187,0.37844163127784336,0.41844163127784334,0.8108820601759682,0.39244042889812486,0.37844163127784336,8,263,10,0.5185725375949903,-0.2044341522827901,False,-0.7952880872991425,-0.7552880872991424,0.0,0.7552880872991424,,,validation,
~asp_neptune_venus_sextile_orb1 & asp_pluto_uranus_sextile_orb3,2,4,-0.5334753980256333,-0.4934753980256332,0.009157292536387187,0.3782777337301939,0.4182777337301939,0.8107181626283188,0.39244042889812486,0.3782777337301939,9,216,11,0.5183398720614931,-0.2044341522827901,False,-0.7952880872991425,-0.7552880872991424,0.0,0.7552880872991424,,,validation,
~asp_neptune_sun_trine_orb3 & asp_pluto_uranus_sextile_orb3,2,4,-0.5729998385699956,-0.5329998385699956,-0.03036714800797509,0.37755606619688487,0.41755606619688485,0.8099964950950097,0.39244042889812486,0.37755606619688487,9,140,13,0.517315412302292,-0.2044341522827901,False,-0.7952880872991425,-0.7552880872991424,0.0,0.7552880872991424,,,validation,
asp_pluto_uranus_sextile_orb3 & ~jupiter_ingress_3d,2,4,-0.5334753980256333,-0.4934753980256332,0.009157292536387187,0.3773597089545846,0.4173597089545846,0.8098001378527094,0.39244042889812486,0.3773597089545846,7,263,9,0.517036670096557,-0.2044341522827901,False,-0.7952880872991425,-0.7552880872991424,0.0,0.7552880872991424,,,validation,
~asp_jupiter_sun_sextile_orb3 & asp_pluto_uranus_sextile_orb3,2,4,-0.5171246915340751,-0.47712469153407516,0.025507999027945285,0.37729905366316874,0.4172990536631687,0.8097394825612936,0.39244042889812486,0.37729905366316874,10,169,13,0.5169505659706606,-0.2044341522827901,False,-0.7952880872991425,-0.7552880872991424,0.0,0.7552880872991424,,,validation,
~asp_moon_pluto_square_orb1 & asp_pluto_uranus_sextile_orb3,2,4,-0.5528327200876505,-0.5128327200876505,-0.010200029525630077,0.37664718356910765,0.4166471835691076,0.8090876124672325,0.39244042889812486,0.37664718356910765,12,180,15,0.5160251972176886,-0.2044341522827901,False,-0.7952880872991425,-0.7552880872991424,0.0,0.7552880872991424,,,validation,
~asp_mercury_pluto_sextile_orb3 & asp_pluto_uranus_sextile_orb3,2,4,-0.5200269033243125,-0.4800269033243124,0.02260578723770802,0.3754559236779279,0.4154559236779279,0.8078963525760527,0.39244042889812486,0.3754559236779279,13,142,16,0.5143341472997707,-0.2044341522827901,False,-0.7952880872991425,-0.7552880872991424,0.0,0.7552880872991424,,,validation,
asp_jupiter_saturn_square_orb5 & ~mercury_sign_cancer,2,4,-0.16488345804221397,-0.12488345804221396,0.37774923251980647,0.37515819104464565,0.41515819104464563,0.8075986199427705,0.39244042889812486,0.37515819104464565,8,73,13,0.5855652355612073,0.2166002013429923,True,-0.6406692429455785,-0.6006692429455784,0.154618844353564,0.7552880872991424,0.0061987602479504095,5000.0,validation,
~asp_mercury_moon_trine_orb3 & asp_pluto_uranus_sextile_orb3,2,4,-0.6295315372970471,-0.5895315372970471,-0.08689884673502671,0.3746449206863498,0.4146449206863498,0.8070853495844746,0.39244042889812486,0.3746449206863498,32,57,41,0.5131829012052636,-0.2044341522827901,False,-0.7952880872991425,-0.7552880872991424,0.0,0.7552880872991424,,,validation,
~asp_moon_uranus_sextile_orb1 & asp_pluto_uranus_sextile_orb3,2,4,-0.5604553028749829,-0.5204553028749829,-0.017822612312962456,0.37340651670758485,0.4134065167075848,0.8058469456057097,0.39244042889812486,0.37340651670758485,12,121,16,0.5114249623512597,-0.2044341522827901,False,-0.7952880872991425,-0.7552880872991424,0.0,0.7552880872991424,,,validation,
~asp_mercury_neptune_trine_orb3 & asp_pluto_uranus_sextile_orb3,2,4,-0.5099891304515292,-0.4699891304515291,0.032643560110491326,0.3733280128222122,0.41332801282221215,0.805768441720337,0.39244042889812486,0.3733280128222122,12,129,17,0.5113135252451162,-0.2044341522827901,False,-0.7952880872991425,-0.7552880872991424,0.0,0.7552880872991424,,,validation,
~asp_neptune_sun_conj_orb5 & asp_pluto_uranus_sextile_orb3,2,4,-0.5334753980256333,-0.4934753980256332,0.009157292536387187,0.37310895975463676,0.41310895975463674,0.8055493886527616,0.39244042889812486,0.37310895975463676,8,247,10,0.5110025775144205,-0.2044341522827901,False,-0.7952880872991425,-0.7552880872991424,0.0,0.7552880872991424,,,validation,
asp_pluto_uranus_sextile_orb3 & ~sun_sign_gemini,2,4,-0.5456648521848481,-0.505664852184848,-0.0030321616228276556,0.373036692685651,0.41303669268565096,0.8054771215837758,0.39244042889812486,0.373036692685651,6,204,10,0.5108999939264649,-0.2044341522827901,False,-0.7952880872991425,-0.7552880872991424,0.0,0.7552880872991424,,,validation,
~asp_pluto_sun_sextile_orb3 & asp_pluto_uranus_sextile_orb3,2,4,-0.5334753980256333,-0.4934753980256332,0.009157292536387187,0.37256132376374085,0.41256132376374083,0.8050017526618657,0.39244042889812486,0.37256132376374085,11,165,13,0.5102252063376769,-0.2044341522827901,False,-0.7952880872991425,-0.7552880872991424,0.0,0.7552880872991424,,,validation,
~asp_mars_pluto_square_orb1 & asp_pluto_uranus_sextile_orb3,2,4,-0.5506291795173888,-0.5106291795173887,-0.007996488955368322,0.3720270107729313,0.4120270107729313,0.8044674396710562,0.39244042889812486,0.3720270107729313,9,178,12,0.5094667511487931,-0.2044341522827901,False,-0.7952880872991425,-0.7552880872991424,0.0,0.7552880872991424,,,validation,
~asp_mercury_saturn_sextile_orb1 & asp_pluto_uranus_sextile_orb3,2,4,-0.5467509011109127,-0.5067509011109127,-0.004118210548892263,0.3720058130327628,0.4120058130327628,0.8044462419308877,0.39244042889812486,0.3720058130327628,10,164,13,0.5094366611202856,-0.2044341522827901,False,-0.7952880872991425,-0.7552880872991424,0.0,0.7552880872991424,,,validation,
~asp_mercury_venus_conj_orb5 & asp_pluto_uranus_sextile_orb3,2,4,-0.490132896274965,-0.450132896274965,0.05249979428705541,0.37185909893386326,0.41185909893386324,0.8042995278319881,0.39244042889812486,0.37185909893386326,12,138,15,0.5092284017575452,-0.2044341522827901,False,-0.7952880872991425,-0.7552880872991424,0.0,0.7552880872991424,,,validation,
~asp_pluto_sun_sextile_orb1 & asp_pluto_uranus_sextile_orb3,2,4,-0.5334753980256333,-0.4934753980256332,0.009157292536387187,0.36941915555527216,0.40941915555527214,0.801859584453397,0.39244042889812486,0.36941915555527216,11,168,13,0.5057649667329331,-0.2044341522827901,False,-0.7952880872991425,-0.7552880872991424,0.0,0.7552880872991424,,,validation,
~asp_mercury_uranus_conj_orb5 & asp_pluto_uranus_sextile_orb3,2,4,-0.5334753980256333,-0.4934753980256332,0.009157292536387187,0.36895046716298996,0.40895046716298994,0.8013908960611148,0.39244042889812486,0.36895046716298996,10,246,12,0.5050996852391203,-0.2044341522827901,False,-0.7952880872991425,-0.7552880872991424,0.0,0.7552880872991424,,,validation,
~asp_jupiter_venus_trine_orb3 & asp_pluto_uranus_sextile_orb3,2,4,-0.5346995017544985,-0.49469950175449856,0.00793318880752184,0.36785797718725655,0.4078579771872565,0.8002984060853814,0.39244042889812486,0.36785797718725655,10,139,14,0.5035489578293719,-0.2044341522827901,False,-0.7952880872991425,-0.7552880872991424,0.0,0.7552880872991424,,,validation,
asp_pluto_uranus_sextile_orb3 & ~asp_uranus_venus_opp_orb5,2,4,-0.5575822803385532,-0.5175822803385531,-0.014949589776532723,0.36680577079374277,0.40680577079374275,0.7992461996918676,0.39244042889812486,0.36680577079374277,6,189,9,0.5020554259765309,-0.2044341522827901,False,-0.7952880872991425,-0.7552880872991424,0.0,0.7552880872991424,,,validation,
asp_pluto_uranus_sextile_orb3 & ~venus_sign_virgo,2,4,-0.5913905228012206,-0.5513905228012206,-0.04875783223920016,0.3646138542980739,0.4046138542980739,0.7970542831961988,0.39244042889812486,0.3646138542980739,6,211,9,0.4989442051334183,-0.2044341522827901,False,-0.7952880872991425,-0.7552880872991424,0.0,0.7552880872991424,,,validation,
~asp_jupiter_venus_trine_orb5 & asp_pluto_uranus_sextile_orb3,2,4,-0.546517945891644,-0.506517945891644,-0.0038852553296235986,0.36337483544929605,0.40337483544929603,0.7958152643474209,0.39244042889812486,0.36337483544929605,10,137,14,0.4971855622622505,-0.2044341522827901,False,-0.7952880872991425,-0.7552880872991424,0.0,0.7552880872991424,,,validation,
asp_pluto_uranus_sextile_orb3 & ~venus_sign_leo,2,4,-0.4696710235853057,-0.42967102358530573,0.07296166697671468,0.36278846846991164,0.4027884684699116,0.7952288973680365,0.39244042889812486,0.36278846846991164,6,192,9,0.4963532898838079,-0.2044341522827901,False,-0.7952880872991425,-0.7552880872991424,0.0,0.7552880872991424,,,validation,
~asp_moon_sun_conj_orb1 & asp_pluto_uranus_sextile_orb3,2,4,-0.5450307712985406,-0.5050307712985406,-0.002398080736520094,0.3619087594825118,0.40190875948251176,0.7943491883806366,0.39244042889812486,0.3619087594825118,10,222,13,0.4951046650079223,-0.2044341522827901,False,-0.7952880872991425,-0.7552880872991424,0.0,0.7552880872991424,,,validation,
~asp_mars_pluto_trine_orb3 & asp_pluto_uranus_sextile_orb3,2,4,-0.47178788634766483,-0.43178788634766485,0.0708448042143556,0.3608410969207816,0.40084109692078157,0.7932815258189064,0.39244042889812486,0.3608410969207816,6,201,9,0.49358928009677006,-0.2044341522827901,False,-0.7952880872991425,-0.7552880872991424,0.0,0.7552880872991424,,,validation,
asp_pluto_uranus_sextile_orb3 & ~asp_uranus_venus_sextile_orb1,2,4,-0.5334753980256333,-0.4934753980256332,0.009157292536387187,0.3592101436267954,0.39921014362679536,0.7916505725249202,0.39244042889812486,0.3592101436267954,8,263,10,0.49127441908365554,-0.2044341522827901,False,-0.7952880872991425,-0.7552880872991424,0.0,0.7552880872991424,,,validation,
~asp_jupiter_mars_square_orb5 & asp_pluto_uranus_sextile_orb3,2,4,-0.5334753980256333,-0.4934753980256332,0.009157292536387187,0.3591362101423067,0.39913621014230666,0.7915766390404315,0.39244042889812486,0.3591362101423067,7,246,9,0.49116948391365867,-0.2044341522827901,False,-0.7952880872991425,-0.7552880872991424,0.0,0.7552880872991424,,,validation,
asp_pluto_uranus_sextile_orb3 & ~mercury_sign_libra,2,4,-0.5147936042287761,-0.4747936042287761,0.027839086333244327,0.3581313302500413,0.39813133025004127,0.7905717591481661,0.39244042889812486,0.3581313302500413,8,183,10,0.4897432464546121,-0.2044341522827901,False,-0.7952880872991425,-0.7552880872991424,0.0,0.7552880872991424,,,validation,
~asp_jupiter_sun_sextile_orb1 & asp_pluto_uranus_sextile_orb3,2,4,-0.5426035167711553,-0.5026035167711552,2.9173790865180202e-05,0.3578838425460731,0.39788384254607306,0.7903242714441979,0.39244042889812486,0.3578838425460731,10,172,13,0.48939198641830384,-0.2044341522827901,False,-0.7952880872991425,-0.7552880872991424,0.0,0.7552880872991424,,,validation,
~asp_mars_moon_sextile_orb3 & asp_pluto_uranus_sextile_orb3,2,4,-0.5437728136360614,-0.5037728136360614,-0.0011401230740410327,0.35742605320923326,0.39742605320923324,0.7898664821073581,0.39244042889812486,0.35742605320923326,30,98,34,0.48874224680876677,-0.2044341522827901,False,-0.7952880872991425,-0.7552880872991424,0.0,0.7552880872991424,,,validation,
~asp_mars_neptune_sextile_orb5 & asp_pluto_uranus_sextile_orb3,2,4,-0.5418091759734738,-0.5018091759734737,0.0008235145885467004,0.35720359215635056,0.39720359215635054,0.7896440210544754,0.39244042889812486,0.35720359215635056,7,263,10,0.4884265092360276,-0.2044341522827901,False,-0.7952880872991425,-0.7552880872991424,0.0,0.7552880872991424,,,validation,
~asp_mercury_neptune_conj_orb3 & asp_pluto_uranus_sextile_orb3,2,4,-0.5334753980256333,-0.4934753980256332,0.009157292536387187,0.3558707441656087,0.3958707441656087,0.7883111730637336,0.39244042889812486,0.3558707441656087,10,247,12,0.4865348203288169,-0.2044341522827901,False,-0.7952880872991425,-0.7552880872991424,0.0,0.7552880872991424,,,validation,
asp_pluto_uranus_sextile_orb3 & ~sun_sign_capricorn,2,4,-0.5334753980256333,-0.4934753980256332,0.009157292536387187,0.35586508833001806,0.39586508833001804,0.7883055172281429,0.39244042889812486,0.35586508833001806,8,234,10,0.48652679314634595,-0.2044341522827901,False,-0.7952880872991425,-0.7552880872991424,0.0,0.7552880872991424,,,validation,
~asp_mars_sun_sextile_orb5 & asp_pluto_uranus_sextile_orb3,2,4,-0.560686313787337,-0.520686313787337,-0.018053623225316544,0.35556912707037847,0.39556912707037845,0.7880095559685033,0.39244042889812486,0.35556912707037847,8,208,11,0.48610674351329086,-0.2044341522827901,False,-0.7952880872991425,-0.7552880872991424,0.0,0.7552880872991424,,,validation,
~asp_jupiter_venus_square_orb5 & asp_pluto_uranus_sextile_orb3,2,4,-0.4415227463143467,-0.4015227463143467,0.1011099442476737,0.351276069888093,0.391276069888093,0.7837164987862179,0.39244042889812486,0.351276069888093,10,180,13,0.4800138574345749,-0.2044341522827901,False,-0.7952880872991425,-0.7552880872991424,0.0,0.7552880872991424,,,validation,
~asp_jupiter_mercury_sextile_orb5 & asp_pluto_uranus_sextile_orb3,2,4,-0.5978062071232524,-0.5578062071232524,-0.055173516561231956,0.350499038379232,0.390499038379232,0.7829394672773569,0.39244042889812486,0.350499038379232,15,159,18,0.4789110880526555,-0.2044341522827901,False,-0.7952880872991425,-0.7552880872991424,0.0,0.7552880872991424,,,validation,
asp_pluto_uranus_sextile_orb3 & ~asp_saturn_venus_square_orb3,2,4,-0.521737783554644,-0.4817377835546439,0.020894907007376496,0.3489309371180538,0.38893093711805377,0.7813713660161786,0.39244042889812486,0.3489309371180538,10,173,14,0.476685650480307,-0.2044341522827901,False,-0.7952880872991425,-0.7552880872991424,0.0,0.7552880872991424,,,validation,
~asp_mercury_uranus_trine_orb3 & asp_pluto_uranus_sextile_orb3,2,4,-0.5557599496270672,-0.5157599496270672,-0.01312725906504673,0.348870849350854,0.388870849350854,0.7813112782489788,0.39244042889812486,0.348870849350854,10,134,15,0.4766003750187957,-0.2044341522827901,False,-0.7952880872991425,-0.7552880872991424,0.0,0.7552880872991424,,,validation,
~asp_mercury_uranus_trine_orb5 & asp_pluto_uranus_sextile_orb3,2,4,-0.4744757061342683,-0.43447570613426834,0.0681569844277521,0.34830277452021785,0.38830277452021783,0.7807432034183427,0.39244042889812486,0.34830277452021785,10,132,15,0.47579417595793205,-0.2044341522827901,False,-0.7952880872991425,-0.7552880872991424,0.0,0.7552880872991424,,,validation,
asp_pluto_uranus_sextile_orb3 & ~asp_sun_venus_conj_orb1,2,4,-0.5334753980256333,-0.4934753980256332,0.009157292536387187,0.3457168245154033,0.3857168245154033,0.7781572534135281,0.39244042889812486,0.3457168245154033,9,202,11,0.4721243075896193,-0.2044341522827901,False,-0.7952880872991425,-0.7552880872991424,0.0,0.7552880872991424,,,validation,
asp_pluto_uranus_sextile_orb3 & ~moon_phase_waning_gibbous,2,4,-0.6314599360911723,-0.5914599360911723,-0.08882724552915193,0.341135326709458,0.381135326709458,0.7735757556075828,0.39244042889812486,0.341135326709458,43,20,54,0.46562266035901945,-0.2044341522827901,False,-0.7952880872991425,-0.7552880872991424,0.0,0.7552880872991424,,,validation,
~asp_mercury_pluto_sextile_orb5 & asp_pluto_uranus_sextile_orb3,2,4,-0.5245346564383525,-0.4845346564383525,0.018098034123667922,0.34009379090945824,0.3800937909094582,0.7725342198075831,0.39244042889812486,0.34009379090945824,13,141,16,0.4641446454013425,-0.2044341522827901,False,-0.7952880872991425,-0.7552880872991424,0.0,0.7552880872991424,,,validation,
asp_pluto_uranus_sextile_orb3 & ~mercury_sign_gemini,2,4,-0.697878832432745,-0.6578788324327449,-0.1552461418707245,0.34005979004407505,0.38005979004407503,0.7725002189421999,0.39244042889812486,0.34005979004407505,6,197,11,0.46409639594289653,-0.2044341522827901,False,-0.7952880872991425,-0.7552880872991424,0.0,0.7552880872991424,,,validation,
~asp_jupiter_mars_square_orb3 & asp_pluto_uranus_sextile_orb3,2,4,-0.5334753980256333,-0.4934753980256332,0.009157292536387187,0.3398005477331302,0.37980054773313016,0.772240976631255,0.39244042889812486,0.3398005477331302,7,247,9,0.46372851459459996,-0.2044341522827901,False,-0.7952880872991425,-0.7552880872991424,0.0,0.7552880872991424,,,validation,
~asp_jupiter_mercury_conj_orb5 & asp_pluto_uranus_sextile_orb3,2,4,-0.5334753980256333,-0.4934753980256332,0.009157292536387187,0.3395806485461025,0.37958064854610246,0.7720210774442273,0.39244042889812486,0.3395806485461025,7,259,9,0.4634164643336933,-0.2044341522827901,False,-0.7952880872991425,-0.7552880872991424,0.0,0.7552880872991424,,,validation,
asp_mercury_neptune_sextile_orb5 & ~moon_phase_waning_gibbous,2,4,-0.6340039758003951,-0.5940039758003951,-0.09137128523837468,0.3388894836231673,0.37888948362316727,0.7713299125212921,0.39244042889812486,0.3388894836231673,38,13,107,0.6246565026362432,0.019090296620361324,True,-0.5788102982832513,-0.5388102982832512,0.21647778901589115,0.7552880872991424,0.0001999600079984003,5000.0,validation,
asp_jupiter_saturn_square_orb3 & ~mercury_sign_cancer,2,4,-0.2734376106262423,-0.2334376106262423,0.2691950799357781,0.33685776994555905,0.37685776994555903,0.7692981988436839,0.39244042889812486,0.33685776994555905,7,63,12,0.5877609812449351,-0.06356040698941387,False,-0.5900782332168384,-0.5500782332168384,0.20520985408230402,0.7552880872991424,,,validation,
asp_jupiter_saturn_square_orb5 & ~sun_sign_cancer,2,4,-0.2128557553265605,-0.1728557553265605,0.3297769352354599,0.3363850947367082,0.37638509473670817,0.768825523634833,0.39244042889812486,0.3363850947367082,7,87,12,0.668957323973417,0.14064367744364575,True,-0.6032154035744945,-0.5632154035744945,0.19207268372464795,0.7552880872991424,0.011597680463907219,5000.0,validation,
~asp_mercury_moon_trine_orb5 & asp_mercury_neptune_sextile_orb5,2,4,-0.557106534822083,-0.517106534822083,-0.014473844260062615,0.33596710303732014,0.3759671030373201,0.768407531935445,0.39244042889812486,0.33596710303732014,43,15,122,0.575335484622826,0.06050613012435574,True,-0.531737918215118,-0.491737918215118,0.26355016908402445,0.7552880872991424,0.0001999600079984003,5000.0,validation,
~asp_neptune_sun_sextile_orb3 & asp_pluto_uranus_sextile_orb3,2,4,-0.5609007698147811,-0.5209007698147811,-0.018268079252760645,0.33580153316715555,0.37580153316715553,0.7682419620652804,0.39244042889812486,0.33580153316715555,10,166,13,0.4580537694498579,-0.2044341522827901,False,-0.7952880872991425,-0.7552880872991424,0.0,0.7552880872991424,,,validation,
asp_mercury_neptune_sextile_orb5 & ~venus_sign_taurus,2,4,-0.43527788467450995,-0.39527788467450997,0.10735480588751044,0.3353113282979947,0.3753113282979947,0.7677517571961195,0.39244042889812486,0.3353113282979947,32,14,95,0.6291733206476162,0.02160796891478539,True,-0.39474722732457035,-0.35474722732457037,0.40054085997457206,0.7552880872991424,0.0003999200159968006,5000.0,validation,
~asp_neptune_venus_sextile_orb3 & asp_pluto_uranus_sextile_orb3,2,4,-0.5334753980256333,-0.4934753980256332,0.009157292536387187,0.3302838272940558,0.3702838272940558,0.7627242561921806,0.39244042889812486,0.3302838272940558,11,214,13,0.4502242882534573,-0.2044341522827901,False,-0.7952880872991425,-0.7552880872991424,0.0,0.7552880872991424,,,validation,
~asp_mars_sun_sextile_orb3 & asp_pluto_uranus_sextile_orb3,2,4,-0.5303584823883543,-0.4903584823883542,0.01227420817366621,0.32985680569740905,0.36985680569740903,0.7622972345955339,0.39244042889812486,0.32985680569740905,8,212,11,0.44961837214093126,-0.2044341522827901,False,-0.7952880872991425,-0.7552880872991424,0.0,0.7552880872991424,,,validation,
~asp_mercury_moon_trine_orb5 & asp_pluto_uranus_sextile_orb3,2,4,-0.6300470881567901,-0.5900470881567901,-0.08741439759476961,0.3289395497039288,0.3689395497039288,0.7613799786020536,0.39244042889812486,0.3289395497039288,51,36,63,0.4483168529857551,-0.2044341522827901,False,-0.7952880872991425,-0.7552880872991424,0.0,0.7552880872991424,,,validation,
~asp_neptune_venus_sextile_orb5 & asp_pluto_uranus_sextile_orb3,2,4,-0.5334753980256333,-0.4934753980256332,0.009157292536387187,0.32728765239655433,0.3672876523965543,0.7597280812946792,0.39244042889812486,0.32728765239655433,11,210,13,0.44597295889954736,-0.2044341522827901,False,-0.7952880872991425,-0.7552880872991424,0.0,0.7552880872991424,,,validation,
asp_pluto_uranus_sextile_orb3 & ~asp_saturn_sun_trine_orb3,2,4,-0.5684641481644945,-0.5284641481644945,-0.025831457602474094,0.3269163668735554,0.3669163668735554,0.7593567957716802,0.39244042889812486,0.3269163668735554,10,163,14,0.44544614288577344,-0.2044341522827901,False,-0.7952880872991425,-0.7552880872991424,0.0,0.7552880872991424,,,validation,
~asp_mercury_neptune_trine_orb5 & asp_pluto_uranus_sextile_orb3,2,4,-0.45367574898929414,-0.41367574898929416,0.08895694157272628,0.3239177890425121,0.3639177890425121,0.756358217940637,0.39244042889812486,0.3239177890425121,12,128,17,0.4411915338930754,-0.2044341522827901,False,-0.7952880872991425,-0.7552880872991424,0.0,0.7552880872991424,,,validation,
asp_pluto_uranus_sextile_orb3 & ~venus_sign_scorpio,2,4,-0.5083348820255962,-0.46833488202559614,0.03429780853642427,0.32382488593654524,0.3638248859365452,0.7562653148346701,0.39244042889812486,0.32382488593654524,8,247,10,0.4410597177822726,-0.2044341522827901,False,-0.7952880872991425,-0.7552880872991424,0.0,0.7552880872991424,,,validation,
asp_pluto_uranus_sextile_orb3 & ~moon_sign_aries,2,4,-0.6413786092377862,-0.6013786092377862,-0.09874591867576574,0.31899216814738207,0.35899216814738205,0.7514325970455069,0.39244042889812486,0.31899216814738207,39,38,51,0.4342029402174157,-0.2044341522827901,False,-0.7952880872991425,-0.7552880872991424,0.0,0.7552880872991424,,,validation,
~asp_jupiter_sun_square_orb3 & asp_mercury_neptune_sextile_orb5,2,4,-0.4592000325644733,-0.4192000325644733,0.08343265799754711,0.31870138530572445,0.35870138530572443,0.7511418142038493,0.39244042889812486,0.31870138530572445,36,15,100,0.6856593222873022,-0.041515385374571806,False,-0.5018968143102772,-0.46189681431027724,0.2933912729888652,0.7552880872991424,,,validation,
asp_mercury_neptune_sextile_orb5 & ~mars_ingress_5d,2,4,-0.44764406178837773,-0.40764406178837775,0.09498862877364267,0.31783565979510053,0.3578356597951005,0.7502760886932254,0.39244042889812486,0.31783565979510053,33,15,98,0.5387722698536737,0.04792778579893936,True,-0.8141960012600121,-0.7741960012600121,-0.01890791396086964,0.7552880872991424,0.0005998800239952009,5000.0,validation,
asp_pluto_uranus_sextile_orb3 & ~sun_sign_virgo,2,4,-0.5530050010231036,-0.5130050010231035,-0.010372310461083068,0.31595396318971747,0.35595396318971745,0.7483943920878423,0.39244042889812486,0.31595396318971747,7,182,9,0.4298924133715436,-0.2044341522827901,False,-0.7952880872991425,-0.7552880872991424,0.0,0.7552880872991424,,,validation,
asp_pluto_uranus_sextile_orb3 & saturn_retro,2,3,-0.2868210759544084,-0.25682107595440845,0.24581161460761197,0.31508108783153455,0.3450810878315345,0.7375215167296594,0.39244042889812486,0.31508108783153455,4,96,6,0.414467213148763,-0.2044341522827901,False,-0.7852880872991425,-0.7552880872991424,0.0,0.7552880872991424,,,validation,
asp_pluto_uranus_sextile_orb3 & ~sun_sign_libra,2,4,-0.5334753980256333,-0.4934753980256332,0.009157292536387187,0.31506002154049095,0.35506002154049093,0.7475004504386158,0.39244042889812486,0.31506002154049095,7,202,9,0.42862413430523194,-0.2044341522827901,False,-0.7952880872991425,-0.7552880872991424,0.0,0.7552880872991424,,,validation,
~mercury_sign_aquarius & ~neptune_retro,2,5,-0.24956505418567382,-0.19956505418567383,0.3030676363763466,0.3132158272005363,0.3632158272005363,0.7556562560986612,0.39244042889812486,0.3132158272005363,36,86,90,0.4127065571071997,0.30707907105651605,True,-0.16387808130075848,-0.1138780813007585,0.6414100059983839,0.7552880872991424,0.0009998000399920016,5000.0,validation,
asp_neptune_pluto_sextile_orb5 & ~asp_neptune_sun_opp_orb5,2,4,-0.11599987211013726,-0.07599987211013726,0.42663281845188317,0.3128298783264667,0.3528298783264667,0.7452703072245915,0.39244042889812486,0.3128298783264667,10,69,42,0.42546016430176037,-0.2044341522827901,False,-0.13945094745181805,-0.09945094745181804,0.6558371398473244,0.7552880872991424,,,validation,
mars_sign_virgo & ~venus_sign_scorpio,2,4,-0.6309784741556059,-0.5909784741556059,-0.08834578359358551,0.31212570591717204,0.352125705917172,0.7445661348152969,0.39244042889812486,0.31212570591717204,13,71,27,0.6329616142090226,-0.06973708185297603,False,-0.3043180784583023,-0.2643180784583023,0.49097000884084013,0.7552880872991424,,,validation,
~asp_neptune_venus_sextile_orb3 & ~neptune_retro,2,5,-0.046526655805071385,0.003473344194928618,0.506106034756949,0.3087884635218765,0.3587884635218765,0.7512288924200013,0.39244042889812486,0.3087884635218765,41,140,109,0.5469312295402635,0.19507013380662502,True,-0.44185349690661435,-0.39185349690661436,0.36343459039252807,0.7552880872991424,0.0001999600079984003,5000.0,validation,
~asp_pluto_sun_sextile_orb5 & asp_pluto_uranus_sextile_orb3,2,4,-0.5334753980256333,-0.4934753980256332,0.009157292536387187,0.30871362859512597,0.34871362859512595,0.7411540574932508,0.39244042889812486,0.30871362859512597,11,162,13,0.4196204839875872,-0.2044341522827901,False,-0.7952880872991425,-0.7552880872991424,0.0,0.7552880872991424,,,validation,
~asp_moon_neptune_opp_orb3 & asp_pluto_uranus_sextile_orb3,2,4,-0.5833661093111437,-0.5433661093111437,-0.04073341874912332,0.3073876209497757,0.34738762094977566,0.7398280498479005,0.39244042889812486,0.3073876209497757,19,114,26,0.41773933618431736,-0.2044341522827901,False,-0.7952880872991425,-0.7552880872991424,0.0,0.7552880872991424,,,validation,
~asp_jupiter_sun_square_orb1 & asp_mercury_neptune_sextile_orb5,2,4,-0.4534852705318097,-0.4134852705318097,0.08914742003021073,0.3044490241477916,0.3444490241477916,0.7368894530459165,0.39244042889812486,0.3044490241477916,38,15,104,0.643937250991865,-0.041515385374571806,False,-0.5760712619732558,-0.5360712619732557,0.21921682532588668,0.7552880872991424,,,validation,
~asp_moon_neptune_opp_orb5 & asp_pluto_uranus_sextile_orb3,2,4,-0.592893681138674,-0.552893681138674,-0.050260990576653584,0.3023051788519725,0.3423051788519725,0.7347456077500973,0.39244042889812486,0.3023051788519725,28,83,36,0.4105293062806752,-0.2044341522827901,False,-0.7952880872991425,-0.7552880872991424,0.0,0.7552880872991424,,,validation,
mars_sign_aries & ~sun_sign_aquarius,2,4,-0.569605022409976,-0.529605022409976,-0.026972331847955573,0.3019400589601725,0.3419400589601725,0.7343804878582973,0.39244042889812486,0.3019400589601725,8,32,25,0.19413758470647247,0.4405076433877107,True,-0.30649920242724604,-0.26649920242724606,0.48878888487189637,0.7552880872991424,0.0009998000399920016,5000.0,validation,
~asp_mars_sun_sextile_orb3 & asp_mercury_neptune_sextile_orb5,2,4,-0.46552298275741694,-0.42552298275741696,0.07710970780460345,0.3001826655969161,0.34018266559691607,0.7326230944950409,0.39244042889812486,0.3001826655969161,33,15,98,0.4243608912180774,0.1715357122811772,True,-0.4642423836421992,-0.42424238364219924,0.3310457036569432,0.7552880872991424,0.0003999200159968006,5000.0,validation,
~asp_mercury_neptune_trine_orb5 & mars_sign_virgo,2,4,-0.6000340805737763,-0.5600340805737762,-0.05740139001175584,0.2987333864358539,0.3387333864358539,0.7311738153339787,0.39244042889812486,0.2987333864358539,11,62,29,0.3926419897004845,0.19095649093764744,True,-0.36388944991050703,-0.32388944991050705,0.4313986373886354,0.7552880872991424,0.001799640071985603,5000.0,validation,
asp_neptune_pluto_sextile_orb5 & mars_sign_virgo,2,3,-0.6079430956853655,-0.5779430956853655,-0.07531040512334507,0.29636035654421533,0.3263603565442153,0.7188007854423402,0.39244042889812486,0.29636035654421533,2,38,16,0.38791181282138165,-0.2044341522827901,False,-0.4067676844904665,-0.37676768449046655,0.3785204028086759,0.7552880872991424,,,validation,
asp_mercury_neptune_sextile_orb5 & ~asp_neptune_sun_sextile_orb3,2,4,-0.5225491451228957,-0.48254914512289576,0.02008354543912467,0.29510607662974797,0.33510607662974795,0.7275465055278728,0.39244042889812486,0.29510607662974797,35,15,97,0.6057488256545684,-0.04764736092290345,False,-0.6299527180342784,-0.5899527180342784,0.165335369264864,0.7552880872991424,,,validation,
asp_jupiter_pluto_square_orb3 & ~mars_ingress_5d,2,4,-0.4826679680315962,-0.4426679680315962,0.05996472253042423,0.2942009000863365,0.33420090008633646,0.7266413289844613,0.39244042889812486,0.2942009000863365,6,24,15,0.06940176929412889,0.6136049762070412,True,-0.8602423841746407,-0.8202423841746407,-0.06495429687549824,0.7552880872991424,0.003199360127974405,5000.0,validation,
asp_jupiter_pluto_square_orb3 & ~asp_neptune_sun_opp_orb1,2,4,-0.38633238615656174,-0.34633238615656176,0.15630030440545867,0.2920469267014755,0.33204692670147545,0.7244873555996003,0.39244042889812486,0.2920469267014755,4,42,10,-0.07169593859919454,0.6568288071835022,False,-0.6785913758864506,-0.6385913758864505,0.1166967114126919,0.7552880872991424,,,validation,
asp_mercury_neptune_sextile_orb5 & ~venus_sign_sagittarius,2,4,-0.4619634372629701,-0.42196343726297014,0.08066925329905028,0.29197540721392434,0.3319754072139243,0.7244158361120492,0.39244042889812486,0.29197540721392434,34,15,97,0.6272778648269937,-0.06275357017323355,False,-0.6510970034108446,-0.6110970034108446,0.1441910838882978,0.7552880872991424,,,validation,
asp_mercury_neptune_sextile_orb5 & ~jupiter_ingress_5d,2,4,-0.4906863879310958,-0.45068638793109583,0.05194630263092462,0.2901675797806462,0.3301675797806462,0.7226080086787711,0.39244042889812486,0.2901675797806462,36,15,99,0.5031330292703728,0.06072849891314652,True,-0.542348383371332,-0.5023483833713319,0.2529397039278105,0.7552880872991424,0.0007998400319936012,5000.0,validation,
asp_jupiter_pluto_square_orb3 & ~asp_mars_moon_sextile_orb3,2,4,-0.4495871755194441,-0.4095871755194441,0.09304551504257629,0.28939813241354995,0.3293981324135499,0.7218385613116748,0.39244042889812486,0.28939813241354995,5,41,15,0.11203286635384879,0.5601474351872155,True,-0.6213524507404545,-0.5813524507404545,0.1739356365586879,0.7552880872991424,0.004399120175964807,5000.0,validation,
asp_jupiter_pluto_square_orb3 & ~moon_phase_waning_gibbous,2,4,-0.5760125850977973,-0.5360125850977973,-0.03337989453577687,0.2889520399372394,0.32895203993723937,0.7213924688353642,0.39244042889812486,0.2889520399372394,6,16,17,-0.20731785676843123,0.7305567181603696,False,-0.8396131984999281,-0.7996131984999281,-0.04432511120078563,0.7552880872991424,,,validation,
~asp_jupiter_mercury_square_orb3 & asp_pluto_uranus_sextile_orb3,2,4,-0.5218200259233035,-0.4818200259233035,0.020812664638716966,0.28837190662378576,0.32837190662378574,0.7208123355219106,0.39244042889812486,0.28837190662378576,11,134,15,0.3907649947931777,-0.2044341522827901,False,-0.7952880872991425,-0.7552880872991424,0.0,0.7552880872991424,,,validation,
asp_pluto_uranus_sextile_orb3 & ~mercury_retro,2,4,-0.4782462620604431,-0.4382462620604431,0.06438642850157732,0.285554331550258,0.325554331550258,0.7179947604483828,0.39244042889812486,0.285554331550258,12,69,15,0.3867685610568097,-0.2044341522827901,False,-0.7952880872991425,-0.7552880872991424,0.0,0.7552880872991424,,,validation,
asp_mercury_neptune_sextile_orb5 & ~asp_saturn_venus_sextile_orb3,2,4,-0.4922668029627223,-0.4522668029627223,0.05036588759929813,0.28505665424084037,0.32505665424084035,0.7174970831389652,0.39244042889812486,0.28505665424084037,35,15,101,0.5031330292703728,0.04342999167334782,True,-0.5823280468941444,-0.5423280468941444,0.21296004040499808,0.7552880872991424,0.0003999200159968006,5000.0,validation,
~mercury_sign_aquarius & ~mercury_sign_libra,2,5,-0.2769055454890329,-0.2269055454890329,0.2757271450729875,0.2850300945578027,0.3350300945578027,0.7274705234559276,0.39244042889812486,0.2850300945578027,41,150,105,0.1505621597095418,0.47131181632543523,True,-0.0038916509300733343,0.04610834906992667,0.8013964363690691,0.7552880872991424,0.0001999600079984003,5000.0,validation,
~asp_jupiter_sun_square_orb5 & asp_mercury_neptune_sextile_orb5,2,4,-0.4762462949418408,-0.4362462949418408,0.0663863956201796,0.2848968997806497,0.3248968997806497,0.7173373286787745,0.39244042889812486,0.2848968997806497,35,15,99,0.7045506716193284,-0.13596318929144002,False,-0.5537615107978218,-0.5137615107978217,0.2415265765013207,0.7552880872991424,,,validation,
~asp_jupiter_venus_trine_orb3 & asp_mercury_neptune_sextile_orb5,2,4,-0.49772983417324346,-0.4577298341732435,0.044902856388776946,0.2848003034509119,0.3248003034509119,0.7172407323490367,0.39244042889812486,0.2848003034509119,36,15,101,0.5036330481609141,0.051531886134798255,True,-0.524795519133849,-0.484795519133849,0.27049256816529343,0.7552880872991424,0.0005998800239952009,5000.0,validation,
~asp_mars_saturn_sextile_orb5 & asp_mercury_neptune_sextile_orb5,2,4,-0.5211636603363691,-0.4811636603363691,0.021469030225651307,0.28371774514006687,0.32371774514006685,0.7161581740381917,0.39244042889812486,0.28371774514006687,35,15,96,0.5031330292703728,0.046492294370345744,True,-0.619969444529417,-0.579969444529417,0.1753186427697254,0.7552880872991424,0.0009998000399920016,5000.0,validation,
asp_pluto_uranus_sextile_orb3 & ~sun_sign_aquarius,2,4,-0.5334753980256333,-0.4934753980256332,0.009157292536387187,0.2816811941036538,0.32168119410365376,0.7141216230017786,0.39244042889812486,0.2816811941036538,7,232,9,0.38127508054799186,-0.2044341522827901,False,-0.7952880872991425,-0.7552880872991424,0.0,0.7552880872991424,,,validation,
asp_jupiter_saturn_square_orb5 & ~sun_sign_gemini,2,4,-0.33964856041491515,-0.29964856041491517,0.20298413014710529,0.28046442036982133,0.3204644203698213,0.7129048492679462,0.39244042889812486,0.28046442036982133,6,108,11,0.3035419862212909,0.30207827319703856,True,-0.6943142865267358,-0.6543142865267357,0.10097380077240675,0.7552880872991424,0.015396920615876825,5000.0,validation,
asp_pluto_uranus_sextile_orb3 & ~asp_saturn_sun_trine_orb5,2,4,-0.570025540213261,-0.530025540213261,-0.02739284965124059,0.28026536581537287,0.32026536581537285,0.7127057947134977,0.39244042889812486,0.28026536581537287,10,161,14,0.3792669799445556,-0.2044341522827901,False,-0.7952880872991425,-0.7552880872991424,0.0,0.7552880872991424,,,validation,
asp_mercury_neptune_sextile_orb5 & ~mars_ingress_3d,2,4,-0.5005011264881692,-0.4605011264881692,0.042131564073851185,0.2799056262328271,0.3199056262328271,0.712346055130952,0.39244042889812486,0.2799056262328271,36,15,104,0.5798647431238808,-0.07002466064716034,False,-0.6653105932346572,-0.6253105932346572,0.12997749406448525,0.7552880872991424,,,validation,
asp_mercury_neptune_sextile_orb5,1,1,-0.4257814370974232,-0.4157814370974232,0.0868512534645972,0.267612051613114,0.27761205161311403,0.6700524805112389,0.39244042889812486,0.267612051613114,36,15,101,0.5031330292703728,-0.041515385374571806,False,-0.5190564842913703,-0.5090564842913703,0.24623160300777217,0.7552880872991424,,,validation,
asp_jupiter_pluto_square_orb3,1,1,-0.3646079715158904,-0.3546079715158904,0.14802471904613,0.24976198839059643,0.25976198839059644,0.6522024172887213,0.39244042889812486,0.24976198839059643,3,42,8,-0.07169593859919454,0.5414274450927778,False,-0.66039955709716,-0.65039955709716,0.10488853020198244,0.7552880872991424,,,validation,
asp_jupiter_saturn_square_orb5,1,1,-0.24614479700946462,-0.2361447970094646,0.2664878935525558,0.2175670059380928,0.22756700593809281,0.6200074348362177,0.39244042889812486,0.2175670059380928,6,127,10,0.3035419862212909,0.16032229010311472,True,-0.5816012919204985,-0.5716012919204985,0.18368679537864396,0.7552880872991424,0.028194361127774445,5000.0,validation,
asp_jupiter_saturn_square_orb3,1,1,-0.3781832383104805,-0.3681832383104805,0.13444945225153992,0.18699487314946966,0.19699487314946967,0.5894353020475945,0.39244042889812486,0.18699487314946966,7,63,11,0.5877609812449351,-0.2502650531791237,False,-0.5407990744873316,-0.5307990744873315,0.22448901281181088,0.7552880872991424,,,validation,
asp_mercury_saturn_opp_orb5,1,1,-0.02600770893073056,-0.016007708930730558,0.48662498163128987,0.17487810565942535,0.18487810565942536,0.5773185345575502,0.39244042889812486,0.17487810565942535,17,14,46,-0.17068281788805822,0.47228135123675513,False,-0.48966963254043494,-0.47966963254043493,0.2756184547587075,0.7552880872991424,,,validation,
~mercury_sign_libra,1,2,-0.05989189334358701,-0.039891893343587004,0.4627407972184334,0.16207194405516653,0.18207194405516652,0.5745123729532914,0.39244042889812486,0.16207194405516653,21,235,53,0.07617095310870248,0.24834348315204707,True,-0.10775092848164534,-0.08775092848164534,0.6675371588174971,0.7552880872991424,0.003199360127974405,5000.0,validation,
mars_sign_aries,1,1,-0.4511769472943811,-0.4411769472943811,0.06145574326763931,0.15953251725817147,0.16953251725817148,0.5619729461562963,0.39244042889812486,0.15953251725817147,8,32,24,-0.09670657589181764,0.3935009405750121,False,-0.17896588667043545,-0.16896588667043544,0.586322200628707,0.7552880872991424,,,validation,
asp_neptune_pluto_sextile_orb5,1,1,-0.05671836180873779,-0.046718361808737785,0.45591432875328264,0.15877070059554993,0.16877070059554994,0.5612111294936748,0.39244042889812486,0.15877070059554993,6,107,13,0.16452855381472964,-0.2044341522827901,False,-0.17499987037888642,-0.16499987037888642,0.590288216920256,0.7552880872991424,,,validation,
~neptune_retro,1,2,0.0004610261864219818,0.020461026186421982,0.5230937167484424,0.14424199326448126,0.16424199326448125,0.5566824221626061,0.39244042889812486,0.14424199326448126,16,143,41,0.28613951113174607,0.046811455045392025,True,-0.2956350122526595,-0.27563501225265946,0.47965307504648297,0.7552880872991424,0.024795040991801638,5000.0,validation,
asp_mars_mercury_trine_orb5,1,1,-0.5525259241822456,-0.5425259241822455,-0.03989323362022511,0.12621826254994423,0.13621826254994424,0.5286586914480691,0.39244042889812486,0.12621826254994423,17,22,49,0.04831732525079124,0.23206379865317772,True,-0.9634044620012525,-0.9534044620012525,-0.19811637470211005,0.7552880872991424,0.011797640471905619,5000.0,validation,
mars_sign_virgo,1,1,-0.5670044867380319,-0.5570044867380319,-0.05437179617601148,0.10931491418921453,0.11931491418921453,0.5117553430873394,0.39244042889812486,0.10931491418921453,10,71,24,0.427562749154355,-0.20897108358731706,False,-0.27143508975893915,-0.26143508975893914,0.4938529975402033,0.7552880872991424,,,validation,
mercury_sign_taurus,1,1,-0.38441384538916246,-0.37441384538916245,0.12821884517285798,0.10915633052761005,0.11915633052761004,0.5115967594257349,0.39244042889812486,0.10915633052761005,18,48,47,-0.1980914485260718,0.37974834375607597,False,-0.9446036638330106,-0.9346036638330106,-0.17931557653386823,0.7552880872991424,,,validation,
venus_retro,1,1,-0.6816272006983823,-0.6716272006983823,-0.1689945101363619,0.1072635041665629,0.11726350416656289,0.5097039330646878,0.39244042889812486,0.1072635041665629,9,30,25,-0.3387677027743281,0.4735313563463452,False,-0.978398601191282,-0.968398601191282,-0.21311051389213956,0.7552880872991424,,,validation,
~mercury_sign_aquarius,1,2,-0.19557746207459933,-0.17557746207459934,0.3270552284874211,0.10223982058841315,0.12223982058841315,0.514680249486538,0.39244042889812486,0.10223982058841315,21,235,53,0.06537075610968979,0.169452948851182,True,0.11389901391159131,0.1338990139115913,0.8891871012107337,0.7552880872991424,0.020995800839832032,5000.0,validation,
~asp_neptune_venus_sextile_orb3,1,2,-0.010943806928594407,0.009056193071405594,0.511688883633426,0.08679130619092885,0.10679130619092886,0.4992317350890537,0.39244042889812486,0.08679130619092885,33,214,86,0.15519429750739855,0.07369018963654439,True,-0.11439977096660202,-0.09439977096660201,0.6608883163325404,0.7552880872991424,0.0003999200159968006,5000.0,validation,
~uranus_retro,1,2,-0.1581002600954948,-0.1381002600954948,0.3645324304665256,0.08366199470676079,0.1036619947067608,0.49610242360488566,0.39244042889812486,0.08366199470676079,16,149,41,0.10395960416996464,0.060610885915419466,True,-0.17261350038122988,-0.1526135003812299,0.6026745869179125,0.7552880872991424,0.07598480303939212,5000.0,validation,
asp_jupiter_pluto_square_orb5,1,1,-0.05982165195932531,-0.04982165195932531,0.4528110386026951,0.0784112155761988,0.0884112155761988,0.48085164447432366,0.39244042889812486,0.0784112155761988,3,68,10,0.06280007661640963,0.19412548751362446,True,-0.35772782017134014,-0.34772782017134013,0.4075602671278023,0.7552880872991424,0.09158168366326734,5000.0,validation,
~mercury_retro,1,2,-0.2552139332222213,-0.23521393322222128,0.26741875733979914,0.07473400463701442,0.09473400463701442,0.4871744335351393,0.39244042889812486,0.07473400463701442,48,72,127,-0.09847949289154312,0.24470520859077582,False,-0.0026365415361354443,0.017363458463864556,0.772651545763007,0.7552880872991424,,,validation,
asp_pluto_venus_square_orb3,1,1,-0.4798716056422288,-0.4698716056422288,0.03276108491979163,0.07360286803520501,0.083602868035205,0.47604329693332986,0.39244042889812486,0.07360286803520501,33,9,87,-0.24166485718429948,0.3517153231706382,False,-1.0220049397961701,-1.0120049397961701,-0.25671685249702775,0.7552880872991424,,,validation,
~asp_mars_venus_sextile_orb5,1,2,-0.050242140353728745,-0.03024214035372874,0.4723905502082917,0.06624272208024425,0.08624272208024425,0.4786831509783691,0.39244042889812486,0.06624272208024425,21,330,53,-0.008133748529358886,0.15847369594196636,False,-0.12506777275887446,-0.10506777275887447,0.650220314540268,0.7552880872991424,,,validation,
~sun_sign_virgo,1,2,-0.00811445398028397,0.011885546019716031,0.5145182365817365,0.05683697002950662,0.07683697002950662,0.4692773989276315,0.39244042889812486,0.05683697002950662,16,233,41,0.15674974615670612,0.023566514958588414,True,-0.026229937701429656,-0.006229937701429655,0.7490581495977128,0.7552880872991424,0.052789442111577684,5000.0,validation,
~asp_jupiter_sun_square_orb3,1,2,-0.07609179164513373,-0.056091791645133726,0.4465408989168867,0.04700407654043827,0.06700407654043827,0.45944450543856313,0.39244042889812486,0.04700407654043827,29,155,75,-0.03272886460210467,0.14521945508342088,False,-0.06997506923045226,-0.04997506923045225,0.7053130180686902,0.7552880872991424,,,validation,
~asp_mars_venus_sextile_orb3,1,2,-0.044035004095106065,-0.02403500409510606,0.47859768646691436,0.044336408990756485,0.06433640899075649,0.45677683788888135,0.39244042889812486,0.044336408990756485,21,334,52,-0.023444213298836503,0.13091590161791278,False,-0.08722055828854046,-0.06722055828854046,0.688067529010602,0.7552880872991424,,,validation,
~asp_jupiter_venus_trine_orb3,1,2,-0.07298436958574865,-0.05298436958574865,0.4496483209762718,0.04251868302626667,0.06251868302626667,0.45495911192439153,0.39244042889812486,0.04251868302626667,30,236,79,0.10505757847308195,0.03143375289975292,True,-0.0313762538675245,-0.0113762538675245,0.7439118334316179,0.7552880872991424,0.023395320935812838,5000.0,validation,
~asp_neptune_venus_sextile_orb1,1,2,-0.03043362456331387,-0.01043362456331387,0.49219906599870655,0.03769542754224793,0.057695427542247935,0.4501358564403728,0.39244042889812486,0.03769542754224793,29,278,71,0.09331237558661809,0.030878008340463753,True,-0.08285832542226577,-0.06285832542226577,0.6924297618768767,0.7552880872991424,0.001999600079984003,5000.0,validation,
~asp_jupiter_venus_trine_orb5,1,2,-0.0845236499323027,-0.0645236499323027,0.4381090406297177,0.03743236851750799,0.05743236851750799,0.44987279741563285,0.39244042889812486,0.03743236851750799,31,234,80,0.1170870633100285,0.014290108819090597,True,-0.07131780126595964,-0.05131780126595964,0.7039702860331828,0.7552880872991424,,,validation,
mercury_sign_sagittarius,1,1,-0.025813731632138397,-0.015813731632138395,0.48681895892988203,0.03650363979038019,0.04650363979038019,0.43894406868850505,0.39244042889812486,0.03650363979038019,19,45,52,0.007959289467084352,0.0694804543004518,True,-0.6003348637283995,-0.5903348637283995,0.16495322357074294,0.7552880872991424,,,validation,
~venus_sign_sagittarius,1,2,-0.0738247281699188,-0.05382472816991879,0.44880796239210163,0.03591748263853779,0.0559174826385378,0.44835791153666266,0.39244042889812486,0.03591748263853779,17,267,41,-0.011291841958498083,0.10678368378702263,False,-0.11005922892292418,-0.09005922892292417,0.6652288583762183,0.7552880872991424,,,validation,
~mercury_sign_gemini,1,2,-0.009068677586181222,0.010931322413818778,0.5135640129758392,0.035575110578278404,0.05557511057827841,0.44801553947640327,0.39244042889812486,0.035575110578278404,17,238,46,0.06268934464743026,0.06131496868002251,True,-0.07366657963133304,-0.05366657963133303,0.7016215076678094,0.7552880872991424,,,validation,
asp_mars_venus_trine_orb5,1,1,-0.48646952753701156,-0.47646952753701155,0.026163163025008873,0.03476775232889107,0.044767752328891075,0.43720818122701594,0.39244042889812486,0.03476775232889107,19,17,47,0.1693744972524439,-0.20530563561627013,False,-0.30914933557980945,-0.29914933557980944,0.456138751719333,0.7552880872991424,,,validation,
~asp_mercury_pluto_sextile_orb3,1,2,-0.07065580671135534,-0.05065580671135533,0.4519768838506651,0.03066507729995573,0.05066507729995573,0.4431055061980806,0.39244042889812486,0.03066507729995573,41,160,102,0.07084182977625719,0.032374675107415235,True,-0.07595725736367596,-0.05595725736367596,0.6993308299354665,0.7552880872991424,,,validation,
~mercury_station,1,2,-0.20724101712023144,-0.18724101712023145,0.315391673441789,0.030454530676777797,0.0504545306767778,0.44289495957490266,0.39244042889812486,0.030454530676777797,95,64,252,-0.13363184048209092,0.19692278335305574,False,0.0687769661901211,0.0887769661901211,0.8440650534892635,0.7552880872991424,,,validation,
~asp_neptune_sun_opp_orb5,1,2,-0.04817665254449903,-0.028176652544499026,0.4744560380175214,0.029872662523983202,0.0498726625239832,0.44231309142210806,0.39244042889812486,0.029872662523983202,16,248,41,0.07762847545931184,0.02796653335424576,True,0.01493740141367474,0.03493740141367474,0.7902254887128172,0.7552880872991424,,,validation,
~moon_phase_waning_gibbous,1,2,-0.3956231032060521,-0.3756231032060521,0.12700958735596835,0.029560848646681088,0.04956084864668109,0.44200127754480595,0.39244042889812486,0.029560848646681088,183,39,491,-0.14358344845967808,0.20745458046092158,False,-0.18963823086098328,-0.16963823086098329,0.5856498564381591,0.7552880872991424,,,validation,
asp_mars_venus_trine_orb1,1,1,-0.1130926745433619,-0.1030926745433619,0.3995400160186585,0.02815220334683311,0.03815220334683311,0.430592632244958,0.39244042889812486,0.02815220334683311,19,4,45,-0.4448991461207319,0.4508227176365656,False,-0.9037900405077444,-0.8937900405077444,-0.13850195320860187,0.7552880872991424,,,validation,
~asp_mercury_pluto_sextile_orb5,1,2,-0.05160698519019234,-0.03160698519019234,0.4710257053718281,0.02708363895678791,0.04708363895678791,0.43952406785491277,0.39244042889812486,0.02708363895678791,39,159,101,0.07081082957636586,0.027817526949677096,True,-0.09065028023112585,-0.07065028023112585,0.6846378070680166,0.7552880872991424,,,validation,
~asp_saturn_sun_trine_orb3,1,2,-0.06089129217520255,-0.04089129217520254,0.4617413983868179,0.025846651099732627,0.04584665109973263,0.4382870799978575,0.39244042889812486,0.025846651099732627,29,182,77,0.08252562772861138,0.022768181287478817,True,-0.018321140727594148,0.0016788592724058526,0.7569669465715483,0.7552880872991424,,,validation,
~asp_saturn_venus_sextile_orb5,1,2,-0.1015627398767273,-0.0815627398767273,0.4210699506852931,0.024457087374386805,0.044457087374386806,0.43689751627251167,0.39244042889812486,0.024457087374386805,33,213,86,0.0638301799035087,0.030445533675540676,True,-0.09812096556837112,-0.07812096556837111,0.6771671217307713,0.7552880872991424,,,validation,
~asp_jupiter_venus_square_orb3,1,2,-0.1141629788152118,-0.0941629788152118,0.40846971174680863,0.022450976262083328,0.04245097626208333,0.4348914051602082,0.39244042889812486,0.022450976262083328,32,202,83,0.03063612995622922,0.04924844364225539,True,0.03613869074138633,0.05613869074138633,0.8114267780405288,0.7552880872991424,,,validation,
asp_uranus_venus_conj_orb5,1,1,-0.41356158211544636,-0.40356158211544635,0.09907110844657405,0.021615765206249422,0.031615765206249424,0.4240561941043743,0.39244042889812486,0.021615765206249422,17,13,43,-0.1235319714750055,0.1610351811423511,False,-1.123854147737901,-1.113854147737901,-0.35856606043875855,0.7552880872991424,,,validation,
mars_sign_pisces,1,1,-0.16123743922720496,-0.15123743922720495,0.3513952513348155,0.021597357845284777,0.03159735784528478,0.42403778674340964,0.39244042889812486,0.021597357845284777,8,128,23,-0.45677891888965516,0.39524248036289705,False,-0.8129705172447144,-0.8029705172447144,-0.04768242994557193,0.7552880872991424,,,validation,
~asp_saturn_venus_sextile_orb3,1,2,-0.09017258654054632,-0.07017258654054631,0.4324601040214741,0.01943149620911185,0.03943149620911185,0.4318719251072367,0.39244042889812486,0.01943149620911185,32,214,84,-0.010313243532498073,0.08344793389842681,False,-0.06110907569662059,-0.04110907569662059,0.7141790116025218,0.7552880872991424,,,validation,
~asp_jupiter_sun_sextile_orb3,1,2,-0.11493419881919302,-0.09493419881919302,0.4076984917428274,0.01914250420956622,0.03914250420956622,0.4315829331076911,0.39244042889812486,0.01914250420956622,29,170,74,0.030164771571125293,0.04495974089322688,True,-0.022911828506090953,-0.002911828506090952,0.7523762587930515,0.7552880872991424,,,validation,
~asp_mercury_neptune_trine_orb5,1,2,-0.065729537344053,-0.045729537344052995,0.45690315321796743,0.019074292523029796,0.0390742925230298,0.43151472142115466,0.39244042889812486,0.019074292523029796,39,166,98,-0.04783506962731643,0.10086559758481622,False,-0.0751907493267706,-0.055190749326770594,0.7000973379723718,0.7552880872991424,,,validation,
~asp_neptune_venus_square_orb5,1,2,-0.05383282926799447,-0.03383282926799447,0.46879986129402595,0.017698542319523353,0.037698542319523354,0.4301389712176482,0.39244042889812486,0.017698542319523353,33,177,86,-0.009134029359001095,0.06721094568122127,False,-0.10455607191605996,-0.08455607191605996,0.6707320153830825,0.7552880872991424,,,validation,
~sun_sign_cancer,1,2,-0.03371519806146216,-0.013715198061462153,0.48891749250055827,0.01686530097266405,0.03686530097266405,0.4293057298707889,0.39244042889812486,0.01686530097266405,16,232,41,0.029118238499245663,0.04819636676118749,True,-0.17883607455410463,-0.15883607455410464,0.5964520127450378,0.7552880872991424,,,validation,
~asp_jupiter_sun_square_orb5,1,2,-0.07302749124560752,-0.053027491245607516,0.4496051993164129,0.016696586168180667,0.03669658616818067,0.4291370150663055,0.39244042889812486,0.016696586168180667,29,151,75,0.0100673311177355,0.05224275217913116,True,-0.036929668811157765,-0.01692966881115776,0.7383584184879847,0.7552880872991424,,,validation,
~asp_saturn_sun_trine_orb5,1,2,-0.06982183446551109,-0.04982183446551108,0.45281085609650934,0.016329033604578064,0.036329033604578065,0.4287694625027029,0.39244042889812486,0.016329033604578064,29,180,77,0.030434432848791992,0.04634006976280286,True,-0.02799377252688549,-0.00799377252688549,0.7472943147722569,0.7552880872991424,,,validation,
~sun_sign_libra,1,2,0.09838091969255904,0.11838091969255904,0.6210136102545795,0.016320655545439173,0.03632065554543917,0.42876108444356403,0.39244042889812486,0.016320655545439173,16,232,41,-0.06882892163380583,0.10981901034212582,False,-0.11368882707241966,-0.09368882707241966,0.6615992602267228,0.7552880872991424,,,validation,
~asp_mars_neptune_square_orb5,1,2,0.0076784078302309,0.0276784078302309,0.5303110983922513,0.015560170267077029,0.03556017026707703,0.4280005991652019,0.39244042889812486,0.015560170267077029,21,315,49,0.07748995810943726,0.00563819541685967,True,-0.07491485956761067,-0.05491485956761066,0.7003732277315318,0.7552880872991424,,,validation,
~asp_neptune_venus_sextile_orb5,1,2,-0.027286467258586283,-0.007286467258586282,0.49534622330343414,0.015173939550549315,0.035173939550549316,0.4276143684486742,0.39244042889812486,0.015173939550549315,33,212,86,0.030738483475150624,0.04581848867792526,True,-0.10891882828302,-0.08891882828302,0.6663692590161224,0.7552880872991424,,,validation,
~venus_sign_scorpio,1,2,0.011410053388792325,0.031410053388792325,0.5340427439508127,0.01205367426377298,0.03205367426377298,0.42449410316189784,0.39244042889812486,0.01205367426377298,16,268,41,-0.08142568625470181,0.10903482335497183,False,-0.11942278568570862,-0.09942278568570861,0.6558653016134338,0.7552880872991424,,,validation,
asp_mars_mercury_sextile_orb1,1,1,-0.7553101572105422,-0.7453101572105422,-0.24267746664852172,0.011867854769412831,0.02186785476941283,0.4143082836675377,0.39244042889812486,0.011867854769412831,32,6,80,-0.3798793136689058,0.3763077006353322,False,-1.2206355004399843,-1.2106355004399842,-0.45534741314084176,0.7552880872991424,,,validation,
~asp_mars_neptune_square_orb3,1,2,-0.0006701253222928076,0.019329874677707193,0.5219625652397276,0.009515065727405753,0.029515065727405754,0.4219554946255306,0.39244042889812486,0.009515065727405753,21,319,49,0.05720585582071447,0.009975295882222512,True,-0.008740379538329495,0.011259620461670505,0.7665477077608129,0.7552880872991424,,,validation,
~asp_mars_neptune_trine_orb5,1,2,-0.0007188344151974717,0.01928116558480253,0.521913856146823,0.008419807822246179,0.02841980782224618,0.42086023672037104,0.39244042889812486,0.008419807822246179,20,357,49,0.06616370777010172,-0.0033586666982068913,False,-0.08495274168179544,-0.06495274168179543,0.690335345617347,0.7552880872991424,,,validation,
~asp_mercury_uranus_trine_orb5,1,2,-0.09285726318188063,-0.07285726318188063,0.4297754273801398,0.008293224931178695,0.028293224931178695,0.42073365382930356,0.39244042889812486,0.008293224931178695,36,198,94,0.023906235548311172,0.03571131126574298,True,-0.07862193020684448,-0.058621930206844475,0.696666157092298,0.7552880872991424,,,validation,
~asp_jupiter_sun_opp_orb3,1,2,0.053050770230330904,0.07305077023033091,0.5756834607923513,0.007863060190470856,0.027863060190470856,0.4203034890885957,0.39244042889812486,0.007863060190470856,15,275,38,0.02757842806634425,0.029108266600770066,True,-0.048926777996971635,-0.02892677799697163,0.7263613093021708,0.7552880872991424,,,validation,
~asp_jupiter_mercury_sextile_orb5,1,2,-0.11124411746730777,-0.09124411746730776,0.41138857309471266,0.007692671631614318,0.02769267163161432,0.4201331005297392,0.39244042889812486,0.007692671631614318,41,165,99,-0.19568787342808253,0.2052707427685822,False,-0.13851522571106697,-0.11851522571106698,0.6367728615880754,0.7552880872991424,,,validation,
asp_mercury_saturn_opp_orb3,1,1,-0.14972641003582543,-0.13972641003582542,0.362906280526195,0.0076453617470737065,0.017645361747073707,0.41008579064519857,0.39244042889812486,0.0076453617470737065,16,11,41,-0.1613248840457034,0.18125407592540865,False,-0.6596214474646126,-0.6496214474646126,0.10566663983452987,0.7552880872991424,,,validation,
~asp_jupiter_venus_conj_orb3,1,2,-0.02153250450038467,-0.0015325045003846682,0.5011001860616358,0.00762080110028825,0.02762080110028825,0.4200612299984131,0.39244042889812486,0.00762080110028825,15,306,43,0.08079476221091497,-0.01704249389673157,False,-0.06290703442915456,-0.042907034429154556,0.7123810528699879,0.7552880872991424,,,validation,
~mercury_sign_cancer,1,2,-0.08367744638738193,-0.06367744638738193,0.4389552441746385,0.0065515223438044785,0.02655152234380448,0.41899195124192934,0.39244042889812486,0.0065515223438044785,18,238,47,-0.030930703089388945,0.0720912547155042,False,-0.12042722656556913,-0.10042722656556913,0.6548608607335733,0.7552880872991424,,,validation,
~asp_neptune_sun_opp_orb3,1,2,-0.028708343604578728,-0.008708343604578728,0.4939243469574417,0.006320885305238073,0.026320885305238073,0.41876131420336293,0.39244042889812486,0.006320885305238073,16,252,41,0.011821144465563482,0.03774616239608114,True,-0.011109394617005091,0.00889060538299491,0.7641786926821373,0.7552880872991424,,,validation,
~venus_sign_cancer,1,2,-0.008743582319977499,0.011256417680022501,0.5138891082420429,0.006296672107005925,0.026296672107005925,0.4187371010051308,0.39244042889812486,0.006296672107005925,16,266,44,0.07414994853079127,-0.005662275751957713,False,-0.09775380117663278,-0.07775380117663278,0.6775342861225097,0.7552880872991424,,,validation,
~asp_mercury_uranus_square_orb5,1,2,-0.04274892391805339,-0.022748923918053388,0.47988376664396704,0.006045767435949829,0.02604576743594983,0.4184861963340747,0.39244042889812486,0.006045767435949829,37,142,97,0.11249815932292939,-0.034609727249374805,False,-0.1162070721359396,-0.0962070721359396,0.6590810151632028,0.7552880872991424,,,validation,
~asp_jupiter_sun_sextile_orb5,1,2,-0.18089045818379193,-0.16089045818379194,0.3417422323782285,0.005711772126547294,0.025711772126547294,0.41815220102467215,0.39244042889812486,0.005711772126547294,29,165,74,0.08537891228570227,-0.024026935619635592,False,0.03399351566342203,0.05399351566342203,0.8092816029625645,0.7552880872991424,,,validation,
~asp_neptune_sun_conj_orb3,1,2,-0.027214381375005408,-0.0072143813750054075,0.495418309187015,0.005222878315064312,0.025222878315064312,0.41766330721318917,0.39244042889812486,0.005222878315064312,16,252,40,0.004145456355240329,0.041907254535753447,True,-0.0011961935594486488,0.01880380644055135,0.7740918937396938,0.7552880872991424,,,validation,
~sun_sign_capricorn,1,2,-0.11517645022259153,-0.09517645022259152,0.4074562403394289,0.004650715291898661,0.02465071529189866,0.4170911441900235,0.39244042889812486,0.004650715291898661,15,234,40,-0.08379566299607666,0.11296199504595611,False,-0.1111078365472443,-0.0911078365472443,0.6641802507518981,0.7552880872991424,,,validation,
~asp_neptune_sun_opp_orb1,1,2,-0.02554805515431367,-0.005548055154313669,0.49708463540770675,0.003574763770230655,0.023574763770230656,0.4160151926683555,0.39244042889812486,0.003574763770230655,16,254,40,-0.019694596762579897,0.0578372119985181,False,-0.04122793224781128,-0.021227932247811276,0.7340601550513312,0.7552880872991424,,,validation,
asp_mercury_uranus_opp_orb5,1,1,-0.4100926679240001,-0.4000926679240001,0.10254002263802031,0.003345716085441994,0.013345716085441994,0.40578614498356685,0.39244042889812486,0.003345716085441994,17,21,46,-0.10615165636940327,0.1989444529285344,False,-0.7433081220842711,-0.7333081220842711,0.021979965214871305,0.7552880872991424,,,validation,
~jupiter_ingress_1d,1,2,-0.041573824458328176,-0.021573824458328172,0.48105886610369225,0.002605545650898062,0.022605545650898062,0.4150459745490229,0.39244042889812486,0.002605545650898062,17,272,56,-0.015899191854818473,0.05318884271610069,False,-0.03142497223035555,-0.011424972230355546,0.7438631150687869,0.7552880872991424,,,validation,
~asp_saturn_sun_sextile_orb3,1,2,-0.02857664739671482,-0.00857664739671482,0.4940560431653056,0.0025671454916063215,0.022567145491606322,0.4150075743897312,0.39244042889812486,0.0025671454916063215,30,163,79,-0.012174618098848788,0.04810960839621037,False,0.03526463167654982,0.055264631676549825,0.8105527189756923,0.7552880872991424,,,validation,
~asp_uranus_venus_sextile_orb5,1,2,-0.06014713313858437,-0.04014713313858437,0.46248555742343606,0.0024407271948513505,0.02244072719485135,0.4148811560929762,0.39244042889812486,0.0024407271948513505,31,212,85,-0.02112175886354617,0.05612833386615701,False,-0.05281109622119616,-0.03281109622119616,0.7224769910779463,0.7552880872991424,,,validation,
~venus_sign_aries,1,2,-0.04774056038031614,-0.027740560380316137,0.4748921301817043,4.1972876913338314e-05,0.02004197287691334,0.4124824017750382,0.39244042889812486,4.1972876913338314e-05,17,268,42,0.12099075281040372,-0.05790809020474458,False,0.02952624176175635,0.04952624176175635,0.8048143290608988,0.7552880872991424,,,validation,
~asp_mars_sun_sextile_orb5,1,2,-0.1338706333288556,-0.11387063332885561,0.3887620572331648,-0.000375780443570322,0.01962421955642968,0.41206464845455454,0.39244042889812486,-0.000375780443570322,15,289,38,-0.04892042104414496,0.0769486614053661,False,0.05631328040698082,0.07631328040698082,0.8316013677061233,0.7552880872991424,,,validation,
~asp_jupiter_sun_opp_orb5,1,2,0.07451216867896206,0.09451216867896206,0.5971448592409825,-0.0018021362011249424,0.018197863798875058,0.4106382926969999,0.39244042889812486,-0.0018021362011249424,15,272,38,-0.01185872720121639,0.043474143976171636,False,-0.07637296847858142,-0.05637296847858142,0.698915118820561,0.7552880872991424,,,validation,
~asp_jupiter_venus_sextile_orb5,1,2,-0.14269186948736387,-0.12269186948736388,0.37994082107465654,-0.001860059904436922,0.01813994009556308,0.41058036899368794,0.39244042889812486,-0.001860059904436922,33,220,82,-0.040736048932697555,0.05920090337005873,False,-0.031809350131619216,-0.011809350131619212,0.7434787371675232,0.7552880872991424,,,validation,
~asp_uranus_venus_sextile_orb3,1,2,-0.07525755316716314,-0.05525755316716313,0.4473751373948573,-0.0019145445859539527,0.018085455414046048,0.4105258843121709,0.39244042889812486,-0.0019145445859539527,30,214,83,-0.07946401513396406,0.09480261499262449,False,-0.04615636777133979,-0.026156367771339784,0.7291317195278026,0.7552880872991424,,,validation,
~asp_uranus_venus_square_orb3,1,2,-0.04658300738438036,-0.026583007384380353,0.47604968317764007,-0.0021942423379687596,0.01780575766203124,0.4102461865601561,0.39244042889812486,-0.0021942423379687596,32,179,85,0.053422883200650695,-0.010863364126606712,False,0.0157385462460309,0.0357385462460309,0.7910266335451733,0.7552880872991424,,,validation,
~asp_mercury_moon_trine_orb5,1,2,-0.295534666841179,-0.275534666841179,0.2270980237208414,-0.003362873076784661,0.01663712692321534,0.4090775558213402,0.39244042889812486,-0.003362873076784661,224,62,592,-0.04832046884100338,0.07011657118200881,False,-0.23269534095380548,-0.2126953409538055,0.5425927463453369,0.7552880872991424,,,validation,
~asp_jupiter_sun_square_orb1,1,2,-0.07108773504721276,-0.05108773504721276,0.45154495551480767,-0.003730516725524307,0.016269483274475693,0.40870991217260055,0.39244042889812486,-0.003730516725524307,23,279,63,0.021396425813449804,0.011413405755587858,True,-0.04787496960913505,-0.027874969609135047,0.7274131176900074,0.7552880872991424,,,validation,
~asp_neptune_sun_conj_orb5,1,2,-0.02905569883300522,-0.009055698833005221,0.4935769917290152,-0.0037468006696522553,0.016253199330347745,0.4086936282284726,0.39244042889812486,-0.0037468006696522553,16,248,40,-0.009070362557220157,0.03738555181060135,False,0.02006044624880478,0.04006044624880478,0.7953485335479472,0.7552880872991424,,,validation,
~asp_mercury_uranus_trine_orb3,1,2,-0.07737477293884386,-0.057374772938843854,0.44525791762317657,-0.004335776988535638,0.015664223011464362,0.4081046519095892,0.39244042889812486,-0.004335776988535638,37,202,92,0.07613834010762366,-0.028866869175414644,False,-0.09709688357193001,-0.07709688357193001,0.6781912037272124,0.7552880872991424,,,validation,
asp_mars_uranus_opp_orb1,1,1,-0.8652810664994299,-0.8552810664994299,-0.35264837593740944,-0.00451637312028135,0.0054836268797186505,0.3979240557778435,0.39244042889812486,-0.00451637312028135,7,3,23,-0.20873670155395307,0.18079539455090526,False,-0.9815695051261877,-0.9715695051261877,-0.21628141782704524,0.7552880872991424,,,validation,
~asp_uranus_venus_sextile_orb1,1,2,-0.07191818764952922,-0.05191818764952921,0.4507145029124912,-0.0055443607880292615,0.014455639211970739,0.4068960681100956,0.39244042889812486,-0.0055443607880292615,21,285,65,-0.06976889928891972,0.07970756335856372,False,-0.06164629393117714,-0.041646293931177136,0.7136417933679653,0.7552880872991424,,,validation,
~asp_jupiter_moon_opp_orb1,1,2,-0.038429959287225965,-0.01842995928722596,0.48420273127479446,-0.005768219908139621,0.01423178009186038,0.40667220898998524,0.39244042889812486,-0.005768219908139621,32,265,69,0.020224333041981235,0.01022832748536523,True,-0.06893474789001473,-0.04893474789001473,0.7063533394091277,0.7552880872991424,,,validation,
~asp_pluto_sun_sextile_orb3,1,2,-0.07813081609879528,-0.05813081609879528,0.44450187446322514,-0.00614674390678625,0.01385325609321375,0.4062936849913386,0.39244042889812486,-0.00614674390678625,31,167,80,-0.0034202063309279884,0.02555022506341234,False,-0.05255477115807837,-0.032554771158078366,0.7227333161410641,0.7552880872991424,,,validation,
~asp_pluto_venus_sextile_orb1,1,2,-0.05433458245568144,-0.03433458245568144,0.468298108106339,-0.00674997704201195,0.01325002295798805,0.4056904518561129,0.39244042889812486,-0.00674997704201195,30,279,75,0.04583381854056967,-0.011419511955687606,False,-0.04898953344176647,-0.02898953344176647,0.726298553857376,0.7552880872991424,,,validation,
~asp_pluto_sun_square_orb1,1,2,-0.07159975626791613,-0.05159975626791613,0.4510329342941043,-0.006909163595543482,0.013090836404456518,0.4055312653025814,0.39244042889812486,-0.006909163595543482,26,252,66,0.04199769694224309,-0.006967606598064974,False,-0.07857950436820126,-0.05857950436820125,0.6967085829309412,0.7552880872991424,,,validation,
~asp_saturn_sun_conj_orb5,1,2,0.04592299117074651,0.06592299117074651,0.5685556817327669,-0.007230525744235421,0.012769474255764579,0.40520990315388944,0.39244042889812486,-0.007230525744235421,16,256,40,0.014651456577578603,0.012902364628126023,True,-0.03700349992837147,-0.01700349992837147,0.738284587370771,0.7552880872991424,,,validation,
~asp_saturn_venus_square_orb3,1,2,-0.04043308654706028,-0.020433086547060275,0.48219960401496015,-0.0072519158446829705,0.01274808415531703,0.4051885130534419,0.39244042889812486,-0.0072519158446829705,32,192,83,-0.053776971076346824,0.06462340628436286,False,-0.004656452168570007,0.015343547831429993,0.7706316351305724,0.7552880872991424,,,validation,
~asp_saturn_venus_conj_orb3,1,2,0.004871909479507903,0.024871909479507903,0.5275046000415283,-0.00813809410511888,0.01186190589488112,0.404302334793006,0.39244042889812486,-0.00813809410511888,18,291,43,0.04777772080380782,-0.015091301442652444,False,-0.0035377788412931203,0.01646222115870688,0.7717503084578493,0.7552880872991424,,,validation,
~asp_jupiter_sun_conj_orb1,1,2,-0.007142781808367898,0.012857218191632103,0.5154899087536525,-0.008637154047646072,0.011362845952353928,0.4038032748504788,0.39244042889812486,-0.008637154047646072,14,277,36,0.006876607316974481,0.015412809149429996,True,-0.03512631380036922,-0.015126313800369218,0.7401617734987732,0.7552880872991424,,,validation,
~asp_moon_pluto_square_orb1,1,2,-0.03669605196661373,-0.016696051966613723,0.4859366385954067,-0.00884971576544306,0.01115028423455694,0.4035907131326818,0.39244042889812486,-0.00884971576544306,41,255,104,0.01431757199503958,0.009729855615849076,True,-0.06747287186006111,-0.047472871860061105,0.7078152154390813,0.7552880872991424,,,validation,
~asp_sun_uranus_trine_orb5,1,2,-0.13911630146404672,-0.11911630146404673,0.3835163890979737,-0.008955706129491408,0.011044293870508592,0.40348472276863345,0.39244042889812486,-0.008955706129491408,31,165,81,0.10533421390908315,-0.06604399773654138,False,-0.003234382877052449,0.01676561712294755,0.77205370442209,0.7552880872991424,,,validation,
~asp_moon_sun_square_orb1,1,2,-0.0695980545857429,-0.0495980545857429,0.4530346359762775,-0.009012238154738044,0.010987761845261956,0.4034281907433868,0.39244042889812486,-0.009012238154738044,57,376,130,-0.05269028779434348,0.06164104564242795,False,-0.052659565544710726,-0.03265956554471072,0.7226285217544317,0.7552880872991424,,,validation,
asp_mars_venus_trine_orb3,1,1,-0.3144715784450281,-0.3044715784450281,0.19816111211699233,-0.009762753265249549,0.00023724673475045144,0.3926776756328753,0.39244042889812486,-0.009762753265249549,19,10,48,0.06851098959873614,-0.12181305104831439,False,-0.4402329922916302,-0.4302329922916302,0.32505509500751223,0.7552880872991424,,,validation,
~mars_ingress_3d,1,2,-0.21339980929972371,-0.19339980929972372,0.3092328812622967,-0.010159393235009456,0.009840606764990545,0.4022810356631154,0.39244042889812486,-0.010159393235009456,104,138,278,0.13791156817826844,-0.09188739798957336,False,-0.050538349761243925,-0.03053834976124392,0.7247497375378985,0.7552880872991424,,,validation,
~asp_jupiter_mercury_square_orb3,1,2,-0.04873347940800697,-0.028733479408006968,0.47389921115401346,-0.010649122795658921,0.00935087720434108,0.40179130610246594,0.39244042889812486,-0.010649122795658921,39,159,97,0.01679188038772228,0.00037354114731261157,True,-0.037759248057894865,-0.01775924805789486,0.7375288392412476,0.7552880872991424,,,validation,
asp_mars_uranus_trine_orb5,1,1,-0.6344007155416685,-0.6244007155416685,-0.12176802497964813,-0.010810791138532774,-0.0008107911385327737,0.3916296377595921,0.39244042889812486,-0.010810791138532774,18,44,46,-0.19611190306440668,0.1772610469851142,False,-0.9331324285653614,-0.9231324285653614,-0.16784434126621894,0.7552880872991424,,,validation,
~asp_jupiter_mars_square_orb1,1,2,-0.08187694935834687,-0.06187694935834687,0.44075574120367356,-0.011148217508774743,0.008851782491225257,0.4012922113893501,0.39244042889812486,-0.011148217508774743,15,350,42,0.008372822418255654,0.0096031758113653,True,-0.05091181472822613,-0.030911814728226128,0.7243762725709163,0.7552880872991424,,,validation,
~asp_pluto_sun_sextile_orb1,1,2,-0.05143693507318524,-0.031436935073185235,0.4711957554888352,-0.011546232950169915,0.008453767049830085,0.40089419594795495,0.39244042889812486,-0.011546232950169915,25,336,66,-0.03230981235914998,0.03955664243340154,False,-0.02145176104245859,-0.001451761042458588,0.7538363262566838,0.7552880872991424,,,validation,
~asp_sun_uranus_trine_orb3,1,2,-0.10300250231601325,-0.08300250231601325,0.4196301882460072,-0.011883500011165542,0.008116499988834458,0.4005569288869593,0.39244042889812486,-0.011883500011165542,31,168,81,0.07919152728914591,-0.04926311728958491,False,0.008342422343725859,0.02834242234372586,0.7836305096428683,0.7552880872991424,,,validation,
~asp_mars_uranus_sextile_orb3,1,2,-0.05559989305344486,-0.03559989305344485,0.46703279750857557,-0.012125898017529706,0.007874101982470294,0.40031453088059515,0.39244042889812486,-0.012125898017529706,20,379,47,0.024310529138182435,-8.687999936024537e-05,False,-0.018730939757665693,0.0012690602423343078,0.7565571475414767,0.7552880872991424,,,validation,
~asp_saturn_venus_conj_orb5,1,2,-0.012938695109676029,0.007061304890323972,0.5096939954523444,-0.012392128020523401,0.007607871979476599,0.40004830087760146,0.39244042889812486,-0.012392128020523401,18,289,44,0.018838128185817538,0.0007662152182739135,True,-0.012135856829024388,0.007864143170975613,0.763152230470118,0.7552880872991424,,,validation,
~mars_ingress_5d,1,2,-0.22313685644911033,-0.20313685644911034,0.2994958341129101,-0.012434775830029204,0.007565224169970797,0.40000565306809566,0.39244042889812486,-0.012434775830029204,104,136,278,0.11765419315868253,-0.08440137800086986,False,-0.14197290883040478,-0.12197290883040479,0.6333151784687376,0.7552880872991424,,,validation,
~asp_moon_pluto_trine_orb1,1,2,-0.056956250245593684,-0.03695625024559368,0.46567644031642674,-0.013016821282849016,0.006983178717150984,0.39942360761527584,0.39244042889812486,-0.013016821282849016,38,237,110,-0.0305129465154258,0.03479414762463173,False,-0.04912806860972117,-0.02912806860972117,0.7261600186894213,0.7552880872991424,,,validation,
~asp_saturn_sun_conj_orb1,1,2,-0.019921380005637906,7.861999436209466e-05,0.5027113105563825,-0.014384316816940784,0.005615683183059217,0.3980561120811841,0.39244042889812486,-0.014384316816940784,16,261,37,0.0031766024015448258,0.0076792561967220785,True,-0.013046373227876145,0.006953626772123855,0.7622417140712663,0.7552880872991424,,,validation,
~asp_saturn_sun_conj_orb3,1,2,0.02027767546451455,0.04027767546451455,0.542910366026535,-0.014751518982074035,0.0052484810179259656,0.3976889099160508,0.39244042889812486,-0.014751518982074035,16,259,40,0.02694068863530763,-0.01066711920769764,False,-0.01142723305501257,0.008572766944987431,0.7638608542441299,0.7552880872991424,,,validation,
~asp_mercury_neptune_conj_orb3,1,2,-0.023887425508679543,-0.003887425508679543,0.4987452650533409,-0.015482371773724728,0.004517628226275272,0.39695805712440013,0.39244042889812486,-0.015482371773724728,20,247,52,-0.010417393070842329,0.015645639954714297,False,-0.03054278059856817,-0.010542780598568169,0.7447453067005743,0.7552880872991424,,,validation,
~asp_uranus_venus_opp_orb5,1,2,-0.05424136078202589,-0.03424136078202589,0.46839132977999454,-0.015628050112700114,0.004371949887299886,0.39681237878542475,0.39244042889812486,-0.015628050112700114,16,280,42,0.016445568597955873,-0.003766142337657652,False,-0.020923435532585893,-0.0009234355325858923,0.7543646517665565,0.7552880872991424,,,validation,
~asp_pluto_venus_trine_orb5,1,2,-0.11885210028704356,-0.09885210028704355,0.40378059027497687,-0.015822092576281848,0.004177907423718152,0.396618336321843,0.39244042889812486,-0.015822092576281848,34,210,86,0.1280673647107864,-0.07554862968281556,False,-0.14022562758610643,-0.12022562758610644,0.635062459713036,0.7552880872991424,,,validation,
~asp_jupiter_mars_square_orb5,1,2,-0.0951420257417833,-0.0751420257417833,0.4274906648202371,-0.015871453894898673,0.004128546105101327,0.3965689750032262,0.39244042889812486,-0.015871453894898673,15,343,43,0.0012875194933397172,0.006643503330474615,True,-0.14422350537124526,-0.12422350537124527,0.6310645819278972,0.7552880872991424,,,validation,
~asp_mars_neptune_sextile_orb5,1,2,-0.03289356385313662,-0.012893563853136614,0.4897391267088838,-0.016099840546842086,0.0039001594531579142,0.3963405883512828,0.39244042889812486,-0.016099840546842086,17,373,43,0.050452675296568605,-0.031063906851740514,False,0.016897107957212127,0.03689710795721213,0.7921851952563546,0.7552880872991424,,,validation,
~asp_neptune_sun_conj_orb1,1,2,-0.02492367221328155,-0.004923672213281549,0.4977090183487389,-0.01616398101237147,0.003836018987628531,0.3962764478857534,0.39244042889812486,-0.01616398101237147,16,254,35,-0.009927622751322196,0.0147312669616749,False,-0.06309029044313029,-0.043090290443130286,0.7121977968560121,0.7552880872991424,,,validation,
~jupiter_ingress_3d,1,2,-0.025002409204429015,-0.005002409204429015,0.4976302813575914,-0.01626364530457956,0.0037363546954204407,0.3961767835935453,0.39244042889812486,-0.01626364530457956,17,270,56,-0.04613705582479255,0.04367894555213625,False,-0.0007306486549508544,0.019269351345049146,0.7745574386441916,0.7552880872991424,,,validation,
~asp_mercury_neptune_square_orb1,1,2,-0.04664600895114206,-0.026646008951142053,0.47598668161087837,-0.01670595088232772,0.003294049117672282,0.39573447801579714,0.39244042889812486,-0.01670595088232772,31,391,78,-0.021119916855029564,0.02180214082978693,False,-0.049557680923190114,-0.02955768092319011,0.7257304063759523,0.7552880872991424,,,validation,
~venus_sign_virgo,1,2,0.017402735600605807,0.03740273560060581,0.5400354261626262,-0.016933452284350874,0.003066547715649126,0.395506976613774,0.39244042889812486,-0.016933452284350874,18,266,46,-0.06924757419394822,0.06091913886420691,False,-0.07143827255121037,-0.05143827255121036,0.7038498147479321,0.7552880872991424,,,validation,
~asp_sun_uranus_trine_orb1,1,2,-0.059933065157275076,-0.03993306515727507,0.46269962540474535,-0.017354264211484265,0.002645735788515735,0.3950861646866406,0.39244042889812486,-0.017354264211484265,25,286,68,0.031405335300406234,-0.020961142479500816,False,0.007460367464175683,0.027460367464175683,0.7827484547633181,0.7552880872991424,,,validation,
~asp_neptune_venus_square_orb1,1,2,-0.046784577603050645,-0.02678457760305064,0.4758481129589698,-0.017695916915662063,0.002304083084337938,0.3947445119824628,0.39244042889812486,-0.017695916915662063,26,383,68,0.006656272380043626,-0.0014928238176034891,False,-0.09690087725035156,-0.07690087725035155,0.6783872100487909,0.7552880872991424,,,validation,
~asp_pluto_sun_square_orb5,1,2,-0.11976228297057877,-0.09976228297057876,0.40287040759144166,-0.017992386114188446,0.0020076138858115544,0.3944480427839364,0.39244042889812486,-0.017992386114188446,31,121,80,0.13567966671496456,-0.10315525666837487,False,-0.08338417643122241,-0.0633841764312224,0.69190391086792,0.7552880872991424,,,validation,
~asp_neptune_sun_square_orb1,1,2,-0.03882447307320745,-0.01882447307320745,0.483808217488813,-0.018193069212857887,0.0018069307871421136,0.394247359685267,0.39244042889812486,-0.018193069212857887,23,252,67,-0.014975561420972672,0.014711746270379716,False,-0.016153535405589264,0.0038464645944107367,0.7591345518935532,0.7552880872991424,,,validation,
~asp_mercury_uranus_conj_orb5,1,2,0.01837510282498624,0.03837510282498624,0.5410077933870067,-0.018462261921723993,0.0015377380782760075,0.39397816697640087,0.39244042889812486,-0.018462261921723993,21,246,53,0.047130361109064434,-0.032893470926071144,False,-0.06598376541355676,-0.045983765413556754,0.7093043218855857,0.7552880872991424,,,validation,
~asp_mars_sun_sextile_orb3,1,2,-0.07858869653576121,-0.05858869653576121,0.4440439940262592,-0.018490127779338655,0.0015098722206613457,0.3939503011187862,0.39244042889812486,-0.018490127779338655,15,297,38,-0.03922975173858856,0.0350186814716576,False,0.02686110915066355,0.04686110915066355,0.802149196449806,0.7552880872991424,,,validation,
~asp_mars_neptune_square_orb1,1,2,0.01829976915537725,0.03829976915537725,0.5409324597173977,-0.018549343971387394,0.001450656028612607,0.39389108492673747,0.39244042889812486,-0.018549343971387394,21,323,47,-0.05246487954312884,0.043602966634577606,False,-0.04252343516612732,-0.022523435166127315,0.7327646521330151,0.7552880872991424,,,validation,
~asp_mercury_moon_trine_orb1,1,2,-0.07758590780831152,-0.05758590780831152,0.4450467827537089,-0.018784784132313086,0.001215215867686914,0.3936556447658118,0.39244042889812486,-0.018784784132313086,48,299,113,0.024373436976118157,-0.016575346145860093,False,-0.09919060325832062,-0.07919060325832061,0.6760974840408218,0.7552880872991424,,,validation,
~asp_saturn_venus_trine_orb1,1,2,-0.061830358217609724,-0.04183035821760972,0.4608023323444107,-0.01900107699921875,0.0009989230007812488,0.3934393518989061,0.39244042889812486,-0.01900107699921875,28,285,72,0.0003158747106103421,0.003083045153863956,True,-0.01738377881831153,0.0026162211816884717,0.7579043084808309,0.7552880872991424,,,validation,
~asp_pluto_venus_conj_orb3,1,2,-0.010265837997392873,0.009734162002607127,0.5123668525646276,-0.019062965087618716,0.0009370349123812849,0.39337746381050614,0.39244042889812486,-0.019062965087618716,17,283,43,-0.05977341629432398,0.046506221692675986,False,-0.053311138063094385,-0.03331113806309438,0.721976949236048,0.7552880872991424,,,validation,
~asp_jupiter_mercury_trine_orb3,1,2,-0.1184696046296405,-0.0984696046296405,0.40416308593237993,-0.019678798508913447,0.0003212014910865535,0.3927616303892114,0.39244042889812486,-0.019678798508913447,32,217,91,-0.017842506405377545,0.01490895393705402,False,-0.09514038435345538,-0.07514038435345538,0.680147702945687,0.7552880872991424,,,validation,
~asp_mars_venus_sextile_orb1,1,2,-0.02804795913295109,-0.008047959132951088,0.49458473142906934,-0.019810031312353742,0.00018996868764625807,0.3926303975857711,0.39244042889812486,-0.019810031312353742,21,339,52,-0.044283252710783816,0.0331066283261299,False,-0.06125611834452892,-0.041256118344528914,0.7140319689546135,0.7552880872991424,,,validation,
~asp_jupiter_venus_conj_orb5,1,2,-0.020658524782307435,-0.0006585247823074347,0.501974165779713,-0.020275030539311328,-0.00027503053931132726,0.39216539835881353,0.39244042889812486,-0.020275030539311328,15,305,43,0.05265659731457728,-0.0454113697749019,False,-0.06798852696670342,-0.047988526966703415,0.707299560332439,0.7552880872991424,,,validation,
~asp_pluto_sun_sextile_orb5,1,2,-0.045150430292240515,-0.02515043029224051,0.4774822602697799,-0.02063678000672235,-0.0006367800067223484,0.3918036488914025,0.39244042889812486,-0.02063678000672235,31,165,80,-0.07981265183146213,0.06080641288599292,False,-0.004666494711299634,0.015333505288700366,0.7706215925878428,0.7552880872991424,,,validation,
~asp_mercury_uranus_trine_orb1,1,2,-0.021352575993914918,-0.0013525759939149173,0.5012801145681055,-0.020954186016049408,-0.0009541860160494076,0.39148624288207545,0.39244042889812486,-0.020954186016049408,31,325,76,0.043314836018657266,-0.035058992974600245,False,-0.04878963214949582,-0.028789632149495814,0.7264984551496466,0.7552880872991424,,,validation,
~asp_mercury_uranus_square_orb3,1,2,-0.053432218437867926,-0.03343221843786792,0.4692004721241525,-0.02144269636701838,-0.0014426963670183812,0.3909977325311065,0.39244042889812486,-0.02144269636701838,38,143,99,0.027290544431059605,-0.022459377828630195,False,-0.07995021852003513,-0.059950218520035126,0.6953378687791073,0.7552880872991424,,,validation,
venus_sign_gemini,1,1,-0.2296349865401222,-0.2196349865401222,0.2829977040218982,-0.021512411403330982,-0.01151241140333098,0.3809280174947939,0.39244042889812486,-0.021512411403330982,15,86,43,-0.1413996921367301,0.05494756813948254,False,-0.3573222989218432,-0.3473222989218432,0.40796578837729924,0.7552880872991424,,,validation,
~asp_jupiter_sun_sextile_orb1,1,2,-0.027928409698963246,-0.007928409698963246,0.4947042808630572,-0.021777183666290206,-0.0017771836662902052,0.39066324523183465,0.39244042889812486,-0.021777183666290206,27,278,68,-0.03749243161097715,0.026766571145891788,False,-0.02411945220077603,-0.00411945220077603,0.7511686350983664,0.7552880872991424,,,validation,
asp_mars_uranus_opp_orb3,1,1,-0.5991221727541255,-0.5891221727541255,-0.08648948219210505,-0.021844993023132135,-0.011844993023132133,0.3805954358749927,0.39244042889812486,-0.021844993023132135,7,7,24,-0.2318528257692829,0.15853365011943354,False,-0.5038912216401126,-0.49389122164011257,0.26139686565902986,0.7552880872991424,,,validation,
~asp_jupiter_mercury_trine_orb1,1,2,-0.07124860222519878,-0.05124860222519878,0.45138408833682164,-0.022310460741138665,-0.0023104607411386646,0.3901299681569862,0.39244042889812486,-0.022310460741138665,26,298,72,0.02235092645436454,-0.02173891184335891,False,-0.0613480185492412,-0.041348018549241194,0.7139400687499012,0.7552880872991424,,,validation,
~asp_mars_neptune_trine_orb3,1,2,0.011891548513389156,0.031891548513389156,0.5345242390754096,-0.02317475944011164,-0.003174759440111641,0.3892656694580132,0.39244042889812486,-0.02317475944011164,20,360,47,0.024755371199306264,-0.023597183941445943,False,-0.014892553374886357,0.005107446625113643,0.7603955339242561,0.7552880872991424,,,validation,
~asp_sun_uranus_opp_orb5,1,2,-0.07261975927721347,-0.05261975927721346,0.45001293128480696,-0.023907072671326173,-0.003907072671326173,0.3885333562267987,0.39244042889812486,-0.023907072671326173,16,250,41,0.02747939984775427,-0.029990164240065675,False,-0.032875542460465076,-0.012875542460465073,0.7424125448386774,0.7552880872991424,,,validation,
~asp_neptune_venus_conj_orb3,1,2,-0.02626345466679451,-0.00626345466679451,0.4963692358952259,-0.02392388795589871,-0.003923887955898708,0.38851654094222615,0.39244042889812486,-0.02392388795589871,18,282,42,0.026655424013611095,-0.026920448495286603,False,-0.04057669225028125,-0.020576692250281248,0.7347113950488612,0.7552880872991424,,,validation,
~asp_saturn_sun_sextile_orb5,1,2,-0.07295724835449045,-0.05295724835449045,0.44967544220753,-0.02437677050307861,-0.004376770503078609,0.38806365839504625,0.39244042889812486,-0.02437677050307861,30,160,79,0.0010352010328751327,-0.010902260669940628,False,-0.013976060860067734,0.006023939139932266,0.7613120264390747,0.7552880872991424,,,validation,
~asp_jupiter_mercury_trine_orb5,1,2,-0.07187446811915064,-0.05187446811915064,0.4507582224428698,-0.02461236447112251,-0.00461236447112251,0.38782806442700235,0.39244042889812486,-0.02461236447112251,32,215,90,-0.048136253282764385,0.029956065092531903,False,-0.08166079355938537,-0.06166079355938536,0.6936272937397571,0.7552880872991424,,,validation,
~asp_sun_uranus_opp_orb3,1,2,-0.058250845121726444,-0.03825084512172644,0.464381845440294,-0.025094314621336083,-0.005094314621336082,0.3873461142767888,0.39244042889812486,-0.025094314621336083,16,252,41,0.007473975913914521,-0.014994079893103557,False,-0.04688932899136898,-0.026889328991368977,0.7283987583077735,0.7552880872991424,,,validation,
~venus_sign_taurus,1,2,0.007332217981334339,0.02733221798133434,0.5299649085433548,-0.02525206391119909,-0.00525206391119909,0.38718836498692577,0.39244042889812486,-0.02525206391119909,16,266,41,0.026081395977462396,-0.02440547775904281,False,-0.014254284094028052,0.005745715905971949,0.7610338032051144,0.7552880872991424,,,validation,
~moon_sign_aries,1,2,-0.24907193878265596,-0.22907193878265597,0.27356075177936445,-0.02540656368434106,-0.005406563684341059,0.3870338652137838,0.39244042889812486,-0.02540656368434106,176,57,474,-0.02773196900657826,0.015931641562505428,False,-0.2924542781121937,-0.2724542781121937,0.48283380918694874,0.7552880872991424,,,validation,
~asp_pluto_venus_opp_orb3,1,2,-0.036067901603817606,-0.016067901603817603,0.4865647889582028,-0.02545291964221356,-0.005452919642213561,0.3869875092559113,0.39244042889812486,-0.02545291964221356,18,280,45,-0.04705231464603454,0.028796482269843632,False,-0.043252425647966594,-0.02325242564796659,0.7320356616511758,0.7552880872991424,,,validation,
~asp_mercury_moon_trine_orb3,1,2,-0.18401713074497075,-0.16401713074497076,0.33861555981704966,-0.027135925654013054,-0.007135925654013053,0.3853045032441118,0.39244042889812486,-0.027135925654013054,133,143,355,-0.011759152005360152,-0.0020424466782611728,False,-0.2142460823824693,-0.19424608238246932,0.5610420049166731,0.7552880872991424,,,validation,
~asp_pluto_venus_conj_orb5,1,2,0.010063653723037653,0.030063653723037653,0.5326963442850581,-0.027315401153133006,-0.007315401153133005,0.38512502774499185,0.39244042889812486,-0.027315401153133006,15,280,41,-0.08468043830508487,0.052394233838255366,False,-0.08097973405115198,-0.06097973405115198,0.6943083532479905,0.7552880872991424,,,validation,
~asp_mercury_venus_conj_orb1,1,2,-0.07737199714594582,-0.05737199714594582,0.4452606934160746,-0.027542308863565994,-0.007542308863565994,0.38489812003455887,0.39244042889812486,-0.027542308863565994,27,374,72,-0.046839061825238115,0.025189039508892785,False,-0.06395367443122045,-0.043953674431220446,0.711334412867922,0.7552880872991424,,,validation,
~asp_jupiter_sun_conj_orb3,1,2,-0.025761888665975435,-0.005761888665975434,0.496870801896045,-0.027731584409883308,-0.0077315844098833075,0.38470884448824155,0.39244042889812486,-0.027731584409883308,14,275,37,-0.012940465362560771,-0.005850339071793331,False,-0.04033151639541997,-0.02033151639541997,0.7349565709037225,0.7552880872991424,,,validation,
~asp_mars_saturn_sextile_orb5,1,2,-0.04647997508695838,-0.026479975086958374,0.47615271547506205,-0.027779424232342236,-0.007779424232342236,0.3846610046657826,0.39244042889812486,-0.027779424232342236,18,378,45,-0.000715482306009263,-0.024385103856430695,False,-0.11863490681607623,-0.09863490681607623,0.6566531804830662,0.7552880872991424,,,validation,
~asp_mercury_neptune_trine_orb3,1,2,-0.0665092911156847,-0.04650929111568469,0.45612339944633573,-0.027898912356448185,-0.007898912356448184,0.3845415165416767,0.39244042889812486,-0.027898912356448185,38,243,96,0.020360364737421976,-0.03692490930367495,False,-0.07611225652513608,-0.05611225652513607,0.6991758307740064,0.7552880872991424,,,validation,
~asp_neptune_sun_trine_orb3,1,2,-0.0440705022588299,-0.024070502258829896,0.4785621883031905,-0.028584388997419035,-0.008584388997419035,0.3838560399007058,0.39244042889812486,-0.028584388997419035,31,166,81,-0.05569283489747934,0.02700326789428545,False,-0.10467412600226388,-0.08467412600226387,0.6706139612968786,0.7552880872991424,,,validation,
~venus_sign_leo,1,2,-0.10093992225442892,-0.08093992225442892,0.4216927683075915,-0.028600540749110153,-0.008600540749110153,0.3838398881490147,0.39244042889812486,-0.028600540749110153,18,267,46,0.17438680930180583,-0.13343509553419883,False,0.0532428030839255,0.0732428030839255,0.8285308903830679,0.7552880872991424,,,validation,
~asp_moon_neptune_opp_orb5,1,2,-0.12692040698457766,-0.10692040698457767,0.39571228357744276,-0.0287230110074511,-0.008723011007451098,0.38371741789067376,0.39244042889812486,-0.0287230110074511,103,113,280,-0.09690333400667572,0.059610314613222526,False,-0.0697209002557637,-0.0497209002557637,0.7055671870433787,0.7552880872991424,,,validation,
~asp_mars_neptune_sextile_orb3,1,2,-0.009204508043698528,0.010795491956301473,0.5134281825183219,-0.028906216588599248,-0.008906216588599247,0.3835342123095256,0.39244042889812486,-0.028906216588599248,17,378,43,0.004872672027069425,-0.01949729464753175,False,0.006131353630847398,0.026131353630847398,0.7814194409299898,0.7552880872991424,,,validation,
~asp_saturn_sun_sextile_orb1,1,2,-0.04026404118299386,-0.020264041182993853,0.48236864937902657,-0.029096871015744635,-0.009096871015744634,0.3833435578823802,0.39244042889812486,-0.029096871015744635,24,358,65,-0.04336008818314796,0.015974777001730472,False,0.0012664033992718822,0.021266403399271883,0.7765544906984143,0.7552880872991424,,,validation,
~asp_jupiter_mars_square_orb3,1,2,-0.12152894389799938,-0.10152894389799938,0.40110374666402104,-0.029517571957489202,-0.009517571957489201,0.38292285694063566,0.39244042889812486,-0.029517571957489202,15,346,42,-0.028160197984126834,0.004347275689384061,False,-0.07674572630997543,-0.05674572630997543,0.698542360989167,0.7552880872991424,,,validation,
~asp_sun_uranus_conj_orb3,1,2,-0.03849004149246703,-0.018490041492467024,0.4841426490695534,-0.029615222761902132,-0.009615222761902131,0.38282520613622273,0.39244042889812486,-0.029615222761902132,16,251,40,0.03317858575985,-0.043385489533070226,False,-0.059370809269289046,-0.03937080926928904,0.7159172780298534,0.7552880872991424,,,validation,
~asp_moon_sun_trine_orb1,1,2,-0.08710263560759245,-0.06710263560759244,0.435530054954428,-0.029718050611200014,-0.009718050611200013,0.38272237828692485,0.39244042889812486,-0.029718050611200014,40,243,122,0.0014407912185276928,-0.017627217276512314,False,-0.048048974866128344,-0.02804897486612834,0.7272391124330141,0.7552880872991424,,,validation,
~asp_mars_moon_sextile_orb3,1,2,-0.14034091998353146,-0.12034091998353147,0.38229177057848895,-0.030078577596943306,-0.010078577596943306,0.38236185130118155,0.39244042889812486,-0.030078577596943306,121,133,321,-0.029452621409755242,0.0030291732327329957,False,-0.11527109569969439,-0.09527109569969439,0.660016991599448,0.7552880872991424,,,validation,
~asp_mercury_saturn_sextile_orb1,1,2,-0.020831493631651248,-0.0008314936316512478,0.5018011969303692,-0.03025834855745439,-0.010258348557454389,0.38218208034067047,0.39244042889812486,-0.03025834855745439,29,251,79,-0.037246819101247386,0.011243239098485902,False,-0.08493959615632728,-0.06493959615632727,0.6903484911428152,0.7552880872991424,,,validation,
~asp_pluto_sun_opp_orb5,1,2,-0.03169754345988539,-0.011697543459885384,0.49093514710213504,-0.03031206437397475,-0.01031206437397475,0.3821283645241501,0.39244042889812486,-0.03031206437397475,16,248,41,-0.037150163338352304,0.011184740951180966,False,-0.08452929529171636,-0.06452929529171636,0.6907587920074261,0.7552880872991424,,,validation,
~asp_neptune_sun_square_orb5,1,2,-0.1874033015513076,-0.16740330155130762,0.3352293890107128,-0.031113306594315087,-0.011113306594315087,0.3813271223038098,0.39244042889812486,-0.031113306594315087,31,121,81,-0.06358956356664747,0.03157216848166375,False,0.0016191097229743164,0.021619109722974317,0.7769071970221167,0.7552880872991424,,,validation,
~jupiter_ingress_5d,1,2,-0.039819093824359095,-0.01981909382435909,0.48281359673766133,-0.03157471317616621,-0.011574713176166207,0.38086571572195865,0.39244042889812486,-0.03157471317616621,17,268,56,-0.040420074262462524,0.011200892223817899,False,0.005443318041808993,0.025443318041808993,0.7807314053409514,0.7552880872991424,,,validation,
~asp_mercury_pluto_opp_orb5,1,2,-0.0768671030033256,-0.05686710300332559,0.44576558755869483,-0.031821796304832825,-0.011821796304832821,0.38061863259329204,0.39244042889812486,-0.031821796304832825,17,276,46,-0.013394040904500137,-0.008354716716536092,False,-0.0775599464292389,-0.057559946429238895,0.6977281408699035,0.7552880872991424,,,validation,
~asp_neptune_sun_trine_orb1,1,2,-0.04075712245124445,-0.020757122451244447,0.481875568110776,-0.03186062329897836,-0.011860623298978357,0.3805798055991465,0.39244042889812486,-0.03186062329897836,27,252,72,-0.03798887704037901,0.0075198798254154375,False,-0.07597350465784379,-0.05597350465784379,0.6993145826412986,0.7552880872991424,,,validation,
~asp_mercury_venus_conj_orb5,1,2,-0.17325965412733427,-0.15325965412733428,0.34937303643468615,-0.032239557746212996,-0.012239557746212992,0.38020087115191187,0.39244042889812486,-0.032239557746212996,35,194,98,-0.07445696807588242,0.04051401684320499,False,-0.00422890046150835,0.01577109953849165,0.7710591868376341,0.7552880872991424,,,validation,
~asp_neptune_sun_sextile_orb3,1,2,-0.07745199575813198,-0.05745199575813198,0.44518069480388844,-0.03230644554670402,-0.012306445546704015,0.38013398335142085,0.39244042889812486,-0.03230644554670402,31,168,81,-0.01749706487086966,-0.008287521654261859,False,-0.10080505994552989,-0.08080505994552989,0.6744830273536125,0.7552880872991424,,,validation,
~asp_mars_pluto_square_orb1,1,2,-0.04784796303331566,-0.02784796303331566,0.47478472752870476,-0.03251685852144924,-0.012516858521449237,0.3799235703766756,0.39244042889812486,-0.03251685852144924,18,318,44,-0.02052116136217974,-0.006043499453317225,False,-0.07190511775001061,-0.05190511775001061,0.7033829695491318,0.7552880872991424,,,validation,
~asp_saturn_venus_sextile_orb1,1,2,-0.04350132248014653,-0.023501322480146525,0.4791313680818739,-0.032913964916093094,-0.01291396491609309,0.37952646398203177,0.39244042889812486,-0.032913964916093094,25,292,67,-0.010609149239008575,-0.011333047968162896,False,-0.0774682677711913,-0.057468267771191295,0.6978198195279511,0.7552880872991424,,,validation,
~asp_mercury_venus_conj_orb3,1,2,-0.1375626643659201,-0.11756266436592011,0.3850700261961003,-0.03306401978813543,-0.013064019788135428,0.37937640910998943,0.39244042889812486,-0.03306401978813543,32,325,93,-0.07097603589511492,0.03579006677192215,False,0.008452357272865547,0.028452357272865547,0.783740444572008,0.7552880872991424,,,validation,
~asp_sun_venus_conj_orb1,1,2,-0.03858043993794934,-0.018580439937949333,0.4840522506240711,-0.033126608110432484,-0.01312660811043248,0.3793138207876924,0.39244042889812486,-0.033126608110432484,18,400,48,-0.0436159827337016,0.011274709779716285,False,-0.04638330202498529,-0.02638330202498529,0.7289047852741571,0.7552880872991424,,,validation,
~asp_jupiter_moon_square_orb1,1,2,-0.10113061177351616,-0.08113061177351616,0.42150207878850426,-0.03325809622106933,-0.013258096221069327,0.37918233267705553,0.39244042889812486,-0.03325809622106933,51,265,118,-0.01424473442165164,-0.012172565190464557,False,-0.08439982020906521,-0.0643998202090652,0.6908882670900772,0.7552880872991424,,,validation,
~sun_sign_aquarius,1,2,-0.12196638798016306,-0.10196638798016305,0.40066630258185737,-0.03326349079668521,-0.013263490796685207,0.37917693810143965,0.39244042889812486,-0.03326349079668521,16,233,41,-0.019706728808686846,-0.0065887405543179345,False,-0.09108106713155482,-0.07108106713155482,0.6842070201675876,0.7552880872991424,,,validation,
~asp_moon_venus_conj_orb3,1,2,-0.09221941349889422,-0.07221941349889421,0.4304132770631262,-0.033329291580884976,-0.013329291580884972,0.3791111373172399,0.39244042889812486,-0.033329291580884976,66,290,166,-0.02918856704710071,-0.0008303872056864003,False,-0.11898738764691251,-0.0989873876469125,0.6563006996522299,0.7552880872991424,,,validation,
~asp_mars_pluto_trine_orb3,1,2,-0.026416028025954313,-0.006416028025954312,0.4962166625360661,-0.03338240879374453,-0.013382408793744527,0.37905802010438033,0.39244042889812486,-0.03338240879374453,16,374,45,-0.012361310340550546,-0.01110927172473164,False,-0.04943072550792281,-0.029430725507922806,0.7258573617912196,0.7552880872991424,,,validation,
~sun_sign_gemini,1,2,-0.11479963572491513,-0.09479963572491512,0.4078330548371053,-0.03405216406421889,-0.014052164064218886,0.378388264833906,0.39244042889812486,-0.03405216406421889,16,233,41,0.01072438600562542,-0.029442791242107386,False,-0.07948069169942183,-0.05948069169942183,0.6958073955997206,0.7552880872991424,,,validation,
~asp_saturn_sun_square_orb5,1,2,-0.09461564230094043,-0.07461564230094042,0.42801704826108,-0.034108739154131026,-0.014108739154131023,0.37833168974399384,0.39244042889812486,-0.034108739154131026,30,137,79,0.053855853438717904,-0.06519568924798813,False,-0.1253686297291304,-0.10536862972913041,0.649919457570012,0.7552880872991424,,,validation,
~asp_mercury_uranus_square_orb1,1,2,-0.041435497948040564,-0.02143549794804056,0.48119719261397986,-0.03421154587606272,-0.014211545876062714,0.37822888302206215,0.39244042889812486,-0.03421154587606272,24,392,72,0.010077267177041715,-0.033019049460137756,False,-0.08182513077537588,-0.06182513077537588,0.6934629565237665,0.7552880872991424,,,validation,
asp_mars_saturn_opp_orb3,1,1,-0.4106647503262769,-0.4006647503262769,0.10196794023574351,-0.03448917662620248,-0.02448917662620248,0.3679512522719224,0.39244042889812486,-0.03448917662620248,11,40,23,-0.14878353348825463,0.01597485999199416,False,-0.16601985253103657,-0.15601985253103656,0.5992682347681059,0.7552880872991424,,,validation,
asp_neptune_sun_sextile_orb1,1,1,-0.42821018579353765,-0.41821018579353764,0.08442250476848279,-0.03484544436485414,-0.02484544436485414,0.3675949845332707,0.39244042889812486,-0.03484544436485414,19,2,68,0.010783985612976998,-0.1645612282052764,False,-0.5557850701205095,-0.5457850701205095,0.20950301717863298,0.7552880872991424,,,validation,
~asp_mars_neptune_trine_orb1,1,2,-0.021588749780370158,-0.0015887497803701578,0.5010439407816503,-0.03509859504262812,-0.015098595042628116,0.37734183385549674,0.39244042889812486,-0.03509859504262812,18,367,44,0.004132023498736315,-0.029571244302655564,False,-0.016116366715022905,0.003883633284977095,0.7591717205841195,0.7552880872991424,,,validation,
~asp_neptune_venus_square_orb3,1,2,-0.06623122158342874,-0.04623122158342874,0.4564014689785917,-0.03527554752353439,-0.015275547523534383,0.3771648813745905,0.39244042889812486,-0.03527554752353439,33,179,86,0.012102537689213877,-0.04176660624549097,False,-0.07206648904000444,-0.05206648904000444,0.703221598259138,0.7552880872991424,,,validation,
~asp_moon_uranus_sextile_orb1,1,2,-0.07280316661381818,-0.052803166613818175,0.44982952394820225,-0.03560001650915738,-0.015600016509157377,0.3768404123889675,0.39244042889812486,-0.03560001650915738,49,351,114,-0.08374847605249258,0.038717123866938236,False,-0.06178215357254467,-0.04178215357254467,0.7135059337265978,0.7552880872991424,,,validation,
~asp_sun_venus_conj_orb3,1,2,-0.01635287737218481,0.0036471226278151914,0.5062798131898356,-0.035729781890275134,-0.01572978189027513,0.37671064700784973,0.39244042889812486,-0.035729781890275134,19,196,51,-0.04446221165684239,0.00817363681651087,False,-0.14145320085687904,-0.12145320085687905,0.6338348864422634,0.7552880872991424,,,validation,
~asp_moon_neptune_opp_orb3,1,2,-0.10598193252193254,-0.08598193252193254,0.4166507580400879,-0.03606877906412158,-0.016068779064121574,0.3763716498340033,0.39244042889812486,-0.03606877906412158,64,168,165,-0.07616365503872147,0.0316430005927848,False,-0.0718127177212785,-0.05181271772127849,0.7034753695778639,0.7552880872991424,,,validation,
saturn_retro,1,1,-0.16215479657205212,-0.1521547965720521,0.3504778939899683,-0.03662562248412087,-0.02662562248412087,0.365814806414004,0.39244042889812486,-0.03662562248412087,14,97,38,-0.06902496011175874,-0.023403863587386303,False,-0.3347619718978943,-0.3247619718978943,0.43052611540124813,0.7552880872991424,,,validation,
~asp_jupiter_venus_square_orb1,1,2,-0.055109531089051575,-0.03510953108905157,0.46752315947296885,-0.03707541613495417,-0.01707541613495417,0.3753650127631707,0.39244042889812486,-0.03707541613495417,28,303,65,-0.021710873882660353,-0.014362777725117792,False,-0.0004276863665708501,0.01957231363342915,0.7748604009325716,0.7552880872991424,,,validation,
~asp_moon_saturn_trine_orb1,1,2,-0.05126422754771247,-0.031264227547712464,0.47136846301430796,-0.03747692879651841,-0.01747692879651841,0.37496350010160645,0.39244042889812486,-0.03747692879651841,51,287,131,0.04497798580576651,-0.06525742563258075,False,-0.048307278320087174,-0.02830727832008717,0.7269808089790553,0.7552880872991424,,,validation,
~asp_mercury_pluto_square_orb1,1,2,-0.04321758073484282,-0.023217580734842813,0.4794151098271776,-0.03754866579270631,-0.01754866579270631,0.37489176310541855,0.39244042889812486,-0.03754866579270631,32,249,81,-0.07946158967900718,0.0317208233609467,False,-0.06310219584868136,-0.04310219584868136,0.7121858914504611,0.7552880872991424,,,validation,
~asp_jupiter_mercury_conj_orb5,1,2,-0.048027132211230214,-0.02802713221123021,0.4746055583507902,-0.03763674683186173,-0.017636746831861727,0.37480368206626313,0.39244042889812486,-0.03763674683186173,21,292,53,-0.09383559794519392,0.041027061793611264,False,-0.03179525417761507,-0.011795254177615067,0.7434928331215274,0.7552880872991424,,,validation,
asp_mars_saturn_opp_orb5,1,1,-0.14822846254275568,-0.13822846254275567,0.36440422801926475,-0.03806002335098623,-0.02806002335098623,0.36438040554713863,0.39244042889812486,-0.03806002335098623,12,47,24,-0.38658783192579205,0.3623542406605074,False,-0.06757379329998035,-0.05757379329998036,0.6977142939991621,0.7552880872991424,,,validation,
sun_sign_taurus,1,1,-0.7301981290738168,-0.7201981290738168,-0.2175654385117963,-0.03825354479874498,-0.02825354479874498,0.3641868840993799,0.39244042889812486,-0.03825354479874498,15,23,40,-0.23241528280724544,0.1237023325750774,False,-0.6537642331811887,-0.6437642331811887,0.11152385411795374,0.7552880872991424,,,validation,
~asp_mars_saturn_sextile_orb1,1,2,-0.031629671018809855,-0.01162967101880985,0.4910030195432106,-0.03834742208054785,-0.01834742208054785,0.374093006817577,0.39244042889812486,-0.03834742208054785,18,387,45,-0.027929956270648093,-0.011506826733144737,False,-0.07585561508429338,-0.055855615084293375,0.699432472214849,0.7552880872991424,,,validation,
~asp_sun_uranus_sextile_orb1,1,2,0.03183583239797806,0.051835832397978066,0.5544685229599985,-0.03882581781398191,-0.018825817813981904,0.37361461108414296,0.39244042889812486,-0.03882581781398191,26,255,71,-0.030645503534711405,-0.009751711132047314,False,-0.05360934416971096,-0.03360934416971095,0.7216787431294315,0.7552880872991424,,,validation,
~asp_jupiter_venus_square_orb5,1,2,-0.1331143444984352,-0.11311434449843522,0.3895183460635852,-0.03911772167091736,-0.019117721670917354,0.3733227072272075,0.39244042889812486,-0.03911772167091736,31,198,81,-0.10693682047052622,0.04888695942378102,False,0.05989578531212171,0.07989578531212171,0.8351838726112641,0.7552880872991424,,,validation,
~asp_moon_sun_conj_orb1,1,2,-0.021263672753652135,-0.0012636727536521342,0.5013690178083683,-0.03966841849906742,-0.01966841849906742,0.37277201039905744,0.39244042889812486,-0.03966841849906742,27,346,67,-0.023054044855985723,-0.017115121398644406,False,-0.03678618022501866,-0.016786180225018654,0.7385019070741238,0.7552880872991424,,,validation,
~asp_mars_uranus_sextile_orb5,1,2,-0.06403597075489374,-0.04403597075489374,0.4585967198071267,-0.03975519122100667,-0.019755191221006663,0.3726852376771182,0.39244042889812486,-0.03975519122100667,19,374,46,-0.060032458149582246,0.01695309795956637,False,-0.024035440561706794,-0.0040354405617067934,0.7512526467374356,0.7552880872991424,,,validation,
