rule,length,complexity,train_fitness,train_excess_sharpe,train_sharpe,val_fitness,val_excess_sharpe,val_sharpe,val_sharpe_bh,val_fitness_raw,n_episodes_val,max_episode_val,n_episodes_train_val,val_half1_excess_sharpe,val_half2_excess_sharpe,stable,holdout_fitness,holdout_excess_sharpe,holdout_sharpe,holdout_sharpe_bh,null_pvalue,null_n,selected_on,drop_reason,nasdaq_val_excess_sharpe,nasdaq_val_sharpe,nasdaq_val_sharpe_bh,nasdaq_holdout_excess_sharpe,nasdaq_holdout_sharpe,nasdaq_holdout_sharpe_bh,cross_asset,partial_stage
~asp_mars_pluto_sextile_orb3 & asp_neptune_uranus_conj_orb5 & ~asp_neptune_venus_conj_orb3 & ~asp_uranus_venus_square_orb3,4,10,-0.3012126460426312,-0.15121264604263118,0.3591448535251399,0.6628044844960109,0.812804484496011,1.2052449133941359,0.39244042889812486,0.6628044844960109,7,52,24,1.0796473633793835,-0.2044341522827901,False,-0.9052880872991425,-0.7552880872991424,0.0,0.7552880872991424,,,validation,,0.4104534881974922,0.8167460470469806,0.4062925588494884,-0.8178278663975544,0.0,0.8178278663975544,True,post_nasdaq
~asp_mars_pluto_sextile_orb3 & asp_neptune_uranus_conj_orb5 & ~asp_neptune_venus_conj_orb5 & ~asp_uranus_venus_square_orb3,4,10,-0.2980616947119855,-0.14806169471198555,0.36229580485578555,0.6608909592591808,0.8108909592591809,1.2033313881573058,0.39244042889812486,0.6608909592591808,7,52,24,1.0769180544364452,-0.2044341522827901,False,-0.9052880872991425,-0.7552880872991424,0.0,0.7552880872991424,,,validation,,0.4228657279963594,0.8291582868458478,0.4062925588494884,-0.8178278663975544,0.0,0.8178278663975544,True,post_nasdaq
~asp_mars_pluto_sextile_orb3 & asp_neptune_uranus_conj_orb5 & ~asp_neptune_venus_conj_orb3 & ~asp_sun_uranus_trine_orb5,4,10,-0.357079031696531,-0.20707903169653097,0.30327846787124013,0.6592685480284134,0.8092685480284134,1.2017089769265383,0.39244042889812486,0.6592685480284134,7,58,23,1.0746040276541484,-0.2044341522827901,False,-0.9052880872991425,-0.7552880872991424,0.0,0.7552880872991424,,,validation,,0.4001475059549557,0.8064400648044441,0.4062925588494884,-0.8178278663975544,0.0,0.8178278663975544,True,post_nasdaq
~asp_mars_pluto_sextile_orb3 & asp_neptune_uranus_conj_orb5 & ~asp_neptune_venus_conj_orb5 & ~asp_sun_uranus_trine_orb5,4,10,-0.35403849859589287,-0.20403849859589285,0.30631900097187825,0.6575628516369522,0.8075628516369522,1.200003280535077,0.39244042889812486,0.6575628516369522,7,56,23,1.072171270452435,-0.2044341522827901,False,-0.9052880872991425,-0.7552880872991424,0.0,0.7552880872991424,,,validation,,0.41202906846402026,0.8183216273135087,0.4062925588494884,-0.8178278663975544,0.0,0.8178278663975544,True,post_nasdaq
~asp_mars_pluto_sextile_orb3 & asp_neptune_uranus_conj_orb5 & ~asp_neptune_venus_conj_orb3 & ~venus_sign_taurus,4,10,-0.37651778203452824,-0.22651778203452821,0.2838397175332429,0.6560381064549333,0.8060381064549333,1.1984785353530583,0.39244042889812486,0.6560381064549333,6,102,18,1.069996646216207,-0.2044341522827901,False,-0.9052880872991425,-0.7552880872991424,0.0,0.7552880872991424,,,validation,,0.32328968502997685,0.7295822438794652,0.4062925588494884,-0.8178278663975544,0.0,0.8178278663975544,True,post_nasdaq
~asp_mars_pluto_sextile_orb3 & asp_neptune_uranus_conj_orb5 & ~asp_neptune_venus_conj_orb5 & ~venus_sign_taurus,4,10,-0.37345373507084134,-0.22345373507084137,0.2869037644969297,0.6549076261028784,0.8049076261028785,1.1973480550010034,0.39244042889812486,0.6549076261028784,6,100,18,1.0683843616516164,-0.2044341522827901,False,-0.9052880872991425,-0.7552880872991424,0.0,0.7552880872991424,,,validation,,0.33349873229501176,0.7397912911445002,0.4062925588494884,-0.8178278663975544,0.0,0.8178278663975544,True,post_nasdaq
~asp_mars_pluto_sextile_orb3 & asp_neptune_uranus_conj_orb5 & ~asp_saturn_venus_sextile_orb5 & ~asp_uranus_venus_square_orb3,4,10,-0.3028464427483558,-0.1528464427483558,0.3575110568194153,0.6535181615904334,0.8035181615904334,1.1959585904885583,0.39244042889812486,0.6535181615904334,8,58,26,1.0664027511699163,-0.2044341522827901,False,-0.9052880872991425,-0.7552880872991424,0.0,0.7552880872991424,,,validation,,0.49175222450095074,0.8980447833504391,0.4062925588494884,-0.8178278663975544,0.0,0.8178278663975544,True,post_nasdaq
~asp_mars_pluto_sextile_orb3 & asp_neptune_uranus_conj_orb5 & ~asp_neptune_venus_conj_orb3 & ~asp_pluto_sun_opp_orb5,4,10,-0.3419267823816622,-0.19192678238166222,0.3184307171861089,0.6525936967789437,0.8025936967789438,1.1950341256770687,0.39244042889812486,0.6525936967789437,6,102,18,1.0650843304519717,-0.2044341522827901,False,-0.9052880872991425,-0.7552880872991424,0.0,0.7552880872991424,,,validation,,0.3402413070981469,0.7465338659476353,0.4062925588494884,-0.8178278663975544,0.0,0.8178278663975544,True,post_nasdaq
~asp_mars_pluto_sextile_orb3 & asp_neptune_uranus_conj_orb5 & ~asp_neptune_venus_conj_orb5 & ~asp_pluto_sun_opp_orb5,4,10,-0.3388852626978759,-0.18888526269787592,0.3214722368698952,0.6506749124531318,0.8006749124531318,1.1931153413512567,0.39244042889812486,0.6506749124531318,6,100,18,1.0623479217509575,-0.2044341522827901,False,-0.9052880872991425,-0.7552880872991424,0.0,0.7552880872991424,,,validation,,0.3503080918124886,0.756600650661977,0.4062925588494884,-0.8178278663975544,0.0,0.8178278663975544,True,post_nasdaq
~asp_mars_pluto_sextile_orb3 & asp_neptune_uranus_conj_orb5 & ~asp_saturn_venus_sextile_orb5 & ~asp_sun_uranus_trine_orb5,4,10,-0.37063104658927004,-0.22063104658927007,0.289726452978501,0.6498823203435883,0.7998823203435883,1.1923227492417132,0.39244042889812486,0.6498823203435883,8,60,29,1.0612176154986672,-0.2044341522827901,False,-0.9052880872991425,-0.7552880872991424,0.0,0.7552880872991424,,,validation,,0.48065812519200807,0.8869506840414965,0.4062925588494884,-0.8178278663975544,0.0,0.8178278663975544,True,post_nasdaq
~asp_mars_pluto_sextile_orb3 & ~asp_neptune_sun_trine_orb1 & asp_neptune_uranus_conj_orb5 & ~asp_neptune_venus_conj_orb3,4,10,-0.3904318220728905,-0.24043182207289054,0.26992567749488056,0.649803742674827,0.799803742674827,1.192244171572952,0.39244042889812486,0.649803742674827,7,63,23,1.0611055575098112,-0.2044341522827901,False,-0.9052880872991425,-0.7552880872991424,0.0,0.7552880872991424,,,validation,,0.35352592929840226,0.7598184881478907,0.4062925588494884,-0.8178278663975544,0.0,0.8178278663975544,True,post_nasdaq
~asp_mars_pluto_sextile_orb3 & ~asp_neptune_sun_trine_orb1 & asp_neptune_uranus_conj_orb5 & ~asp_neptune_venus_conj_orb5,4,10,-0.38750564267817655,-0.2375056426781766,0.2728518568895945,0.6475659921507652,0.7975659921507652,1.19000642104889,0.39244042889812486,0.6475659921507652,7,61,23,1.0579144004888936,-0.2044341522827901,False,-0.9052880872991425,-0.7552880872991424,0.0,0.7552880872991424,,,validation,,0.3637477557611231,0.7700403146106115,0.4062925588494884,-0.8178278663975544,0.0,0.8178278663975544,True,post_nasdaq
~asp_mars_pluto_sextile_orb3 & asp_neptune_uranus_conj_orb5 & ~asp_pluto_sun_opp_orb5 & ~asp_saturn_venus_sextile_orb5,4,10,-0.3550736567122207,-0.20507365671222072,0.3052838428555504,0.6432259797925904,0.7932259797925905,1.1856664086907154,0.39244042889812486,0.6432259797925904,7,97,24,1.051725590767276,-0.2044341522827901,False,-0.9052880872991425,-0.7552880872991424,0.0,0.7552880872991424,,,validation,,0.41929579905830944,0.8255883579077978,0.4062925588494884,-0.8178278663975544,0.0,0.8178278663975544,True,post_nasdaq
~asp_mars_pluto_sextile_orb3 & ~asp_mercury_moon_trine_orb1 & asp_neptune_uranus_conj_orb5 & ~asp_neptune_venus_conj_orb3,4,10,-0.36815566059945926,-0.21815566059945923,0.29220183896831187,0.6417810171821011,0.7917810171821011,1.184221446080226,0.39244042889812486,0.6417810171821011,8,100,21,1.049665174721036,-0.2044341522827901,False,-0.9052880872991425,-0.7552880872991424,0.0,0.7552880872991424,,,validation,,0.3746069823685609,0.7808995412180493,0.4062925588494884,-0.8178278663975544,0.0,0.8178278663975544,True,post_nasdaq
~asp_mars_pluto_sextile_orb3 & ~asp_neptune_sun_trine_orb1 & asp_neptune_uranus_conj_orb5 & ~asp_saturn_venus_sextile_orb5,4,10,-0.4046324530719755,-0.2546324530719755,0.2557250464957956,0.6405322272158659,0.7905322272158659,1.1829726561139908,0.39244042889812486,0.6405322272158659,8,59,29,1.0478845212145107,-0.2044341522827901,False,-0.9052880872991425,-0.7552880872991424,0.0,0.7552880872991424,,,validation,,0.4322120650501004,0.8385046238995888,0.4062925588494884,-0.8178278663975544,0.0,0.8178278663975544,True,post_nasdaq
~asp_jupiter_mercury_opp_orb5 & ~asp_mars_pluto_sextile_orb3 & asp_neptune_uranus_conj_orb5 & ~asp_neptune_venus_conj_orb3,4,10,-0.3599017195832195,-0.20990171958321946,0.30045577998455164,0.6368614240711096,0.7868614240711096,1.1793018529692345,0.39244042889812486,0.6368614240711096,7,102,19,1.0426504938165506,-0.2044341522827901,False,-0.9052880872991425,-0.7552880872991424,0.0,0.7552880872991424,,,validation,,0.21864123639476823,0.6249337952442566,0.4062925588494884,-0.8178278663975544,0.0,0.8178278663975544,True,post_nasdaq
~asp_mars_pluto_sextile_orb3 & ~asp_mars_sun_square_orb1 & asp_neptune_uranus_conj_orb5 & ~asp_neptune_venus_conj_orb3,4,10,-0.3350495473641165,-0.18504954736411655,0.32530795220365455,0.6356765246253119,0.7856765246253119,1.1781169535234368,0.39244042889812486,0.6356765246253119,6,102,18,1.0409610587936309,-0.2044341522827901,False,-0.9052880872991425,-0.7552880872991424,0.0,0.7552880872991424,,,validation,,0.3398509520236049,0.7461435108730933,0.4062925588494884,-0.8178278663975544,0.0,0.8178278663975544,True,post_nasdaq
~asp_jupiter_mercury_opp_orb5 & ~asp_mars_pluto_sextile_orb3 & asp_neptune_uranus_conj_orb5 & ~asp_neptune_venus_conj_orb5,4,10,-0.35690287264443166,-0.20690287264443163,0.30345462692333947,0.6352929533052786,0.7852929533052786,1.1777333822034035,0.39244042889812486,0.6352929533052786,7,100,19,1.0404141671113367,-0.2044341522827901,False,-0.9052880872991425,-0.7552880872991424,0.0,0.7552880872991424,,,validation,,0.22665610517381213,0.6329486640233005,0.4062925588494884,-0.8178278663975544,0.0,0.8178278663975544,True,post_nasdaq
~asp_mars_pluto_sextile_orb3 & ~asp_moon_venus_trine_orb3 & asp_neptune_uranus_conj_orb5 & ~asp_neptune_venus_conj_orb3,4,10,-0.4502839768533978,-0.3002839768533978,0.2100735227143733,0.6336141711763218,0.7836141711763218,1.1760546000744467,0.39244042889812486,0.6336141711763218,11,64,57,1.038020613190673,-0.2044341522827901,False,-0.9052880872991425,-0.7552880872991424,0.0,0.7552880872991424,,,validation,,0.41051563627717785,0.8168081951266662,0.4062925588494884,-0.8178278663975544,0.0,0.8178278663975544,True,post_nasdaq
~asp_mars_pluto_sextile_orb3 & ~asp_mars_sun_square_orb1 & asp_neptune_uranus_conj_orb5 & ~asp_neptune_venus_conj_orb5,4,10,-0.3320622386129707,-0.18206223861297072,0.3282952609548004,0.6333689146445559,0.7833689146445559,1.1758093435426809,0.39244042889812486,0.6333689146445559,6,100,18,1.037670939002842,-0.2044341522827901,False,-0.9052880872991425,-0.7552880872991424,0.0,0.7552880872991424,,,validation,,0.3498278734851806,0.756120432334669,0.4062925588494884,-0.8178278663975544,0.0,0.8178278663975544,True,post_nasdaq
~asp_jupiter_sun_conj_orb5 & ~asp_mars_pluto_sextile_orb3 & asp_neptune_uranus_conj_orb5 & ~asp_uranus_venus_square_orb3,4,10,-0.32094437201519255,-0.17094437201519258,0.3394131275525785,0.6322318479738561,0.7822318479738561,1.174672276871981,0.39244042889812486,0.6322318479738561,6,92,22,1.0360497834160778,-0.2044341522827901,False,-0.9052880872991425,-0.7552880872991424,0.0,0.7552880872991424,,,validation,,0.4318605784838631,0.8381531373333515,0.4062925588494884,-0.8178278663975544,0.0,0.8178278663975544,True,post_nasdaq
~asp_mars_pluto_sextile_orb3 & ~asp_moon_venus_trine_orb3 & asp_neptune_uranus_conj_orb5 & ~asp_neptune_venus_conj_orb5,4,10,-0.44737617633402504,-0.2973761763340251,0.21298132323374602,0.6312275591126749,0.7812275591126749,1.1736679880107999,0.39244042889812486,0.6312275591126749,11,62,57,1.034617955343434,-0.2044341522827901,False,-0.9052880872991425,-0.7552880872991424,0.0,0.7552880872991424,,,validation,,0.4226714648424717,0.8289640236919601,0.4062925588494884,-0.8178278663975544,0.0,0.8178278663975544,True,post_nasdaq
~asp_mars_pluto_sextile_orb3 & asp_neptune_uranus_conj_orb5 & ~asp_neptune_venus_conj_orb3 & ~venus_sign_libra,4,10,-0.3109953663324041,-0.16099536633240408,0.349362133235367,0.6303599345103558,0.7803599345103558,1.1728003634084807,0.39244042889812486,0.6303599345103558,6,93,18,1.0333809876043387,-0.2044341522827901,False,-0.9052880872991425,-0.7552880872991424,0.0,0.7552880872991424,,,validation,,0.5588142467833213,0.9651068056328097,0.4062925588494884,-0.8178278663975544,0.0,0.8178278663975544,True,post_nasdaq
~asp_mars_pluto_sextile_orb3 & ~asp_mars_sun_square_orb5 & asp_neptune_uranus_conj_orb5 & ~asp_neptune_venus_conj_orb3,4,10,-0.3096761698947015,-0.15967616989470151,0.3506813296730696,0.628691938073708,0.7786919380737081,1.171132366971833,0.39244042889812486,0.628691938073708,6,102,18,1.0310029763627264,-0.2044341522827901,False,-0.9052880872991425,-0.7552880872991424,0.0,0.7552880872991424,,,validation,,0.3330655984674546,0.739358157316943,0.4062925588494884,-0.8178278663975544,0.0,0.8178278663975544,True,post_nasdaq
~asp_jupiter_sun_conj_orb5 & ~asp_mars_pluto_sextile_orb3 & asp_neptune_uranus_conj_orb5 & ~asp_sun_uranus_trine_orb5,4,10,-0.36445503474122964,-0.21445503474122968,0.2959024648265414,0.6280853380375145,0.7780853380375146,1.1705257669356395,0.39244042889812486,0.6280853380375145,6,94,21,1.030138179134941,-0.2044341522827901,False,-0.9052880872991425,-0.7552880872991424,0.0,0.7552880872991424,,,validation,,0.4211077226902829,0.8274002815397713,0.4062925588494884,-0.8178278663975544,0.0,0.8178278663975544,True,post_nasdaq
~asp_mars_pluto_sextile_orb3 & asp_neptune_uranus_conj_orb5 & ~asp_neptune_venus_conj_orb5 & ~venus_sign_libra,4,10,-0.3078237335153533,-0.15782373351535328,0.3525337660524178,0.6279195269032741,0.7779195269032741,1.170359955801399,0.39244042889812486,0.6279195269032741,6,91,18,1.0299017923488378,-0.2044341522827901,False,-0.9052880872991425,-0.7552880872991424,0.0,0.7552880872991424,,,validation,,0.5768306105773051,0.9831231694267936,0.4062925588494884,-0.8178278663975544,0.0,0.8178278663975544,True,post_nasdaq
~asp_mars_pluto_sextile_orb3 & asp_neptune_uranus_conj_orb5 & ~asp_neptune_venus_conj_orb3,3,7,-0.2953258597306031,-0.19032585973060312,0.320031639837168,0.6278533291816435,0.7328533291816435,1.1252937580797684,0.39244042889812486,0.6278533291816435,5,102,13,0.9656737660872772,-0.2044341522827901,False,-0.8602880872991424,-0.7552880872991424,0.0,0.7552880872991424,,,validation,,0.3469972998546212,0.7532898587041096,0.4062925588494884,-0.8178278663975544,0.0,0.8178278663975544,True,post_nasdaq
~asp_mars_pluto_sextile_orb3 & asp_neptune_uranus_conj_orb5 & ~asp_neptune_venus_conj_orb3 & ~asp_uranus_venus_square_orb5,4,10,-0.31389475249902477,-0.16389475249902474,0.34646274706874636,0.6275155986403725,0.7775155986403726,1.1699560275384975,0.39244042889812486,0.6275155986403725,7,52,24,1.0293259388442026,-0.2044341522827901,False,-0.9052880872991425,-0.7552880872991424,0.0,0.7552880872991424,,,validation,,0.33030563236787097,0.7365981912173594,0.4062925588494884,-0.8178278663975544,0.0,0.8178278663975544,True,post_nasdaq
~asp_mars_pluto_sextile_orb3 & ~asp_mars_sun_square_orb5 & asp_neptune_uranus_conj_orb5 & ~asp_neptune_venus_conj_orb5,4,10,-0.30657676024979486,-0.15657676024979483,0.35378073931797627,0.6265520647195039,0.7765520647195039,1.1689924936176288,0.39244042889812486,0.6265520647195039,6,100,18,1.027952306140477,-0.2044341522827901,False,-0.9052880872991425,-0.7552880872991424,0.0,0.7552880872991424,,,validation,,0.34337612834623427,0.7496686871957227,0.4062925588494884,-0.8178278663975544,0.0,0.8178278663975544,True,post_nasdaq
~asp_mars_pluto_sextile_orb3 & ~asp_mars_sun_square_orb1 & asp_neptune_uranus_conj_orb5 & ~asp_saturn_venus_sextile_orb5,4,10,-0.3479265846346642,-0.19792658463466423,0.3124309149331069,0.6263135844789113,0.7763135844789113,1.1687540133770362,0.39244042889812486,0.6263135844789113,7,97,24,1.0276123269301616,-0.2044341522827901,False,-0.9052880872991425,-0.7552880872991424,0.0,0.7552880872991424,,,validation,,0.41866416926062694,0.8249567281101153,0.4062925588494884,-0.8178278663975544,0.0,0.8178278663975544,True,post_nasdaq
~asp_mars_pluto_sextile_orb3 & asp_neptune_uranus_conj_orb5 & ~asp_neptune_venus_conj_orb5 & ~asp_uranus_venus_square_orb5,4,10,-0.31073694796330764,-0.16073694796330762,0.3496205516044635,0.6252321788731457,0.7752321788731458,1.1676726077712707,0.39244042889812486,0.6252321788731457,7,51,24,1.0260706812634413,-0.2044341522827901,False,-0.9052880872991425,-0.7552880872991424,0.0,0.7552880872991424,,,validation,,0.34155091002948074,0.7478434688789691,0.4062925588494884,-0.8178278663975544,0.0,0.8178278663975544,True,post_nasdaq
~asp_mars_pluto_sextile_orb3 & asp_neptune_uranus_conj_orb5 & ~asp_neptune_venus_conj_orb5,3,7,-0.29235166949847385,-0.18735166949847387,0.32300583006929723,0.6246403546718549,0.7296403546718548,1.1220807835699798,0.39244042889812486,0.6246403546718549,5,100,13,0.9610961646907368,-0.2044341522827901,False,-0.8602880872991424,-0.7552880872991424,0.0,0.7552880872991424,,,validation,,0.35696913163050575,0.7632616904799941,0.4062925588494884,-0.8178278663975544,0.0,0.8178278663975544,True,post_nasdaq
~asp_mars_pluto_sextile_orb3 & ~asp_moon_venus_trine_orb3 & asp_neptune_uranus_conj_orb5 & ~asp_saturn_venus_sextile_orb5,4,10,-0.4511715058422534,-0.3011715058422534,0.20918599372551772,0.6242656751511554,0.7742656751511554,1.1667061040492803,0.39244042889812486,0.6242656751511554,12,59,62,1.0246928587916602,-0.2044341522827901,False,-0.9052880872991425,-0.7552880872991424,0.0,0.7552880872991424,,,validation,,0.49114989225678535,0.8974424511062737,0.4062925588494884,-0.8178278663975544,0.0,0.8178278663975544,True,post_nasdaq
~asp_jupiter_mercury_opp_orb5 & ~asp_mars_pluto_sextile_orb3 & asp_neptune_uranus_conj_orb5 & ~asp_saturn_sun_square_orb5,4,10,-0.3596140611188261,-0.20961406111882613,0.30074343844894497,0.6241121274305271,0.7741121274305272,1.166552556328652,0.39244042889812486,0.6241121274305271,6,95,23,1.0244739668828262,-0.2044341522827901,False,-0.9052880872991425,-0.7552880872991424,0.0,0.7552880872991424,,,validation,,0.33611638865745025,0.7424089475069386,0.4062925588494884,-0.8178278663975544,0.0,0.8178278663975544,True,post_nasdaq
~asp_mars_pluto_sextile_orb3 & asp_neptune_uranus_conj_orb5 & ~asp_neptune_venus_conj_orb3 & ~asp_pluto_sun_sextile_orb3,4,10,-0.3204915602839319,-0.17049156028393192,0.3398659392838392,0.6240101500361467,0.7740101500361467,1.1664505789342716,0.39244042889812486,0.6240101500361467,7,93,21,1.024328591968824,-0.2044341522827901,False,-0.9052880872991425,-0.7552880872991424,0.0,0.7552880872991424,,,validation,,0.39862280363507024,0.8049153624845586,0.4062925588494884,-0.8178278663975544,0.0,0.8178278663975544,True,post_nasdaq
asp_neptune_uranus_conj_orb5 & ~asp_neptune_venus_conj_orb3 & ~asp_saturn_sun_sextile_orb5 & ~asp_saturn_sun_trine_orb3,4,10,-0.36700396870252905,-0.21700396870252908,0.293353530865242,0.623723192488355,0.773723192488355,1.1661636213864799,0.39244042889812486,0.623723192488355,7,77,27,1.02391951782256,-0.2044341522827901,False,-0.9052880872991425,-0.7552880872991424,0.0,0.7552880872991424,,,validation,,0.36873476140530664,0.775027320254795,0.4062925588494884,-0.8178278663975544,0.0,0.8178278663975544,True,post_nasdaq
~asp_jupiter_sun_conj_orb5 & ~asp_mars_pluto_sextile_orb3 & asp_neptune_uranus_conj_orb5 & ~venus_sign_taurus,4,10,-0.39944463182261425,-0.24944463182261428,0.2609128677451568,0.6234353732519077,0.7734353732519077,1.1658758021500326,0.39244042889812486,0.6234353732519077,5,100,17,1.0235092169369213,-0.2044341522827901,False,-0.9052880872991425,-0.7552880872991424,0.0,0.7552880872991424,,,validation,,0.34328724039470243,0.7495797992441908,0.4062925588494884,-0.8178278663975544,0.0,0.8178278663975544,True,post_nasdaq
~asp_mars_pluto_sextile_orb3 & asp_neptune_uranus_conj_orb5 & ~asp_neptune_venus_conj_orb3 & ~venus_sign_leo,4,10,-0.25310413094730355,-0.10310413094730358,0.4072533686204675,0.623076212008317,0.773076212008317,1.165516640906442,0.39244042889812486,0.623076212008317,6,93,19,1.0229972167219434,-0.2044341522827901,False,-0.9052880872991425,-0.7552880872991424,0.0,0.7552880872991424,,,validation,,0.30374189019856773,0.7100344490480561,0.4062925588494884,-0.8178278663975544,0.0,0.8178278663975544,True,post_nasdaq
~asp_jupiter_sun_conj_orb5 & ~asp_mars_pluto_sextile_orb3 & asp_neptune_uranus_conj_orb5 & ~asp_pluto_sun_opp_orb5,4,10,-0.36367132082245124,-0.21367132082245122,0.2966861787453199,0.6217428206828383,0.7717428206828383,1.1641832495809632,0.39244042889812486,0.6217428206828383,5,100,17,1.0210964309389112,-0.2044341522827901,False,-0.9052880872991425,-0.7552880872991424,0.0,0.7552880872991424,,,validation,,0.3598908309606877,0.7661833898101761,0.4062925588494884,-0.8178278663975544,0.0,0.8178278663975544,True,post_nasdaq
asp_neptune_uranus_conj_orb5 & ~asp_neptune_venus_conj_orb5 & ~asp_saturn_sun_sextile_orb5 & ~asp_saturn_sun_trine_orb3,4,10,-0.36675994411516133,-0.21675994411516136,0.29359755545260974,0.6213912738065727,0.7713912738065727,1.1638317027046976,0.39244042889812486,0.6213912738065727,7,77,27,1.0205952971433627,-0.2044341522827901,False,-0.9052880872991425,-0.7552880872991424,0.0,0.7552880872991424,,,validation,,0.37970502761819286,0.7859975864676813,0.4062925588494884,-0.8178278663975544,0.0,0.8178278663975544,True,post_nasdaq
~asp_mars_pluto_sextile_orb3 & asp_neptune_uranus_conj_orb5 & ~asp_neptune_venus_conj_orb5 & ~asp_pluto_sun_sextile_orb3,4,10,-0.31742999446420095,-0.16742999446420093,0.3429275051035702,0.6213881395749387,0.7713881395749387,1.1638285684730636,0.39244042889812486,0.6213881395749387,7,91,21,1.0205908292740127,-0.2044341522827901,False,-0.9052880872991425,-0.7552880872991424,0.0,0.7552880872991424,,,validation,,0.40995110838122645,0.8162436672307148,0.4062925588494884,-0.8178278663975544,0.0,0.8178278663975544,True,post_nasdaq
~asp_mars_pluto_sextile_orb3 & asp_neptune_uranus_conj_orb5 & ~asp_saturn_venus_sextile_orb5 & ~venus_sign_libra,4,10,-0.32349358381635407,-0.1734935838163541,0.336863915751417,0.6210057164946784,0.7710057164946784,1.1634461453928033,0.39244042889812486,0.6210057164946784,7,70,24,1.0200456839340106,-0.2044341522827901,False,-0.9052880872991425,-0.7552880872991424,0.0,0.7552880872991424,,,validation,,0.6449082328107891,1.0512007916602775,0.4062925588494884,-0.8178278663975544,0.0,0.8178278663975544,True,post_nasdaq
~asp_mars_pluto_sextile_orb3 & asp_neptune_uranus_conj_orb5 & ~asp_neptune_venus_conj_orb5 & ~venus_sign_leo,4,10,-0.24984024980332784,-0.09984024980332784,0.41051724976444326,0.6204861036514974,0.7704861036514974,1.1629265325496223,0.39244042889812486,0.6204861036514974,6,91,19,1.019304978795582,-0.2044341522827901,False,-0.9052880872991425,-0.7552880872991424,0.0,0.7552880872991424,,,validation,,0.313451625431211,0.7197441842806994,0.4062925588494884,-0.8178278663975544,0.0,0.8178278663975544,True,post_nasdaq
~asp_mars_pluto_sextile_orb3 & ~asp_moon_saturn_trine_orb1 & asp_neptune_uranus_conj_orb5 & ~asp_neptune_venus_conj_orb3,4,10,-0.31521554576593624,-0.16521554576593628,0.3451419538018348,0.6203754158359284,0.7703754158359284,1.1628158447340533,0.39244042889812486,0.6203754158359284,6,93,25,1.01914719463946,-0.2044341522827901,False,-0.9052880872991425,-0.7552880872991424,0.0,0.7552880872991424,,,validation,,0.36348377820789207,0.7697763370573805,0.4062925588494884,-0.8178278663975544,0.0,0.8178278663975544,True,post_nasdaq
~asp_jupiter_sun_conj_orb5 & ~asp_mars_pluto_sextile_orb3 & ~asp_neptune_sun_trine_orb1 & asp_neptune_uranus_conj_orb5,4,10,-0.4131055873581686,-0.2631055873581686,0.2472519122096025,0.6196908370334645,0.7696908370334645,1.1621312659315894,0.39244042889812486,0.6196908370334645,6,93,22,1.0181713411522635,-0.2044341522827901,False,-0.9052880872991425,-0.7552880872991424,0.0,0.7552880872991424,,,validation,,0.37320066987997763,0.779493228729466,0.4062925588494884,-0.8178278663975544,0.0,0.8178278663975544,True,post_nasdaq
~asp_mars_pluto_sextile_orb3 & asp_neptune_uranus_conj_orb5 & ~asp_neptune_venus_conj_orb3 & ~asp_saturn_venus_sextile_orb5,4,10,-0.35705716552434486,-0.2070571655243449,0.3033003340434262,0.619618615350639,0.769618615350639,1.162059044248764,0.39244042889812486,0.619618615350639,7,97,23,1.0180683911198192,-0.2044341522827901,False,-0.9052880872991425,-0.7552880872991424,0.0,0.7552880872991424,,,validation,,0.3913641980446793,0.7976567568941677,0.4062925588494884,-0.8178278663975544,0.0,0.8178278663975544,True,post_nasdaq
~asp_mars_pluto_sextile_orb3 & ~asp_mars_sun_square_orb5 & asp_neptune_uranus_conj_orb5 & ~asp_saturn_venus_sextile_orb5,4,10,-0.32196045024681796,-0.17196045024681794,0.33839704932095316,0.6192039085560427,0.7692039085560427,1.1616443374541676,0.39244042889812486,0.6192039085560427,7,97,23,1.0174772399351322,-0.2044341522827901,False,-0.9052880872991425,-0.7552880872991424,0.0,0.7552880872991424,,,validation,,0.4132914043830886,0.819583963232577,0.4062925588494884,-0.8178278663975544,0.0,0.8178278663975544,True,post_nasdaq
~asp_mars_pluto_sextile_orb3 & asp_neptune_uranus_conj_orb5 & ~asp_saturn_venus_sextile_orb5,3,7,-0.30831523054267984,-0.20331523054267986,0.30704226902509124,0.6184328626475402,0.7234328626475401,1.115873291545665,0.39244042889812486,0.6184328626475402,6,97,19,0.9522527616689582,-0.2044341522827901,False,-0.8602880872991424,-0.7552880872991424,0.0,0.7552880872991424,,,validation,,0.4253515531526911,0.8316441120021795,0.4062925588494884,-0.8178278663975544,0.0,0.8178278663975544,True,post_nasdaq
~asp_mars_pluto_sextile_orb3 & asp_neptune_uranus_conj_orb5 & ~asp_saturn_venus_sextile_orb5 & ~asp_uranus_venus_square_orb5,4,10,-0.32007355011231986,-0.1700735501123199,0.3402839494554512,0.6180728108776715,0.7680728108776715,1.1605132397757965,0.39244042889812486,0.6180728108776715,8,58,26,1.0158649139362896,-0.2044341522827901,False,-0.9052880872991425,-0.7552880872991424,0.0,0.7552880872991424,,,validation,,0.41339049348340146,0.8196830523328898,0.4062925588494884,-0.8178278663975544,0.0,0.8178278663975544,True,post_nasdaq
~asp_mars_pluto_sextile_orb3 & ~asp_moon_saturn_trine_orb1 & asp_neptune_uranus_conj_orb5 & ~asp_neptune_venus_conj_orb5,4,10,-0.31217757860734385,-0.1621775786073439,0.3481799209604272,0.6176895201091342,0.7676895201091343,1.1601299490072592,0.39244042889812486,0.6176895201091342,6,91,25,1.015318556906005,-0.2044341522827901,False,-0.9052880872991425,-0.7552880872991424,0.0,0.7552880872991424,,,validation,,0.3738970293255905,0.7801895881750789,0.4062925588494884,-0.8178278663975544,0.0,0.8178278663975544,True,post_nasdaq
~asp_mars_pluto_sextile_orb3 & ~asp_moon_venus_conj_orb3 & asp_neptune_uranus_conj_orb5 & ~asp_neptune_venus_conj_orb3,4,10,-0.36164055306358156,-0.21164055306358154,0.29871694650418956,0.6176650089932759,0.7676650089932759,1.1601054378914009,0.39244042889812486,0.6176650089932759,10,81,36,1.0152836179415443,-0.2044341522827901,False,-0.9052880872991425,-0.7552880872991424,0.0,0.7552880872991424,,,validation,,0.4081144637978315,0.8144070226473199,0.4062925588494884,-0.8178278663975544,0.0,0.8178278663975544,True,post_nasdaq
~asp_mars_pluto_sextile_orb3 & ~asp_moon_venus_conj_orb5 & asp_neptune_uranus_conj_orb5 & ~asp_neptune_venus_conj_orb3,4,10,-0.397045582241768,-0.24704558224176798,0.2633119173260031,0.6176650089932759,0.7676650089932759,1.1601054378914009,0.39244042889812486,0.6176650089932759,10,81,52,1.0152836179415443,-0.2044341522827901,False,-0.9052880872991425,-0.7552880872991424,0.0,0.7552880872991424,,,validation,,0.4081144637978315,0.8144070226473199,0.4062925588494884,-0.8178278663975544,0.0,0.8178278663975544,True,post_nasdaq
~asp_mars_pluto_sextile_orb3 & asp_neptune_uranus_conj_orb5 & ~asp_neptune_venus_conj_orb3 & ~asp_saturn_venus_sextile_orb3,4,10,-0.36072402966795447,-0.2107240296679545,0.2996334698998166,0.6162593528389101,0.7662593528389101,1.158699781737035,0.39244042889812486,0.6162593528389101,7,98,22,1.0132799685301628,-0.2044341522827901,False,-0.9052880872991425,-0.7552880872991424,0.0,0.7552880872991424,,,validation,,0.42366523448519805,0.8299577933346864,0.4062925588494884,-0.8178278663975544,0.0,0.8178278663975544,True,post_nasdaq
~asp_mars_pluto_sextile_orb3 & asp_neptune_uranus_conj_orb5 & ~asp_neptune_venus_conj_orb3 & ~asp_sun_uranus_conj_orb3,4,10,-0.31266599401353534,-0.16266599401353532,0.3476915055542358,0.6156566853748432,0.7656566853748432,1.1580971142729681,0.39244042889812486,0.6156566853748432,6,102,17,1.0124209266642776,-0.2044341522827901,False,-0.9052880872991425,-0.7552880872991424,0.0,0.7552880872991424,,,validation,,0.3625588272984451,0.7688513861479335,0.4062925588494884,-0.8178278663975544,0.0,0.8178278663975544,True,post_nasdaq
~asp_mars_pluto_sextile_orb3 & ~asp_moon_venus_conj_orb3 & asp_neptune_uranus_conj_orb5 & ~asp_neptune_venus_conj_orb5,4,10,-0.3567645597511112,-0.20676455975111124,0.30359293981665986,0.6150018077041092,0.7650018077041092,1.157442236602234,0.39244042889812486,0.6150018077041092,10,79,35,1.011487472536344,-0.2044341522827901,False,-0.9052880872991425,-0.7552880872991424,0.0,0.7552880872991424,,,validation,,0.4197434132331829,0.8260359720826713,0.4062925588494884,-0.8178278663975544,0.0,0.8178278663975544,True,post_nasdaq
~asp_mars_pluto_sextile_orb3 & ~asp_moon_venus_conj_orb5 & asp_neptune_uranus_conj_orb5 & ~asp_neptune_venus_conj_orb5,4,10,-0.392178786899526,-0.242178786899526,0.2681787126682451,0.6150018077041092,0.7650018077041092,1.157442236602234,0.39244042889812486,0.6150018077041092,10,79,51,1.011487472536344,-0.2044341522827901,False,-0.9052880872991425,-0.7552880872991424,0.0,0.7552880872991424,,,validation,,0.4197434132331829,0.8260359720826713,0.4062925588494884,-0.8178278663975544,0.0,0.8178278663975544,True,post_nasdaq
~asp_mars_pluto_sextile_orb3 & asp_neptune_uranus_conj_orb5 & ~asp_pluto_sun_sextile_orb3 & ~asp_saturn_venus_sextile_orb5,4,10,-0.3350055933719144,-0.1850055933719144,0.3253519061958567,0.6146790508524912,0.7646790508524912,1.1571194797506161,0.39244042889812486,0.6146790508524912,8,70,27,1.011027422227564,-0.2044341522827901,False,-0.9052880872991425,-0.7552880872991424,0.0,0.7552880872991424,,,validation,,0.477745501020385,0.8840380598698734,0.4062925588494884,-0.8178278663975544,0.0,0.8178278663975544,True,post_nasdaq
~asp_mars_pluto_sextile_orb3 & asp_neptune_uranus_conj_orb5 & ~asp_saturn_venus_sextile_orb5 & ~venus_sign_taurus,4,10,-0.3720369687972569,-0.22203696879725687,0.2883205307705142,0.6145964342390137,0.7645964342390137,1.1570368631371386,0.39244042889812486,0.6145964342390137,6,97,21,1.0109096627078893,-0.2044341522827901,False,-0.9052880872991425,-0.7552880872991424,0.0,0.7552880872991424,,,validation,,0.44920406926648987,0.8554966281159783,0.4062925588494884,-0.8178278663975544,0.0,0.8178278663975544,True,post_nasdaq
asp_neptune_uranus_conj_orb5 & ~asp_saturn_sun_sextile_orb5 & ~asp_saturn_sun_trine_orb3 & ~asp_saturn_venus_sextile_orb5,4,10,-0.37613761979241944,-0.22613761979241948,0.2842198797753516,0.6142667605209241,0.7642667605209241,1.156707189419049,0.39244042889812486,0.6142667605209241,8,77,32,1.010439755915395,-0.2044341522827901,False,-0.9052880872991425,-0.7552880872991424,0.0,0.7552880872991424,,,validation,,0.4486276480221833,0.8549202068716717,0.4062925588494884,-0.8178278663975544,0.0,0.8178278663975544,True,post_nasdaq
~asp_mars_pluto_sextile_orb3 & ~asp_mercury_moon_trine_orb1 & asp_neptune_uranus_conj_orb5 & ~asp_neptune_venus_conj_orb5,4,10,-0.36521445358884863,-0.21521445358884866,0.29514304597892244,0.6137984044953694,0.7637984044953694,1.1562388333934943,0.39244042889812486,0.6137984044953694,7,100,20,1.0097721793096541,-0.2044341522827901,False,-0.9052880872991425,-0.7552880872991424,0.0,0.7552880872991424,,,validation,,0.3440829534999947,0.7503755123494831,0.4062925588494884,-0.8178278663975544,0.0,0.8178278663975544,True,post_nasdaq
~asp_mars_pluto_sextile_orb3 & asp_neptune_uranus_conj_orb5 & ~asp_saturn_venus_sextile_orb5 & ~venus_sign_leo,4,10,-0.26413153944481704,-0.11413153944481708,0.396225960122954,0.613722713974049,0.763722713974049,1.156163142872174,0.39244042889812486,0.613722713974049,7,75,25,1.0096642933676068,-0.2044341522827901,False,-0.9052880872991425,-0.7552880872991424,0.0,0.7552880872991424,,,validation,,0.3840989135101179,0.7903914723596063,0.4062925588494884,-0.8178278663975544,0.0,0.8178278663975544,True,post_nasdaq
~asp_mars_pluto_sextile_orb3 & asp_neptune_uranus_conj_orb5 & ~asp_neptune_venus_conj_orb5 & ~asp_sun_uranus_conj_orb3,4,10,-0.3096382086315528,-0.15963820863155276,0.35071929093621834,0.612873818177932,0.762873818177932,1.155314247076057,0.39244042889812486,0.612873818177932,6,100,17,1.0084543223541294,-0.2044341522827901,False,-0.9052880872991425,-0.7552880872991424,0.0,0.7552880872991424,,,validation,,0.37297609128976555,0.779268650139254,0.4062925588494884,-0.8178278663975544,0.0,0.8178278663975544,True,post_nasdaq
~asp_mars_pluto_sextile_orb3 & ~asp_moon_saturn_trine_orb1 & asp_neptune_uranus_conj_orb5 & ~asp_saturn_venus_sextile_orb5,4,10,-0.3237047513738408,-0.17370475137384078,0.3366527481939303,0.6110409776526794,0.7610409776526794,1.1534814065508043,0.39244042889812486,0.6110409776526794,7,70,29,1.005841937179049,-0.2044341522827901,False,-0.9052880872991425,-0.7552880872991424,0.0,0.7552880872991424,,,validation,,0.4421189681533287,0.8484115270028171,0.4062925588494884,-0.8178278663975544,0.0,0.8178278663975544,True,post_nasdaq
~asp_mars_pluto_sextile_orb3 & ~asp_mars_venus_sextile_orb5 & asp_neptune_uranus_conj_orb5 & ~asp_neptune_venus_conj_orb3,4,10,-0.39070492439560334,-0.24070492439560331,0.2696525751721678,0.6108192950016499,0.7608192950016499,1.1532597238997748,0.39244042889812486,0.6108192950016499,6,93,18,1.0055259728359756,-0.2044341522827901,False,-0.9052880872991425,-0.7552880872991424,0.0,0.7552880872991424,,,validation,,0.3297856491999955,0.7360782080494839,0.4062925588494884,-0.8178278663975544,0.0,0.8178278663975544,True,post_nasdaq
~asp_mars_pluto_sextile_orb1 & asp_neptune_uranus_conj_orb5 & ~asp_neptune_venus_conj_orb3 & ~asp_saturn_sun_sextile_orb5,4,10,-0.36496255467687555,-0.21496255467687558,0.2953949448908955,0.6106282309330285,0.7606282309330286,1.1530686598311535,0.39244042889812486,0.6106282309330285,6,104,21,1.00525364994267,-0.2044341522827901,False,-0.9052880872991425,-0.7552880872991424,0.0,0.7552880872991424,,,validation,,0.34485133285340946,0.7511438917028979,0.4062925588494884,-0.8178278663975544,0.0,0.8178278663975544,True,post_nasdaq
~asp_mars_pluto_sextile_orb3 & asp_neptune_uranus_conj_orb5 & ~asp_neptune_venus_conj_orb3 & ~mercury_sign_leo,4,10,-0.4267812095938146,-0.2767812095938146,0.23357628997395652,0.610473811438755,0.760473811438755,1.15291424033688,0.39244042889812486,0.610473811438755,6,93,19,1.0050335569471867,-0.2044341522827901,False,-0.9052880872991425,-0.7552880872991424,0.0,0.7552880872991424,,,validation,,0.3541216876158612,0.7604142464653496,0.4062925588494884,-0.8178278663975544,0.0,0.8178278663975544,True,post_nasdaq
~asp_mercury_uranus_square_orb5 & asp_pluto_uranus_sextile_orb3 & ~mars_ingress_3d & ~sun_sign_cancer,4,10,-0.7445729107111866,-0.5945729107111866,-0.08421541114341546,0.6090919266112361,0.7590919266112361,1.151532355509361,0.39244042889812486,0.6090919266112361,30,50,39,1.0030639873066325,-0.2044341522827901,False,-0.9052880872991425,-0.7552880872991424,0.0,0.7552880872991424,,,validation,,0.7134200615650026,1.119712620414491,0.4062925588494884,-0.8178278663975544,0.0,0.8178278663975544,True,post_nasdaq
~asp_jupiter_sun_sextile_orb5 & ~asp_moon_saturn_trine_orb1 & asp_pluto_uranus_sextile_orb3 & ~mars_ingress_3d,4,10,-0.6038379073302904,-0.45383790733029045,0.056519592237480654,0.609077266490971,0.7590772664909711,1.151517695389096,0.39244042889812486,0.609077266490971,35,74,46,1.003043092765218,-0.2044341522827901,False,-0.9052880872991425,-0.7552880872991424,0.0,0.7552880872991424,,,validation,,0.7662224181185366,1.172514976968025,0.4062925588494884,-0.8178278663975544,0.0,0.8178278663975544,True,post_nasdaq
~asp_mars_pluto_sextile_orb5 & asp_neptune_uranus_conj_orb5 & ~asp_neptune_venus_conj_orb3 & ~asp_uranus_venus_square_orb3,4,10,-0.343169459519987,-0.19316945951998704,0.31718804004778406,0.6088365507510168,0.7588365507510169,1.1512769796491418,0.39244042889812486,0.6088365507510168,6,52,23,1.0027000098945131,-0.2044341522827901,False,-0.9052880872991425,-0.7552880872991424,0.0,0.7552880872991424,,,validation,,0.3279677201949291,0.7342602790444175,0.4062925588494884,-0.8178278663975544,0.0,0.8178278663975544,True,post_nasdaq
~asp_mars_pluto_sextile_orb3 & ~asp_moon_venus_conj_orb3 & asp_neptune_uranus_conj_orb5 & ~asp_saturn_venus_sextile_orb5,4,10,-0.37152855432639953,-0.2215285543263995,0.2888289452413716,0.6082961131876544,0.7582961131876544,1.1507365420857794,0.39244042889812486,0.6082961131876544,11,70,41,1.001929749201384,-0.2044341522827901,False,-0.9052880872991425,-0.7552880872991424,0.0,0.7552880872991424,,,validation,,0.4875034301298676,0.893795988979356,0.4062925588494884,-0.8178278663975544,0.0,0.8178278663975544,True,post_nasdaq
~asp_mars_pluto_sextile_orb3 & ~asp_moon_venus_conj_orb5 & asp_neptune_uranus_conj_orb5 & ~asp_saturn_venus_sextile_orb5,4,10,-0.4154429502937169,-0.2654429502937169,0.24491454927405423,0.6082961131876544,0.7582961131876544,1.1507365420857794,0.39244042889812486,0.6082961131876544,11,70,58,1.001929749201384,-0.2044341522827901,False,-0.9052880872991425,-0.7552880872991424,0.0,0.7552880872991424,,,validation,,0.4875034301298676,0.893795988979356,0.4062925588494884,-0.8178278663975544,0.0,0.8178278663975544,True,post_nasdaq
~asp_mars_sun_square_orb3 & asp_pluto_uranus_sextile_orb3 & ~asp_saturn_venus_trine_orb5 & ~mars_ingress_3d,4,10,-0.6807116006952778,-0.5307116006952778,-0.020354101127506675,0.6081796081840959,0.7581796081840959,1.1506200370822208,0.39244042889812486,0.6081796081840959,28,70,37,1.0017637007532794,-0.2044341522827901,False,-0.9052880872991425,-0.7552880872991424,0.0,0.7552880872991424,,,validation,,0.6690684338991739,1.0753609927486623,0.4062925588494884,-0.8178278663975544,0.0,0.8178278663975544,True,post_nasdaq
~asp_mars_pluto_sextile_orb1 & asp_neptune_uranus_conj_orb5 & ~asp_neptune_venus_conj_orb5 & ~asp_saturn_sun_sextile_orb5,4,10,-0.36472374167087795,-0.214723741670878,0.2956337578968931,0.6080722772122708,0.7580722772122708,1.1505127061103957,0.39244042889812486,0.6080722772122708,6,102,21,1.0016107278054474,-0.2044341522827901,False,-0.9052880872991425,-0.7552880872991424,0.0,0.7552880872991424,,,validation,,0.35469168253612154,0.7609842413856099,0.4062925588494884,-0.8178278663975544,0.0,0.8178278663975544,True,post_nasdaq
~asp_mars_pluto_sextile_orb3 & ~asp_mars_venus_sextile_orb5 & asp_neptune_uranus_conj_orb5 & ~asp_neptune_venus_conj_orb5,4,10,-0.38772317782075305,-0.23772317782075303,0.27263432174701807,0.6080526076879339,0.7580526076879339,1.1504930365860588,0.39244042889812486,0.6080526076879339,6,91,18,1.0015826939356562,-0.2044341522827901,False,-0.9052880872991425,-0.7552880872991424,0.0,0.7552880872991424,,,validation,,0.3397877488104985,0.7460803076599869,0.4062925588494884,-0.8178278663975544,0.0,0.8178278663975544,True,post_nasdaq
~asp_mars_pluto_sextile_orb3 & asp_neptune_uranus_conj_orb5 & ~asp_neptune_venus_conj_orb5 & ~mercury_sign_leo,4,10,-0.42379593800176074,-0.2737959380017607,0.23656156156601035,0.6076605414838249,0.7576605414838249,1.1501009703819498,0.39244042889812486,0.6076605414838249,6,91,19,1.0010239055497336,-0.2044341522827901,False,-0.9052880872991425,-0.7552880872991424,0.0,0.7552880872991424,,,validation,,0.36472186275990454,0.7710144216093929,0.4062925588494884,-0.8178278663975544,0.0,0.8178278663975544,True,post_nasdaq
~asp_jupiter_sun_sextile_orb5 & asp_pluto_uranus_sextile_orb3 & ~asp_saturn_venus_trine_orb5 & ~mars_ingress_3d,4,10,-0.651303058247119,-0.501303058247119,0.00905444132065213,0.607394162030568,0.757394162030568,1.149834590928693,0.39244042889812486,0.607394162030568,30,74,39,1.0006442526531873,-0.2044341522827901,False,-0.9052880872991425,-0.7552880872991424,0.0,0.7552880872991424,,,validation,,0.775630900545561,1.1819234593950494,0.4062925588494884,-0.8178278663975544,0.0,0.8178278663975544,True,post_nasdaq
~asp_mars_pluto_sextile_orb3 & ~asp_mars_sun_square_orb3 & asp_neptune_uranus_conj_orb5 & ~asp_neptune_venus_conj_orb3,4,10,-0.3449976756177201,-0.19499767561772013,0.31535982395005097,0.60694120609636,0.7569412060963601,1.149381634994485,0.39244042889812486,0.60694120609636,6,102,18,0.9999986879182137,-0.2044341522827901,False,-0.9052880872991425,-0.7552880872991424,0.0,0.7552880872991424,,,validation,,0.3130549729621807,0.7193475318116691,0.4062925588494884,-0.8178278663975544,0.0,0.8178278663975544,True,post_nasdaq
~asp_mars_pluto_sextile_orb5 & asp_neptune_uranus_conj_orb5 & ~asp_neptune_venus_conj_orb5 & ~asp_uranus_venus_square_orb3,4,10,-0.3400409168382924,-0.19004091683829244,0.32031658272947866,0.6067422768272778,0.7567422768272778,1.1491827057254027,0.39244042889812486,0.6067422768272778,6,50,23,0.9997151699527509,-0.2044341522827901,False,-0.9052880872991425,-0.7552880872991424,0.0,0.7552880872991424,,,validation,,0.3392814686493822,0.7455740274988706,0.4062925588494884,-0.8178278663975544,0.0,0.8178278663975544,True,post_nasdaq
~asp_mars_pluto_sextile_orb3 & asp_neptune_uranus_conj_orb5 & ~asp_neptune_venus_conj_orb3 & ~sun_sign_leo,4,10,-0.4406395992834886,-0.29063959928348865,0.21971790028428245,0.6065142060921828,0.7565142060921828,1.1489546349903077,0.39244042889812486,0.6065142060921828,5,93,15,0.9993901199428517,-0.2044341522827901,False,-0.9052880872991425,-0.7552880872991424,0.0,0.7552880872991424,,,validation,,0.2847886748656872,0.6910812337151756,0.4062925588494884,-0.8178278663975544,0.0,0.8178278663975544,True,post_nasdaq
~asp_mars_pluto_sextile_orb3 & asp_neptune_uranus_conj_orb5 & ~asp_saturn_venus_sextile_orb5 & ~asp_sun_uranus_conj_orb3,4,10,-0.31900215926437114,-0.16900215926437118,0.3413553403033999,0.6063250386602633,0.7563250386602633,1.1487654675583883,0.39244042889812486,0.6063250386602633,7,97,23,0.9991205163079915,-0.2044341522827901,False,-0.9052880872991425,-0.7552880872991424,0.0,0.7552880872991424,,,validation,,0.4412611620699421,0.8475537209194305,0.4062925588494884,-0.8178278663975544,0.0,0.8178278663975544,True,post_nasdaq
~asp_mars_pluto_sextile_orb3 & asp_neptune_uranus_conj_orb5 & ~asp_neptune_venus_conj_orb3 & ~asp_saturn_sun_conj_orb1,4,10,-0.35593003682892954,-0.20593003682892957,0.3044274627388415,0.6060990315944824,0.7560990315944824,1.1485394604926074,0.39244042889812486,0.6060990315944824,6,102,18,0.998798409315875,-0.2044341522827901,False,-0.9052880872991425,-0.7552880872991424,0.0,0.7552880872991424,,,validation,,0.361834647686926,0.7681272065364144,0.4062925588494884,-0.8178278663975544,0.0,0.8178278663975544,True,post_nasdaq
~asp_jupiter_sun_conj_orb5 & ~asp_mars_pluto_sextile_orb3 & ~asp_mars_sun_square_orb1 & asp_neptune_uranus_conj_orb5,4,10,-0.3469500764113441,-0.19695007641134415,0.31340742315642695,0.6053312277866932,0.7553312277866933,1.1477716566848182,0.39244042889812486,0.6053312277866932,5,100,16,0.997704136953742,-0.2044341522827901,False,-0.9052880872991425,-0.7552880872991424,0.0,0.7552880872991424,,,validation,,0.35940575207290876,0.7656983109223972,0.4062925588494884,-0.8178278663975544,0.0,0.8178278663975544,True,post_nasdaq
~asp_mars_pluto_sextile_orb5 & asp_neptune_uranus_conj_orb5 & ~asp_neptune_venus_conj_orb3 & ~asp_sun_uranus_trine_orb5,4,10,-0.39965514938487123,-0.2496551493848712,0.2607023501828999,0.6050016467820415,0.7550016467820415,1.1474420756801664,0.39244042889812486,0.6050016467820415,6,58,22,0.9972344223448424,-0.2044341522827901,False,-0.9052880872991425,-0.7552880872991424,0.0,0.7552880872991424,,,validation,,0.3179641871387306,0.724256745988219,0.4062925588494884,-0.8178278663975544,0.0,0.8178278663975544,True,post_nasdaq
~asp_jupiter_mercury_opp_orb5 & ~asp_jupiter_sun_conj_orb5 & ~asp_mars_pluto_sextile_orb3 & asp_neptune_uranus_conj_orb5,4,10,-0.38200149955621376,-0.2320014995562138,0.2783560000115573,0.6047066260139525,0.7547066260139526,1.1471470549120775,0.39244042889812486,0.6047066260139525,6,100,18,0.9968139643442058,-0.2044341522827901,False,-0.9052880872991425,-0.7552880872991424,0.0,0.7552880872991424,,,validation,,0.23744977061322675,0.6437423294627151,0.4062925588494884,-0.8178278663975544,0.0,0.8178278663975544,True,post_nasdaq
~asp_mars_pluto_sextile_orb3 & ~asp_mars_sun_square_orb3 & asp_neptune_uranus_conj_orb5 & ~asp_neptune_venus_conj_orb5,4,10,-0.34196660824195846,-0.19196660824195844,0.31839089132581266,0.6043622365987052,0.7543622365987053,1.1468026654968302,0.39244042889812486,0.6043622365987052,6,100,18,0.9963231492391358,-0.2044341522827901,False,-0.9052880872991425,-0.7552880872991424,0.0,0.7552880872991424,,,validation,,0.3225441212142193,0.7288366800637077,0.4062925588494884,-0.8178278663975544,0.0,0.8178278663975544,True,post_nasdaq
~asp_mars_pluto_sextile_orb3 & asp_neptune_uranus_conj_orb5 & ~asp_neptune_venus_conj_orb5 & ~asp_saturn_sun_conj_orb3,4,10,-0.33342332946200404,-0.18342332946200407,0.32693417010576703,0.6040328111994301,0.7540328111994301,1.146473240097555,0.39244042889812486,0.6040328111994301,5,100,17,0.9958536626434322,-0.2044341522827901,False,-0.9052880872991425,-0.7552880872991424,0.0,0.7552880872991424,,,validation,,0.36698627665554334,0.7732788355050317,0.4062925588494884,-0.8178278663975544,0.0,0.8178278663975544,True,post_nasdaq
~asp_mars_pluto_sextile_orb3 & asp_neptune_uranus_conj_orb5 & ~asp_neptune_venus_conj_orb3 & ~asp_pluto_sun_sextile_orb5,4,10,-0.3244310049785014,-0.17443100497850145,0.33592649458926965,0.6040080146643084,0.7540080146643084,1.1464484435624334,0.39244042889812486,0.6040080146643084,7,93,21,0.9958183234965838,-0.2044341522827901,False,-0.9052880872991425,-0.7552880872991424,0.0,0.7552880872991424,,,validation,,0.43388130954751797,0.8401738683970064,0.4062925588494884,-0.8178278663975544,0.0,0.8178278663975544,True,post_nasdaq
~asp_mars_pluto_sextile_orb3 & asp_neptune_uranus_conj_orb5 & ~asp_neptune_venus_conj_orb5 & ~sun_sign_leo,4,10,-0.4377070442803329,-0.2877070442803329,0.22265045528743818,0.6038490704880751,0.7538490704880751,1.1462894993862,0.39244042889812486,0.6038490704880751,5,91,15,0.9955918021509345,-0.2044341522827901,False,-0.9052880872991425,-0.7552880872991424,0.0,0.7552880872991424,,,validation,,0.29451175197876706,0.7008043108282555,0.4062925588494884,-0.8178278663975544,0.0,0.8178278663975544,True,post_nasdaq
~asp_jupiter_sun_conj_orb5 & ~asp_mars_pluto_sextile_orb3 & ~asp_moon_venus_trine_orb3 & asp_neptune_uranus_conj_orb5,4,10,-0.4526184872572081,-0.3026184872572081,0.20773901231056302,0.6034188959934,0.7534188959934001,1.145859324891525,0.39244042889812486,0.6034188959934,10,62,53,0.9949787358914948,-0.2044341522827901,False,-0.9052880872991425,-0.7552880872991424,0.0,0.7552880872991424,,,validation,,0.4316569115981686,0.837949470447657,0.4062925588494884,-0.8178278663975544,0.0,0.8178278663975544,True,post_nasdaq
~asp_mars_pluto_sextile_orb3 & asp_neptune_uranus_conj_orb5 & ~asp_neptune_venus_conj_orb5 & ~asp_saturn_sun_conj_orb1,4,10,-0.352969784345343,-0.20296978434534302,0.3073877152224281,0.6031999469113393,0.7531999469113393,1.1456403758094642,0.39244042889812486,0.6031999469113393,6,100,18,0.9946667004295862,-0.2044341522827901,False,-0.9052880872991425,-0.7552880872991424,0.0,0.7552880872991424,,,validation,,0.3721983144027223,0.7784908732522107,0.4062925588494884,-0.8178278663975544,0.0,0.8178278663975544,True,post_nasdaq
~asp_mars_pluto_sextile_orb5 & asp_neptune_uranus_conj_orb5 & ~asp_neptune_venus_conj_orb5 & ~asp_sun_uranus_trine_orb5,4,10,-0.3966410181262381,-0.24664101812623807,0.26371648144153303,0.603134953012194,0.753134953012194,1.145575381910319,0.39244042889812486,0.603134953012194,6,56,22,0.9945740745018425,-0.2044341522827901,False,-0.9052880872991425,-0.7552880872991424,0.0,0.7552880872991424,,,validation,,0.3287439387405365,0.7350364975900249,0.4062925588494884,-0.8178278663975544,0.0,0.8178278663975544,True,post_nasdaq
~asp_mars_pluto_sextile_orb3 & ~asp_moon_saturn_opp_orb5 & asp_neptune_uranus_conj_orb5 & ~asp_neptune_venus_conj_orb3,4,10,-0.409614118959836,-0.25961411895983605,0.25074338060793505,0.6029182259478917,0.7529182259478917,1.1453586548460166,0.39244042889812486,0.6029182259478917,11,77,44,0.994265206948304,-0.2044341522827901,False,-0.9052880872991425,-0.7552880872991424,0.0,0.7552880872991424,,,validation,,0.41533522386426464,0.821627782713753,0.4062925588494884,-0.8178278663975544,0.0,0.8178278663975544,True,post_nasdaq
~asp_mars_sun_square_orb3 & asp_pluto_uranus_sextile_orb3 & ~asp_saturn_venus_trine_orb3 & ~mars_ingress_3d,4,10,-0.6922354433652456,-0.5422354433652455,-0.031877943797474446,0.6028115833521696,0.7528115833521696,1.1452520122502945,0.39244042889812486,0.6028115833521696,28,70,37,0.9941132260928831,-0.2044341522827901,False,-0.9052880872991425,-0.7552880872991424,0.0,0.7552880872991424,,,validation,,0.6578831590508534,1.0641757179003417,0.4062925588494884,-0.8178278663975544,0.0,0.8178278663975544,True,post_nasdaq
~asp_mars_pluto_sextile_orb3 & ~asp_mercury_moon_trine_orb1 & asp_neptune_uranus_conj_orb5 & ~asp_uranus_venus_square_orb3,4,10,-0.32620767704979003,-0.17620767704979,0.3341498225179811,0.6026336458347671,0.7526336458347671,1.145074074732892,0.39244042889812486,0.6026336458347671,8,68,27,0.9938596403359636,-0.2044341522827901,False,-0.9052880872991425,-0.7552880872991424,0.0,0.7552880872991424,,,validation,,0.39700410433550465,0.803296663184993,0.4062925588494884,-0.8178278663975544,0.0,0.8178278663975544,True,post_nasdaq
~asp_mars_pluto_sextile_orb3 & asp_neptune_uranus_conj_orb5 & ~asp_neptune_venus_conj_orb3 & ~asp_sun_uranus_square_orb5,4,10,-0.3511408536090095,-0.20114085360900952,0.3092166459587616,0.6024100183564384,0.7524100183564384,1.1448504472545633,0.39244042889812486,0.6024100183564384,7,59,23,0.9935409408951539,-0.2044341522827901,False,-0.9052880872991425,-0.7552880872991424,0.0,0.7552880872991424,,,validation,,0.3487620052089166,0.755054564058405,0.4062925588494884,-0.8178278663975544,0.0,0.8178278663975544,True,post_nasdaq
~asp_mars_pluto_sextile_orb3 & asp_neptune_uranus_conj_orb5 & ~asp_neptune_venus_conj_orb3 & ~asp_pluto_venus_opp_orb3,4,10,-0.34017180080881515,-0.19017180080881518,0.3201856987589559,0.6021288416795002,0.7521288416795002,1.1445692705776251,0.39244042889812486,0.6021288416795002,6,102,18,0.9931402274388916,-0.2044341522827901,False,-0.9052880872991425,-0.7552880872991424,0.0,0.7552880872991424,,,validation,,0.3287943862320573,0.7350869450815457,0.4062925588494884,-0.8178278663975544,0.0,0.8178278663975544,True,post_nasdaq
~asp_jupiter_sun_sextile_orb5 & asp_pluto_uranus_sextile_orb3 & ~asp_saturn_venus_trine_orb3 & ~mars_ingress_3d,4,10,-0.6630321580138298,-0.5130321580138297,-0.0026746584460585776,0.6018344848727676,0.7518344848727676,1.1442749137708925,0.39244042889812486,0.6018344848727676,30,74,39,0.9927207322316536,-0.2044341522827901,False,-0.9052880872991425,-0.7552880872991424,0.0,0.7552880872991424,,,validation,,0.7638659933047587,1.170158552154247,0.4062925588494884,-0.8178278663975544,0.0,0.8178278663975544,True,post_nasdaq
~asp_mercury_pluto_sextile_orb3 & asp_neptune_uranus_conj_orb5 & ~asp_neptune_venus_conj_orb3 & ~asp_saturn_sun_trine_orb3,4,10,-0.377750593573115,-0.227750593573115,0.2826069059946561,0.60182657864358,0.75182657864358,1.144267007541705,0.39244042889812486,0.60182657864358,7,95,26,0.9927094648911015,-0.2044341522827901,False,-0.9052880872991425,-0.7552880872991424,0.0,0.7552880872991424,,,validation,,0.4730749156050675,0.8793674744545559,0.4062925588494884,-0.8178278663975544,0.0,0.8178278663975544,True,post_nasdaq
~asp_mars_pluto_sextile_orb3 & ~asp_neptune_sun_trine_orb3 & asp_neptune_uranus_conj_orb5 & ~asp_neptune_venus_conj_orb3,4,10,-0.38032314269709433,-0.23032314269709436,0.28003435687067674,0.6016917250652832,0.7516917250652833,1.1441321539634082,0.39244042889812486,0.6016917250652832,7,62,23,0.9925172822880157,-0.2044341522827901,False,-0.9052880872991425,-0.7552880872991424,0.0,0.7552880872991424,,,validation,,0.3458582506731613,0.7521508095226497,0.4062925588494884,-0.8178278663975544,0.0,0.8178278663975544,True,post_nasdaq
~asp_mercury_uranus_square_orb5 & asp_pluto_uranus_sextile_orb3 & ~mars_ingress_3d & ~mercury_sign_cancer,4,10,-0.7080372589614854,-0.5580372589614854,-0.04767975939371426,0.6014578670091152,0.7514578670091152,1.1438982959072401,0.39244042889812486,0.6014578670091152,31,50,40,0.9921840072123096,-0.2044341522827901,False,-0.9052880872991425,-0.7552880872991424,0.0,0.7552880872991424,,,validation,,0.6993031785983526,1.105595737447841,0.4062925588494884,-0.8178278663975544,0.0,0.8178278663975544,True,post_nasdaq
~asp_mars_pluto_sextile_orb3 & ~asp_mars_venus_sextile_orb5 & asp_neptune_uranus_conj_orb5 & ~asp_saturn_venus_sextile_orb5,4,10,-0.4050523044541311,-0.25505230445413113,0.25530519511363997,0.6014363239708481,0.7514363239708481,1.143876752868973,0.39244042889812486,0.6014363239708481,7,81,24,0.9921533059173782,-0.2044341522827901,False,-0.9052880872991425,-0.7552880872991424,0.0,0.7552880872991424,,,validation,,0.4093113569683861,0.8156039158178745,0.4062925588494884,-0.8178278663975544,0.0,0.8178278663975544,True,post_nasdaq
~asp_mercury_uranus_square_orb5 & asp_pluto_uranus_sextile_orb3 & ~mars_ingress_3d & ~mercury_sign_aries,4,10,-0.6753673240235162,-0.5253673240235162,-0.015009824455745094,0.6014186713461293,0.7514186713461293,1.1438591002442542,0.39244042889812486,0.6014186713461293,30,41,38,0.9921281489137255,-0.2044341522827901,False,-0.9052880872991425,-0.7552880872991424,0.0,0.7552880872991424,,,validation,,0.6159077881124091,1.0222003469618974,0.4062925588494884,-0.8178278663975544,0.0,0.8178278663975544,True,post_nasdaq
~asp_mars_pluto_sextile_orb5 & asp_neptune_uranus_conj_orb5 & ~asp_neptune_venus_conj_orb3 & ~venus_sign_taurus,4,10,-0.42000699260215757,-0.27000699260215755,0.24035050696561353,0.6013878937893141,0.7513878937893141,1.143828322687439,0.39244042889812486,0.6013878937893141,5,100,17,0.9920842873993705,-0.2044341522827901,False,-0.9052880872991425,-0.7552880872991424,0.0,0.7552880872991424,,,validation,,0.2388178949264707,0.6451104537759591,0.4062925588494884,-0.8178278663975544,0.0,0.8178278663975544,True,post_nasdaq
~asp_mars_pluto_sextile_orb3 & asp_neptune_uranus_conj_orb5 & ~asp_neptune_venus_conj_orb5 & ~asp_pluto_sun_sextile_orb5,4,10,-0.32134813456636613,-0.1713481345663661,0.339009365001405,0.6011951947114224,0.7511951947114224,1.1436356236095473,0.39244042889812486,0.6011951947114224,7,91,21,0.9918096697456111,-0.2044341522827901,False,-0.9052880872991425,-0.7552880872991424,0.0,0.7552880872991424,,,validation,,0.44642877992775326,0.8527213387772417,0.4062925588494884,-0.8178278663975544,0.0,0.8178278663975544,True,post_nasdaq
~asp_mars_pluto_sextile_orb1 & asp_neptune_uranus_conj_orb5 & ~asp_saturn_sun_sextile_orb5 & ~asp_saturn_venus_sextile_orb5,4,10,-0.37402194818708423,-0.22402194818708426,0.28633555138068684,0.6011489899508574,0.7511489899508574,1.1435894188489824,0.39244042889812486,0.6011489899508574,7,99,26,0.9917438229220139,-0.2044341522827901,False,-0.9052880872991425,-0.7552880872991424,0.0,0.7552880872991424,,,validation,,0.42294811421785233,0.8292406730673407,0.4062925588494884,-0.8178278663975544,0.0,0.8178278663975544,True,post_nasdaq
~asp_mars_pluto_sextile_orb3 & asp_neptune_uranus_conj_orb5 & ~asp_saturn_venus_sextile_orb5 & ~mercury_sign_leo,4,10,-0.44217189231504883,-0.29217189231504886,0.21818560725272224,0.6011096610892771,0.7511096610892771,1.143550089987402,0.39244042889812486,0.6011096610892771,7,84,25,0.9916877750372721,-0.2044341522827901,False,-0.9052880872991425,-0.7552880872991424,0.0,0.7552880872991424,,,validation,,0.43386126391700325,0.8401538227664916,0.4062925588494884,-0.8178278663975544,0.0,0.8178278663975544,True,post_nasdaq
~asp_jupiter_sun_conj_orb5 & ~asp_mars_pluto_sextile_orb3 & asp_neptune_uranus_conj_orb5 & ~venus_sign_libra,4,10,-0.342046573053022,-0.19204657305302203,0.31831092651474907,0.6002123227151471,0.7502123227151472,1.142652751613272,0.39244042889812486,0.6002123227151471,5,133,15,0.9904089789213966,-0.2044341522827901,False,-0.9052880872991425,-0.7552880872991424,0.0,0.7552880872991424,,,validation,,0.5843155584960402,0.9906081173455286,0.4062925588494884,-0.8178278663975544,0.0,0.8178278663975544,True,post_nasdaq
~asp_mars_pluto_sextile_orb5 & asp_neptune_uranus_conj_orb5 & ~asp_neptune_venus_conj_orb5 & ~venus_sign_taurus,4,10,-0.41697099032997353,-0.26697099032997357,0.24338650923779753,0.6001637014381968,0.7501637014381968,1.1426041303363217,0.39244042889812486,0.6001637014381968,5,98,17,0.990339689231382,-0.2044341522827901,False,-0.9052880872991425,-0.7552880872991424,0.0,0.7552880872991424,,,validation,,0.24776635556636856,0.654058914415857,0.4062925588494884,-0.8178278663975544,0.0,0.8178278663975544,True,post_nasdaq
~asp_mars_pluto_sextile_orb3 & asp_neptune_uranus_conj_orb5 & ~asp_neptune_venus_conj_orb3 & ~asp_saturn_sun_conj_orb3,4,10,-0.3365108877464449,-0.18651088774644492,0.3238466118213262,0.599911784485441,0.749911784485441,1.142352213383566,0.39244042889812486,0.599911784485441,6,102,18,0.9899806856677489,-0.2044341522827901,False,-0.9052880872991425,-0.7552880872991424,0.0,0.7552880872991424,,,validation,,0.35231029240913697,0.7586028512586254,0.4062925588494884,-0.8178278663975544,0.0,0.8178278663975544,True,post_nasdaq
~asp_mars_pluto_sextile_orb3 & asp_neptune_uranus_conj_orb5 & ~asp_neptune_venus_conj_orb5 & ~asp_sun_uranus_square_orb5,4,10,-0.34803671389168656,-0.1980367138916866,0.3123207856760845,0.5998119608745413,0.7498119608745413,1.1422523897726662,0.39244042889812486,0.5998119608745413,7,59,23,0.9898384286839681,-0.2044341522827901,False,-0.9052880872991425,-0.7552880872991424,0.0,0.7552880872991424,,,validation,,0.35974761956736284,0.7660401784168512,0.4062925588494884,-0.8178278663975544,0.0,0.8178278663975544,True,post_nasdaq
~asp_mars_sun_square_orb5 & asp_pluto_uranus_sextile_orb3 & ~asp_saturn_venus_trine_orb5 & ~mars_ingress_3d,4,10,-0.6150586145363056,-0.46505861453630565,0.045298885031465445,0.5994932786072434,0.7494932786072435,1.1419337075053684,0.39244042889812486,0.5994932786072434,28,66,36,0.9893842811328497,-0.2044341522827901,False,-0.9052880872991425,-0.7552880872991424,0.0,0.7552880872991424,,,validation,,0.6236982394455441,1.0299907982950325,0.4062925588494884,-0.8178278663975544,0.0,0.8178278663975544,True,post_nasdaq
~asp_mars_pluto_sextile_orb3 & asp_neptune_uranus_conj_orb5 & ~asp_neptune_venus_conj_orb5 & ~asp_pluto_venus_opp_orb3,4,10,-0.33717983520145656,-0.18717983520145653,0.32317766436631457,0.5992435762620917,0.7492435762620917,1.1416840051602166,0.39244042889812486,0.5992435762620917,6,100,18,0.9890284368337734,-0.2044341522827901,False,-0.9052880872991425,-0.7552880872991424,0.0,0.7552880872991424,,,validation,,0.33842383092708045,0.7447163897765688,0.4062925588494884,-0.8178278663975544,0.0,0.8178278663975544,True,post_nasdaq
~asp_mars_pluto_sextile_orb5 & asp_neptune_uranus_conj_orb5 & ~asp_saturn_venus_sextile_orb5 & ~asp_uranus_venus_square_orb3,4,10,-0.3454740381022018,-0.19547403810220176,0.31488346146556934,0.5991579183014676,0.7491579183014676,1.1415983471995925,0.39244042889812486,0.5991579183014676,7,58,25,0.9889063681880415,-0.2044341522827901,False,-0.9052880872991425,-0.7552880872991424,0.0,0.7552880872991424,,,validation,,0.41139950459705593,0.8176920634465443,0.4062925588494884,-0.8178278663975544,0.0,0.8178278663975544,True,post_nasdaq
~asp_mars_pluto_sextile_orb3 & ~asp_neptune_sun_trine_orb3 & asp_neptune_uranus_conj_orb5 & ~asp_neptune_venus_conj_orb5,4,10,-0.3773423582553851,-0.22734235825538507,0.28301514131238603,0.5990634994153546,0.7490634994153547,1.1415039283134796,0.39244042889812486,0.5990634994153546,7,60,23,0.9887718147700642,-0.2044341522827901,False,-0.9052880872991425,-0.7552880872991424,0.0,0.7552880872991424,,,validation,,0.35631049301865086,0.7626030518681393,0.4062925588494884,-0.8178278663975544,0.0,0.8178278663975544,True,post_nasdaq
~asp_mercury_pluto_sextile_orb3 & asp_neptune_uranus_conj_orb5 & ~asp_neptune_venus_conj_orb5 & ~asp_saturn_sun_trine_orb3,4,10,-0.3743173505101758,-0.22431735051017576,0.28604014905759534,0.5990472742577503,0.7490472742577503,1.1414877031558752,0.39244042889812486,0.5990472742577503,7,93,26,0.9887486928200768,-0.2044341522827901,False,-0.9052880872991425,-0.7552880872991424,0.0,0.7552880872991424,,,validation,,0.48692986525782905,0.8932224241073174,0.4062925588494884,-0.8178278663975544,0.0,0.8178278663975544,True,post_nasdaq
~asp_moon_saturn_trine_orb1 & asp_pluto_uranus_sextile_orb3 & ~mars_ingress_3d & ~sun_sign_cancer,4,10,-0.66304633021511,-0.5130463302151099,-0.0026888306473388615,0.5986415870343543,0.7486415870343543,1.1410820159324793,0.39244042889812486,0.5986415870343543,33,76,43,0.988170562678947,-0.2044341522827901,False,-0.9052880872991425,-0.7552880872991424,0.0,0.7552880872991424,,,validation,,0.7134093000668296,1.119701858916318,0.4062925588494884,-0.8178278663975544,0.0,0.8178278663975544,True,post_nasdaq
~asp_jupiter_sun_conj_orb5 & ~asp_mars_pluto_sextile_orb3 & asp_neptune_uranus_conj_orb5,3,7,-0.31673366608912595,-0.21173366608912597,0.29862383347864513,0.5984469139435518,0.7034469139435517,1.0958873428416767,0.39244042889812486,0.5984469139435518,4,133,12,0.9237850617726999,-0.2044341522827901,False,-0.8602880872991424,-0.7552880872991424,0.0,0.7552880872991424,,,validation,,0.3664683013400118,0.7727608601895002,0.4062925588494884,-0.8178278663975544,0.0,0.8178278663975544,True,post_nasdaq
asp_pluto_uranus_sextile_orb3 & ~asp_saturn_venus_trine_orb5 & ~mars_ingress_3d & ~mercury_sign_cancer,4,10,-0.6495327680268207,-0.49953276802682073,0.010824731540950367,0.5984098401842503,0.7484098401842503,1.1408502690823752,0.39244042889812486,0.5984098401842503,29,76,37,0.9878403100898556,-0.2044341522827901,False,-0.9052880872991425,-0.7552880872991424,0.0,0.7552880872991424,,,validation,,0.7253542680608243,1.1316468269103126,0.4062925588494884,-0.8178278663975544,0.0,0.8178278663975544,True,post_nasdaq
~asp_mars_pluto_sextile_orb5 & asp_neptune_uranus_conj_orb5 & ~asp_neptune_venus_conj_orb3 & ~asp_pluto_sun_opp_orb5,4,10,-0.3840259684461619,-0.23402596844616186,0.27633153112160924,0.5981472977532619,0.7481472977532619,1.1405877266513869,0.39244042889812486,0.5981472977532619,5,100,17,0.9874661732896364,-0.2044341522827901,False,-0.9052880872991425,-0.7552880872991424,0.0,0.7552880872991424,,,validation,,0.25750402233138586,0.6637965811808743,0.4062925588494884,-0.8178278663975544,0.0,0.8178278663975544,True,post_nasdaq
~asp_mars_pluto_sextile_orb3 & asp_neptune_uranus_conj_orb5 & ~asp_neptune_venus_conj_orb3 & ~asp_saturn_venus_square_orb3,4,10,-0.3460300071097111,-0.19603000710971108,0.31432749245806,0.5979140041051222,0.7479140041051222,1.1403544330032471,0.39244042889812486,0.5979140041051222,8,83,23,0.987133718671668,-0.2044341522827901,False,-0.9052880872991425,-0.7552880872991424,0.0,0.7552880872991424,,,validation,,0.3608330700830617,0.7671256289325501,0.4062925588494884,-0.8178278663975544,0.0,0.8178278663975544,True,post_nasdaq
~asp_mars_sun_sextile_orb5 & asp_neptune_uranus_conj_orb5 & ~asp_neptune_venus_conj_orb3 & ~asp_saturn_sun_sextile_orb5,4,10,-0.37172795353870236,-0.22172795353870234,0.28862954602906876,0.597834030635921,0.747834030635921,1.140274459534046,0.39244042889812486,0.597834030635921,6,89,21,0.9870197528928475,-0.2044341522827901,False,-0.9052880872991425,-0.7552880872991424,0.0,0.7552880872991424,,,validation,,0.25852100341406686,0.6648135622635553,0.4062925588494884,-0.8178278663975544,0.0,0.8178278663975544,True,post_nasdaq
~asp_jupiter_sun_conj_orb5 & ~asp_mars_pluto_sextile_orb3 & ~asp_mars_sun_square_orb5 & asp_neptune_uranus_conj_orb5,4,10,-0.33775393256960196,-0.18775393256960193,0.32260356699816917,0.597697857601258,0.7476978576012581,1.140138286499383,0.39244042889812486,0.597697857601258,5,100,16,0.986825700500054,-0.2044341522827901,False,-0.9052880872991425,-0.7552880872991424,0.0,0.7552880872991424,,,validation,,0.35306312842770865,0.759355687277197,0.4062925588494884,-0.8178278663975544,0.0,0.8178278663975544,True,post_nasdaq
~asp_mars_sun_square_orb5 & asp_pluto_uranus_sextile_orb3 & ~asp_saturn_venus_trine_orb3 & ~mars_ingress_3d,4,10,-0.6268071437538246,-0.4768071437538246,0.03355035581394652,0.5976225233338529,0.7476225233338529,1.1400629522319778,0.39244042889812486,0.5976225233338529,28,66,36,0.9867183461050599,-0.2044341522827901,False,-0.9052880872991425,-0.7552880872991424,0.0,0.7552880872991424,,,validation,,0.6197618188002025,1.0260543776496909,0.4062925588494884,-0.8178278663975544,0.0,0.8178278663975544,True,post_nasdaq
~asp_mercury_uranus_square_orb5 & ~asp_pluto_sun_trine_orb5 & asp_pluto_uranus_sextile_orb3 & ~mars_ingress_3d,4,10,-0.7398261866914826,-0.5898261866914826,-0.07946868712371147,0.5974691089234448,0.7474691089234449,1.1399095378215698,0.39244042889812486,0.5974691089234448,32,41,44,0.9864997246718781,-0.2044341522827901,False,-0.9052880872991425,-0.7552880872991424,0.0,0.7552880872991424,,,validation,,0.6742864084130289,1.0805789672625172,0.4062925588494884,-0.8178278663975544,0.0,0.8178278663975544,True,post_nasdaq
~asp_mars_pluto_sextile_orb3 & asp_neptune_uranus_conj_orb5 & ~asp_neptune_venus_conj_orb3 & ~asp_neptune_venus_trine_orb3,4,10,-0.4035274770404901,-0.25352747704049006,0.25683002252728104,0.5974508813480978,0.7474508813480978,1.1398913102462227,0.39244042889812486,0.5974508813480978,7,66,23,0.9864737497066265,-0.2044341522827901,False,-0.9052880872991425,-0.7552880872991424,0.0,0.7552880872991424,,,validation,,0.3224638339453489,0.7287563927948373,0.4062925588494884,-0.8178278663975544,0.0,0.8178278663975544,True,post_nasdaq
~asp_mars_pluto_sextile_orb3 & ~asp_mars_sun_square_orb3 & asp_neptune_uranus_conj_orb5 & ~asp_saturn_venus_sextile_orb5,4,10,-0.35820813487089176,-0.20820813487089174,0.30214936469687936,0.5974386429207853,0.7474386429207853,1.1398790718189102,0.39244042889812486,0.5974386429207853,7,97,24,0.9864563095012209,-0.2044341522827901,False,-0.9052880872991425,-0.7552880872991424,0.0,0.7552880872991424,,,validation,,0.39211315945382846,0.7984057183033169,0.4062925588494884,-0.8178278663975544,0.0,0.8178278663975544,True,post_nasdaq
~asp_mars_pluto_sextile_orb3 & ~asp_mercury_moon_trine_orb1 & asp_neptune_uranus_conj_orb5 & ~asp_sun_uranus_trine_orb5,4,10,-0.3818710087115418,-0.23187100871154176,0.27848649085622934,0.5973633127566887,0.7473633127566888,1.1398037416548137,0.39244042889812486,0.5973633127566887,8,68,26,0.9863489613332967,-0.2044341522827901,False,-0.9052880872991425,-0.7552880872991424,0.0,0.7552880872991424,,,validation,,0.3875266216826461,0.7938191805321345,0.4062925588494884,-0.8178278663975544,0.0,0.8178278663975544,True,post_nasdaq
~asp_mars_pluto_sextile_orb3 & asp_neptune_uranus_conj_orb5 & ~asp_saturn_venus_sextile_orb5 & ~sun_sign_leo,4,10,-0.4562702947393076,-0.30627029473930756,0.20408720482846354,0.5970457110585389,0.7470457110585389,1.1394861399566638,0.39244042889812486,0.5970457110585389,6,74,21,0.985896368810018,-0.2044341522827901,False,-0.9052880872991425,-0.7552880872991424,0.0,0.7552880872991424,,,validation,,0.3664976041095786,0.772790162959067,0.4062925588494884,-0.8178278663975544,0.0,0.8178278663975544,True,post_nasdaq
~asp_jupiter_sun_conj_orb5 & ~asp_mars_pluto_sextile_orb3 & asp_neptune_uranus_conj_orb5 & ~asp_uranus_venus_square_orb5,4,10,-0.33362298105298593,-0.1836229810529859,0.3267345185147852,0.5968602493139467,0.7468602493139467,1.1393006782120716,0.39244042889812486,0.5968602493139467,6,92,22,0.9856320808308681,-0.2044341522827901,False,-0.9052880872991425,-0.7552880872991424,0.0,0.7552880872991424,,,validation,,0.35134994997149177,0.7576425088209802,0.4062925588494884,-0.8178278663975544,0.0,0.8178278663975544,True,post_nasdaq
~asp_mars_pluto_sextile_orb3 & asp_neptune_uranus_conj_orb5 & ~asp_saturn_sun_conj_orb1 & ~asp_saturn_venus_sextile_orb5,4,10,-0.369295379817393,-0.219295379817393,0.2910621197503781,0.5967362967720523,0.7467362967720523,1.1391767256701772,0.39244042889812486,0.5967362967720523,7,97,24,0.9854554454942095,-0.2044341522827901,False,-0.9052880872991425,-0.7552880872991424,0.0,0.7552880872991424,,,validation,,0.44042672704348235,0.8467192858929707,0.4062925588494884,-0.8178278663975544,0.0,0.8178278663975544,True,post_nasdaq
~asp_mars_pluto_sextile_orb3 & ~asp_moon_saturn_opp_orb5 & asp_neptune_uranus_conj_orb5 & ~asp_neptune_venus_conj_orb5,4,10,-0.40669746481852787,-0.2566974648185279,0.2536600347492432,0.5966644285487502,0.7466644285487503,1.1391048574468752,0.39244042889812486,0.5966644285487502,11,77,44,0.9853530316939278,-0.2044341522827901,False,-0.9052880872991425,-0.7552880872991424,0.0,0.7552880872991424,,,validation,,0.40925039085139864,0.815542949700887,0.4062925588494884,-0.8178278663975544,0.0,0.8178278663975544,True,post_nasdaq
~asp_mars_pluto_sextile_orb3 & ~asp_moon_saturn_trine_orb3 & asp_neptune_uranus_conj_orb5 & ~asp_saturn_venus_sextile_orb5,4,10,-0.3114339840903996,-0.16143398409039955,0.34892351547737155,0.5963314712114772,0.7463314712114772,1.1387719001096022,0.39244042889812486,0.5963314712114772,12,59,56,0.9848785614680831,-0.2044341522827901,False,-0.9052880872991425,-0.7552880872991424,0.0,0.7552880872991424,,,validation,,0.38999451973913796,0.7962870785886264,0.4062925588494884,-0.8178278663975544,0.0,0.8178278663975544,True,post_nasdaq
~asp_mars_pluto_sextile_orb5 & asp_neptune_uranus_conj_orb5 & ~asp_neptune_venus_conj_orb5 & ~asp_pluto_sun_opp_orb5,4,10,-0.38100972707633984,-0.23100972707633982,0.2793477724914313,0.5960438528787465,0.7460438528787465,1.1384842817768714,0.39244042889812486,0.5960438528787465,5,98,17,0.9844687018769753,-0.2044341522827901,False,-0.9052880872991425,-0.7552880872991424,0.0,0.7552880872991424,,,validation,,0.2663899969908264,0.6726825558403148,0.4062925588494884,-0.8178278663975544,0.0,0.8178278663975544,True,post_nasdaq
~asp_mars_pluto_sextile_orb3 & asp_neptune_uranus_conj_orb5 & ~asp_neptune_venus_conj_orb3 & ~asp_saturn_venus_trine_orb1,4,10,-0.3343932258338522,-0.1843932258338522,0.3259642737339189,0.5958330051431026,0.7458330051431026,1.1382734340412275,0.39244042889812486,0.5958330051431026,6,93,21,0.9841682423325941,-0.2044341522827901,False,-0.9052880872991425,-0.7552880872991424,0.0,0.7552880872991424,,,validation,,0.32340108423044994,0.7296936430799383,0.4062925588494884,-0.8178278663975544,0.0,0.8178278663975544,True,post_nasdaq
asp_pluto_uranus_sextile_orb3 & ~asp_saturn_venus_trine_orb5 & ~mars_ingress_3d & ~sun_sign_cancer,4,10,-0.7102776963447809,-0.5602776963447809,-0.049920196777009734,0.595824816919926,0.745824816919926,1.1382652458180509,0.39244042889812486,0.595824816919926,28,76,37,0.9841565740729077,-0.2044341522827901,False,-0.9052880872991425,-0.7552880872991424,0.0,0.7552880872991424,,,validation,,0.7209393711627268,1.127231930012215,0.4062925588494884,-0.8178278663975544,0.0,0.8178278663975544,True,post_nasdaq
~asp_jupiter_sun_conj_orb3 & ~asp_mars_pluto_sextile_orb3 & asp_neptune_uranus_conj_orb5 & ~asp_uranus_venus_square_orb3,4,10,-0.2799438974229784,-0.1299438974229784,0.3804136021447927,0.59574044413582,0.74574044413582,1.1381808730339449,0.39244042889812486,0.59574044413582,6,92,22,0.9840363425021006,-0.2044341522827901,False,-0.9052880872991425,-0.7552880872991424,0.0,0.7552880872991424,,,validation,,0.3663958202143745,0.7726883790638629,0.4062925588494884,-0.8178278663975544,0.0,0.8178278663975544,True,post_nasdaq
~asp_mars_pluto_sextile_orb3 & asp_neptune_uranus_conj_orb5 & ~asp_neptune_venus_conj_orb3 & ~jupiter_ingress_1d,4,10,-0.3715967763283654,-0.22159677632836544,0.28876072323940566,0.5955779214909657,0.7455779214909657,1.1380183503890906,0.39244042889812486,0.5955779214909657,6,102,18,0.983804747441823,-0.2044341522827901,False,-0.9052880872991425,-0.7552880872991424,0.0,0.7552880872991424,,,validation,,0.4118285861405015,0.8181211449899899,0.4062925588494884,-0.8178278663975544,0.0,0.8178278663975544,True,post_nasdaq
~asp_mars_pluto_sextile_orb3 & ~asp_mars_pluto_square_orb3 & asp_neptune_uranus_conj_orb5 & ~asp_neptune_venus_conj_orb3,4,10,-0.3867962757964264,-0.23679627579642637,0.27356122377134473,0.5955232067948298,0.7455232067948299,1.1379636356929548,0.39244042889812486,0.5955232067948298,7,102,21,0.9837267790171023,-0.2044341522827901,False,-0.9052880872991425,-0.7552880872991424,0.0,0.7552880872991424,,,validation,,0.361483227503757,0.7677757863532454,0.4062925588494884,-0.8178278663975544,0.0,0.8178278663975544,True,post_nasdaq
~asp_neptune_sun_opp_orb3 & asp_neptune_uranus_conj_orb5 & ~asp_neptune_venus_conj_orb3 & ~asp_saturn_sun_sextile_orb5,4,10,-0.37414800446692764,-0.22414800446692767,0.2862094951008434,0.5955194545129577,0.7455194545129578,1.1379598834110827,0.39244042889812486,0.5955194545129577,6,104,22,0.9837214320187482,-0.2044341522827901,False,-0.9052880872991425,-0.7552880872991424,0.0,0.7552880872991424,,,validation,,0.33201239977431823,0.7383049586238066,0.4062925588494884,-0.8178278663975544,0.0,0.8178278663975544,True,post_nasdaq
~asp_mars_pluto_sextile_orb5 & ~asp_neptune_sun_trine_orb1 & asp_neptune_uranus_conj_orb5 & ~asp_neptune_venus_conj_orb3,4,10,-0.4327699890235781,-0.28276998902357814,0.22758751054419296,0.5954866249169398,0.7454866249169398,1.1379270538150648,0.39244042889812486,0.5954866249169398,6,63,22,0.9836746498850695,-0.2044341522827901,False,-0.9052880872991425,-0.7552880872991424,0.0,0.7552880872991424,,,validation,,0.27146453420722044,0.6777570930567088,0.4062925588494884,-0.8178278663975544,0.0,0.8178278663975544,True,post_nasdaq
~asp_mars_sun_sextile_orb5 & asp_neptune_uranus_conj_orb5 & ~asp_neptune_venus_conj_orb5 & ~asp_saturn_sun_sextile_orb5,4,10,-0.3714579536657755,-0.22145795366577553,0.28889954590199557,0.5953627567107417,0.7453627567107417,1.1378031856088666,0.39244042889812486,0.5953627567107417,6,87,21,0.9834981380329579,-0.2044341522827901,False,-0.9052880872991425,-0.7552880872991424,0.0,0.7552880872991424,,,validation,,0.267468571413289,0.6737611302627774,0.4062925588494884,-0.8178278663975544,0.0,0.8178278663975544,True,post_nasdaq
~asp_mars_moon_trine_orb3 & ~asp_mars_pluto_sextile_orb3 & asp_neptune_uranus_conj_orb5 & ~asp_neptune_venus_conj_orb5,4,10,-0.4062899120499379,-0.2562899120499379,0.2540675875178332,0.5952586223258737,0.7452586223258737,1.1376990512239986,0.39244042889812486,0.5952586223258737,11,86,55,0.9833497470521897,-0.2044341522827901,False,-0.9052880872991425,-0.7552880872991424,0.0,0.7552880872991424,,,validation,,0.3719879241348288,0.7782804829843172,0.4062925588494884,-0.8178278663975544,0.0,0.8178278663975544,True,post_nasdaq
~asp_mars_pluto_sextile_orb5 & asp_neptune_uranus_conj_orb5 & ~asp_saturn_venus_sextile_orb5 & ~asp_sun_uranus_trine_orb5,4,10,-0.41439760009861404,-0.264397600098614,0.24595989946915706,0.5952086159910753,0.7452086159910754,1.1376490448892003,0.39244042889812486,0.5952086159910753,7,60,28,0.9832784883484798,-0.2044341522827901,False,-0.9052880872991425,-0.7552880872991424,0.0,0.7552880872991424,,,validation,,0.4005449020681095,0.8068374609175979,0.4062925588494884,-0.8178278663975544,0.0,0.8178278663975544,True,post_nasdaq
~asp_mars_pluto_sextile_orb3 & asp_neptune_uranus_conj_orb5 & ~asp_neptune_venus_conj_orb5 & ~asp_saturn_venus_square_orb3,4,10,-0.3430296876003224,-0.19302968760032235,0.31732781196744875,0.5950011842107511,0.7450011842107511,1.137441613108876,0.39244042889812486,0.5950011842107511,8,82,23,0.9829828999209966,-0.2044341522827901,False,-0.9052880872991425,-0.7552880872991424,0.0,0.7552880872991424,,,validation,,0.37152730461310085,0.7778198634625892,0.4062925588494884,-0.8178278663975544,0.0,0.8178278663975544,True,post_nasdaq
~asp_mars_pluto_sextile_orb3 & asp_neptune_uranus_conj_orb5 & ~asp_neptune_venus_conj_orb3 & ~asp_saturn_sun_trine_orb3,4,10,-0.3664948853856689,-0.21649488538566886,0.29386261418210224,0.5946608864391757,0.7446608864391757,1.1371013153373006,0.39244042889812486,0.5946608864391757,6,93,22,0.982497980454996,-0.2044341522827901,False,-0.9052880872991425,-0.7552880872991424,0.0,0.7552880872991424,,,validation,,0.37284192766091256,0.779134486510401,0.4062925588494884,-0.8178278663975544,0.0,0.8178278663975544,True,post_nasdaq
~asp_mars_pluto_sextile_orb3 & asp_neptune_uranus_conj_orb5 & ~asp_pluto_sun_sextile_orb5 & ~asp_saturn_venus_sextile_orb5,4,10,-0.34792151844242447,-0.1979215184424245,0.3124359811253466,0.5945845189364166,0.7445845189364166,1.1370249478345416,0.39244042889812486,0.5945845189364166,8,70,27,0.982389158162466,-0.2044341522827901,False,-0.9052880872991425,-0.7552880872991424,0.0,0.7552880872991424,,,validation,,0.5142151343876558,0.9205076932371442,0.4062925588494884,-0.8178278663975544,0.0,0.8178278663975544,True,post_nasdaq
~asp_mars_pluto_sextile_orb3 & asp_neptune_uranus_conj_orb5 & ~asp_neptune_venus_conj_orb5 & ~asp_neptune_venus_trine_orb3,4,10,-0.40057808067938105,-0.25057808067938103,0.25977941888839007,0.5945449956113255,0.7445449956113255,1.1369854245094504,0.39244042889812486,0.5945449956113255,7,64,23,0.9823328381926144,-0.2044341522827901,False,-0.9052880872991425,-0.7552880872991424,0.0,0.7552880872991424,,,validation,,0.3319918692577574,0.7382844281072458,0.4062925588494884,-0.8178278663975544,0.0,0.8178278663975544,True,post_nasdaq
~asp_jupiter_sun_conj_orb1 & ~asp_mars_pluto_sextile_orb3 & asp_neptune_uranus_conj_orb5 & ~asp_saturn_venus_sextile_orb5,4,10,-0.34807147836675756,-0.1980714783667576,0.3122860212010135,0.5945054817284382,0.7445054817284382,1.1369459106265631,0.39244042889812486,0.5945054817284382,6,97,22,0.9822765317080027,-0.2044341522827901,False,-0.9052880872991425,-0.7552880872991424,0.0,0.7552880872991424,,,validation,,0.3920332268711378,0.7983257857206262,0.4062925588494884,-0.8178278663975544,0.0,0.8178278663975544,True,post_nasdaq
~asp_pluto_sun_trine_orb5 & asp_pluto_uranus_sextile_orb3 & ~asp_saturn_venus_trine_orb5 & ~mars_ingress_3d,4,10,-0.7081428199701928,-0.5581428199701928,-0.04778532040242162,0.5944137642133657,0.7444137642133657,1.1368541931114906,0.39244042889812486,0.5944137642133657,30,41,42,0.9821458362191648,-0.2044341522827901,False,-0.9052880872991425,-0.7552880872991424,0.0,0.7552880872991424,,,validation,,0.7000472806460754,1.1063398394955637,0.4062925588494884,-0.8178278663975544,0.0,0.8178278663975544,True,post_nasdaq
~asp_jupiter_sun_conj_orb5 & ~asp_mars_pluto_sextile_orb3 & asp_neptune_uranus_conj_orb5 & ~asp_pluto_sun_sextile_orb3,4,10,-0.34197904263744905,-0.19197904263744908,0.318378456930322,0.5941722859197577,0.7441722859197577,1.1366127148178826,0.39244042889812486,0.5941722859197577,6,118,20,0.9818017356178828,-0.2044341522827901,False,-0.9052880872991425,-0.7552880872991424,0.0,0.7552880872991424,,,validation,,0.41901739722821824,0.8253099560777066,0.4062925588494884,-0.8178278663975544,0.0,0.8178278663975544,True,post_nasdaq
~asp_mercury_moon_trine_orb1 & asp_neptune_uranus_conj_orb5 & ~asp_neptune_venus_conj_orb3 & ~asp_saturn_sun_sextile_orb5,4,10,-0.3687382951582098,-0.21873829515820975,0.29161920440956135,0.5940439032675252,0.7440439032675252,1.1364843321656501,0.39244042889812486,0.5940439032675252,8,130,25,0.981618793971158,-0.2044341522827901,False,-0.9052880872991425,-0.7552880872991424,0.0,0.7552880872991424,,,validation,,0.2436798038286307,0.6499723626781191,0.4062925588494884,-0.8178278663975544,0.0,0.8178278663975544,True,post_nasdaq
~asp_mars_pluto_sextile_orb3 & asp_neptune_uranus_conj_orb5 & ~asp_neptune_venus_conj_orb3 & ~asp_saturn_venus_conj_orb5,4,10,-0.31574966107473235,-0.16574966107473232,0.3446078384930388,0.5939494376374864,0.7439494376374864,1.1363898665356114,0.39244042889812486,0.5939494376374864,6,102,18,0.9814841833253753,-0.2044341522827901,False,-0.9052880872991425,-0.7552880872991424,0.0,0.7552880872991424,,,validation,,0.3331092526937643,0.7394018115432527,0.4062925588494884,-0.8178278663975544,0.0,0.8178278663975544,True,post_nasdaq
~asp_mars_moon_trine_orb3 & ~asp_mars_pluto_sextile_orb3 & asp_neptune_uranus_conj_orb5 & ~asp_neptune_venus_conj_orb3,4,10,-0.4092909015175932,-0.25929090151759315,0.25106659805017795,0.5935203307014966,0.7435203307014966,1.1359607595996215,0.39244042889812486,0.5935203307014966,11,87,55,0.9808727211874217,-0.2044341522827901,False,-0.9052880872991425,-0.7552880872991424,0.0,0.7552880872991424,,,validation,,0.3795380142222277,0.7858305730717161,0.4062925588494884,-0.8178278663975544,0.0,0.8178278663975544,True,post_nasdaq
~asp_mars_pluto_sextile_orb3 & ~asp_mars_pluto_square_orb3 & asp_neptune_uranus_conj_orb5 & ~asp_neptune_venus_conj_orb5,4,10,-0.38381372866567653,-0.23381372866567657,0.27654377090209453,0.5932742550669684,0.7432742550669684,1.1357146839650933,0.39244042889812486,0.5932742550669684,7,100,21,0.9805220737606843,-0.2044341522827901,False,-0.9052880872991425,-0.7552880872991424,0.0,0.7552880872991424,,,validation,,0.3728158749071519,0.7791084337566403,0.4062925588494884,-0.8178278663975544,0.0,0.8178278663975544,True,post_nasdaq
~asp_mars_pluto_sextile_orb3 & asp_neptune_uranus_conj_orb5 & ~asp_neptune_venus_conj_orb3 & ~mars_ingress_3d,4,10,-0.4497431743089958,-0.29974317430899583,0.21061432525877527,0.5931757735957187,0.7431757735957187,1.1356162024938437,0.39244042889812486,0.5931757735957187,10,58,45,0.98038174213595,-0.2044341522827901,False,-0.9052880872991425,-0.7552880872991424,0.0,0.7552880872991424,,,validation,,0.35822234116018686,0.7645149000096753,0.4062925588494884,-0.8178278663975544,0.0,0.8178278663975544,True,post_nasdaq
~asp_jupiter_sun_conj_orb5 & ~asp_mars_pluto_sextile_orb3 & asp_neptune_uranus_conj_orb5 & ~venus_sign_leo,4,10,-0.26466494445376454,-0.11466494445376457,0.39569255511400653,0.5931196220215841,0.7431196220215841,1.135560050919709,0.39244042889812486,0.5931196220215841,5,133,17,0.9803017287765983,-0.2044341522827901,False,-0.9052880872991425,-0.7552880872991424,0.0,0.7552880872991424,,,validation,,0.3234136073512924,0.7297061662007808,0.4062925588494884,-0.8178278663975544,0.0,0.8178278663975544,True,post_nasdaq
~asp_mars_pluto_sextile_orb3 & ~asp_moon_saturn_opp_orb3 & asp_neptune_uranus_conj_orb5 & ~asp_neptune_venus_conj_orb3,4,10,-0.36043984112377536,-0.21043984112377534,0.29991765844399576,0.5931121638652951,0.7431121638652951,1.13555259276342,0.39244042889812486,0.5931121638652951,9,77,31,0.9802911012583055,-0.2044341522827901,False,-0.9052880872991425,-0.7552880872991424,0.0,0.7552880872991424,,,validation,,0.37988268360984095,0.7861752424593293,0.4062925588494884,-0.8178278663975544,0.0,0.8178278663975544,True,post_nasdaq
asp_pluto_uranus_sextile_orb3 & ~asp_saturn_venus_trine_orb3 & ~mars_ingress_3d & ~mercury_sign_cancer,4,10,-0.6550500600144913,-0.5050500600144913,0.005307439553279867,0.5930969554259456,0.7430969554259457,1.1355373843240706,0.39244042889812486,0.5930969554259456,29,76,37,0.9802694299582912,-0.2044341522827901,False,-0.9052880872991425,-0.7552880872991424,0.0,0.7552880872991424,,,validation,,0.7141585638592316,1.12045112270872,0.4062925588494884,-0.8178278663975544,0.0,0.8178278663975544,True,post_nasdaq
~asp_jupiter_sun_conj_orb5 & asp_neptune_uranus_conj_orb5 & ~asp_saturn_sun_sextile_orb5 & ~asp_saturn_sun_trine_orb3,4,10,-0.35974196267678493,-0.2097419626767849,0.3006155368909862,0.5930810477171681,0.7430810477171681,1.135521476615293,0.39244042889812486,0.5930810477171681,6,86,26,0.9802467622375184,-0.2044341522827901,False,-0.9052880872991425,-0.7552880872991424,0.0,0.7552880872991424,,,validation,,0.38905687678252293,0.7953494356320113,0.4062925588494884,-0.8178278663975544,0.0,0.8178278663975544,True,post_nasdaq
~asp_mars_pluto_sextile_orb5 & ~asp_neptune_sun_trine_orb1 & asp_neptune_uranus_conj_orb5 & ~asp_neptune_venus_conj_orb5,4,10,-0.4298721071294638,-0.27987210712946375,0.23048539243830732,0.5930343361876113,0.7430343361876113,1.1354747650857362,0.39244042889812486,0.5930343361876113,6,61,22,0.9801802005803311,-0.2044341522827901,False,-0.9052880872991425,-0.7552880872991424,0.0,0.7552880872991424,,,validation,,0.2805413472554505,0.6868339061049389,0.4062925588494884,-0.8178278663975544,0.0,0.8178278663975544,True,post_nasdaq
~asp_mars_pluto_sextile_orb3 & asp_neptune_uranus_conj_orb5 & ~asp_neptune_venus_conj_orb3 & ~asp_neptune_venus_trine_orb1,4,10,-0.3485167506826303,-0.1985167506826303,0.3118407488851408,0.5929632476955652,0.7429632476955652,1.1354036765936901,0.39244042889812486,0.5929632476955652,6,102,19,0.9800789030185788,-0.2044341522827901,False,-0.9052880872991425,-0.7552880872991424,0.0,0.7552880872991424,,,validation,,0.33784213216303255,0.7441346910125209,0.4062925588494884,-0.8178278663975544,0.0,0.8178278663975544,True,post_nasdaq
~asp_mars_pluto_sextile_orb3 & asp_neptune_uranus_conj_orb5 & ~asp_neptune_venus_conj_orb5 & ~asp_saturn_venus_trine_orb1,4,10,-0.33138080038479545,-0.18138080038479548,0.3289766991829756,0.5929197554587625,0.7429197554587625,1.1353601843568875,0.39244042889812486,0.5929197554587625,6,91,21,0.9800169287948142,-0.2044341522827901,False,-0.9052880872991425,-0.7552880872991424,0.0,0.7552880872991424,,,validation,,0.33318583808027585,0.7394783969297642,0.4062925588494884,-0.8178278663975544,0.0,0.8178278663975544,True,post_nasdaq
~asp_mars_pluto_sextile_orb3 & asp_neptune_uranus_conj_orb5 & ~asp_saturn_venus_sextile_orb5 & ~asp_sun_uranus_square_orb5,4,10,-0.37082332227661474,-0.22082332227661472,0.2895341772911564,0.5928745383931268,0.7428745383931268,1.1353149672912517,0.39244042889812486,0.5928745383931268,8,59,28,0.9799524968165891,-0.2044341522827901,False,-0.9052880872991425,-0.7552880872991424,0.0,0.7552880872991424,,,validation,,0.429927618501083,0.8362201773505714,0.4062925588494884,-0.8178278663975544,0.0,0.8178278663975544,True,post_nasdaq
~asp_jupiter_mercury_conj_orb3 & ~asp_mars_pluto_sextile_orb3 & asp_neptune_uranus_conj_orb5 & ~asp_saturn_venus_sextile_orb5,4,10,-0.37856339652101545,-0.22856339652101543,0.2817941030467557,0.5928706933940516,0.7428706933940517,1.1353111222921766,0.39244042889812486,0.5928706933940516,6,95,25,0.9799470178937397,-0.2044341522827901,False,-0.9052880872991425,-0.7552880872991424,0.0,0.7552880872991424,,,validation,,0.4278540698378432,0.8341466286873316,0.4062925588494884,-0.8178278663975544,0.0,0.8178278663975544,True,post_nasdaq
~asp_neptune_sun_opp_orb3 & asp_neptune_uranus_conj_orb5 & ~asp_neptune_venus_conj_orb5 & ~asp_saturn_sun_sextile_orb5,4,10,-0.3739281499763004,-0.2239281499763004,0.2864293495914707,0.5928066027847033,0.7428066027847033,1.1352470316828283,0.39244042889812486,0.5928066027847033,6,102,22,0.9798556921651624,-0.2044341522827901,False,-0.9052880872991425,-0.7552880872991424,0.0,0.7552880872991424,,,validation,,0.3416138985490624,0.7479064573985508,0.4062925588494884,-0.8178278663975544,0.0,0.8178278663975544,True,post_nasdaq
asp_neptune_uranus_conj_orb5 & ~asp_neptune_venus_conj_orb3 & ~asp_saturn_sun_sextile_orb3 & ~asp_saturn_sun_trine_orb3,4,10,-0.3976205746095164,-0.24762057460951642,0.2627369249582547,0.5926644558587882,0.7426644558587883,1.1351048847569132,0.39244042889812486,0.5926644558587882,7,77,28,0.9796531405976683,-0.2044341522827901,False,-0.9052880872991425,-0.7552880872991424,0.0,0.7552880872991424,,,validation,,0.3643547507885528,0.7706473096380412,0.4062925588494884,-0.8178278663975544,0.0,0.8178278663975544,True,post_nasdaq
~asp_mercury_pluto_sextile_orb3 & asp_neptune_uranus_conj_orb5 & ~asp_neptune_venus_conj_orb3 & ~asp_uranus_venus_square_orb3,4,10,-0.33180376877450035,-0.18180376877450033,0.32855373079327077,0.5926030042737697,0.7426030042737697,1.1350434331718946,0.39244042889812486,0.5926030042737697,7,67,26,0.9795655755829851,-0.2044341522827901,False,-0.9052880872991425,-0.7552880872991424,0.0,0.7552880872991424,,,validation,,0.371505815329875,0.7777983741793634,0.4062925588494884,-0.8178278663975544,0.0,0.8178278663975544,True,post_nasdaq
~asp_mars_pluto_sextile_orb3 & asp_neptune_uranus_conj_orb5 & ~asp_neptune_venus_conj_orb5 & ~jupiter_ingress_1d,4,10,-0.3686498041388785,-0.21864980413887852,0.2917076954288926,0.5925358124476868,0.7425358124476868,1.1349762413458118,0.39244042889812486,0.5925358124476868,6,100,18,0.9794698311348253,-0.2044341522827901,False,-0.9052880872991425,-0.7552880872991424,0.0,0.7552880872991424,,,validation,,0.42361150057850055,0.829904059427989,0.4062925588494884,-0.8178278663975544,0.0,0.8178278663975544,True,post_nasdaq
~asp_mars_pluto_sextile_orb3 & asp_neptune_uranus_conj_orb5 & ~asp_neptune_venus_conj_orb5 & ~asp_saturn_venus_sextile_orb1,4,10,-0.3386810021562917,-0.1886810021562917,0.3216764974114794,0.5924016127457871,0.7424016127457871,1.134842041643912,0.39244042889812486,0.5924016127457871,7,99,21,0.9792786046185229,-0.2044341522827901,False,-0.9052880872991425,-0.7552880872991424,0.0,0.7552880872991424,,,validation,,0.36891156527290164,0.77520412412239,0.4062925588494884,-0.8178278663975544,0.0,0.8178278663975544,True,post_nasdaq
~asp_mercury_pluto_sextile_orb3 & asp_neptune_uranus_conj_orb5 & ~asp_saturn_sun_trine_orb3 & ~asp_saturn_venus_sextile_orb5,4,10,-0.3935763898037784,-0.24357638980377838,0.2667811097639927,0.5923672858196992,0.7423672858196992,1.1348077147178242,0.39244042889812486,0.5923672858196992,8,70,32,0.9792296908662201,-0.2044341522827901,False,-0.9052880872991425,-0.7552880872991424,0.0,0.7552880872991424,,,validation,,0.5545012740215614,0.9607938328710497,0.4062925588494884,-0.8178278663975544,0.0,0.8178278663975544,True,post_nasdaq
~asp_mars_pluto_sextile_orb3 & ~asp_neptune_sun_trine_orb3 & asp_neptune_uranus_conj_orb5 & ~asp_saturn_venus_sextile_orb5,4,10,-0.39438232193244405,-0.24438232193244402,0.2659751776353271,0.59216286573927,0.74216286573927,1.134603294637395,0.39244042889812486,0.59216286573927,8,58,29,0.9789384053330292,-0.2044341522827901,False,-0.9052880872991425,-0.7552880872991424,0.0,0.7552880872991424,,,validation,,0.42568602538909467,0.8319785842385831,0.4062925588494884,-0.8178278663975544,0.0,0.8178278663975544,True,post_nasdaq
~asp_mars_pluto_sextile_orb3 & ~asp_mercury_moon_trine_orb1 & asp_neptune_uranus_conj_orb5 & ~asp_pluto_sun_opp_orb5,4,10,-0.3665722737933409,-0.21657227379334093,0.29378522577443017,0.5918985131549525,0.7418985131549525,1.1343389420530774,0.39244042889812486,0.5918985131549525,7,100,21,0.9785617210160156,-0.2044341522827901,False,-0.9052880872991425,-0.7552880872991424,0.0,0.7552880872991424,,,validation,,0.33066777095572825,0.7369603298052166,0.4062925588494884,-0.8178278663975544,0.0,0.8178278663975544,True,post_nasdaq
~asp_mars_pluto_sextile_orb3 & ~asp_mars_sun_sextile_orb5 & asp_neptune_uranus_conj_orb5 & ~asp_neptune_venus_conj_orb3,4,10,-0.3713050237162182,-0.22130502371621824,0.28905247585155286,0.5917239458672156,0.7417239458672156,1.1341643747653405,0.39244042889812486,0.5917239458672156,5,93,16,0.9783129753349766,-0.2044341522827901,False,-0.9052880872991425,-0.7552880872991424,0.0,0.7552880872991424,,,validation,,0.31735823751722464,0.723650796366713,0.4062925588494884,-0.8178278663975544,0.0,0.8178278663975544,True,post_nasdaq
~asp_mars_pluto_sextile_orb3 & asp_neptune_uranus_conj_orb5 & ~asp_neptune_venus_conj_orb5 & ~asp_saturn_sun_trine_orb3,4,10,-0.36351707192082905,-0.21351707192082903,0.2968404276469421,0.5916243424033149,0.7416243424033149,1.1340647713014398,0.39244042889812486,0.5916243424033149,6,91,22,0.9781710479115964,-0.2044341522827901,False,-0.9052880872991425,-0.7552880872991424,0.0,0.7552880872991424,,,validation,,0.3839670643568364,0.7902596232063248,0.4062925588494884,-0.8178278663975544,0.0,0.8178278663975544,True,post_nasdaq
~asp_moon_saturn_trine_orb1 & asp_pluto_uranus_sextile_orb3 & ~mars_ingress_3d & ~mercury_sign_cancer,4,10,-0.6030926371722548,-0.4530926371722548,0.05726486239551631,0.5915505105457747,0.7415505105457747,1.1339909394438996,0.39244042889812486,0.5915505105457747,34,76,43,0.9780658432072682,-0.2044341522827901,False,-0.9052880872991425,-0.7552880872991424,0.0,0.7552880872991424,,,validation,,0.7001941092518207,1.106486668101309,0.4062925588494884,-0.8178278663975544,0.0,0.8178278663975544,True,post_nasdaq
~asp_mars_sun_square_orb3 & asp_pluto_uranus_sextile_orb3 & ~asp_saturn_venus_trine_orb5 & ~mars_ingress_5d,4,10,-0.675914794041015,-0.5259147940410149,-0.01555729447324388,0.5915380867952479,0.7415380867952479,1.1339785156933728,0.39244042889812486,0.5915380867952479,28,70,37,0.9780481403310404,-0.2044341522827901,False,-0.9052880872991425,-0.7552880872991424,0.0,0.7552880872991424,,,validation,,0.7198158084562822,1.1261083673057706,0.4062925588494884,-0.8178278663975544,0.0,0.8178278663975544,True,post_nasdaq
~asp_mars_pluto_sextile_orb3 & ~asp_mercury_moon_trine_orb1 & ~asp_neptune_sun_trine_orb1 & asp_neptune_uranus_conj_orb5,4,10,-0.4147369455436444,-0.26473694554364435,0.24562055402412677,0.5913948503496568,0.7413948503496568,1.1338352792477817,0.39244042889812486,0.5913948503496568,8,68,26,0.9778440397751207,-0.2044341522827901,False,-0.9052880872991425,-0.7552880872991424,0.0,0.7552880872991424,,,validation,,0.3436164350486744,0.7499089938981628,0.4062925588494884,-0.8178278663975544,0.0,0.8178278663975544,True,post_nasdaq
~asp_mars_pluto_sextile_orb3 & asp_neptune_uranus_conj_orb5 & ~asp_neptune_venus_conj_orb3 & ~asp_pluto_venus_opp_orb5,4,10,-0.35356585958285736,-0.20356585958285733,0.30679163998491377,0.5913585121201675,0.7413585121201676,1.1337989410182925,0.39244042889812486,0.5913585121201675,6,102,18,0.9777922607479894,-0.2044341522827901,False,-0.9052880872991425,-0.7552880872991424,0.0,0.7552880872991424,,,validation,,0.30643271884645223,0.7127252776959406,0.4062925588494884,-0.8178278663975544,0.0,0.8178278663975544,True,post_nasdaq
~asp_mars_pluto_sextile_orb3 & asp_neptune_uranus_conj_orb5 & ~asp_neptune_venus_conj_orb5 & ~asp_saturn_venus_conj_orb5,4,10,-0.3126974474225238,-0.16269744742252384,0.34766005214524726,0.590925358548774,0.7409253585487741,1.133365787446899,0.39244042889812486,0.590925358548774,6,100,18,0.9771750540375472,-0.2044341522827901,False,-0.9052880872991425,-0.7552880872991424,0.0,0.7552880872991424,,,validation,,0.34285276857121466,0.749145327420703,0.4062925588494884,-0.8178278663975544,0.0,0.8178278663975544,True,post_nasdaq
~asp_jupiter_sun_conj_orb3 & ~asp_mars_pluto_sextile_orb3 & asp_neptune_uranus_conj_orb5 & ~asp_sun_uranus_trine_orb5,4,10,-0.3235860229935206,-0.17358602299352055,0.33677147657425055,0.5908140654341084,0.7408140654341084,1.1332544943322334,0.39244042889812486,0.5908140654341084,6,94,21,0.9770164714745688,-0.2044341522827901,False,-0.9052880872991425,-0.7552880872991424,0.0,0.7552880872991424,,,validation,,0.35648625072132106,0.7627788095708095,0.4062925588494884,-0.8178278663975544,0.0,0.8178278663975544,True,post_nasdaq
~asp_moon_saturn_trine_orb1 & asp_pluto_uranus_sextile_orb3 & ~mars_ingress_3d & ~mercury_sign_aries,4,10,-0.6413968648634776,-0.49139686486347756,0.018960634704293523,0.5908102487607793,0.7408102487607793,1.1332506776589042,0.39244042889812486,0.5908102487607793,33,41,44,0.9770110330665605,-0.2044341522827901,False,-0.9052880872991425,-0.7552880872991424,0.0,0.7552880872991424,,,validation,,0.6297871656407958,1.0360797244902842,0.4062925588494884,-0.8178278663975544,0.0,0.8178278663975544,True,post_nasdaq
~asp_mars_sun_square_orb5 & asp_pluto_uranus_sextile_orb3 & ~asp_saturn_venus_trine_orb3 & ~asp_uranus_venus_sextile_orb5,4,10,-0.613330028219175,-0.463330028219175,0.047027471348596056,0.5907119154371411,0.7407119154371411,1.133152344335266,0.39244042889812486,0.5907119154371411,17,142,20,0.97687091723317,-0.2044341522827901,False,-0.9052880872991425,-0.7552880872991424,0.0,0.7552880872991424,,,validation,,0.530443050377881,0.9367356092273694,0.4062925588494884,-0.8178278663975544,0.0,0.8178278663975544,True,post_nasdaq
~asp_mars_pluto_sextile_orb3 & asp_neptune_uranus_conj_orb5 & ~asp_neptune_venus_conj_orb5 & ~mars_ingress_3d,4,10,-0.44668417160368523,-0.2966841716036852,0.21367332796408586,0.590649002916766,0.740649002916766,1.133089431814891,0.39244042889812486,0.590649002916766,10,56,45,0.9767812728455105,-0.2044341522827901,False,-0.9052880872991425,-0.7552880872991424,0.0,0.7552880872991424,,,validation,,0.3699733827448573,0.7762659415943457,0.4062925588494884,-0.8178278663975544,0.0,0.8178278663975544,True,post_nasdaq
~asp_jupiter_sun_conj_orb5 & ~asp_mars_pluto_sextile_orb3 & ~asp_moon_saturn_trine_orb1 & asp_neptune_uranus_conj_orb5,4,10,-0.3361557962927735,-0.18615579629277346,0.32420170327499764,0.5906063361738655,0.7406063361738655,1.1330467650719904,0.39244042889812486,0.5906063361738655,5,133,24,0.9767204768182709,-0.2044341522827901,False,-0.9052880872991425,-0.7552880872991424,0.0,0.7552880872991424,,,validation,,0.38326079785118855,0.789553356700677,0.4062925588494884,-0.8178278663975544,0.0,0.8178278663975544,True,post_nasdaq
asp_pluto_uranus_sextile_orb3 & ~asp_saturn_sun_square_orb5 & ~asp_saturn_venus_trine_orb5 & ~mars_ingress_3d,4,10,-0.760661368292781,-0.610661368292781,-0.10030386872500983,0.5905717804830334,0.7405717804830334,1.1330122093811583,0.39244042889812486,0.5905717804830334,31,76,41,0.9766712382901284,-0.2044341522827901,False,-0.9052880872991425,-0.7552880872991424,0.0,0.7552880872991424,,,validation,,0.6970220555017079,1.1033146143511963,0.4062925588494884,-0.8178278663975544,0.0,0.8178278663975544,True,post_nasdaq
~asp_mars_pluto_sextile_orb3 & asp_neptune_uranus_conj_orb5 & ~asp_saturn_sun_conj_orb3 & ~asp_saturn_venus_sextile_orb5,4,10,-0.34958726077555613,-0.19958726077555616,0.31077023879221494,0.5905148256403462,0.7405148256403462,1.1329552545384711,0.39244042889812486,0.5905148256403462,7,97,24,0.9765900831803063,-0.2044341522827901,False,-0.9052880872991425,-0.7552880872991424,0.0,0.7552880872991424,,,validation,,0.4309810820759283,0.8372736409254167,0.4062925588494884,-0.8178278663975544,0.0,0.8178278663975544,True,post_nasdaq
~asp_mars_pluto_sextile_orb3 & asp_neptune_uranus_conj_orb5 & ~asp_uranus_venus_square_orb3,3,7,-0.2524889936242403,-0.14748899362424034,0.36286850594353076,0.5904772881016214,0.6954772881016213,1.0879177169997463,0.39244042889812486,0.5904772881016214,5,92,19,0.9124353286220861,-0.2044341522827901,False,-0.8602880872991424,-0.7552880872991424,0.0,0.7552880872991424,,,validation,,0.3698199639204199,0.7761125227699083,0.4062925588494884,-0.8178278663975544,0.0,0.8178278663975544,True,post_nasdaq
~asp_jupiter_mercury_trine_orb3 & ~asp_mars_pluto_sextile_orb3 & asp_neptune_uranus_conj_orb5 & ~asp_neptune_venus_conj_orb3,4,10,-0.28856049039988474,-0.13856049039988472,0.3717970091678864,0.5904589960298748,0.7404589960298749,1.1328994249279998,0.39244042889812486,0.5904589960298748,7,97,24,0.9765105314777531,-0.2044341522827901,False,-0.9052880872991425,-0.7552880872991424,0.0,0.7552880872991424,,,validation,,0.34139600655348973,0.7476885654029781,0.4062925588494884,-0.8178278663975544,0.0,0.8178278663975544,True,post_nasdaq
asp_pluto_uranus_sextile_orb3 & ~asp_saturn_venus_trine_orb3 & ~mars_ingress_3d & ~sun_sign_cancer,4,10,-0.7230442406348183,-0.5730442406348183,-0.06268674106704723,0.5904476671638014,0.7404476671638014,1.1328880960619263,0.39244042889812486,0.5904476671638014,28,76,37,0.9764943889654518,-0.2044341522827901,False,-0.9052880872991425,-0.7552880872991424,0.0,0.7552880872991424,,,validation,,0.7093733876931776,1.115665946542666,0.4062925588494884,-0.8178278663975544,0.0,0.8178278663975544,True,post_nasdaq
~asp_mars_sun_square_orb5 & asp_pluto_uranus_sextile_orb3 & ~asp_saturn_venus_trine_orb5 & ~mercury_sign_cancer,4,10,-0.5727487517969763,-0.42274875179697624,0.08760874777079485,0.590301571389879,0.7403015713898791,1.132742000288004,0.39244042889812486,0.590301571389879,13,145,17,0.9762862171770827,-0.2044341522827901,False,-0.9052880872991425,-0.7552880872991424,0.0,0.7552880872991424,,,validation,,0.6106014825954427,1.016894041444931,0.4062925588494884,-0.8178278663975544,0.0,0.8178278663975544,True,post_nasdaq
~asp_mars_pluto_sextile_orb3 & ~asp_moon_saturn_opp_orb3 & asp_neptune_uranus_conj_orb5 & ~asp_neptune_venus_conj_orb5,4,10,-0.35746272380765,-0.20746272380765002,0.3028947757601211,0.5900639012508321,0.7400639012508321,1.132504330148957,0.39244042889812486,0.5900639012508321,9,77,31,0.9759475620069069,-0.2044341522827901,False,-0.9052880872991425,-0.7552880872991424,0.0,0.7552880872991424,,,validation,,0.3909277771023106,0.797220335951799,0.4062925588494884,-0.8178278663975544,0.0,0.8178278663975544,True,post_nasdaq
~asp_mars_pluto_sextile_orb3 & asp_neptune_uranus_conj_orb5 & ~asp_neptune_venus_conj_orb5 & ~asp_neptune_venus_trine_orb1,4,10,-0.34551634217633775,-0.19551634217633773,0.31484115739143337,0.5898788598438623,0.7398788598438624,1.1323192887419873,0.39244042889812486,0.5898788598438623,6,100,19,0.9756838980485851,-0.2044341522827901,False,-0.9052880872991425,-0.7552880872991424,0.0,0.7552880872991424,,,validation,,0.3476283314009932,0.7539208902504816,0.4062925588494884,-0.8178278663975544,0.0,0.8178278663975544,True,post_nasdaq
~asp_mercury_pluto_sextile_orb3 & asp_neptune_uranus_conj_orb5 & ~asp_neptune_venus_conj_orb5 & ~asp_uranus_venus_square_orb3,4,10,-0.3281600821611482,-0.17816008216114826,0.33219741740662284,0.5897534525648508,0.7397534525648508,1.1321938814629757,0.39244042889812486,0.5897534525648508,7,67,26,0.9755052066380099,-0.2044341522827901,False,-0.9052880872991425,-0.7552880872991424,0.0,0.7552880872991424,,,validation,,0.3816875723911885,0.7879801312406769,0.4062925588494884,-0.8178278663975544,0.0,0.8178278663975544,True,post_nasdaq
asp_neptune_uranus_conj_orb5 & ~asp_neptune_venus_conj_orb5 & ~asp_saturn_sun_sextile_orb3 & ~asp_saturn_sun_trine_orb3,4,10,-0.3941949351633879,-0.24419493516338786,0.26616256440438324,0.5895468837620793,0.7395468837620793,1.1319873126602042,0.39244042889812486,0.5895468837620793,7,77,28,0.9752108697541013,-0.2044341522827901,False,-0.9052880872991425,-0.7552880872991424,0.0,0.7552880872991424,,,validation,,0.37506121941957365,0.781353778269062,0.4062925588494884,-0.8178278663975544,0.0,0.8178278663975544,True,post_nasdaq
~asp_mars_pluto_sextile_orb1 & ~asp_mercury_pluto_sextile_orb3 & asp_neptune_uranus_conj_orb5 & ~asp_neptune_venus_conj_orb3,4,10,-0.3774312081119261,-0.22743120811192613,0.28292629145584497,0.5891474275549725,0.7391474275549725,1.1315878564530975,0.39244042889812486,0.5891474275549725,6,95,21,0.9746416927485646,-0.2044341522827901,False,-0.9052880872991425,-0.7552880872991424,0.0,0.7552880872991424,,,validation,,0.44627338492869634,0.8525659437781847,0.4062925588494884,-0.8178278663975544,0.0,0.8178278663975544,True,post_nasdaq
~asp_pluto_sun_trine_orb5 & asp_pluto_uranus_sextile_orb3 & ~asp_saturn_venus_trine_orb3 & ~mars_ingress_3d,4,10,-0.7199880989868759,-0.5699880989868759,-0.059630599419104764,0.5891154998651505,0.7391154998651506,1.1315559287632755,0.39244042889812486,0.5891154998651505,30,41,42,0.9745961997671795,-0.2044341522827901,False,-0.9052880872991425,-0.7552880872991424,0.0,0.7552880872991424,,,validation,,0.6889555145825772,1.0952480734320655,0.4062925588494884,-0.8178278663975544,0.0,0.8178278663975544,True,post_nasdaq
~asp_jupiter_moon_square_orb1 & ~asp_mars_pluto_sextile_orb3 & asp_neptune_uranus_conj_orb5 & ~asp_uranus_venus_square_orb3,4,10,-0.37365698447511875,-0.22365698447511873,0.2867005150926524,0.5890442695880044,0.7390442695880044,1.1314846984861293,0.39244042889812486,0.5890442695880044,8,92,31,0.9744947055649138,-0.2044341522827901,False,-0.9052880872991425,-0.7552880872991424,0.0,0.7552880872991424,,,validation,,0.43217783974361684,0.8384703985931052,0.4062925588494884,-0.8178278663975544,0.0,0.8178278663975544,True,post_nasdaq
~asp_mars_pluto_sextile_orb3 & ~asp_mars_sun_sextile_orb5 & asp_neptune_uranus_conj_orb5 & ~asp_neptune_venus_conj_orb5,4,10,-0.3682097799680978,-0.21820977996809782,0.2921477195996733,0.5887401627850944,0.7387401627850945,1.1311805916832194,0.39244042889812486,0.5887401627850944,5,91,16,0.9740613926513082,-0.2044341522827901,False,-0.9052880872991425,-0.7552880872991424,0.0,0.7552880872991424,,,validation,,0.3273735331786161,0.7336660920281045,0.4062925588494884,-0.8178278663975544,0.0,0.8178278663975544,True,post_nasdaq
asp_pluto_uranus_sextile_orb3 & ~asp_saturn_sun_square_orb5 & ~asp_saturn_venus_trine_orb3 & ~mars_ingress_3d,4,10,-0.7654785669502662,-0.6154785669502661,-0.10512106738249503,0.588677980450521,0.738677980450521,1.131118409348646,0.39244042889812486,0.588677980450521,31,76,41,0.97397279107615,-0.2044341522827901,False,-0.9052880872991425,-0.7552880872991424,0.0,0.7552880872991424,,,validation,,0.6930192718203119,1.0993118306698002,0.4062925588494884,-0.8178278663975544,0.0,0.8178278663975544,True,post_nasdaq
~asp_mars_sun_square_orb5 & asp_pluto_uranus_sextile_orb3 & ~asp_saturn_venus_trine_orb3 & ~mercury_sign_cancer,4,10,-0.5781381179611825,-0.4281381179611825,0.0822193816065886,0.5885060645844881,0.7385060645844881,1.130946493482613,0.39244042889812486,0.5885060645844881,13,145,17,0.9737278341684745,-0.2044341522827901,False,-0.9052880872991425,-0.7552880872991424,0.0,0.7552880872991424,,,validation,,0.60692700841314,1.0132195672626283,0.4062925588494884,-0.8178278663975544,0.0,0.8178278663975544,True,post_nasdaq
asp_neptune_uranus_conj_orb5 & ~asp_neptune_venus_conj_orb3 & ~asp_saturn_sun_sextile_orb3 & ~asp_uranus_venus_square_orb3,4,10,-0.33283778879698633,-0.18283778879698637,0.32751971077078473,0.5884978303563358,0.7384978303563359,1.1309382592544608,0.39244042889812486,0.5884978303563358,6,95,27,0.9737161015189388,-0.2044341522827901,False,-0.9052880872991425,-0.7552880872991424,0.0,0.7552880872991424,,,validation,,0.29466396515258014,0.7009565240020685,0.4062925588494884,-0.8178278663975544,0.0,0.8178278663975544,True,post_nasdaq
~asp_mars_pluto_sextile_orb3 & asp_neptune_uranus_conj_orb5 & ~asp_saturn_venus_sextile_orb5 & ~asp_saturn_venus_square_orb3,4,10,-0.35921323741856326,-0.20921323741856324,0.30114426214920786,0.5884821308340203,0.7384821308340204,1.1309225597321453,0.39244042889812486,0.5884821308340203,9,82,29,0.9736937318493142,-0.2044341522827901,False,-0.9052880872991425,-0.7552880872991424,0.0,0.7552880872991424,,,validation,,0.4404290999211718,0.8467216587706602,0.4062925588494884,-0.8178278663975544,0.0,0.8178278663975544,True,post_nasdaq
~asp_mars_pluto_sextile_orb3 & asp_neptune_uranus_conj_orb5 & ~asp_neptune_venus_conj_orb5 & ~asp_pluto_venus_opp_orb5,4,10,-0.35054386394972614,-0.20054386394972612,0.309813635618045,0.5884401341380047,0.7384401341380047,1.1308805630361296,0.39244042889812486,0.5884401341380047,6,100,18,0.9736338923313039,-0.2044341522827901,False,-0.9052880872991425,-0.7552880872991424,0.0,0.7552880872991424,,,validation,,0.3156267749540462,0.7219193338035346,0.4062925588494884,-0.8178278663975544,0.0,0.8178278663975544,True,post_nasdaq
~asp_mars_pluto_sextile_orb5 & asp_neptune_uranus_conj_orb5 & ~asp_pluto_sun_opp_orb5 & ~asp_saturn_venus_sextile_orb5,4,10,-0.3983244577191949,-0.24832445771919492,0.2620330418485762,0.5883761014435748,0.7383761014435748,1.1308165303416997,0.39244042889812486,0.5883761014435748,6,95,23,0.9735426546105859,-0.2044341522827901,False,-0.9052880872991425,-0.7552880872991424,0.0,0.7552880872991424,,,validation,,0.338519415823929,0.7448119746734174,0.4062925588494884,-0.8178278663975544,0.0,0.8178278663975544,True,post_nasdaq
~asp_mars_sun_sextile_orb5 & asp_neptune_uranus_conj_orb5 & ~asp_saturn_sun_sextile_orb5 & ~asp_saturn_venus_sextile_orb5,4,10,-0.37915054350661337,-0.22915054350661335,0.28120695606115775,0.5882029309462141,0.7382029309462141,1.130643359844339,0.39244042889812486,0.5882029309462141,7,84,25,0.9732959110328767,-0.2044341522827901,False,-0.9052880872991425,-0.7552880872991424,0.0,0.7552880872991424,,,validation,,0.3396630773551587,0.7459556362046471,0.4062925588494884,-0.8178278663975544,0.0,0.8178278663975544,True,post_nasdaq
asp_neptune_uranus_conj_orb5 & ~asp_neptune_venus_conj_orb3 & ~asp_saturn_sun_sextile_orb3 & ~asp_sun_uranus_trine_orb5,4,10,-0.3885844913649493,-0.23858449136494936,0.27177300820282174,0.5880658735986225,0.7380658735986225,1.1305063024967474,0.39244042889812486,0.5880658735986225,6,76,27,0.9731006240190652,-0.2044341522827901,False,-0.9052880872991425,-0.7552880872991424,0.0,0.7552880872991424,,,validation,,0.26660147896557024,0.6728940378150586,0.4062925588494884,-0.8178278663975544,0.0,0.8178278663975544,True,post_nasdaq
~asp_moon_saturn_trine_orb1 & asp_pluto_uranus_sextile_orb3 & ~mars_ingress_3d & ~sun_sign_aries,4,10,-0.5195472045249657,-0.3695472045249657,0.14081029504280537,0.5880152174004466,0.7380152174004466,1.1304556462985715,0.39244042889812486,0.5880152174004466,34,40,44,0.9730284463118244,-0.2044341522827901,False,-0.9052880872991425,-0.7552880872991424,0.0,0.7552880872991424,,,validation,,0.5819387295044314,0.9882312883539198,0.4062925588494884,-0.8178278663975544,0.0,0.8178278663975544,True,post_nasdaq
~asp_mars_pluto_sextile_orb3 & asp_neptune_uranus_conj_orb5 & ~asp_neptune_venus_conj_orb3 & ~asp_saturn_sun_sextile_orb5,4,10,-0.323915139485188,-0.17391513948518805,0.33644236008258305,0.5879665211766841,0.7379665211766842,1.130406950074809,0.39244042889812486,0.5879665211766841,6,102,21,0.9729590613294004,-0.2044341522827901,False,-0.9052880872991425,-0.7552880872991424,0.0,0.7552880872991424,,,validation,,0.2897902489552097,0.6960828078046981,0.4062925588494884,-0.8178278663975544,0.0,0.8178278663975544,True,post_nasdaq
~asp_mars_pluto_sextile_orb3 & ~asp_mercury_venus_conj_orb1 & asp_neptune_uranus_conj_orb5 & ~asp_neptune_venus_conj_orb3,4,10,-0.34121757656599183,-0.19121757656599186,0.31913992300177924,0.5879580592171024,0.7379580592171024,1.1303984881152274,0.39244042889812486,0.5879580592171024,7,76,21,0.9729470042817596,-0.2044341522827901,False,-0.9052880872991425,-0.7552880872991424,0.0,0.7552880872991424,,,validation,,0.36059672861968434,0.7668892874691727,0.4062925588494884,-0.8178278663975544,0.0,0.8178278663975544,True,post_nasdaq
asp_pluto_uranus_sextile_orb3 & ~asp_saturn_venus_trine_orb5 & ~asp_uranus_venus_sextile_orb5 & ~mercury_sign_cancer,4,10,-0.649300116882191,-0.499300116882191,0.011057382685580089,0.5878400339768214,0.7378400339768214,1.1302804628749463,0.39244042889812486,0.5878400339768214,16,95,20,0.9727788358198843,-0.2044341522827901,False,-0.9052880872991425,-0.7552880872991424,0.0,0.7552880872991424,,,validation,,0.6366801338923549,1.0429726927418432,0.4062925588494884,-0.8178278663975544,0.0,0.8178278663975544,True,post_nasdaq
~asp_jupiter_sun_conj_orb5 & ~asp_mars_pluto_sextile_orb3 & ~asp_moon_venus_conj_orb3 & asp_neptune_uranus_conj_orb5,4,10,-0.38366976641730743,-0.23366976641730747,0.27668773315046363,0.5877464971528125,0.7377464971528125,1.1301869260509374,0.39244042889812486,0.5877464971528125,9,102,35,0.972645559909789,-0.2044341522827901,False,-0.9052880872991425,-0.7552880872991424,0.0,0.7552880872991424,,,validation,,0.4287305981638421,0.8350231570133305,0.4062925588494884,-0.8178278663975544,0.0,0.8178278663975544,True,post_nasdaq
~asp_jupiter_sun_conj_orb5 & ~asp_mars_pluto_sextile_orb3 & ~asp_moon_venus_conj_orb5 & asp_neptune_uranus_conj_orb5,4,10,-0.413905289246872,-0.26390528924687195,0.24645221032089912,0.5877464971528125,0.7377464971528125,1.1301869260509374,0.39244042889812486,0.5877464971528125,9,102,52,0.972645559909789,-0.2044341522827901,False,-0.9052880872991425,-0.7552880872991424,0.0,0.7552880872991424,,,validation,,0.4287305981638421,0.8350231570133305,0.4062925588494884,-0.8178278663975544,0.0,0.8178278663975544,True,post_nasdaq
~asp_moon_saturn_trine_orb1 & ~asp_pluto_sun_trine_orb5 & asp_pluto_uranus_sextile_orb3 & ~mars_ingress_3d,4,10,-0.6608606923391375,-0.5108606923391374,-0.0005031927713663187,0.5877298910542595,0.7377298910542596,1.1301703199523845,0.39244042889812486,0.5877298910542595,35,40,49,0.9726218987338566,-0.2044341522827901,False,-0.9052880872991425,-0.7552880872991424,0.0,0.7552880872991424,,,validation,,0.6758014868750115,1.0820940457244999,0.4062925588494884,-0.8178278663975544,0.0,0.8178278663975544,True,post_nasdaq
~asp_mars_pluto_sextile_orb3 & ~asp_mercury_uranus_sextile_orb1 & asp_neptune_uranus_conj_orb5 & ~asp_neptune_venus_conj_orb3,4,10,-0.3744549747829451,-0.22445497478294513,0.285902524784826,0.5877211717928229,0.7377211717928229,1.1301616006909478,0.39244042889812486,0.5877211717928229,6,93,22,0.9726094751087127,-0.2044341522827901,False,-0.9052880872991425,-0.7552880872991424,0.0,0.7552880872991424,,,validation,,0.3512598853009105,0.7575524441503989,0.4062925588494884,-0.8178278663975544,0.0,0.8178278663975544,True,post_nasdaq
~asp_mars_pluto_sextile_orb3 & asp_neptune_uranus_conj_orb5 & ~asp_neptune_venus_conj_orb5 & ~asp_pluto_sun_square_orb5,4,10,-0.38198872195969524,-0.23198872195969528,0.2783687776080758,0.5876514499221855,0.7376514499221856,1.1300918788203105,0.39244042889812486,0.5876514499221855,6,91,20,0.9725101320700997,-0.2044341522827901,False,-0.9052880872991425,-0.7552880872991424,0.0,0.7552880872991424,,,validation,,0.4241717165688364,0.8304642754183248,0.4062925588494884,-0.8178278663975544,0.0,0.8178278663975544,True,post_nasdaq
~asp_mercury_pluto_sextile_orb3 & asp_neptune_uranus_conj_orb5 & ~asp_neptune_venus_conj_orb3 & ~asp_sun_uranus_trine_orb5,4,10,-0.36877782404010995,-0.21877782404010993,0.2915796755276612,0.5876131388732603,0.7376131388732603,1.1300535677713852,0.39244042889812486,0.5876131388732603,7,62,25,0.9724555447046543,-0.2044341522827901,False,-0.9052880872991425,-0.7552880872991424,0.0,0.7552880872991424,,,validation,,0.3622990781866184,0.7685916370361068,0.4062925588494884,-0.8178278663975544,0.0,0.8178278663975544,True,post_nasdaq
~asp_jupiter_mercury_trine_orb3 & ~asp_mars_pluto_sextile_orb3 & asp_neptune_uranus_conj_orb5 & ~asp_neptune_venus_conj_orb5,4,10,-0.2854274369104852,-0.1354274369104852,0.3749300626572859,0.5873614894624634,0.7373614894624634,1.1298019183605883,0.39244042889812486,0.5873614894624634,7,95,24,0.9720969836158275,-0.2044341522827901,False,-0.9052880872991425,-0.7552880872991424,0.0,0.7552880872991424,,,validation,,0.35130933150667626,0.7576018903561647,0.4062925588494884,-0.8178278663975544,0.0,0.8178278663975544,True,post_nasdaq
~asp_neptune_sun_opp_orb5 & asp_neptune_uranus_conj_orb5 & ~asp_neptune_venus_conj_orb3 & ~asp_saturn_sun_sextile_orb5,4,10,-0.39049850042631995,-0.24049850042631998,0.2698589991414511,0.5872760827494851,0.7372760827494851,1.12971651164761,0.39244042889812486,0.5872760827494851,6,102,22,0.9719752926724161,-0.2044341522827901,False,-0.9052880872991425,-0.7552880872991424,0.0,0.7552880872991424,,,validation,,0.27853985455381364,0.684832413403302,0.4062925588494884,-0.8178278663975544,0.0,0.8178278663975544,True,post_nasdaq
~asp_mars_pluto_sextile_orb5 & ~asp_mercury_moon_trine_orb1 & asp_neptune_uranus_conj_orb5 & ~asp_neptune_venus_conj_orb3,4,10,-0.40996063971153185,-0.2599606397115318,0.2503968598562393,0.5872335045980722,0.7372335045980722,1.1296739334961972,0.39244042889812486,0.5872335045980722,7,98,20,0.9719146256504669,-0.2044341522827901,False,-0.9052880872991425,-0.7552880872991424,0.0,0.7552880872991424,,,validation,,0.2926420143747747,0.6989345732242631,0.4062925588494884,-0.8178278663975544,0.0,0.8178278663975544,True,post_nasdaq
~asp_mars_pluto_sextile_orb3 & ~asp_moon_sun_conj_orb1 & asp_neptune_uranus_conj_orb5 & ~asp_neptune_venus_conj_orb3,4,10,-0.35731929075304036,-0.20731929075304034,0.30303820881473076,0.5869421800770916,0.7369421800770917,1.1293826089752166,0.39244042889812486,0.5869421800770916,5,102,20,0.9714995359711169,-0.2044341522827901,False,-0.9052880872991425,-0.7552880872991424,0.0,0.7552880872991424,,,validation,,0.34248142600875114,0.7487739848582395,0.4062925588494884,-0.8178278663975544,0.0,0.8178278663975544,True,post_nasdaq
~asp_jupiter_sun_conj_orb5 & ~asp_mars_pluto_sextile_orb3 & ~asp_mercury_moon_trine_orb1 & asp_neptune_uranus_conj_orb5,4,10,-0.3815738636492664,-0.23157386364926635,0.27878363591850475,0.5868231856925815,0.7368231856925815,1.1292636145907065,0.39244042889812486,0.5868231856925815,6,100,18,0.9713299889526825,-0.2044341522827901,False,-0.9052880872991425,-0.7552880872991424,0.0,0.7552880872991424,,,validation,,0.3536951274079346,0.759987686257423,0.4062925588494884,-0.8178278663975544,0.0,0.8178278663975544,True,post_nasdaq
~asp_mars_pluto_sextile_orb3 & asp_neptune_uranus_conj_orb5 & ~asp_neptune_venus_conj_orb3 & ~asp_saturn_venus_sextile_orb1,4,10,-0.3416622234801453,-0.19166222348014528,0.3186952760876258,0.5868086011756178,0.7368086011756179,1.1292490300737428,0.39244042889812486,0.5868086011756178,8,99,22,0.9713092084835502,-0.2044341522827901,False,-0.9052880872991425,-0.7552880872991424,0.0,0.7552880872991424,,,validation,,0.3533690882945047,0.7596616471439931,0.4062925588494884,-0.8178278663975544,0.0,0.8178278663975544,True,post_nasdaq
~asp_jupiter_moon_square_orb3 & ~asp_mars_sun_square_orb5 & asp_pluto_uranus_sextile_orb3 & ~asp_saturn_venus_trine_orb3,4,10,-0.6091737775053407,-0.4591737775053408,0.051183722062430326,0.5867968862700156,0.7367968862700156,1.1292373151681405,0.39244042889812486,0.5867968862700156,34,62,40,0.9712925167280677,-0.2044341522827901,False,-0.9052880872991425,-0.7552880872991424,0.0,0.7552880872991424,,,validation,,0.5298873869901868,0.9361799458396751,0.4062925588494884,-0.8178278663975544,0.0,0.8178278663975544,True,post_nasdaq
~asp_mars_pluto_sextile_orb3 & ~asp_moon_sun_conj_orb5 & asp_neptune_uranus_conj_orb5 & ~asp_neptune_venus_conj_orb3,4,10,-0.4325144653596784,-0.28251446535967845,0.22784303420809265,0.5866682428098627,0.7366682428098628,1.1291086717079877,0.39244042889812486,0.5866682428098627,9,70,43,0.9711092217688391,-0.2044341522827901,False,-0.9052880872991425,-0.7552880872991424,0.0,0.7552880872991424,,,validation,,0.3475293402171587,0.7538218990666471,0.4062925588494884,-0.8178278663975544,0.0,0.8178278663975544,True,post_nasdaq
~asp_mars_pluto_sextile_orb3 & asp_neptune_uranus_conj_orb5 & ~asp_saturn_venus_sextile_orb5 & ~asp_saturn_venus_trine_orb1,4,10,-0.3472946850637688,-0.1972946850637688,0.3130628145040023,0.58638188387202,0.73638188387202,1.1288223127701449,0.39244042889812486,0.58638188387202,7,70,27,0.9707012103347648,-0.2044341522827901,False,-0.9052880872991425,-0.7552880872991424,0.0,0.7552880872991424,,,validation,,0.40268635439688566,0.808978913246374,0.4062925588494884,-0.8178278663975544,0.0,0.8178278663975544,True,post_nasdaq
~asp_mars_sun_square_orb5 & asp_pluto_uranus_sextile_orb3 & ~asp_saturn_venus_trine_orb5 & ~asp_uranus_venus_sextile_orb5,4,10,-0.6021305709763036,-0.45213057097630366,0.05822692859146746,0.5863805929152058,0.7363805929152059,1.1288210218133308,0.39244042889812486,0.5863805929152058,17,142,20,0.9706993709505245,-0.2044341522827901,False,-0.9052880872991425,-0.7552880872991424,0.0,0.7552880872991424,,,validation,,0.5201643051368907,0.926456863986379,0.4062925588494884,-0.8178278663975544,0.0,0.8178278663975544,True,post_nasdaq
~asp_mars_pluto_sextile_orb3 & asp_neptune_uranus_conj_orb5 & ~asp_saturn_venus_sextile_orb5 & ~jupiter_ingress_1d,4,10,-0.3853446110984179,-0.23534461109841792,0.2750128884693532,0.586188962107059,0.736188962107059,1.128629391005184,0.39244042889812486,0.586188962107059,7,97,24,0.9704263314302455,-0.2044341522827901,False,-0.9052880872991425,-0.7552880872991424,0.0,0.7552880872991424,,,validation,,0.4914152874603864,0.8977078463098748,0.4062925588494884,-0.8178278663975544,0.0,0.8178278663975544,True,post_nasdaq
~asp_mars_pluto_sextile_orb1 & ~asp_mercury_pluto_sextile_orb3 & asp_neptune_uranus_conj_orb5 & ~asp_neptune_venus_conj_orb5,4,10,-0.3740384593044298,-0.22403845930442978,0.2863190402633413,0.5861621704582479,0.7361621704582479,1.1286025993563729,0.39244042889812486,0.5861621704582479,6,93,21,0.9703881581938147,-0.2044341522827901,False,-0.9052880872991425,-0.7552880872991424,0.0,0.7552880872991424,,,validation,,0.4587662276745756,0.865058786524064,0.4062925588494884,-0.8178278663975544,0.0,0.8178278663975544,True,post_nasdaq
~asp_mars_pluto_sextile_orb3 & ~asp_neptune_sun_trine_orb1 & asp_neptune_uranus_conj_orb5 & ~venus_sign_libra,4,10,-0.34457215427477283,-0.19457215427477287,0.31578534529299823,0.5861618927241764,0.7361618927241764,1.1286023216223013,0.39244042889812486,0.5861618927241764,5,93,21,0.9703877624732484,-0.2044341522827901,False,-0.9052880872991425,-0.7552880872991424,0.0,0.7552880872991424,,,validation,,0.5169509483689192,0.9232435072184076,0.4062925588494884,-0.8178278663975544,0.0,0.8178278663975544,True,post_nasdaq
asp_pluto_uranus_sextile_orb3 & ~asp_saturn_venus_trine_orb3 & ~asp_uranus_venus_sextile_orb5 & ~mercury_sign_cancer,4,10,-0.6545788079903333,-0.5045788079903333,0.005778691577437866,0.5860544383583132,0.7360544383583132,1.128494867256438,0.39244042889812486,0.5860544383583132,16,95,20,0.9702346596460121,-0.2044341522827901,False,-0.9052880872991425,-0.7552880872991424,0.0,0.7552880872991424,,,validation,,0.6330388958007005,1.0393314546501888,0.4062925588494884,-0.8178278663975544,0.0,0.8178278663975544,True,post_nasdaq
~asp_mars_sun_square_orb3 & asp_pluto_uranus_sextile_orb3 & ~asp_saturn_venus_trine_orb3 & ~mars_ingress_5d,4,10,-0.6879305812773941,-0.5379305812773941,-0.02757308170962299,0.5860475784757005,0.7360475784757006,1.1284880073738255,0.39244042889812486,0.5860475784757005,28,70,37,0.9702248855749145,-0.2044341522827901,False,-0.9052880872991425,-0.7552880872991424,0.0,0.7552880872991424,,,validation,,0.708272102778047,1.1145646616275353,0.4062925588494884,-0.8178278663975544,0.0,0.8178278663975544,True,post_nasdaq
~asp_jupiter_sun_conj_orb5 & ~asp_mars_pluto_sextile_orb3 & asp_neptune_uranus_conj_orb5 & ~asp_sun_uranus_conj_orb3,4,10,-0.33122460302856904,-0.18122460302856902,0.3291328965392021,0.5860196142238895,0.7360196142238895,1.1284600431220144,0.39244042889812486,0.5860196142238895,5,120,17,0.970185041668459,-0.2044341522827901,False,-0.9052880872991425,-0.7552880872991424,0.0,0.7552880872991424,,,validation,,0.38235000037274475,0.7886425592222331,0.4062925588494884,-0.8178278663975544,0.0,0.8178278663975544,True,post_nasdaq
~asp_jupiter_mercury_opp_orb5 & ~asp_mars_pluto_sextile_orb3 & asp_neptune_uranus_conj_orb5 & ~asp_saturn_venus_sextile_orb5,4,10,-0.3734485754460364,-0.2234485754460364,0.2869089241217347,0.586008879103206,0.736008879103206,1.128449308001331,0.39244042889812486,0.586008879103206,7,97,24,0.9701697461034138,-0.2044341522827901,False,-0.9052880872991425,-0.7552880872991424,0.0,0.7552880872991424,,,validation,,0.3148582629797872,0.7211508218292756,0.4062925588494884,-0.8178278663975544,0.0,0.8178278663975544,True,post_nasdaq
~asp_neptune_sun_opp_orb3 & asp_neptune_uranus_conj_orb5 & ~asp_saturn_sun_sextile_orb5 & ~asp_saturn_venus_sextile_orb5,4,10,-0.3834274973915882,-0.2334274973915882,0.2769300021761829,0.5859713887146453,0.7359713887146453,1.1284118176127702,0.39244042889812486,0.5859713887146453,7,99,27,0.9701163292386228,-0.2044341522827901,False,-0.9052880872991425,-0.7552880872991424,0.0,0.7552880872991424,,,validation,,0.41019283785379185,0.8164853967032802,0.4062925588494884,-0.8178278663975544,0.0,0.8178278663975544,True,post_nasdaq
~asp_mars_pluto_sextile_orb5 & ~asp_neptune_sun_trine_orb1 & asp_neptune_uranus_conj_orb5 & ~asp_saturn_venus_sextile_orb5,4,10,-0.448134429899122,-0.298134429899122,0.21222306966864912,0.5858261664928895,0.7358261664928896,1.1282665953910145,0.39244042889812486,0.5858261664928895,7,59,28,0.9699094147063565,-0.2044341522827901,False,-0.9052880872991425,-0.7552880872991424,0.0,0.7552880872991424,,,validation,,0.35208204072269406,0.7583745995721825,0.4062925588494884,-0.8178278663975544,0.0,0.8178278663975544,True,post_nasdaq
~asp_mars_pluto_sextile_orb3 & ~asp_mars_pluto_square_orb3 & asp_neptune_uranus_conj_orb5 & ~asp_saturn_venus_sextile_orb5,4,10,-0.39917959390767066,-0.2491795939076707,0.2611779056601004,0.5857825299426808,0.7357825299426808,1.1282229588408057,0.39244042889812486,0.5857825299426808,8,97,26,0.9698472408547687,-0.2044341522827901,False,-0.9052880872991425,-0.7552880872991424,0.0,0.7552880872991424,,,validation,,0.44282141377499123,0.8491139726244796,0.4062925588494884,-0.8178278663975544,0.0,0.8178278663975544,True,post_nasdaq
asp_neptune_uranus_conj_orb5 & ~asp_neptune_venus_conj_orb5 & ~asp_saturn_sun_sextile_orb3 & ~asp_uranus_venus_square_orb3,4,10,-0.329136843643826,-0.17913684364382598,0.3312206559239451,0.5853891694563121,0.7353891694563122,1.127829598354437,0.39244042889812486,0.5853891694563121,6,95,27,0.969286778026391,-0.2044341522827901,False,-0.9052880872991425,-0.7552880872991424,0.0,0.7552880872991424,,,validation,,0.3027428107901647,0.7090353696396531,0.4062925588494884,-0.8178278663975544,0.0,0.8178278663975544,True,post_nasdaq
~asp_mars_sun_square_orb5 & ~asp_mercury_uranus_square_orb5 & asp_pluto_uranus_sextile_orb3 & ~asp_uranus_venus_sextile_orb5,4,10,-0.6407498087831144,-0.49074980878311436,0.01960769078465676,0.5853202957037124,0.7353202957037124,1.1277607246018373,0.39244042889812486,0.5853202957037124,17,136,21,0.9691886465183062,-0.2044341522827901,False,-0.9052880872991425,-0.7552880872991424,0.0,0.7552880872991424,,,validation,,0.5385799989291051,0.9448725577785935,0.4062925588494884,-0.8178278663975544,0.0,0.8178278663975544,True,post_nasdaq
~asp_mars_pluto_sextile_orb3 & asp_neptune_uranus_conj_orb5 & ~asp_pluto_sun_sextile_orb3 & ~asp_uranus_venus_square_orb3,4,10,-0.2777488951525581,-0.12774889515255805,0.38260860441521305,0.5852745419980027,0.7352745419980027,1.1277149708961276,0.39244042889812486,0.5852745419980027,7,77,27,0.9691234565656908,-0.2044341522827901,False,-0.9052880872991425,-0.7552880872991424,0.0,0.7552880872991424,,,validation,,0.42055365672513195,0.8268462155746203,0.4062925588494884,-0.8178278663975544,0.0,0.8178278663975544,True,post_nasdaq
~asp_mars_pluto_sextile_orb3 & asp_neptune_uranus_conj_orb5 & ~asp_saturn_sun_trine_orb3 & ~asp_saturn_venus_sextile_orb5,4,10,-0.3801743755260103,-0.23017437552601028,0.2801831240417608,0.5852604080228744,0.7352604080228744,1.1277008369209993,0.39244042889812486,0.5852604080228744,7,76,28,0.9691033184636022,-0.2044341522827901,False,-0.9052880872991425,-0.7552880872991424,0.0,0.7552880872991424,,,validation,,0.4529174530435603,0.8592100118930487,0.4062925588494884,-0.8178278663975544,0.0,0.8178278663975544,True,post_nasdaq
~asp_mars_pluto_sextile_orb3 & asp_neptune_uranus_conj_orb5 & ~asp_neptune_venus_conj_orb5 & ~asp_saturn_sun_sextile_orb5,4,10,-0.3241297791339429,-0.17412977913394295,0.33622772043382815,0.5852128270441338,0.7352128270441338,1.1276532559422587,0.39244042889812486,0.5852128270441338,6,100,21,0.9690355250651015,-0.2044341522827901,False,-0.9052880872991425,-0.7552880872991424,0.0,0.7552880872991424,,,validation,,0.29878398312921556,0.705076541978704,0.4062925588494884,-0.8178278663975544,0.0,0.8178278663975544,True,post_nasdaq
asp_pluto_uranus_sextile_orb3 & ~asp_saturn_venus_trine_orb5 & ~mars_ingress_3d & ~sun_sign_aries,4,10,-0.5326965217953634,-0.3826965217953634,0.12766097777240767,0.5851600412787238,0.7351600412787238,1.1276004701768487,0.39244042889812486,0.5851600412787238,29,41,38,0.968960315935304,-0.2044341522827901,False,-0.9052880872991425,-0.7552880872991424,0.0,0.7552880872991424,,,validation,,0.585236431917175,0.9915289907666633,0.4062925588494884,-0.8178278663975544,0.0,0.8178278663975544,True,post_nasdaq
asp_neptune_uranus_conj_orb5 & ~asp_neptune_venus_conj_orb5 & ~asp_saturn_sun_sextile_orb3 & ~asp_sun_uranus_trine_orb5,4,10,-0.38507338308684147,-0.2350733830868415,0.2752841164809296,0.5851423815032594,0.7351423815032594,1.1275828104013843,0.39244042889812486,0.5851423815032594,6,76,27,0.9689351543088043,-0.2044341522827901,False,-0.9052880872991425,-0.7552880872991424,0.0,0.7552880872991424,,,validation,,0.27397303932897826,0.6802655981784667,0.4062925588494884,-0.8178278663975544,0.0,0.8178278663975544,True,post_nasdaq
~asp_jupiter_sun_sextile_orb5 & ~asp_mercury_uranus_square_orb5 & asp_pluto_uranus_sextile_orb3 & ~mars_ingress_3d,4,10,-0.6819420579428639,-0.5319420579428639,-0.02158455837509274,0.5850665037477564,0.7350665037477564,1.1275069326458813,0.39244042889812486,0.5850665037477564,32,48,41,0.9688270438437281,-0.2044341522827901,False,-0.9052880872991425,-0.7552880872991424,0.0,0.7552880872991424,,,validation,,0.743811550021513,1.1501041088710013,0.4062925588494884,-0.8178278663975544,0.0,0.8178278663975544,True,post_nasdaq
~asp_jupiter_sun_sextile_orb5 & ~asp_mercury_sun_conj_orb3 & ~asp_moon_saturn_trine_orb1 & asp_pluto_uranus_sextile_orb3,4,10,-0.7143624368378678,-0.5643624368378678,-0.05400493727009666,0.5850565530305424,0.7350565530305424,1.1274969819286673,0.39244042889812486,0.5850565530305424,31,46,42,0.968812866091161,-0.2044341522827901,False,-0.9052880872991425,-0.7552880872991424,0.0,0.7552880872991424,,,validation,,0.6937673287760875,1.1000598876255758,0.4062925588494884,-0.8178278663975544,0.0,0.8178278663975544,True,post_nasdaq
~asp_mars_neptune_sextile_orb3 & ~asp_mars_pluto_sextile_orb3 & asp_neptune_uranus_conj_orb5 & ~asp_neptune_venus_conj_orb3,4,10,-0.3749346093463014,-0.22493460934630144,0.28542289022146966,0.5849963536699362,0.7349963536699362,1.1274367825680611,0.39244042889812486,0.5849963536699362,6,93,18,0.968727094260142,-0.2044341522827901,False,-0.9052880872991425,-0.7552880872991424,0.0,0.7552880872991424,,,validation,,0.3632558416441692,0.7695484004936576,0.4062925588494884,-0.8178278663975544,0.0,0.8178278663975544,True,post_nasdaq
~asp_mars_pluto_sextile_orb3 & ~asp_neptune_sun_square_orb3 & asp_neptune_uranus_conj_orb5 & ~asp_neptune_venus_conj_orb3,4,10,-0.3700649695281304,-0.22006496952813043,0.2902925300396407,0.5849727182127665,0.7349727182127666,1.1274131471108915,0.39244042889812486,0.5849727182127665,7,59,24,0.9686934185653939,-0.2044341522827901,False,-0.9052880872991425,-0.7552880872991424,0.0,0.7552880872991424,,,validation,,0.3505097065396922,0.7568022653891806,0.4062925588494884,-0.8178278663975544,0.0,0.8178278663975544,True,post_nasdaq
~asp_jupiter_sun_conj_orb3 & ~asp_mars_pluto_sextile_orb3 & asp_neptune_uranus_conj_orb5 & ~asp_pluto_sun_opp_orb5,4,10,-0.31044199401582306,-0.1604419940158231,0.349915505551948,0.5849235523786308,0.7349235523786308,1.1273639812767557,0.39244042889812486,0.5849235523786308,5,102,17,0.9686233673369677,-0.2044341522827901,False,-0.9052880872991425,-0.7552880872991424,0.0,0.7552880872991424,,,validation,,0.29725061671497705,0.7035431755644654,0.4062925588494884,-0.8178278663975544,0.0,0.8178278663975544,True,post_nasdaq
~asp_mercury_pluto_sextile_orb3 & asp_neptune_uranus_conj_orb5 & ~asp_neptune_venus_conj_orb5 & ~asp_sun_uranus_trine_orb5,4,10,-0.3652605299501527,-0.2152605299501527,0.2950969696176184,0.5849113585924356,0.7349113585924356,1.1273517874905605,0.39244042889812486,0.5849113585924356,7,62,25,0.9686059937001008,-0.2044341522827901,False,-0.9052880872991425,-0.7552880872991424,0.0,0.7552880872991424,,,validation,,0.3720610943753892,0.7783536532248776,0.4062925588494884,-0.8178278663975544,0.0,0.8178278663975544,True,post_nasdaq
~asp_jupiter_mercury_trine_orb1 & ~asp_mars_pluto_sextile_orb3 & asp_neptune_uranus_conj_orb5 & ~asp_neptune_venus_conj_orb3,4,10,-0.3077879253208313,-0.15778792532083136,0.35256957424693974,0.5849037121486308,0.7349037121486308,1.1273441410467557,0.39244042889812486,0.5849037121486308,7,97,23,0.9685950990921353,-0.2044341522827901,False,-0.9052880872991425,-0.7552880872991424,0.0,0.7552880872991424,,,validation,,0.3383672176666845,0.7446597765161729,0.4062925588494884,-0.8178278663975544,0.0,0.8178278663975544,True,post_nasdaq
~asp_mars_sun_square_orb5 & asp_pluto_uranus_sextile_orb3 & ~asp_saturn_venus_trine_orb5 & ~sun_sign_cancer,4,10,-0.619649497636099,-0.469649497636099,0.04070800193167214,0.5848999489191035,0.7348999489191035,1.1273403778172284,0.39244042889812486,0.5848999489191035,13,138,18,0.9685897372653469,-0.2044341522827901,False,-0.9052880872991425,-0.7552880872991424,0.0,0.7552880872991424,,,validation,,0.5993321901801227,1.005624749029611,0.4062925588494884,-0.8178278663975544,0.0,0.8178278663975544,True,post_nasdaq
~asp_mercury_uranus_square_orb5 & asp_pluto_uranus_sextile_orb3 & ~mars_ingress_5d & ~mercury_sign_aries,4,10,-0.7252312045173571,-0.5752312045173571,-0.06487370494958597,0.5848932955610632,0.7348932955610632,1.1273337244591881,0.39244042889812486,0.5848932955610632,30,41,38,0.9685802576015088,-0.2044341522827901,False,-0.9052880872991425,-0.7552880872991424,0.0,0.7552880872991424,,,validation,,0.6800886092883303,1.0863811681378186,0.4062925588494884,-0.8178278663975544,0.0,0.8178278663975544,True,post_nasdaq
~asp_mars_pluto_sextile_orb3 & ~asp_mercury_venus_conj_orb1 & asp_neptune_uranus_conj_orb5 & ~asp_neptune_venus_conj_orb5,4,10,-0.3363179354318744,-0.18631793543187442,0.3240395641358967,0.5848167882425633,0.7348167882425634,1.1272572171406883,0.39244042889812486,0.5848167882425633,7,74,20,0.9684712505032456,-0.2044341522827901,False,-0.9052880872991425,-0.7552880872991424,0.0,0.7552880872991424,,,validation,,0.3711351210564346,0.777427679905923,0.4062925588494884,-0.8178278663975544,0.0,0.8178278663975544,True,post_nasdaq
~asp_mars_pluto_sextile_orb3 & ~asp_mercury_neptune_sextile_orb3 & asp_neptune_uranus_conj_orb5 & ~asp_neptune_venus_conj_orb3,4,10,-0.4465027620224086,-0.2965027620224086,0.2138547375453625,0.5847257962605285,0.7347257962605285,1.1271662251586534,0.39244042889812486,0.5847257962605285,7,83,27,0.9683416059030396,-0.2044341522827901,False,-0.9052880872991425,-0.7552880872991424,0.0,0.7552880872991424,,,validation,,0.38839471885003635,0.7946872776995247,0.4062925588494884,-0.8178278663975544,0.0,0.8178278663975544,True,post_nasdaq
~asp_jupiter_mercury_conj_orb3 & ~asp_mars_pluto_sextile_orb3 & asp_neptune_uranus_conj_orb5 & ~asp_neptune_venus_conj_orb3,4,10,-0.3649431421835754,-0.21494314218357535,0.29541435738419575,0.5847210306262952,0.7347210306262952,1.1271614595244202,0.39244042889812486,0.5847210306262952,6,95,20,0.9683348158724017,-0.2044341522827901,False,-0.9052880872991425,-0.7552880872991424,0.0,0.7552880872991424,,,validation,,0.34618094318992215,0.7524735020394105,0.4062925588494884,-0.8178278663975544,0.0,0.8178278663975544,True,post_nasdaq
~asp_mars_pluto_sextile_orb3 & asp_neptune_uranus_conj_orb5 & ~asp_saturn_sun_square_orb5 & ~asp_uranus_venus_square_orb3,4,10,-0.28716215115359245,-0.13716215115359248,0.3731953484141786,0.5846541893074474,0.7346541893074474,1.1270946182055723,0.39244042889812486,0.5846541893074474,7,92,28,0.9682395810387068,-0.2044341522827901,False,-0.9052880872991425,-0.7552880872991424,0.0,0.7552880872991424,,,validation,,0.4367021358165742,0.8429946946660626,0.4062925588494884,-0.8178278663975544,0.0,0.8178278663975544,True,post_nasdaq
~asp_mars_pluto_sextile_orb3 & ~asp_mercury_uranus_sextile_orb1 & asp_neptune_uranus_conj_orb5 & ~asp_neptune_venus_conj_orb5,4,10,-0.3714925254577335,-0.22149252545773346,0.28886497411003764,0.5845744522950734,0.7345744522950735,1.1270148811931984,0.39244042889812486,0.5845744522950734,6,91,22,0.9681259726638822,-0.2044341522827901,False,-0.9052880872991425,-0.7552880872991424,0.0,0.7552880872991424,,,validation,,0.3613507383292072,0.7676432971786956,0.4062925588494884,-0.8178278663975544,0.0,0.8178278663975544,True,post_nasdaq
~asp_mars_pluto_sextile_orb3 & asp_neptune_uranus_conj_orb5 & ~asp_saturn_venus_conj_orb5 & ~asp_saturn_venus_sextile_orb5,4,10,-0.3282295742248035,-0.17822957422480346,0.33212792534296764,0.5845358628308223,0.7345358628308223,1.1269762917289472,0.39244042889812486,0.5845358628308223,7,97,24,0.9680709908845329,-0.2044341522827901,False,-0.9052880872991425,-0.7552880872991424,0.0,0.7552880872991424,,,validation,,0.41164948457504486,0.8179420434245332,0.4062925588494884,-0.8178278663975544,0.0,0.8178278663975544,True,post_nasdaq
~asp_neptune_sun_opp_orb5 & asp_neptune_uranus_conj_orb5 & ~asp_neptune_venus_conj_orb5 & ~asp_saturn_sun_sextile_orb5,4,10,-0.39031597314248734,-0.24031597314248732,0.2700415264252838,0.5845139289667297,0.7345139289667297,1.1269543578648547,0.39244042889812486,0.5845139289667297,6,100,22,0.9680397398058516,-0.2044341522827901,False,-0.9052880872991425,-0.7552880872991424,0.0,0.7552880872991424,,,validation,,0.2873107478564188,0.6936033067059072,0.4062925588494884,-0.8178278663975544,0.0,0.8178278663975544,True,post_nasdaq
~asp_mars_sun_square_orb5 & asp_pluto_uranus_sextile_orb3 & ~asp_saturn_venus_trine_orb3 & ~venus_sign_aries,4,10,-0.49815071846092507,-0.34815071846092505,0.16220678110684603,0.5844384409113469,0.7344384409113469,1.1268788698094718,0.39244042889812486,0.5844384409113469,13,129,17,0.9679321854962959,-0.2044341522827901,False,-0.9052880872991425,-0.7552880872991424,0.0,0.7552880872991424,,,validation,,0.4962024959557793,0.9024950548052677,0.4062925588494884,-0.8178278663975544,0.0,0.8178278663975544,True,post_nasdaq
~asp_jupiter_sun_conj_orb3 & ~asp_mars_pluto_sextile_orb3 & asp_neptune_uranus_conj_orb5 & ~venus_sign_taurus,4,10,-0.3449082268818924,-0.19490822688189235,0.31544927268587875,0.5843297972102574,0.7343297972102574,1.1267702261083823,0.39244042889812486,0.5843297972102574,5,102,17,0.9677773916856705,-0.2044341522827901,False,-0.9052880872991425,-0.7552880872991424,0.0,0.7552880872991424,,,validation,,0.2794772690914636,0.685769827940952,0.4062925588494884,-0.8178278663975544,0.0,0.8178278663975544,True,post_nasdaq
~asp_mars_pluto_sextile_orb3 & asp_neptune_uranus_conj_orb5,2,4,-0.2266809661230312,-0.1866809661230312,0.3236765334447399,0.584195412748514,0.6241954127485141,1.016635841646639,0.39244042889812486,0.584195412748514,3,133,8,0.810972436233824,-0.2044341522827901,False,-0.7952880872991425,-0.7552880872991424,0.0,0.7552880872991424,,,validation,,0.3119782135664175,0.7182707724159059,0.4062925588494884,-0.8178278663975544,0.0,0.8178278663975544,True,post_nasdaq
~asp_mars_pluto_sextile_orb3 & asp_neptune_uranus_conj_orb5 & ~asp_uranus_venus_square_orb3 & ~venus_sign_leo,4,10,-0.20421672997238935,-0.054216729972389355,0.45614076959538175,0.5841379739819698,0.7341379739819698,1.1265784028800947,0.39244042889812486,0.5841379739819698,6,92,25,0.9675040855664965,-0.2044341522827901,False,-0.9052880872991425,-0.7552880872991424,0.0,0.7552880872991424,,,validation,,0.32760545551488035,0.7338980143643687,0.4062925588494884,-0.8178278663975544,0.0,0.8178278663975544,True,post_nasdaq
~asp_jupiter_sun_sextile_orb5 & ~asp_moon_saturn_trine_orb1 & asp_pluto_uranus_sextile_orb3 & ~mars_ingress_5d,4,10,-0.5954256894534491,-0.44542568945344907,0.06493181011432202,0.5841132894475133,0.7341132894475133,1.1265537183456382,0.39244042889812486,0.5841132894475133,34,72,45,0.9674689155585225,-0.2044341522827901,False,-0.9052880872991425,-0.7552880872991424,0.0,0.7552880872991424,,,validation,,0.7911459001463568,1.1974384589958451,0.4062925588494884,-0.8178278663975544,0.0,0.8178278663975544,True,post_nasdaq
~asp_mars_pluto_sextile_orb3 & asp_neptune_uranus_conj_orb5 & ~asp_sun_uranus_trine_orb5,3,7,-0.30833025347056653,-0.20333025347056655,0.30702724609720455,0.5840478297633018,0.6890478297633018,1.0814882586614267,0.39244042889812486,0.5840478297633018,5,94,18,0.9032798429390885,-0.2044341522827901,False,-0.8602880872991424,-0.7552880872991424,0.0,0.7552880872991424,,,validation,,0.36073600304086323,0.7670285618903516,0.4062925588494884,-0.8178278663975544,0.0,0.8178278663975544,True,post_nasdaq
~asp_jupiter_sun_sextile_orb5 & ~asp_moon_saturn_trine_orb1 & asp_pluto_uranus_sextile_orb3 & ~sun_sign_cancer,4,10,-0.6401795084043633,-0.49017950840436336,0.020177991163407755,0.5839549563555898,0.7339549563555898,1.1263953852537147,0.39244042889812486,0.5839549563555898,19,95,26,0.96724332616185,-0.2044341522827901,False,-0.9052880872991425,-0.7552880872991424,0.0,0.7552880872991424,,,validation,,0.7181014070528211,1.1243939659023094,0.4062925588494884,-0.8178278663975544,0.0,0.8178278663975544,True,post_nasdaq
~asp_jupiter_sun_conj_orb3 & ~asp_mars_pluto_sextile_orb3 & ~asp_neptune_sun_trine_orb1 & asp_neptune_uranus_conj_orb5,4,10,-0.36039319887217036,-0.21039319887217034,0.29996430069560076,0.5838337761494475,0.7338337761494476,1.1262742050475725,0.39244042889812486,0.5838337761494475,6,93,22,0.9670706716791042,-0.2044341522827901,False,-0.9052880872991425,-0.7552880872991424,0.0,0.7552880872991424,,,validation,,0.31075032038980693,0.7170428792392953,0.4062925588494884,-0.8178278663975544,0.0,0.8178278663975544,True,post_nasdaq
~asp_jupiter_moon_square_orb1 & ~asp_mars_pluto_sextile_orb3 & asp_neptune_uranus_conj_orb5 & ~asp_sun_uranus_trine_orb5,4,10,-0.42469924613873344,-0.2746992461387335,0.23565825342903762,0.5837260923302744,0.7337260923302744,1.1261665212283993,0.39244042889812486,0.5837260923302744,8,94,31,0.9669172467426945,-0.2044341522827901,False,-0.9052880872991425,-0.7552880872991424,0.0,0.7552880872991424,,,validation,,0.42209848239667874,0.8283910412461671,0.4062925588494884,-0.8178278663975544,0.0,0.8178278663975544,True,post_nasdaq
~asp_mars_pluto_sextile_orb3 & ~asp_moon_saturn_opp_orb3 & asp_neptune_uranus_conj_orb5 & ~asp_saturn_venus_sextile_orb5,4,10,-0.3739572241684519,-0.22395722416845187,0.2864002753993192,0.5837030443988075,0.7337030443988075,1.1261434732969324,0.39244042889812486,0.5837030443988075,10,77,37,0.9668844087143691,-0.2044341522827901,False,-0.9052880872991425,-0.7552880872991424,0.0,0.7552880872991424,,,validation,,0.45931886709520214,0.8656114259446905,0.4062925588494884,-0.8178278663975544,0.0,0.8178278663975544,True,post_nasdaq
~asp_mercury_uranus_square_orb3 & ~asp_moon_saturn_trine_orb1 & asp_pluto_uranus_sextile_orb3 & ~mars_ingress_3d,4,10,-0.6957076815650314,-0.5457076815650314,-0.03535018199726022,0.5835416070304676,0.7335416070304677,1.1259820359285926,0.39244042889812486,0.5835416070304676,37,50,49,0.9666543976918383,-0.2044341522827901,False,-0.9052880872991425,-0.7552880872991424,0.0,0.7552880872991424,,,validation,,0.6594707898538517,1.06576334870334,0.4062925588494884,-0.8178278663975544,0.0,0.8178278663975544,True,post_nasdaq
~asp_mars_pluto_sextile_orb3 & asp_neptune_uranus_conj_orb5 & ~asp_saturn_venus_sextile_orb5 & ~mars_ingress_3d,4,10,-0.4713278131492,-0.32132781314920006,0.18902968641857104,0.5835249477283472,0.7335249477283472,1.1259653766264721,0.39244042889812486,0.5835249477283472,11,64,48,0.9666306620564253,-0.2044341522827901,False,-0.9052880872991425,-0.7552880872991424,0.0,0.7552880872991424,,,validation,,0.4409052022450978,0.8471977610945862,0.4062925588494884,-0.8178278663975544,0.0,0.8178278663975544,True,post_nasdaq
~asp_mars_sun_square_orb3 & asp_pluto_uranus_sextile_orb3 & ~asp_saturn_venus_trine_orb3 & ~asp_uranus_venus_sextile_orb5,4,10,-0.6710182339472375,-0.5210182339472375,-0.010660734379466363,0.5834952841852438,0.7334952841852438,1.1259357130833687,0.39244042889812486,0.5834952841852438,17,142,20,0.9665883984118067,-0.2044341522827901,False,-0.9052880872991425,-0.7552880872991424,0.0,0.7552880872991424,,,validation,,0.5603750549667339,0.9666676138162222,0.4062925588494884,-0.8178278663975544,0.0,0.8178278663975544,True,post_nasdaq
~asp_mars_pluto_sextile_orb3 & asp_neptune_uranus_conj_orb5 & ~asp_neptune_venus_conj_orb3 & ~asp_saturn_venus_trine_orb5,4,10,-0.286147333345078,-0.13614733334507806,0.37421016622269304,0.583349083627892,0.733349083627892,1.1257895125260169,0.39244042889812486,0.583349083627892,6,93,22,0.9663800968931358,-0.2044341522827901,False,-0.9052880872991425,-0.7552880872991424,0.0,0.7552880872991424,,,validation,,0.30852865879296304,0.7148212176424514,0.4062925588494884,-0.8178278663975544,0.0,0.8178278663975544,True,post_nasdaq
~asp_mars_sun_square_orb3 & ~asp_mercury_uranus_square_orb5 & asp_pluto_uranus_sextile_orb3 & ~mars_ingress_3d,4,10,-0.7111628885666555,-0.5611628885666555,-0.05080538899888447,0.5833364569858907,0.7333364569858907,1.1257768858840156,0.39244042889812486,0.5833364569858907,31,50,40,0.9663621069077495,-0.2044341522827901,False,-0.9052880872991425,-0.7552880872991424,0.0,0.7552880872991424,,,validation,,0.6361764688493992,1.0424690276988875,0.4062925588494884,-0.8178278663975544,0.0,0.8178278663975544,True,post_nasdaq
~asp_mars_pluto_sextile_orb3 & asp_neptune_uranus_conj_orb5 & ~asp_neptune_venus_conj_orb3 & ~asp_pluto_venus_square_orb3,4,10,-0.3790211052382332,-0.22902110523823316,0.28133639432953794,0.583291296407117,0.733291296407117,1.125731725305242,0.39244042889812486,0.583291296407117,6,79,23,0.9662977637644321,-0.2044341522827901,False,-0.9052880872991425,-0.7552880872991424,0.0,0.7552880872991424,,,validation,,0.3389444757902342,0.7452370346397226,0.4062925588494884,-0.8178278663975544,0.0,0.8178278663975544,True,post_nasdaq
asp_neptune_uranus_conj_orb5 & ~asp_saturn_sun_sextile_orb3 & ~asp_saturn_sun_trine_orb3 & ~asp_saturn_venus_sextile_orb5,4,10,-0.4097429680993351,-0.2597429680993351,0.250614531468436,0.583287249692174,0.7332872496921741,1.125727678590299,0.39244042889812486,0.583287249692174,8,77,32,0.9662919981546829,-0.2044341522827901,False,-0.9052880872991425,-0.7552880872991424,0.0,0.7552880872991424,,,validation,,0.44377183023379646,0.8500643890832849,0.4062925588494884,-0.8178278663975544,0.0,0.8178278663975544,True,post_nasdaq
~asp_mars_pluto_sextile_orb3 & ~asp_mercury_saturn_opp_orb3 & asp_neptune_uranus_conj_orb5 & ~asp_neptune_venus_conj_orb3,4,10,-0.4035912508417797,-0.25359125084177975,0.25676624872599135,0.5832796045490477,0.7332796045490477,1.1257200334471726,0.39244042889812486,0.5832796045490477,6,93,19,0.9662811056384353,-0.2044341522827901,False,-0.9052880872991425,-0.7552880872991424,0.0,0.7552880872991424,,,validation,,0.38323476217902913,0.7895273210285175,0.4062925588494884,-0.8178278663975544,0.0,0.8178278663975544,True,post_nasdaq
~asp_moon_saturn_trine_orb1 & asp_pluto_uranus_sextile_orb3 & ~sun_sign_cancer & ~venus_sign_aries,4,10,-0.4647236225795409,-0.3147236225795409,0.1956338769882302,0.5832752704961578,0.7332752704961578,1.1257156993942827,0.39244042889812486,0.5832752704961578,16,128,21,0.9662749306411946,-0.2044341522827901,False,-0.9052880872991425,-0.7552880872991424,0.0,0.7552880872991424,,,validation,,0.572088289071256,0.9783808479207443,0.4062925588494884,-0.8178278663975544,0.0,0.8178278663975544,True,post_nasdaq
~asp_mars_sun_square_orb3 & asp_pluto_uranus_sextile_orb3 & ~asp_saturn_venus_trine_orb5 & ~mercury_sign_cancer,4,10,-0.6424662809432569,-0.49246628094325684,0.01789121862451425,0.5831915394838668,0.7331915394838668,1.1256319683819918,0.39244042889812486,0.5831915394838668,13,145,17,0.966155633882178,-0.2044341522827901,False,-0.9052880872991425,-0.7552880872991424,0.0,0.7552880872991424,,,validation,,0.639983776998263,1.0462763358477514,0.4062925588494884,-0.8178278663975544,0.0,0.8178278663975544,True,post_nasdaq
asp_pluto_uranus_sextile_orb3 & ~asp_saturn_venus_trine_orb5 & ~mars_ingress_3d & ~mercury_sign_aries,4,10,-0.6898999717658351,-0.539899971765835,-0.029542472198063968,0.5831310554345964,0.7331310554345964,1.1255714843327214,0.39244042889812486,0.5831310554345964,30,41,39,0.9660694585948695,-0.2044341522827901,False,-0.9052880872991425,-0.7552880872991424,0.0,0.7552880872991424,,,validation,,0.6186087100172781,1.0249012688667665,0.4062925588494884,-0.8178278663975544,0.0,0.8178278663975544,True,post_nasdaq
~asp_mercury_pluto_sextile_orb3 & asp_neptune_uranus_conj_orb5 & ~asp_saturn_venus_sextile_orb5 & ~asp_uranus_venus_square_orb3,4,10,-0.33598674442827126,-0.1859867444282713,0.3243707551394998,0.5830909547017743,0.7330909547017743,1.1255313835998992,0.39244042889812486,0.5830909547017743,8,58,28,0.9660123246914234,-0.2044341522827901,False,-0.9052880872991425,-0.7552880872991424,0.0,0.7552880872991424,,,validation,,0.44899879853335817,0.8552913573828466,0.4062925588494884,-0.8178278663975544,0.0,0.8178278663975544,True,post_nasdaq
~asp_mars_sun_square_orb5 & asp_pluto_uranus_sextile_orb3 & ~asp_saturn_venus_trine_orb3 & ~sun_sign_cancer,4,10,-0.6321900431840973,-0.48219004318409736,0.028167456383673715,0.5830850596631055,0.7330850596631056,1.1255254885612305,0.39244042889812486,0.5830850596631055,13,138,18,0.9660039256811792,-0.2044341522827901,False,-0.9052880872991425,-0.7552880872991424,0.0,0.7552880872991424,,,validation,,0.5955553673681766,1.001847926217665,0.4062925588494884,-0.8178278663975544,0.0,0.8178278663975544,True,post_nasdaq
~asp_mercury_sun_conj_orb1 & ~asp_mercury_uranus_square_orb5 & asp_pluto_uranus_sextile_orb3 & ~mars_ingress_3d,4,10,-0.6968860880278045,-0.5468860880278045,-0.03652858846003339,0.5828682326551443,0.7328682326551443,1.1253086615532693,0.39244042889812486,0.5828682326551443,42,50,52,0.9656949998824298,-0.2044341522827901,False,-0.9052880872991425,-0.7552880872991424,0.0,0.7552880872991424,,,validation,,0.6523147014586177,1.058607260308106,0.4062925588494884,-0.8178278663975544,0.0,0.8178278663975544,True,post_nasdaq
~asp_mars_sun_square_orb5 & asp_pluto_uranus_sextile_orb3 & ~asp_saturn_venus_trine_orb5 & ~mars_ingress_5d,4,10,-0.6477423348867225,-0.49774233488672254,0.012615164681048566,0.5826927520506745,0.7326927520506745,1.1251331809487994,0.39244042889812486,0.5826927520506745,28,66,36,0.9654449833222307,-0.2044341522827901,False,-0.9052880872991425,-0.7552880872991424,0.0,0.7552880872991424,,,validation,,0.6737660582615499,1.0800586171110382,0.4062925588494884,-0.8178278663975544,0.0,0.8178278663975544,True,post_nasdaq
~asp_mars_pluto_sextile_orb3 & asp_neptune_uranus_conj_orb5 & ~asp_pluto_sun_square_orb5 & ~asp_saturn_venus_sextile_orb5,4,10,-0.3993008453791256,-0.2493008453791256,0.2610566541886455,0.5825033114986472,0.7325033114986472,1.1249437403967721,0.39244042889812486,0.5825033114986472,7,72,26,0.9651750779446286,-0.2044341522827901,False,-0.9052880872991425,-0.7552880872991424,0.0,0.7552880872991424,,,validation,,0.47202017706440663,0.878312735913895,0.4062925588494884,-0.8178278663975544,0.0,0.8178278663975544,True,post_nasdaq
~asp_jupiter_moon_square_orb3 & ~asp_mars_sun_square_orb5 & asp_pluto_uranus_sextile_orb3 & ~asp_saturn_venus_trine_orb5,4,10,-0.5979245144731976,-0.44792451447319764,0.06243298509457348,0.5823934672754744,0.7323934672754744,1.1248338961735993,0.39244042889812486,0.5823934672754744,34,62,40,0.9650185777313232,-0.2044341522827901,False,-0.9052880872991425,-0.7552880872991424,0.0,0.7552880872991424,,,validation,,0.5195539634773547,0.9258465223268432,0.4062925588494884,-0.8178278663975544,0.0,0.8178278663975544,True,post_nasdaq
asp_pluto_uranus_sextile_orb3 & ~asp_saturn_venus_trine_orb5 & ~asp_uranus_venus_sextile_orb5 & ~sun_sign_cancer,4,10,-0.6905886252667494,-0.5405886252667493,-0.030231125698978286,0.5823719538847415,0.7323719538847415,1.1248123827828664,0.39244042889812486,0.5823719538847415,16,94,21,0.9649879266222852,-0.2044341522827901,False,-0.9052880872991425,-0.7552880872991424,0.0,0.7552880872991424,,,validation,,0.6259583194880902,1.0322508783375786,0.4062925588494884,-0.8178278663975544,0.0,0.8178278663975544,True,post_nasdaq
~asp_mars_pluto_sextile_orb3 & ~asp_mars_sun_sextile_orb5 & asp_neptune_uranus_conj_orb5 & ~asp_saturn_venus_sextile_orb5,4,10,-0.3834684245966389,-0.23346842459663886,0.27688907497113224,0.5822689761310388,0.7322689761310388,1.1247094050291637,0.39244042889812486,0.5822689761310388,6,84,21,0.9648412096425376,-0.2044341522827901,False,-0.9052880872991425,-0.7552880872991424,0.0,0.7552880872991424,,,validation,,0.3977315725118969,0.8040241313613853,0.4062925588494884,-0.8178278663975544,0.0,0.8178278663975544,True,post_nasdaq
asp_neptune_uranus_conj_orb5 & ~asp_neptune_venus_conj_orb3 & ~asp_saturn_sun_sextile_orb5 & ~venus_sign_libra,4,10,-0.30255549920888836,-0.1525554992088884,0.3578020003588827,0.5822348452656104,0.7322348452656104,1.1246752741637354,0.39244042889812486,0.5822348452656104,6,83,21,0.9647925819274168,-0.2044341522827901,False,-0.9052880872991425,-0.7552880872991424,0.0,0.7552880872991424,,,validation,,0.4037197510422548,0.8100123098917432,0.4062925588494884,-0.8178278663975544,0.0,0.8178278663975544,True,post_nasdaq
~asp_mars_pluto_sextile_orb3 & ~asp_neptune_sun_opp_orb5 & asp_neptune_uranus_conj_orb5 & ~asp_neptune_venus_conj_orb3,4,10,-0.3895911461118352,-0.23959114611183518,0.2707663534559359,0.582188325038531,0.732188325038531,1.124628753936656,0.39244042889812486,0.582188325038531,5,102,17,0.9647263025907076,-0.2044341522827901,False,-0.9052880872991425,-0.7552880872991424,0.0,0.7552880872991424,,,validation,,0.33591238900476755,0.742204947854256,0.4062925588494884,-0.8178278663975544,0.0,0.8178278663975544,True,post_nasdaq
~asp_mars_neptune_sextile_orb3 & ~asp_mars_pluto_sextile_orb3 & asp_neptune_uranus_conj_orb5 & ~asp_neptune_venus_conj_orb5,4,10,-0.37197585194471616,-0.2219758519447162,0.2883816476230549,0.5819176446403401,0.7319176446403401,1.124358073538465,0.39244042889812486,0.5819176446403401,6,91,18,0.9643406535927599,-0.2044341522827901,False,-0.9052880872991425,-0.7552880872991424,0.0,0.7552880872991424,,,validation,,0.37492933493387265,0.781221893783361,0.4062925588494884,-0.8178278663975544,0.0,0.8178278663975544,True,post_nasdaq
~asp_mars_pluto_sextile_orb3 & ~asp_neptune_sun_square_orb3 & asp_neptune_uranus_conj_orb5 & ~asp_neptune_venus_conj_orb5,4,10,-0.3670315240866615,-0.21703152408666154,0.29332597548110956,0.581898403471023,0.731898403471023,1.124338832369148,0.39244042889812486,0.581898403471023,7,59,24,0.9643132399963537,-0.2044341522827901,False,-0.9052880872991425,-0.7552880872991424,0.0,0.7552880872991424,,,validation,,0.3611295431094412,0.7674221019589296,0.4062925588494884,-0.8178278663975544,0.0,0.8178278663975544,True,post_nasdaq
~asp_mars_pluto_sextile_orb3 & ~asp_moon_saturn_trine_orb1 & asp_neptune_uranus_conj_orb5 & ~asp_uranus_venus_square_orb3,4,10,-0.2811373114791882,-0.13113731147918822,0.3792201880885829,0.581816694714275,0.731816694714275,1.1242571236124,0.39244042889812486,0.581816694714275,6,92,28,0.9641968266265581,-0.2044341522827901,False,-0.9052880872991425,-0.7552880872991424,0.0,0.7552880872991424,,,validation,,0.3860284957486994,0.7923210545981878,0.4062925588494884,-0.8178278663975544,0.0,0.8178278663975544,True,post_nasdaq
~asp_mercury_pluto_sextile_orb3 & asp_neptune_uranus_conj_orb5 & ~asp_neptune_venus_conj_orb3 & ~asp_pluto_sun_opp_orb5,4,10,-0.3552963162177655,-0.20529631621776545,0.30506118335000565,0.5817581980007344,0.7317581980007344,1.1241986268988593,0.39244042889812486,0.5817581980007344,6,75,22,0.9641134843583241,-0.2044341522827901,False,-0.9052880872991425,-0.7552880872991424,0.0,0.7552880872991424,,,validation,,0.30604522848057375,0.7123377873300621,0.4062925588494884,-0.8178278663975544,0.0,0.8178278663975544,True,post_nasdaq
~asp_jupiter_mercury_trine_orb1 & ~asp_mars_pluto_sextile_orb3 & asp_neptune_uranus_conj_orb5 & ~asp_neptune_venus_conj_orb5,4,10,-0.3047349444198145,-0.15473494441981456,0.35562255514795654,0.5817181494371436,0.7317181494371436,1.1241585783352686,0.39244042889812486,0.5817181494371436,7,95,23,0.9640564258380344,-0.2044341522827901,False,-0.9052880872991425,-0.7552880872991424,0.0,0.7552880872991424,,,validation,,0.3481698732191953,0.7544624320686837,0.4062925588494884,-0.8178278663975544,0.0,0.8178278663975544,True,post_nasdaq
~asp_mars_pluto_sextile_orb3 & ~asp_mercury_neptune_sextile_orb3 & asp_neptune_uranus_conj_orb5 & ~asp_neptune_venus_conj_orb5,4,10,-0.44357874264732156,-0.29357874264732153,0.21677875692044957,0.5816047567130452,0.7316047567130453,1.1240451856111702,0.39244042889812486,0.5816047567130452,7,83,27,0.9638948716200928,-0.2044341522827901,False,-0.9052880872991425,-0.7552880872991424,0.0,0.7552880872991424,,,validation,,0.3994905108737166,0.805783069723205,0.4062925588494884,-0.8178278663975544,0.0,0.8178278663975544,True,post_nasdaq
~asp_mars_pluto_sextile_orb3 & ~asp_mercury_venus_sextile_orb1 & asp_neptune_uranus_conj_orb5 & ~asp_neptune_venus_conj_orb3,4,10,-0.3871074081929291,-0.23710740819292914,0.27325009137484196,0.5815898225590549,0.7315898225590549,1.1240302514571798,0.39244042889812486,0.5815898225590549,7,102,23,0.963873594474622,-0.2044341522827901,False,-0.9052880872991425,-0.7552880872991424,0.0,0.7552880872991424,,,validation,,0.34366353935314137,0.7499560982026298,0.4062925588494884,-0.8178278663975544,0.0,0.8178278663975544,True,post_nasdaq
~asp_mars_pluto_sextile_orb3 & ~asp_mars_sun_sextile_orb3 & asp_neptune_uranus_conj_orb5 & ~asp_neptune_venus_conj_orb3,4,10,-0.30938169000398685,-0.1593816900039869,0.3509758095637842,0.5815790620800311,0.7315790620800311,1.124019490978156,0.39244042889812486,0.5815790620800311,5,93,17,0.9638582636940434,-0.2044341522827901,False,-0.9052880872991425,-0.7552880872991424,0.0,0.7552880872991424,,,validation,,0.335591516436801,0.7418840752862894,0.4062925588494884,-0.8178278663975544,0.0,0.8178278663975544,True,post_nasdaq
~asp_jupiter_mercury_conj_orb3 & ~asp_mars_pluto_sextile_orb3 & asp_neptune_uranus_conj_orb5 & ~asp_neptune_venus_conj_orb5,4,10,-0.36197385058677045,-0.21197385058677048,0.2983836489810006,0.5815745914226605,0.7315745914226606,1.1240150203207855,0.39244042889812486,0.5815745914226605,6,95,20,0.96385189421365,-0.2044341522827901,False,-0.9052880872991425,-0.7552880872991424,0.0,0.7552880872991424,,,validation,,0.3562478852980155,0.7625404441475039,0.4062925588494884,-0.8178278663975544,0.0,0.8178278663975544,True,post_nasdaq
~asp_jupiter_mercury_opp_orb5 & ~asp_mars_pluto_sextile_orb5 & asp_neptune_uranus_conj_orb5 & ~asp_neptune_venus_conj_orb3,4,10,-0.40210119113098053,-0.25210119113098056,0.25825630843679054,0.5814512420412187,0.7314512420412187,1.1238916709393436,0.39244042889812486,0.5814512420412187,6,100,18,0.9636761547806969,-0.2044341522827901,False,-0.9052880872991425,-0.7552880872991424,0.0,0.7552880872991424,,,validation,,0.1306333102515284,0.5369258691010168,0.4062925588494884,-0.8178278663975544,0.0,0.8178278663975544,True,post_nasdaq
~asp_jupiter_mercury_trine_orb3 & ~asp_mars_pluto_sextile_orb3 & asp_neptune_uranus_conj_orb5 & ~asp_saturn_venus_sextile_orb5,4,10,-0.29862921942618736,-0.1486292194261874,0.3617282801415837,0.5810501863520131,0.7310501863520131,1.123490615250138,0.39244042889812486,0.5810501863520131,8,92,29,0.9631047611504429,-0.2044341522827901,False,-0.9052880872991425,-0.7552880872991424,0.0,0.7552880872991424,,,validation,,0.4199240064780641,0.8262165653275525,0.4062925588494884,-0.8178278663975544,0.0,0.8178278663975544,True,post_nasdaq
~asp_jupiter_sun_conj_orb5 & ~asp_mars_pluto_sextile_orb3 & ~asp_mars_venus_sextile_orb5 & asp_neptune_uranus_conj_orb5,4,10,-0.4136755695147366,-0.2636755695147366,0.24668193005303454,0.5809817970893775,0.7309817970893775,1.1234222259875024,0.39244042889812486,0.5809817970893775,5,133,17,0.963007325640217,-0.2044341522827901,False,-0.9052880872991425,-0.7552880872991424,0.0,0.7552880872991424,,,validation,,0.34948062004450026,0.7557731788939887,0.4062925588494884,-0.8178278663975544,0.0,0.8178278663975544,True,post_nasdaq
~asp_mercury_pluto_sextile_orb3 & asp_neptune_uranus_conj_orb5 & ~asp_neptune_venus_conj_orb3 & ~venus_sign_taurus,4,10,-0.3900189743141893,-0.24001897431418928,0.2703385252535818,0.5809807186677499,0.7309807186677499,1.1234211475658749,0.39244042889812486,0.5809807186677499,6,75,22,0.9630057891927042,-0.2044341522827901,False,-0.9052880872991425,-0.7552880872991424,0.0,0.7552880872991424,,,validation,,0.28865154711281454,0.6949441059623029,0.4062925588494884,-0.8178278663975544,0.0,0.8178278663975544,True,post_nasdaq
~asp_mars_sun_square_orb5 & asp_pluto_uranus_sextile_orb3 & ~asp_saturn_venus_trine_orb3 & ~mars_ingress_5d,4,10,-0.6598421187302015,-0.5098421187302015,0.000515380837569612,0.5807799984200174,0.7307799984200174,1.1232204273181423,0.39244042889812486,0.5807799984200174,28,66,36,0.9627198196803279,-0.2044341522827901,False,-0.9052880872991425,-0.7552880872991424,0.0,0.7552880872991424,,,validation,,0.6697155105272106,1.076008069376699,0.4062925588494884,-0.8178278663975544,0.0,0.8178278663975544,True,post_nasdaq
~asp_jupiter_sun_conj_orb5 & ~asp_mars_pluto_sextile_orb3 & asp_neptune_uranus_conj_orb5 & ~mercury_sign_leo,4,10,-0.4138592115823212,-0.2638592115823212,0.24649828798544993,0.5807610317585089,0.7307610317585089,1.1232014606566338,0.39244042889812486,0.5807610317585089,5,133,17,0.9626927975986241,-0.2044341522827901,False,-0.9052880872991425,-0.7552880872991424,0.0,0.7552880872991424,,,validation,,0.37420180007821296,0.7804943589277014,0.4062925588494884,-0.8178278663975544,0.0,0.8178278663975544,True,post_nasdaq
~asp_mercury_pluto_sextile_orb3 & ~asp_neptune_sun_trine_orb1 & asp_neptune_uranus_conj_orb5 & ~asp_neptune_venus_conj_orb3,4,10,-0.4033607681910856,-0.25336076819108555,0.25699673137668555,0.580745931374867,0.730745931374867,1.123186360272992,0.39244042889812486,0.580745931374867,7,69,27,0.9626712838648073,-0.2044341522827901,False,-0.9052880872991425,-0.7552880872991424,0.0,0.7552880872991424,,,validation,,0.3190723009107869,0.7253648597602753,0.4062925588494884,-0.8178278663975544,0.0,0.8178278663975544,True,post_nasdaq
~asp_mars_pluto_sextile_orb5 & ~asp_mars_sun_square_orb1 & asp_neptune_uranus_conj_orb5 & ~asp_neptune_venus_conj_orb3,4,10,-0.37634349465401074,-0.2263434946540107,0.2840140049137604,0.5807361691608973,0.7307361691608973,1.1231765980590223,0.39244042889812486,0.5807361691608973,5,100,17,0.9626573755004442,-0.2044341522827901,False,-0.9052880872991425,-0.7552880872991424,0.0,0.7552880872991424,,,validation,,0.2573018923609321,0.6635944512104205,0.4062925588494884,-0.8178278663975544,0.0,0.8178278663975544,True,post_nasdaq
~asp_mercury_uranus_square_orb5 & asp_pluto_uranus_sextile_orb3 & ~mars_ingress_5d & ~mercury_sign_cancer,4,10,-0.7279655494557343,-0.5779655494557343,-0.06760804988796325,0.580648050811244,0.7306480508112441,1.123088479709369,0.39244042889812486,0.580648050811244,31,50,40,0.9625318321235388,-0.2044341522827901,False,-0.9052880872991425,-0.7552880872991424,0.0,0.7552880872991424,,,validation,,0.7543371242230321,1.1606296830725205,0.4062925588494884,-0.8178278663975544,0.0,0.8178278663975544,True,post_nasdaq
~asp_mars_pluto_sextile_orb3 & ~asp_mars_pluto_square_orb1 & asp_neptune_uranus_conj_orb5 & ~asp_neptune_venus_conj_orb3,4,10,-0.35756953977173156,-0.2075695397717316,0.3027879597960395,0.5806406404478982,0.7306406404478982,1.1230810693460231,0.39244042889812486,0.5806406404478982,7,102,21,0.9625212744877574,-0.2044341522827901,False,-0.9052880872991425,-0.7552880872991424,0.0,0.7552880872991424,,,validation,,0.37350512819584986,0.7797976870453383,0.4062925588494884,-0.8178278663975544,0.0,0.8178278663975544,True,post_nasdaq
asp_neptune_uranus_conj_orb5 & ~asp_neptune_venus_conj_orb3 & ~asp_saturn_sun_sextile_orb3 & ~venus_sign_taurus,4,10,-0.40388496743060875,-0.25388496743060873,0.25647253213716237,0.5806137033258928,0.7306137033258928,1.1230541322240177,0.39244042889812486,0.5806137033258928,5,131,21,0.9624828968476611,-0.2044341522827901,False,-0.9052880872991425,-0.7552880872991424,0.0,0.7552880872991424,,,validation,,0.19405561733652893,0.6003481761860173,0.4062925588494884,-0.8178278663975544,0.0,0.8178278663975544,True,post_nasdaq
~asp_jupiter_mercury_conj_orb5 & ~asp_mars_pluto_sextile_orb3 & asp_neptune_uranus_conj_orb5 & ~asp_saturn_venus_sextile_orb5,4,10,-0.39700202133310114,-0.24700202133310117,0.2633554782346699,0.580574656208431,0.730574656208431,1.123015085106556,0.39244042889812486,0.580574656208431,6,94,24,0.962427265976777,-0.2044341522827901,False,-0.9052880872991425,-0.7552880872991424,0.0,0.7552880872991424,,,validation,,0.4366483597109771,0.8429409185604655,0.4062925588494884,-0.8178278663975544,0.0,0.8178278663975544,True,post_nasdaq
asp_pluto_uranus_sextile_orb3 & ~asp_saturn_venus_trine_orb3 & ~asp_uranus_venus_sextile_orb5 & ~sun_sign_cancer,4,10,-0.7028738137215601,-0.5528738137215601,-0.04251631415378896,0.5805672998171653,0.7305672998171653,1.1230077287152902,0.39244042889812486,0.5805672998171653,16,94,21,0.962416785246017,-0.2044341522827901,False,-0.9052880872991425,-0.7552880872991424,0.0,0.7552880872991424,,,validation,,0.6222176245246414,1.0285101833741297,0.4062925588494884,-0.8178278663975544,0.0,0.8178278663975544,True,post_nasdaq
~asp_mars_uranus_trine_orb3 & asp_neptune_uranus_conj_orb5 & ~asp_neptune_venus_conj_orb3 & ~asp_saturn_sun_sextile_orb5,4,10,-0.3705122837880249,-0.2205122837880249,0.2898452157797462,0.5805501802924692,0.7305501802924692,1.1229906091905941,0.39244042889812486,0.5805501802924692,6,102,22,0.9623923948767337,-0.2044341522827901,False,-0.9052880872991425,-0.7552880872991424,0.0,0.7552880872991424,,,validation,,0.3003161421023624,0.7066087009518508,0.4062925588494884,-0.8178278663975544,0.0,0.8178278663975544,True,post_nasdaq
~asp_mars_pluto_sextile_orb3 & ~asp_moon_venus_conj_orb3 & asp_neptune_uranus_conj_orb5 & ~asp_sun_uranus_trine_orb5,4,10,-0.3725942940782697,-0.2225942940782697,0.2877632054895014,0.5804574568422677,0.7304574568422677,1.1228978857403926,0.39244042889812486,0.5804574568422677,9,75,39,0.9622602908865538,-0.2044341522827901,False,-0.9052880872991425,-0.7552880872991424,0.0,0.7552880872991424,,,validation,,0.4247866867848374,0.8310792456343258,0.4062925588494884,-0.8178278663975544,0.0,0.8178278663975544,True,post_nasdaq
~asp_mars_pluto_sextile_orb3 & ~asp_moon_venus_conj_orb5 & asp_neptune_uranus_conj_orb5 & ~asp_sun_uranus_trine_orb5,4,10,-0.411941101935157,-0.26194110193515696,0.2484163976326141,0.5804574568422677,0.7304574568422677,1.1228978857403926,0.39244042889812486,0.5804574568422677,9,75,55,0.9622602908865538,-0.2044341522827901,False,-0.9052880872991425,-0.7552880872991424,0.0,0.7552880872991424,,,validation,,0.4247866867848374,0.8310792456343258,0.4062925588494884,-0.8178278663975544,0.0,0.8178278663975544,True,post_nasdaq
~asp_mercury_sun_conj_orb3 & ~asp_mercury_uranus_square_orb5 & asp_pluto_uranus_sextile_orb3 & ~mars_ingress_3d,4,10,-0.799811201726359,-0.649811201726359,-0.13945370215858788,0.5804341913265324,0.7304341913265324,1.1228746202246573,0.39244042889812486,0.5804341913265324,40,46,53,0.9622271443086372,-0.2044341522827901,False,-0.9052880872991425,-0.7552880872991424,0.0,0.7552880872991424,,,validation,,0.6700976836271808,1.0763902424766691,0.4062925588494884,-0.8178278663975544,0.0,0.8178278663975544,True,post_nasdaq
~asp_mars_pluto_sextile_orb1 & asp_neptune_uranus_conj_orb5 & ~asp_neptune_venus_conj_orb3 & ~asp_saturn_sun_sextile_orb3,4,10,-0.3952561007440124,-0.24525610074401238,0.2651013988237587,0.5804336794254955,0.7304336794254955,1.1228741083236204,0.39244042889812486,0.5804336794254955,6,104,22,0.9622264149989976,-0.2044341522827901,False,-0.9052880872991425,-0.7552880872991424,0.0,0.7552880872991424,,,validation,,0.3407866109600622,0.7470791698095506,0.4062925588494884,-0.8178278663975544,0.0,0.8178278663975544,True,post_nasdaq
~asp_mars_pluto_sextile_orb3 & asp_neptune_uranus_conj_orb5 & ~asp_neptune_venus_conj_orb5 & ~asp_saturn_venus_trine_orb5,4,10,-0.28289961925511564,-0.13289961925511562,0.3774578803126555,0.5804231925154909,0.7304231925154909,1.1228636214136158,0.39244042889812486,0.5804231925154909,6,91,22,0.962211474212715,-0.2044341522827901,False,-0.9052880872991425,-0.7552880872991424,0.0,0.7552880872991424,,,validation,,0.3184485632797401,0.7247411221292285,0.4062925588494884,-0.8178278663975544,0.0,0.8178278663975544,True,post_nasdaq
~asp_mars_pluto_sextile_orb3 & asp_neptune_uranus_conj_orb5 & ~asp_neptune_venus_conj_orb5 & ~asp_pluto_venus_square_orb3,4,10,-0.37604803639618944,-0.22604803639618948,0.2843094631715816,0.5803006657633248,0.7303006657633249,1.1227410946614498,0.39244042889812486,0.5803006657633248,6,77,23,0.962036909504796,-0.2044341522827901,False,-0.9052880872991425,-0.7552880872991424,0.0,0.7552880872991424,,,validation,,0.3489513026869507,0.7552438615364391,0.4062925588494884,-0.8178278663975544,0.0,0.8178278663975544,True,post_nasdaq
~asp_mars_pluto_sextile_orb3 & ~asp_neptune_sun_trine_orb1 & asp_neptune_uranus_conj_orb5,3,7,-0.34172091008104943,-0.23672091008104945,0.27363658948672165,0.5802409949236904,0.6852409949236904,1.0776814238218153,0.39244042889812486,0.5802409949236904,5,93,18,0.897859306679204,-0.2044341522827901,False,-0.8602880872991424,-0.7552880872991424,0.0,0.7552880872991424,,,validation,,0.31792527034456936,0.7242178291940577,0.4062925588494884,-0.8178278663975544,0.0,0.8178278663975544,True,post_nasdaq
~asp_mars_pluto_sextile_orb3 & asp_neptune_uranus_conj_orb5 & ~asp_neptune_venus_conj_orb5 & ~asp_saturn_venus_sextile_orb5,4,10,-0.35402348099507785,-0.2040234809950779,0.3063340185726932,0.5802083353918498,0.7302083353918498,1.1226487642899747,0.39244042889812486,0.5802083353918498,7,97,23,0.9619053659783583,-0.2044341522827901,False,-0.9052880872991425,-0.7552880872991424,0.0,0.7552880872991424,,,validation,,0.33784548594887837,0.7441380447983668,0.4062925588494884,-0.8178278663975544,0.0,0.8178278663975544,True,post_nasdaq
~asp_jupiter_sun_conj_orb5 & ~asp_mars_pluto_sextile_orb1 & asp_neptune_uranus_conj_orb5 & ~asp_saturn_sun_sextile_orb5,4,10,-0.3513159601042529,-0.20131596010425296,0.30904153946351814,0.5801879681962953,0.7301879681962953,1.1226283970944202,0.39244042889812486,0.5801879681962953,5,102,20,0.9618763487583941,-0.2044341522827901,False,-0.9052880872991425,-0.7552880872991424,0.0,0.7552880872991424,,,validation,,0.3642005686480602,0.7704931274975486,0.4062925588494884,-0.8178278663975544,0.0,0.8178278663975544,True,post_nasdaq
~asp_mars_pluto_sextile_orb3 & ~asp_moon_sun_conj_orb3 & asp_neptune_uranus_conj_orb5 & ~asp_neptune_venus_conj_orb3,4,10,-0.3879955579928176,-0.23799555799281757,0.2723619415749535,0.580177307911334,0.7301773079113341,1.122617736809459,0.39244042889812486,0.580177307911334,7,92,30,0.961861161013557,-0.2044341522827901,False,-0.9052880872991425,-0.7552880872991424,0.0,0.7552880872991424,,,validation,,0.32896693592128506,0.7352594947707735,0.4062925588494884,-0.8178278663975544,0.0,0.8178278663975544,True,post_nasdaq
asp_neptune_uranus_conj_orb5 & ~asp_neptune_venus_conj_orb3 & ~asp_saturn_sun_sextile_orb5,3,7,-0.29545113984135934,-0.19045113984135936,0.31990635972641174,0.5801751209269186,0.6851751209269186,1.0776155498250435,0.39244042889812486,0.5801751209269186,5,146,17,0.8977655113140861,-0.2044341522827901,False,-0.8602880872991424,-0.7552880872991424,0.0,0.7552880872991424,,,validation,,0.2193087745814017,0.6256013334308901,0.4062925588494884,-0.8178278663975544,0.0,0.8178278663975544,True,post_nasdaq
~asp_mars_pluto_sextile_orb3 & ~asp_mars_venus_sextile_orb3 & asp_neptune_uranus_conj_orb5 & ~asp_neptune_venus_conj_orb3,4,10,-0.38280451720830766,-0.2328045172083077,0.2775529823594634,0.5801543801345798,0.7301543801345798,1.1225948090327047,0.39244042889812486,0.5801543801345798,6,93,18,0.9618284957381238,-0.2044341522827901,False,-0.9052880872991425,-0.7552880872991424,0.0,0.7552880872991424,,,validation,,0.28745589837093016,0.6937484572204186,0.4062925588494884,-0.8178278663975544,0.0,0.8178278663975544,True,post_nasdaq
~asp_mars_pluto_sextile_orb3 & asp_neptune_uranus_conj_orb5 & ~asp_neptune_venus_conj_orb3 & ~sun_sign_libra,4,10,-0.34011337117298557,-0.1901133711729856,0.3202441283947855,0.5801513111269382,0.7301513111269382,1.1225917400250631,0.39244042889812486,0.5801513111269382,6,93,18,0.9618241233140774,-0.2044341522827901,False,-0.9052880872991425,-0.7552880872991424,0.0,0.7552880872991424,,,validation,,0.4455703494548385,0.8518629083043269,0.4062925588494884,-0.8178278663975544,0.0,0.8178278663975544,True,post_nasdaq
~asp_mars_pluto_sextile_orb3 & asp_neptune_uranus_conj_orb5 & ~asp_pluto_sun_opp_orb5 & ~venus_sign_libra,4,10,-0.3078608845749973,-0.1578608845749973,0.3524966149927738,0.5801255446376054,0.7301255446376054,1.1225659735357303,0.39244042889812486,0.5801255446376054,5,93,18,0.9617874137294535,-0.2044341522827901,False,-0.9052880872991425,-0.7552880872991424,0.0,0.7552880872991424,,,validation,,0.5004084890056337,0.9067010478551222,0.4062925588494884,-0.8178278663975544,0.0,0.8178278663975544,True,post_nasdaq
~asp_mars_pluto_sextile_orb3 & ~asp_mercury_saturn_opp_orb3 & asp_neptune_uranus_conj_orb5 & ~asp_neptune_venus_conj_orb5,4,10,-0.40067011076781855,-0.2506701107678186,0.2596873887999525,0.5801104689956976,0.7301104689956976,1.1225508978938226,0.39244042889812486,0.5801104689956976,6,91,19,0.9617659354289614,-0.2044341522827901,False,-0.9052880872991425,-0.7552880872991424,0.0,0.7552880872991424,,,validation,,0.39417118805174317,0.8004637469012316,0.4062925588494884,-0.8178278663975544,0.0,0.8178278663975544,True,post_nasdaq
~asp_mars_pluto_sextile_orb3 & asp_neptune_uranus_conj_orb5 & ~asp_sun_uranus_trine_orb5 & ~venus_sign_libra,4,10,-0.3005529063497263,-0.1505529063497263,0.3598045932180448,0.5801056586297545,0.7301056586297545,1.1225460875278794,0.39244042889812486,0.5801056586297545,5,94,21,0.9617590820908388,-0.2044341522827901,False,-0.9052880872991425,-0.7552880872991424,0.0,0.7552880872991424,,,validation,,0.5539763269735192,0.9602688858230075,0.4062925588494884,-0.8178278663975544,0.0,0.8178278663975544,True,post_nasdaq
~asp_mars_sun_square_orb5 & asp_pluto_uranus_sextile_orb3 & ~asp_saturn_venus_trine_orb5 & ~venus_sign_aries,4,10,-0.4843917204486159,-0.33439172044861587,0.1759657791191552,0.5800662746485389,0.7300662746485389,1.1225067035466638,0.39244042889812486,0.5800662746485389,13,129,17,0.961702971669524,-0.2044341522827901,False,-0.9052880872991425,-0.7552880872991424,0.0,0.7552880872991424,,,validation,,0.4858848416938318,0.8921774005433202,0.4062925588494884,-0.8178278663975544,0.0,0.8178278663975544,True,post_nasdaq
~asp_mercury_moon_square_orb3 & asp_neptune_uranus_conj_orb5 & ~asp_neptune_venus_conj_orb3 & ~asp_saturn_sun_sextile_orb5,4,10,-0.39871533790735125,-0.24871533790735123,0.26164216166041987,0.5799841340046338,0.7299841340046338,1.1224245629027587,0.39244042889812486,0.5799841340046338,11,93,51,0.9615859458577027,-0.2044341522827901,False,-0.9052880872991425,-0.7552880872991424,0.0,0.7552880872991424,,,validation,,0.27704677178400156,0.68333933063349,0.4062925588494884,-0.8178278663975544,0.0,0.8178278663975544,True,post_nasdaq
~asp_jupiter_sun_sextile_orb5 & asp_pluto_uranus_sextile_orb3 & ~asp_saturn_venus_trine_orb5 & ~mars_ingress_5d,4,10,-0.6451533229356924,-0.49515332293569236,0.015204176632078743,0.5798502626670688,0.7298502626670689,1.1222906915651938,0.39244042889812486,0.5798502626670688,30,72,39,0.9613952195803768,-0.2044341522827901,False,-0.9052880872991425,-0.7552880872991424,0.0,0.7552880872991424,,,validation,,0.8004006949799818,1.2066932538294701,0.4062925588494884,-0.8178278663975544,0.0,0.8178278663975544,True,post_nasdaq
~asp_mars_pluto_sextile_orb3 & asp_neptune_uranus_conj_orb5 & ~asp_saturn_sun_square_orb5 & ~asp_sun_uranus_trine_orb5,4,10,-0.33835589029638846,-0.18835589029638844,0.32200160927138266,0.5797700433032508,0.7297700433032508,1.1222104722013757,0.39244042889812486,0.5797700433032508,7,94,25,0.9612809313472808,-0.2044341522827901,False,-0.9052880872991425,-0.7552880872991424,0.0,0.7552880872991424,,,validation,,0.42595514382536065,0.832247702674849,0.4062925588494884,-0.8178278663975544,0.0,0.8178278663975544,True,post_nasdaq
asp_pluto_uranus_sextile_orb3 & ~asp_saturn_venus_trine_orb3 & ~mars_ingress_3d & ~sun_sign_aries,4,10,-0.5461664066629883,-0.3961664066629883,0.11419109290478277,0.5797346150968975,0.7297346150968975,1.1221750439950224,0.39244042889812486,0.5797346150968975,29,41,38,0.9612304569509675,-0.2044341522827901,False,-0.9052880872991425,-0.7552880872991424,0.0,0.7552880872991424,,,validation,,0.5741131571631346,0.9804057160126229,0.4062925588494884,-0.8178278663975544,0.0,0.8178278663975544,True,post_nasdaq
~asp_jupiter_mercury_opp_orb5 & ~asp_mars_pluto_sextile_orb5 & asp_neptune_uranus_conj_orb5 & ~asp_neptune_venus_conj_orb5,4,10,-0.3991287911852819,-0.24912879118528192,0.2612287083824892,0.5797309936363816,0.7297309936363816,1.1221714225345065,0.39244042889812486,0.5797309936363816,6,98,18,0.961225297474827,-0.2044341522827901,False,-0.9052880872991425,-0.7552880872991424,0.0,0.7552880872991424,,,validation,,0.1371472558522832,0.5434398147017716,0.4062925588494884,-0.8178278663975544,0.0,0.8178278663975544,True,post_nasdaq
~asp_mars_pluto_sextile_orb1 & ~asp_mercury_pluto_sextile_orb3 & asp_neptune_uranus_conj_orb5 & ~asp_saturn_venus_sextile_orb5,4,10,-0.3931505050603751,-0.24315050506037506,0.26720699450739605,0.5796687516336266,0.7296687516336267,1.1221091805317516,0.39244042889812486,0.5796687516336266,7,70,27,0.9611366216533674,-0.2044341522827901,False,-0.9052880872991425,-0.7552880872991424,0.0,0.7552880872991424,,,validation,,0.5258009607231162,0.9320935195726047,0.4062925588494884,-0.8178278663975544,0.0,0.8178278663975544,True,post_nasdaq
~asp_mars_pluto_sextile_orb3 & asp_neptune_uranus_conj_orb5 & ~asp_neptune_venus_conj_orb3 & ~asp_neptune_venus_conj_orb5,4,10,-0.33735166949847384,-0.18735166949847387,0.32300583006929723,0.5796403546718548,0.7296403546718548,1.1220807835699798,0.39244042889812486,0.5796403546718548,5,100,13,0.9610961646907368,-0.2044341522827901,False,-0.9052880872991425,-0.7552880872991424,0.0,0.7552880872991424,,,validation,,0.35696913163050575,0.7632616904799941,0.4062925588494884,-0.8178278663975544,0.0,0.8178278663975544,True,post_nasdaq
~asp_jupiter_sun_sextile_orb5 & ~asp_moon_saturn_trine_orb1 & asp_pluto_uranus_sextile_orb3 & ~mercury_sign_cancer,4,10,-0.5984741865258362,-0.44847418652583615,0.061883313041934965,0.5795071185107666,0.7295071185107667,1.1219475474088916,0.39244042889812486,0.5795071185107666,19,107,25,0.9609063442238932,-0.2044341522827901,False,-0.9052880872991425,-0.7552880872991424,0.0,0.7552880872991424,,,validation,,0.7079863882255129,1.1142789470750012,0.4062925588494884,-0.8178278663975544,0.0,0.8178278663975544,True,post_nasdaq
~asp_mars_pluto_sextile_orb3 & ~asp_moon_pluto_sextile_orb1 & asp_neptune_uranus_conj_orb5 & ~asp_neptune_venus_conj_orb3,4,10,-0.3721574414626039,-0.22215744146260386,0.28820005810516724,0.5794324104389986,0.7294324104389986,1.1218728393371236,0.39244042889812486,0.5794324104389986,6,102,28,0.960799908394864,-0.2044341522827901,False,-0.9052880872991425,-0.7552880872991424,0.0,0.7552880872991424,,,validation,,0.3322948068081288,0.7385873656576172,0.4062925588494884,-0.8178278663975544,0.0,0.8178278663975544,True,post_nasdaq
~asp_mars_pluto_sextile_orb3 & ~asp_moon_sun_conj_orb5 & asp_neptune_uranus_conj_orb5 & ~asp_neptune_venus_conj_orb5,4,10,-0.42415368104478124,-0.2741536810447812,0.23620381852298988,0.5793926099089538,0.7293926099089538,1.1218330388070787,0.39244042889812486,0.5793926099089538,9,70,42,0.960743205028622,-0.2044341522827901,False,-0.9052880872991425,-0.7552880872991424,0.0,0.7552880872991424,,,validation,,0.36235197718139106,0.7686445360308795,0.4062925588494884,-0.8178278663975544,0.0,0.8178278663975544,True,post_nasdaq
~asp_jupiter_moon_square_orb3 & ~asp_mars_pluto_sextile_orb3 & asp_neptune_uranus_conj_orb5 & ~asp_sun_uranus_trine_orb5,4,10,-0.472127097477951,-0.322127097477951,0.1882304020898201,0.5793657879431501,0.7293657879431501,1.121806216841275,0.39244042889812486,0.5793657879431501,13,39,52,0.9607049920935584,-0.2044341522827901,False,-0.9052880872991425,-0.7552880872991424,0.0,0.7552880872991424,,,validation,,0.4235436231751189,0.8298361820246073,0.4062925588494884,-0.8178278663975544,0.0,0.8178278663975544,True,post_nasdaq
asp_neptune_uranus_conj_orb5 & ~asp_neptune_venus_conj_orb5 & ~asp_saturn_sun_sextile_orb5 & ~venus_sign_libra,4,10,-0.3021071898596893,-0.1521071898596893,0.3582503097080818,0.5793108455577879,0.7293108455577879,1.1217512744559128,0.39244042889812486,0.5793108455577879,6,83,21,0.9606267163748015,-0.2044341522827901,False,-0.9052880872991425,-0.7552880872991424,0.0,0.7552880872991424,,,validation,,0.41551141990414237,0.8218039787536308,0.4062925588494884,-0.8178278663975544,0.0,0.8178278663975544,True,post_nasdaq
~asp_mars_pluto_sextile_orb3 & asp_neptune_uranus_conj_orb5 & ~asp_pluto_sun_opp_orb5,3,7,-0.29321249041520614,-0.18821249041520616,0.32214500915256494,0.5792858058422823,0.6842858058422823,1.0767262347404072,0.39244042889812486,0.5792858058422823,4,116,13,0.8964992587149312,-0.2044341522827901,False,-0.8602880872991424,-0.7552880872991424,0.0,0.7552880872991424,,,validation,,0.3049584605427402,0.7112510193922286,0.4062925588494884,-0.8178278663975544,0.0,0.8178278663975544,True,post_nasdaq
~asp_mars_sun_square_orb3 & asp_pluto_uranus_sextile_orb3 & ~asp_saturn_venus_trine_orb5 & ~asp_uranus_venus_sextile_orb5,4,10,-0.6599952690198865,-0.5099952690198865,0.0003622305478846318,0.5791890943237977,0.7291890943237977,1.1216295232219227,0.39244042889812486,0.5791890943237977,17,142,20,0.960453259143478,-0.2044341522827901,False,-0.9052880872991425,-0.7552880872991424,0.0,0.7552880872991424,,,validation,,0.5502256679626087,0.9565182268120972,0.4062925588494884,-0.8178278663975544,0.0,0.8178278663975544,True,post_nasdaq
~asp_moon_saturn_trine_orb1 & asp_pluto_uranus_sextile_orb3 & ~mercury_sign_cancer & ~venus_sign_aries,4,10,-0.4428158634941154,-0.29281586349411537,0.21754163607365576,0.5791386279308958,0.7291386279308958,1.1215790568290207,0.39244042889812486,0.5791386279308958,16,133,20,0.9603813604827218,-0.2044341522827901,False,-0.9052880872991425,-0.7552880872991424,0.0,0.7552880872991424,,,validation,,0.5668754878285798,0.9731680466780681,0.4062925588494884,-0.8178278663975544,0.0,0.8178278663975544,True,post_nasdaq
~asp_mars_pluto_sextile_orb3 & asp_neptune_uranus_conj_orb5 & ~asp_neptune_venus_conj_orb3 & ~asp_neptune_venus_sextile_orb1,4,10,-0.3471554784848595,-0.19715547848485954,0.31320202108291156,0.5790943052273395,0.7290943052273395,1.1215347341254644,0.39244042889812486,0.5790943052273395,6,102,21,0.9603182146778355,-0.2044341522827901,False,-0.9052880872991425,-0.7552880872991424,0.0,0.7552880872991424,,,validation,,0.3697541029491432,0.7760466617986316,0.4062925588494884,-0.8178278663975544,0.0,0.8178278663975544,True,post_nasdaq
asp_neptune_uranus_conj_orb5 & ~asp_saturn_sun_sextile_orb3 & ~asp_saturn_venus_sextile_orb5 & ~asp_uranus_venus_square_orb3,4,10,-0.3327158166410068,-0.18271581664100683,0.32764168292676427,0.5790761022603331,0.7290761022603331,1.121516531158458,0.39244042889812486,0.5790761022603331,7,81,27,0.9602922812300001,-0.2044341522827901,False,-0.9052880872991425,-0.7552880872991424,0.0,0.7552880872991424,,,validation,,0.37039367463575384,0.7766862334852422,0.4062925588494884,-0.8178278663975544,0.0,0.8178278663975544,True,post_nasdaq
~asp_mars_moon_square_orb3 & ~asp_mars_pluto_sextile_orb3 & asp_neptune_uranus_conj_orb5 & ~asp_neptune_venus_conj_orb5,4,10,-0.34864308938017974,-0.19864308938017977,0.31171441018759133,0.5790453964544414,0.7290453964544414,1.1214858253525664,0.39244042889812486,0.5790453964544414,15,57,56,0.9602485352212482,-0.2044341522827901,False,-0.9052880872991425,-0.7552880872991424,0.0,0.7552880872991424,,,validation,,0.3574389640749555,0.7637315229244439,0.4062925588494884,-0.8178278663975544,0.0,0.8178278663975544,True,post_nasdaq
~asp_mars_neptune_trine_orb3 & asp_pluto_uranus_sextile_orb3 & ~asp_saturn_venus_trine_orb5 & ~mercury_sign_cancer,4,10,-0.6483524583725713,-0.49835245837257125,0.012005041195199854,0.578982877393141,0.728982877393141,1.121423306291266,0.39244042889812486,0.578982877393141,14,126,18,0.9601594654960808,-0.2044341522827901,False,-0.9052880872991425,-0.7552880872991424,0.0,0.7552880872991424,,,validation,,0.6348092595852637,1.041101818434752,0.4062925588494884,-0.8178278663975544,0.0,0.8178278663975544,True,post_nasdaq
~asp_mars_pluto_sextile_orb3 & ~asp_neptune_sun_opp_orb5 & asp_neptune_uranus_conj_orb5 & ~asp_neptune_venus_conj_orb5,4,10,-0.3866493599585805,-0.23664935995858055,0.27370813960919055,0.5789678065916838,0.7289678065916838,1.1214082354898087,0.39244042889812486,0.5789678065916838,5,100,17,0.9601379944212272,-0.2044341522827901,False,-0.9052880872991425,-0.7552880872991424,0.0,0.7552880872991424,,,validation,,0.3456716693158884,0.7519642281653768,0.4062925588494884,-0.8178278663975544,0.0,0.8178278663975544,True,post_nasdaq
~asp_mars_pluto_sextile_orb3 & asp_neptune_uranus_conj_orb5 & ~asp_saturn_sun_square_orb5 & ~venus_sign_taurus,4,10,-0.38394546462186896,-0.233945464621869,0.2764120349459021,0.5789654908640632,0.7289654908640633,1.1214059197621882,0.39244042889812486,0.5789654908640632,5,95,21,0.9601346952499508,-0.2044341522827901,False,-0.9052880872991425,-0.7552880872991424,0.0,0.7552880872991424,,,validation,,0.3524395767432171,0.7587321355927055,0.4062925588494884,-0.8178278663975544,0.0,0.8178278663975544,True,post_nasdaq
~asp_mercury_pluto_sextile_orb3 & asp_neptune_uranus_conj_orb5 & ~asp_neptune_venus_conj_orb5 & ~asp_pluto_sun_opp_orb5,4,10,-0.3517680958356466,-0.2017680958356466,0.3085894037321245,0.5788771190388896,0.7288771190388896,1.1213175479370145,0.39244042889812486,0.5788771190388896,6,73,22,0.9600087937375077,-0.2044341522827901,False,-0.9052880872991425,-0.7552880872991424,0.0,0.7552880872991424,,,validation,,0.3142902749203535,0.7205828337698419,0.4062925588494884,-0.8178278663975544,0.0,0.8178278663975544,True,post_nasdaq
~asp_mars_pluto_sextile_orb3 & ~asp_moon_venus_conj_orb3 & asp_neptune_uranus_conj_orb5 & ~asp_uranus_venus_square_orb3,4,10,-0.31909487765788513,-0.1690948776578851,0.341262621909886,0.5788740169530365,0.7288740169530366,1.1213144458511615,0.39244042889812486,0.5788740169530365,10,73,42,0.9600043742626334,-0.2044341522827901,False,-0.9052880872991425,-0.7552880872991424,0.0,0.7552880872991424,,,validation,,0.4298869382893474,0.8361794971388358,0.4062925588494884,-0.8178278663975544,0.0,0.8178278663975544,True,post_nasdaq
~asp_mars_pluto_sextile_orb3 & ~asp_moon_venus_conj_orb5 & asp_neptune_uranus_conj_orb5 & ~asp_uranus_venus_square_orb3,4,10,-0.362111585647624,-0.21211158564762406,0.29824591392014704,0.5788740169530365,0.7288740169530366,1.1213144458511615,0.39244042889812486,0.5788740169530365,10,73,60,0.9600043742626334,-0.2044341522827901,False,-0.9052880872991425,-0.7552880872991424,0.0,0.7552880872991424,,,validation,,0.4298869382893474,0.8361794971388358,0.4062925588494884,-0.8178278663975544,0.0,0.8178278663975544,True,post_nasdaq
~asp_jupiter_mercury_opp_orb5 & asp_neptune_uranus_conj_orb5 & ~asp_neptune_venus_conj_orb3 & ~asp_saturn_sun_sextile_orb3,4,10,-0.38725722266458473,-0.2372572226645847,0.2731002769031864,0.5788295325453449,0.7288295325453449,1.1212699614434698,0.39244042889812486,0.5788295325453449,6,121,21,0.9599409983057416,-0.2044341522827901,False,-0.9052880872991425,-0.7552880872991424,0.0,0.7552880872991424,,,validation,,0.15020659488692228,0.5564991537364107,0.4062925588494884,-0.8178278663975544,0.0,0.8178278663975544,True,post_nasdaq
~asp_mercury_pluto_sextile_orb5 & asp_neptune_uranus_conj_orb5 & ~asp_neptune_venus_conj_orb3 & ~asp_saturn_sun_trine_orb3,4,10,-0.41310527948289066,-0.26310527948289064,0.24725222008488043,0.5787040128460014,0.7287040128460014,1.1211444417441263,0.39244042889812486,0.5787040128460014,7,95,26,0.9597621733557411,-0.2044341522827901,False,-0.9052880872991425,-0.7552880872991424,0.0,0.7552880872991424,,,validation,,0.4482890132597081,0.8545815721091965,0.4062925588494884,-0.8178278663975544,0.0,0.8178278663975544,True,post_nasdaq
~asp_mercury_pluto_sextile_orb3 & asp_neptune_uranus_conj_orb5 & ~asp_neptune_venus_conj_orb5 & ~venus_sign_taurus,4,10,-0.3864954989108058,-0.23649549891080585,0.27386200065696525,0.5787039158682247,0.7287039158682247,1.1211443447663496,0.39244042889812486,0.5787039158682247,6,73,22,0.9597620351939096,-0.2044341522827901,False,-0.9052880872991425,-0.7552880872991424,0.0,0.7552880872991424,,,validation,,0.29694538311529645,0.7032379419647848,0.4062925588494884,-0.8178278663975544,0.0,0.8178278663975544,True,post_nasdaq
~asp_mars_pluto_sextile_orb5 & ~asp_moon_venus_trine_orb3 & asp_neptune_uranus_conj_orb5 & ~asp_neptune_venus_conj_orb3,4,10,-0.4636591837263685,-0.31365918372636853,0.19669831584140257,0.578651818443877,0.728651818443877,1.121092247342002,0.39244042889812486,0.578651818443877,10,64,54,0.9596878133128877,-0.2044341522827901,False,-0.9052880872991425,-0.7552880872991424,0.0,0.7552880872991424,,,validation,,0.3285390579272223,0.7348316167767107,0.4062925588494884,-0.8178278663975544,0.0,0.8178278663975544,True,post_nasdaq
~asp_mars_pluto_sextile_orb3 & asp_neptune_uranus_conj_orb5 & ~asp_sun_uranus_trine_orb5 & ~venus_sign_leo,4,10,-0.27924250928336025,-0.12924250928336023,0.38111499028441087,0.5785745612553174,0.7285745612553174,1.1210149901534423,0.39244042889812486,0.5785745612553174,6,94,22,0.9595777470485125,-0.2044341522827901,False,-0.9052880872991425,-0.7552880872991424,0.0,0.7552880872991424,,,validation,,0.31849834039957275,0.7247908992490611,0.4062925588494884,-0.8178278663975544,0.0,0.8178278663975544,True,post_nasdaq
~asp_mars_pluto_sextile_orb3 & ~asp_mercury_venus_conj_orb1 & asp_neptune_uranus_conj_orb5 & ~asp_saturn_venus_sextile_orb5,4,10,-0.34499364445187186,-0.1949936444518719,0.3153638551158992,0.5785483795254948,0.7285483795254948,1.1209888084236197,0.39244042889812486,0.5785483795254948,8,70,26,0.959540446659376,-0.2044341522827901,False,-0.9052880872991425,-0.7552880872991424,0.0,0.7552880872991424,,,validation,,0.4397640837111189,0.8460566425606073,0.4062925588494884,-0.8178278663975544,0.0,0.8178278663975544,True,post_nasdaq
asp_neptune_uranus_conj_orb5 & ~asp_saturn_sun_sextile_orb3 & ~asp_saturn_venus_sextile_orb5 & ~asp_sun_uranus_trine_orb5,4,10,-0.40058990524196514,-0.2505899052419651,0.259767594325806,0.578546503863839,0.728546503863839,1.120986932761964,0.39244042889812486,0.578546503863839,7,67,31,0.9595377744563944,-0.2044341522827901,False,-0.9052880872991425,-0.7552880872991424,0.0,0.7552880872991424,,,validation,,0.3417773057537326,0.748069864603221,0.4062925588494884,-0.8178278663975544,0.0,0.8178278663975544,True,post_nasdaq
~asp_mars_pluto_sextile_orb3 & ~asp_moon_uranus_square_orb1 & asp_neptune_uranus_conj_orb5 & ~asp_neptune_venus_conj_orb3,4,10,-0.3546828721086399,-0.20468287210863995,0.30567462745913115,0.5785414124634415,0.7285414124634415,1.1209818413615664,0.39244042889812486,0.5785414124634415,8,79,28,0.9595305208802272,-0.2044341522827901,False,-0.9052880872991425,-0.7552880872991424,0.0,0.7552880872991424,,,validation,,0.3678055869270039,0.7740981457764923,0.4062925588494884,-0.8178278663975544,0.0,0.8178278663975544,True,post_nasdaq
~asp_mars_pluto_sextile_orb3 & ~asp_mars_sun_sextile_orb3 & asp_neptune_uranus_conj_orb5 & ~asp_neptune_venus_conj_orb5,4,10,-0.3062632579044523,-0.15626325790445234,0.35409424166331877,0.5784679682366524,0.7284679682366524,1.1209083971347773,0.39244042889812486,0.5784679682366524,5,91,17,0.9594258869935077,-0.2044341522827901,False,-0.9052880872991425,-0.7552880872991424,0.0,0.7552880872991424,,,validation,,0.34592112684467485,0.7522136856941632,0.4062925588494884,-0.8178278663975544,0.0,0.8178278663975544,True,post_nasdaq
~asp_mars_pluto_sextile_orb3 & ~asp_mercury_venus_sextile_orb1 & asp_neptune_uranus_conj_orb5 & ~asp_neptune_venus_conj_orb5,4,10,-0.3842400857698073,-0.23424008576980732,0.2761174137979638,0.5783831020883071,0.7283831020883071,1.120823530986432,0.39244042889812486,0.5783831020883071,7,100,22,0.959304980750614,-0.2044341522827901,False,-0.9052880872991425,-0.7552880872991424,0.0,0.7552880872991424,,,validation,,0.3536941385453874,0.7599866973948758,0.4062925588494884,-0.8178278663975544,0.0,0.8178278663975544,True,post_nasdaq
~asp_mars_pluto_sextile_orb3 & asp_neptune_uranus_conj_orb5 & ~asp_saturn_sun_sextile_orb5 & ~asp_saturn_venus_sextile_orb5,4,10,-0.3335506548132372,-0.18355065481323718,0.3268068447545339,0.5783663522196937,0.7283663522196937,1.1208067811178186,0.39244042889812486,0.5783663522196937,7,97,27,0.9592811177340606,-0.2044341522827901,False,-0.9052880872991425,-0.7552880872991424,0.0,0.7552880872991424,,,validation,,0.3688533956067826,0.775145954456271,0.4062925588494884,-0.8178278663975544,0.0,0.8178278663975544,True,post_nasdaq
~asp_mars_pluto_sextile_orb3 & ~asp_mercury_uranus_sextile_orb1 & asp_neptune_uranus_conj_orb5 & ~asp_saturn_venus_sextile_orb5,4,10,-0.3752923543355544,-0.2252923543355544,0.2850651452322167,0.5783121146008295,0.7283121146008296,1.1207525434989545,0.39244042889812486,0.5783121146008295,7,85,26,0.9592038471231397,-0.2044341522827901,False,-0.9052880872991425,-0.7552880872991424,0.0,0.7552880872991424,,,validation,,0.42970240927432285,0.8359949681238112,0.4062925588494884,-0.8178278663975544,0.0,0.8178278663975544,True,post_nasdaq
~asp_mars_pluto_sextile_orb3 & asp_neptune_uranus_conj_orb5 & ~asp_neptune_venus_conj_orb3 & ~asp_saturn_venus_trine_orb3,4,10,-0.31964934586885174,-0.16964934586885178,0.3407081536989193,0.578252916850914,0.728252916850914,1.120693345749039,0.39244042889812486,0.578252916850914,6,93,23,0.9591195100353935,-0.2044341522827901,False,-0.9052880872991425,-0.7552880872991424,0.0,0.7552880872991424,,,validation,,0.2995588986497642,0.7058514574992526,0.4062925588494884,-0.8178278663975544,0.0,0.8178278663975544,True,post_nasdaq
~asp_mars_pluto_sextile_orb5 & ~asp_mars_sun_square_orb1 & asp_neptune_uranus_conj_orb5 & ~asp_neptune_venus_conj_orb5,4,10,-0.3733808417260287,-0.22338084172602868,0.2869766578417424,0.578202065917604,0.7282020659176041,1.120642494815729,0.39244042889812486,0.578202065917604,5,98,17,0.9590470644362659,-0.2044341522827901,False,-0.9052880872991425,-0.7552880872991424,0.0,0.7552880872991424,,,validation,,0.2661044473711884,0.6723970062206768,0.4062925588494884,-0.8178278663975544,0.0,0.8178278663975544,True,post_nasdaq
~asp_jupiter_moon_square_orb1 & ~asp_mars_pluto_sextile_orb3 & asp_neptune_uranus_conj_orb5 & ~asp_pluto_sun_opp_orb5,4,10,-0.40899586072748784,-0.2589958607274878,0.2513616388402833,0.5781808762225052,0.7281808762225053,1.1206213051206302,0.39244042889812486,0.5781808762225052,7,93,26,0.9590168762112865,-0.2044341522827901,False,-0.9052880872991425,-0.7552880872991424,0.0,0.7552880872991424,,,validation,,0.3635128179187553,0.7698053767682437,0.4062925588494884,-0.8178278663975544,0.0,0.8178278663975544,True,post_nasdaq
~asp_mercury_uranus_square_orb5 & asp_pluto_uranus_sextile_orb3 & ~asp_saturn_venus_sextile_orb5 & ~mars_ingress_3d,4,10,-0.7428880896870279,-0.5928880896870279,-0.08253059011925677,0.578117518734837,0.728117518734837,1.120557947632962,0.39244042889812486,0.578117518734837,35,40,45,0.9589266130433363,-0.2044341522827901,False,-0.9052880872991425,-0.7552880872991424,0.0,0.7552880872991424,,,validation,,0.67329528130597,1.0795878401554584,0.4062925588494884,-0.8178278663975544,0.0,0.8178278663975544,True,post_nasdaq
~asp_mars_sun_square_orb3 & ~asp_mercury_uranus_square_orb5 & asp_pluto_uranus_sextile_orb3 & ~asp_uranus_venus_sextile_orb5,4,10,-0.6987226966358875,-0.5487226966358875,-0.03836519706811639,0.5781149635204962,0.7281149635204962,1.1205553924186211,0.39244042889812486,0.5781149635204962,17,136,21,0.9589229727216042,-0.2044341522827901,False,-0.9052880872991425,-0.7552880872991424,0.0,0.7552880872991424,,,validation,,0.5683806565433385,0.9746732153928269,0.4062925588494884,-0.8178278663975544,0.0,0.8178278663975544,True,post_nasdaq
~asp_mars_sun_square_orb3 & asp_pluto_uranus_sextile_orb3 & ~asp_saturn_venus_trine_orb3 & ~mercury_sign_cancer,4,10,-0.6477479529666903,-0.4977479529666903,0.012609546601080839,0.5780752325052664,0.7280752325052664,1.1205156614033913,0.39244042889812486,0.5780752325052664,13,145,17,0.9588663693929258,-0.2044341522827901,False,-0.9052880872991425,-0.7552880872991424,0.0,0.7552880872991424,,,validation,,0.6296112489185532,1.0359038077680416,0.4062925588494884,-0.8178278663975544,0.0,0.8178278663975544,True,post_nasdaq
asp_neptune_uranus_conj_orb5 & ~asp_neptune_venus_conj_orb5 & ~asp_saturn_sun_sextile_orb3 & ~venus_sign_taurus,4,10,-0.4003748395071357,-0.2503748395071357,0.2599826600606354,0.5780520063082301,0.7280520063082301,1.120492435206355,0.39244042889812486,0.5780520063082301,5,129,21,0.958833279890877,-0.2044341522827901,False,-0.9052880872991425,-0.7552880872991424,0.0,0.7552880872991424,,,validation,,0.20002409424064233,0.6063166530901307,0.4062925588494884,-0.8178278663975544,0.0,0.8178278663975544,True,post_nasdaq
~asp_mars_mercury_sextile_orb3 & ~asp_mars_pluto_sextile_orb3 & asp_neptune_uranus_conj_orb5 & ~asp_neptune_venus_conj_orb3,4,10,-0.3863532802707792,-0.23635328027077918,0.2740042192969919,0.5779985272573657,0.7279985272573657,1.1204389561554906,0.39244042889812486,0.5779985272573657,6,97,22,0.958757090308473,-0.2044341522827901,False,-0.9052880872991425,-0.7552880872991424,0.0,0.7552880872991424,,,validation,,0.34374982181357444,0.7500423806630628,0.4062925588494884,-0.8178278663975544,0.0,0.8178278663975544,True,post_nasdaq
~asp_mercury_pluto_sextile_orb3 & asp_neptune_uranus_conj_orb5 & ~asp_saturn_venus_sextile_orb5 & ~asp_sun_uranus_trine_orb5,4,10,-0.38453611463300463,-0.2345361146330046,0.2758213849347665,0.5779862512049961,0.7279862512049962,1.120426680103121,0.39244042889812486,0.5779862512049961,8,60,31,0.9587396010883733,-0.2044341522827901,False,-0.9052880872991425,-0.7552880872991424,0.0,0.7552880872991424,,,validation,,0.4391084287468728,0.8454009875963612,0.4062925588494884,-0.8178278663975544,0.0,0.8178278663975544,True,post_nasdaq
~asp_mars_pluto_sextile_orb3 & asp_neptune_uranus_conj_orb5 & ~venus_sign_libra & ~venus_sign_taurus,4,10,-0.3430180278736874,-0.19301802787368738,0.3173394716940837,0.5779710252161766,0.7279710252161766,1.1204114541143015,0.39244042889812486,0.5779710252161766,5,94,18,0.9587179092111651,-0.2044341522827901,False,-0.9052880872991425,-0.7552880872991424,0.0,0.7552880872991424,,,validation,,0.486614649246166,0.8929072080956544,0.4062925588494884,-0.8178278663975544,0.0,0.8178278663975544,True,post_nasdaq
~asp_mars_pluto_sextile_orb3 & asp_neptune_uranus_conj_orb5 & ~asp_neptune_venus_conj_orb3 & ~asp_pluto_venus_square_orb1,4,10,-0.35032148689466747,-0.20032148689466744,0.31003601267310366,0.5778904877555088,0.7278904877555088,1.1203309166536337,0.39244042889812486,0.5778904877555088,7,81,22,0.9586031706804505,-0.2044341522827901,False,-0.9052880872991425,-0.7552880872991424,0.0,0.7552880872991424,,,validation,,0.34223104266662213,0.7485236015161105,0.4062925588494884,-0.8178278663975544,0.0,0.8178278663975544,True,post_nasdaq
~asp_mars_pluto_sextile_orb3 & ~asp_mercury_moon_trine_orb1 & asp_neptune_uranus_conj_orb5 & ~asp_saturn_venus_sextile_orb5,4,10,-0.3818001807968934,-0.2318001807968934,0.2785573187708777,0.5778465884032286,0.7278465884032286,1.1202870173013535,0.39244042889812486,0.5778465884032286,7,97,25,0.9585406290639611,-0.2044341522827901,False,-0.9052880872991425,-0.7552880872991424,0.0,0.7552880872991424,,,validation,,0.4125479508992366,0.818840509748725,0.4062925588494884,-0.8178278663975544,0.0,0.8178278663975544,True,post_nasdaq
~asp_jupiter_mercury_conj_orb5 & ~asp_mars_pluto_sextile_orb3 & asp_neptune_uranus_conj_orb5 & ~asp_neptune_venus_conj_orb3,4,10,-0.38283494039867627,-0.2328349403986763,0.2775225591690948,0.5778403232795702,0.7278403232795703,1.1202807521776952,0.39244042889812486,0.5778403232795702,6,94,19,0.9585317034008483,-0.2044341522827901,False,-0.9052880872991425,-0.7552880872991424,0.0,0.7552880872991424,,,validation,,0.3766830476186183,0.7829756064681067,0.4062925588494884,-0.8178278663975544,0.0,0.8178278663975544,True,post_nasdaq
asp_pluto_uranus_sextile_orb3 & ~asp_saturn_venus_trine_orb3 & ~mars_ingress_3d & ~mercury_sign_aries,4,10,-0.7019887291544546,-0.5519887291544546,-0.04163122958668352,0.5777986568601016,0.7277986568601016,1.1202390857582265,0.39244042889812486,0.5777986568601016,30,41,39,0.9584723429916868,-0.2044341522827901,False,-0.9052880872991425,-0.7552880872991424,0.0,0.7552880872991424,,,validation,,0.6076114542903062,1.0139040131397945,0.4062925588494884,-0.8178278663975544,0.0,0.8178278663975544,True,post_nasdaq
~asp_mars_uranus_trine_orb3 & asp_neptune_uranus_conj_orb5 & ~asp_neptune_venus_conj_orb5 & ~asp_saturn_sun_sextile_orb5,4,10,-0.37027644782469116,-0.2202764478246912,0.2900810517430799,0.5777011306644958,0.7277011306644958,1.1201415595626207,0.39244042889812486,0.5777011306644958,6,100,22,0.958333401620014,-0.2044341522827901,False,-0.9052880872991425,-0.7552880872991424,0.0,0.7552880872991424,,,validation,,0.30951928443426774,0.7158118432837561,0.4062925588494884,-0.8178278663975544,0.0,0.8178278663975544,True,post_nasdaq
~asp_neptune_sun_opp_orb5 & asp_neptune_uranus_conj_orb5 & ~asp_saturn_sun_sextile_orb5 & ~asp_saturn_venus_sextile_orb5,4,10,-0.4001671824012547,-0.25016718240125474,0.26019031716651636,0.577673262143722,0.7276732621437221,1.120113691041847,0.39244042889812486,0.577673262143722,7,97,27,0.9582936985717792,-0.2044341522827901,False,-0.9052880872991425,-0.7552880872991424,0.0,0.7552880872991424,,,validation,,0.35766192917020573,0.7639544880196941,0.4062925588494884,-0.8178278663975544,0.0,0.8178278663975544,True,post_nasdaq
~asp_mars_sun_square_orb3 & asp_pluto_uranus_sextile_orb3 & ~asp_saturn_venus_trine_orb5 & ~sun_sign_cancer,4,10,-0.6841957330666502,-0.5341957330666501,-0.023838233498879063,0.577667104374998,0.727667104374998,1.120107533273123,0.39244042889812486,0.577667104374998,13,138,18,0.9582849258731883,-0.2044341522827901,False,-0.9052880872991425,-0.7552880872991424,0.0,0.7552880872991424,,,validation,,0.6293547804825523,1.0356473393320407,0.4062925588494884,-0.8178278663975544,0.0,0.8178278663975544,True,post_nasdaq
~asp_jupiter_moon_square_orb1 & ~asp_mars_pluto_sextile_orb3 & ~asp_neptune_sun_trine_orb1 & asp_neptune_uranus_conj_orb5,4,10,-0.4571050827044114,-0.3071050827044114,0.20325241686335974,0.5776589086426763,0.7276589086426763,1.1200993375408013,0.39244042889812486,0.5776589086426763,8,93,31,0.958273249779835,-0.2044341522827901,False,-0.9052880872991425,-0.7552880872991424,0.0,0.7552880872991424,,,validation,,0.376470962741522,0.7827635215910104,0.4062925588494884,-0.8178278663975544,0.0,0.8178278663975544,True,post_nasdaq
~asp_mercury_pluto_sextile_orb3 & ~asp_neptune_sun_trine_orb1 & asp_neptune_uranus_conj_orb5 & ~asp_neptune_venus_conj_orb5,4,10,-0.4000156526607739,-0.2500156526607739,0.2603418469069972,0.577617019034215,0.727617019034215,1.12005744793234,0.39244042889812486,0.577617019034215,7,69,27,0.9582135715478541,-0.2044341522827901,False,-0.9052880872991425,-0.7552880872991424,0.0,0.7552880872991424,,,validation,,0.32747224939262404,0.7337648082421124,0.4062925588494884,-0.8178278663975544,0.0,0.8178278663975544,True,post_nasdaq
~asp_mars_pluto_sextile_orb3 & asp_neptune_uranus_conj_orb5 & ~asp_neptune_venus_conj_orb3 & ~asp_saturn_venus_conj_orb3,4,10,-0.31151869475805516,-0.16151869475805514,0.34883880480971596,0.5776056760264997,0.7276056760264997,1.1200461049246246,0.39244042889812486,0.5776056760264997,6,102,18,0.9581974116831731,-0.2044341522827901,False,-0.9052880872991425,-0.7552880872991424,0.0,0.7552880872991424,,,validation,,0.3281926783832508,0.7344852372327392,0.4062925588494884,-0.8178278663975544,0.0,0.8178278663975544,True,post_nasdaq
~asp_mars_pluto_sextile_orb3 & ~asp_mars_pluto_square_orb1 & asp_neptune_uranus_conj_orb5 & ~asp_neptune_venus_conj_orb5,4,10,-0.3546057414293302,-0.2046057414293302,0.3057517581384409,0.5775994729497745,0.7275994729497746,1.1200399018478995,0.39244042889812486,0.5775994729497745,7,100,21,0.9581885744443022,-0.2044341522827901,False,-0.9052880872991425,-0.7552880872991424,0.0,0.7552880872991424,,,validation,,0.38428570167502213,0.7905782605245105,0.4062925588494884,-0.8178278663975544,0.0,0.8178278663975544,True,post_nasdaq
~asp_mars_pluto_sextile_orb3 & ~asp_mercury_neptune_trine_orb3 & asp_neptune_uranus_conj_orb5 & ~asp_neptune_venus_conj_orb3,4,10,-0.3067484680575193,-0.15674846805751935,0.35360903151025175,0.5775731175935589,0.7275731175935589,1.1200135464916838,0.39244042889812486,0.5775731175935589,7,77,23,0.9581510271854323,-0.2044341522827901,False,-0.9052880872991425,-0.7552880872991424,0.0,0.7552880872991424,,,validation,,0.3852065148401969,0.7914990736896853,0.4062925588494884,-0.8178278663975544,0.0,0.8178278663975544,True,post_nasdaq
asp_pluto_uranus_sextile_orb3 & ~asp_saturn_venus_trine_orb5 & ~mars_ingress_5d & ~mercury_sign_cancer,4,10,-0.6665034124759006,-0.5165034124759006,-0.006145912908129508,0.5775404382313142,0.7275404382313142,1.1199808671294391,0.39244042889812486,0.5775404382313142,29,74,37,0.9581044704256452,-0.2044341522827901,False,-0.9052880872991425,-0.7552880872991424,0.0,0.7552880872991424,,,validation,,0.7815102520731045,1.1878028109225929,0.4062925588494884,-0.8178278663975544,0.0,0.8178278663975544,True,post_nasdaq
~asp_mars_pluto_sextile_orb3 & asp_neptune_uranus_conj_orb5 & ~asp_neptune_venus_conj_orb3 & ~asp_sun_uranus_conj_orb5,4,10,-0.30486604268258954,-0.15486604268258958,0.3554914568851815,0.5775278410770063,0.7275278410770063,1.1199682699751312,0.39244042889812486,0.5775278410770063,6,102,16,0.9580865238542045,-0.2044341522827901,False,-0.9052880872991425,-0.7552880872991424,0.0,0.7552880872991424,,,validation,,0.33555593719094584,0.7418484960404342,0.4062925588494884,-0.8178278663975544,0.0,0.8178278663975544,True,post_nasdaq
~asp_mars_pluto_sextile_orb3 & asp_neptune_uranus_conj_orb5 & ~asp_sun_uranus_conj_orb3 & ~asp_uranus_venus_square_orb3,4,10,-0.26625345299075154,-0.11625345299075152,0.3941040465770196,0.5774040186625199,0.7274040186625199,1.1198444475606448,0.39244042889812486,0.5774040186625199,6,79,24,0.9579101200631821,-0.2044341522827901,False,-0.9052880872991425,-0.7552880872991424,0.0,0.7552880872991424,,,validation,,0.3851271690870029,0.7914197279364913,0.4062925588494884,-0.8178278663975544,0.0,0.8178278663975544,True,post_nasdaq
~asp_mars_pluto_sextile_orb3 & asp_neptune_uranus_conj_orb5 & ~asp_uranus_venus_square_orb3 & ~venus_sign_capricorn,4,10,-0.27834987146619194,-0.12834987146619198,0.3820076281015791,0.5773674772924055,0.7273674772924055,1.1198079061905304,0.39244042889812486,0.5773674772924055,7,52,24,0.9578580614006438,-0.2044341522827901,False,-0.9052880872991425,-0.7552880872991424,0.0,0.7552880872991424,,,validation,,0.39239898904416787,0.7986915478936563,0.4062925588494884,-0.8178278663975544,0.0,0.8178278663975544,True,post_nasdaq
~asp_mars_pluto_sextile_orb3 & asp_neptune_uranus_conj_orb5 & ~asp_neptune_venus_conj_orb5 & ~asp_saturn_venus_sextile_orb3,4,10,-0.35774672018732545,-0.20774672018732543,0.30261077938044567,0.5773586039957944,0.7273586039957944,1.1197990328939194,0.39244042889812486,0.5773586039957944,7,98,22,0.9578454200625695,-0.2044341522827901,False,-0.9052880872991425,-0.7552880872991424,0.0,0.7552880872991424,,,validation,,0.3707493589889393,0.7770419178384277,0.4062925588494884,-0.8178278663975544,0.0,0.8178278663975544,True,post_nasdaq
~asp_mars_moon_square_orb3 & ~asp_mars_pluto_sextile_orb3 & asp_neptune_uranus_conj_orb5 & ~asp_saturn_venus_sextile_orb5,4,10,-0.3630210802069834,-0.2130210802069834,0.2973364193607877,0.5773219942466145,0.7273219942466145,1.1197624231447394,0.39244042889812486,0.5773219942466145,15,50,60,0.9577932640155629,-0.2044341522827901,False,-0.9052880872991425,-0.7552880872991424,0.0,0.7552880872991424,,,validation,,0.4310834352588013,0.8373759941082897,0.4062925588494884,-0.8178278663975544,0.0,0.8178278663975544,True,post_nasdaq
~asp_jupiter_moon_square_orb1 & ~asp_mercury_uranus_square_orb5 & asp_pluto_uranus_sextile_orb3 & ~mars_ingress_3d,4,10,-0.7212209361474777,-0.5712209361474777,-0.06086343657970664,0.5772959881247629,0.7272959881247629,1.1197364170228878,0.39244042889812486,0.5772959881247629,36,50,45,0.9577562144324585,-0.2044341522827901,False,-0.9052880872991425,-0.7552880872991424,0.0,0.7552880872991424,,,validation,,0.6416215949432427,1.047914153792731,0.4062925588494884,-0.8178278663975544,0.0,0.8178278663975544,True,post_nasdaq
~asp_jupiter_sun_conj_orb5 & ~asp_mars_pluto_sextile_orb3 & asp_neptune_uranus_conj_orb5 & ~asp_neptune_venus_conj_orb3,4,10,-0.36548413776618327,-0.2154841377661833,0.2948733618015878,0.5772547425932865,0.7272547425932865,1.1196951714914114,0.39244042889812486,0.5772547425932865,5,100,16,0.9576974540734062,-0.2044341522827901,False,-0.9052880872991425,-0.7552880872991424,0.0,0.7552880872991424,,,validation,,0.3655646047669125,0.7718571636164009,0.4062925588494884,-0.8178278663975544,0.0,0.8178278663975544,True,post_nasdaq
~asp_mars_pluto_sextile_orb3 & asp_neptune_uranus_conj_orb5 & ~asp_neptune_venus_conj_orb5 & ~sun_sign_libra,4,10,-0.33702001224645617,-0.1870200122464562,0.3233374873213149,0.5772062430712573,0.7272062430712574,1.1196466719693823,0.39244042889812486,0.5772062430712573,6,91,18,0.9576283593736241,-0.2044341522827901,False,-0.9052880872991425,-0.7552880872991424,0.0,0.7552880872991424,,,validation,,0.46179833876880655,0.8680908976182949,0.4062925588494884,-0.8178278663975544,0.0,0.8178278663975544,True,post_nasdaq
~asp_mars_neptune_trine_orb3 & asp_pluto_uranus_sextile_orb3 & ~asp_saturn_venus_trine_orb3 & ~mercury_sign_cancer,4,10,-0.6536303098634214,-0.5036303098634214,0.006727189704349713,0.5771945582411858,0.7271945582411858,1.1196349871393108,0.39244042889812486,0.5771945582411858,14,126,18,0.957611712621935,-0.2044341522827901,False,-0.9052880872991425,-0.7552880872991424,0.0,0.7552880872991424,,,validation,,0.6311668480421968,1.0374594068916851,0.4062925588494884,-0.8178278663975544,0.0,0.8178278663975544,True,post_nasdaq
~asp_mars_pluto_sextile_orb1 & asp_neptune_uranus_conj_orb5 & ~asp_neptune_venus_conj_orb5 & ~asp_saturn_sun_sextile_orb3,4,10,-0.3918664453406998,-0.2418664453406998,0.2684910542270713,0.5771294668004724,0.7271294668004724,1.1195698956985973,0.39244042889812486,0.5771294668004724,6,102,22,0.9575189803796467,-0.2044341522827901,False,-0.9052880872991425,-0.7552880872991424,0.0,0.7552880872991424,,,validation,,0.3503947534934841,0.7566873123429725,0.4062925588494884,-0.8178278663975544,0.0,0.8178278663975544,True,post_nasdaq
~asp_jupiter_sun_conj_orb5 & ~asp_mars_pluto_sextile_orb5 & asp_neptune_uranus_conj_orb5 & ~asp_uranus_venus_square_orb3,4,10,-0.3300375898418495,-0.18003758984184953,0.33031990972592157,0.5771188046143475,0.7271188046143475,1.1195592335124724,0.39244042889812486,0.5771188046143475,5,92,21,0.9575037905495483,-0.2044341522827901,False,-0.9052880872991425,-0.7552880872991424,0.0,0.7552880872991424,,,validation,,0.34911296455172364,0.755405523401212,0.4062925588494884,-0.8178278663975544,0.0,0.8178278663975544,True,post_nasdaq
~asp_mercury_moon_square_orb3 & asp_neptune_uranus_conj_orb5 & ~asp_neptune_venus_conj_orb5 & ~asp_saturn_sun_sextile_orb5,4,10,-0.3908013939675411,-0.24080139396754108,0.26955610560023,0.5770416353787527,0.7270416353787528,1.1194820642768777,0.39244042889812486,0.5770416353787527,11,93,51,0.9573938518489793,-0.2044341522827901,False,-0.9052880872991425,-0.7552880872991424,0.0,0.7552880872991424,,,validation,,0.2852509395508965,0.6915434984003849,0.4062925588494884,-0.8178278663975544,0.0,0.8178278663975544,True,post_nasdaq
~asp_mars_pluto_sextile_orb3 & ~asp_mars_sun_square_orb1 & ~asp_mercury_moon_trine_orb1 & asp_neptune_uranus_conj_orb5,4,10,-0.35924607522287433,-0.20924607522287436,0.30111142434489674,0.5770019856937519,0.727001985693752,1.1194424145918769,0.39244042889812486,0.5770019856937519,7,100,21,0.9573373652011299,-0.2044341522827901,False,-0.9052880872991425,-0.7552880872991424,0.0,0.7552880872991424,,,validation,,0.3304033263726626,0.736695885222151,0.4062925588494884,-0.8178278663975544,0.0,0.8178278663975544,True,post_nasdaq
~asp_mars_pluto_sextile_orb3 & ~asp_mars_venus_sextile_orb3 & asp_neptune_uranus_conj_orb5 & ~asp_neptune_venus_conj_orb5,4,10,-0.3798316179788348,-0.22983161797883478,0.2805258815889363,0.5769991109812492,0.7269991109812493,1.1194395398793742,0.39244042889812486,0.5769991109812492,6,91,18,0.9573332697631323,-0.2044341522827901,False,-0.9052880872991425,-0.7552880872991424,0.0,0.7552880872991424,,,validation,,0.29635230318557865,0.702644862035067,0.4062925588494884,-0.8178278663975544,0.0,0.8178278663975544,True,post_nasdaq
~asp_mars_moon_trine_orb5 & ~asp_mars_pluto_sextile_orb3 & asp_neptune_uranus_conj_orb5 & ~asp_neptune_venus_conj_orb5,4,10,-0.4410806649217055,-0.2910806649217055,0.21927683464606562,0.5768741511276486,0.7268741511276486,1.1193145800257736,0.39244042889812486,0.5768741511276486,15,39,77,0.9571552467803288,-0.2044341522827901,False,-0.9052880872991425,-0.7552880872991424,0.0,0.7552880872991424,,,validation,,0.4132961401392277,0.8195886989887161,0.4062925588494884,-0.8178278663975544,0.0,0.8178278663975544,True,post_nasdaq
~asp_mercury_sun_conj_orb1 & ~asp_mercury_uranus_square_orb5 & asp_pluto_uranus_sextile_orb3 & ~sun_sign_cancer,4,10,-0.7348115405063977,-0.5848115405063977,-0.07445404093862659,0.5768399805681635,0.7268399805681636,1.1192804094662885,0.39244042889812486,0.5768399805681635,25,87,32,0.9571065660379567,-0.2044341522827901,False,-0.9052880872991425,-0.7552880872991424,0.0,0.7552880872991424,,,validation,,0.6391227963155552,1.0454153551650436,0.4062925588494884,-0.8178278663975544,0.0,0.8178278663975544,True,post_nasdaq
~asp_mercury_moon_square_orb1 & asp_neptune_uranus_conj_orb5 & ~asp_neptune_venus_conj_orb3 & ~asp_saturn_sun_sextile_orb5,4,10,-0.37212825832388763,-0.22212825832388766,0.28822924124388344,0.5766616441765581,0.7266616441765581,1.119102073074683,0.39244042889812486,0.5766616441765581,9,93,33,0.9568525012608313,-0.2044341522827901,False,-0.9052880872991425,-0.7552880872991424,0.0,0.7552880872991424,,,validation,,0.29572295228624007,0.7020155111357285,0.4062925588494884,-0.8178278663975544,0.0,0.8178278663975544,True,post_nasdaq
~asp_jupiter_sun_conj_orb5 & ~asp_mars_pluto_sextile_orb3 & asp_neptune_uranus_conj_orb5 & ~asp_saturn_sun_conj_orb1,4,10,-0.3777330557689772,-0.22773305576897718,0.2826244437987939,0.5764993926991707,0.7264993926991707,1.1189398215972957,0.39244042889812486,0.5764993926991707,5,100,17,0.9566213521888267,-0.2044341522827901,False,-0.9052880872991425,-0.7552880872991424,0.0,0.7552880872991424,,,validation,,0.3815752600927906,0.787867818942279,0.4062925588494884,-0.8178278663975544,0.0,0.8178278663975544,True,post_nasdaq
asp_neptune_uranus_conj_orb5 & ~asp_neptune_venus_conj_orb5 & ~asp_saturn_sun_sextile_orb5,3,7,-0.2951522827797929,-0.1901522827797929,0.3202052167879782,0.5764888573440841,0.681488857344084,1.073929286242209,0.39244042889812486,0.5764888573440841,5,144,17,0.8925169139469529,-0.2044341522827901,False,-0.8602880872991424,-0.7552880872991424,0.0,0.7552880872991424,,,validation,,0.2253967058906145,0.6316892647401029,0.4062925588494884,-0.8178278663975544,0.0,0.8178278663975544,True,post_nasdaq
~asp_mars_pluto_sextile_orb3 & asp_neptune_uranus_conj_orb5 & ~asp_uranus_venus_square_orb3 & ~mercury_sign_capricorn,4,10,-0.44591407593655286,-0.2959140759365529,0.2144434236312182,0.5764790106038792,0.7264790106038792,1.1189194395020041,0.39244042889812486,0.5764790106038792,6,88,25,0.9565923151857323,-0.2044341522827901,False,-0.9052880872991425,-0.7552880872991424,0.0,0.7552880872991424,,,validation,,0.3834090276513296,0.789701586500818,0.4062925588494884,-0.8178278663975544,0.0,0.8178278663975544,True,post_nasdaq
~asp_jupiter_sun_conj_orb5 & ~asp_mars_pluto_sextile_orb3 & ~asp_mars_sun_square_orb3 & asp_neptune_uranus_conj_orb5,4,10,-0.3624735884309416,-0.21247358843094155,0.29788391113682955,0.5764481979087343,0.7264481979087343,1.1188886268068592,0.39244042889812486,0.5764481979087343,5,100,16,0.956548418422186,-0.2044341522827901,False,-0.9052880872991425,-0.7552880872991424,0.0,0.7552880872991424,,,validation,,0.3323695065469356,0.738662065396424,0.4062925588494884,-0.8178278663975544,0.0,0.8178278663975544,True,post_nasdaq
~asp_mars_pluto_sextile_orb3 & asp_neptune_uranus_conj_orb5 & ~asp_neptune_venus_conj_orb3 & ~asp_uranus_venus_opp_orb5,4,10,-0.3838585043547672,-0.23385850435476718,0.2764989952130039,0.5763478422923966,0.7263478422923966,1.1187882711905215,0.39244042889812486,0.5763478422923966,5,96,17,0.9564054486861209,-0.2044341522827901,False,-0.9052880872991425,-0.7552880872991424,0.0,0.7552880872991424,,,validation,,0.33173591512768724,0.7380284739771756,0.4062925588494884,-0.8178278663975544,0.0,0.8178278663975544,True,post_nasdaq
~asp_jupiter_sun_conj_orb3 & ~asp_mars_pluto_sextile_orb3 & ~asp_mercury_moon_trine_orb1 & asp_neptune_uranus_conj_orb5,4,10,-0.32928366769850903,-0.179283667698509,0.3310738318692621,0.5762680824153418,0.7262680824153418,1.1187085113134667,0.39244042889812486,0.5762680824153418,7,100,19,0.9562918204185924,-0.2044341522827901,False,-0.9052880872991425,-0.7552880872991424,0.0,0.7552880872991424,,,validation,,0.3315406937394489,0.7378332525889373,0.4062925588494884,-0.8178278663975544,0.0,0.8178278663975544,True,post_nasdaq
~asp_jupiter_sun_conj_orb5 & ~asp_mars_pluto_sextile_orb3 & asp_neptune_uranus_conj_orb5 & ~sun_sign_leo,4,10,-0.4224648691298516,-0.27246486912985163,0.23789263043791947,0.5762489859407464,0.7262489859407464,1.1186894148388713,0.39244042889812486,0.5762489859407464,4,133,14,0.9562646150370344,-0.2044341522827901,False,-0.9052880872991425,-0.7552880872991424,0.0,0.7552880872991424,,,validation,,0.30470671469421345,0.7109992735437018,0.4062925588494884,-0.8178278663975544,0.0,0.8178278663975544,True,post_nasdaq
~asp_jupiter_moon_square_orb1 & ~asp_mars_pluto_sextile_orb3 & asp_neptune_uranus_conj_orb5 & ~venus_sign_taurus,4,10,-0.44344324692068426,-0.29344324692068424,0.21691425264708689,0.5762289805628703,0.7262289805628703,1.1186694094609952,0.39244042889812486,0.5762289805628703,7,94,25,0.9562361148134382,-0.2044341522827901,False,-0.9052880872991425,-0.7552880872991424,0.0,0.7552880872991424,,,validation,,0.3470593839664728,0.7533519428159612,0.4062925588494884,-0.8178278663975544,0.0,0.8178278663975544,True,post_nasdaq
asp_neptune_uranus_conj_orb5 & ~asp_neptune_venus_conj_orb3 & ~asp_pluto_sun_sextile_orb3 & ~asp_saturn_sun_sextile_orb5,4,10,-0.32217672309126855,-0.17217672309126852,0.3381807764765026,0.5762009577195059,0.7262009577195059,1.1186413866176308,0.39244042889812486,0.5762009577195059,7,84,26,0.9561961926960023,-0.2044341522827901,False,-0.9052880872991425,-0.7552880872991424,0.0,0.7552880872991424,,,validation,,0.26680932202102164,0.67310188087051,0.4062925588494884,-0.8178278663975544,0.0,0.8178278663975544,True,post_nasdaq
~asp_mars_pluto_sextile_orb5 & asp_neptune_uranus_conj_orb5 & ~asp_neptune_venus_conj_orb3 & ~sun_sign_leo,4,10,-0.43207950804670026,-0.28207950804670023,0.22827799152107084,0.576168733170119,0.726168733170119,1.118609162068244,0.39244042889812486,0.576168733170119,4,90,14,0.9561502847305106,-0.2044341522827901,False,-0.9052880872991425,-0.7552880872991424,0.0,0.7552880872991424,,,validation,,0.2415039739316504,0.6477965327811388,0.4062925588494884,-0.8178278663975544,0.0,0.8178278663975544,True,post_nasdaq
~asp_mars_pluto_sextile_orb3 & ~asp_moon_pluto_sextile_orb1 & asp_neptune_uranus_conj_orb5 & ~asp_neptune_venus_conj_orb5,4,10,-0.3692116905613986,-0.2192116905613986,0.2911458090063725,0.5761668100526306,0.7261668100526306,1.1186072389507555,0.39244042889812486,0.5761668100526306,6,100,28,0.9561475450058972,-0.2044341522827901,False,-0.9052880872991425,-0.7552880872991424,0.0,0.7552880872991424,,,validation,,0.3419660895047713,0.7482586483542597,0.4062925588494884,-0.8178278663975544,0.0,0.8178278663975544,True,post_nasdaq
~asp_jupiter_sun_sextile_orb5 & ~asp_moon_saturn_trine_orb3 & asp_pluto_uranus_sextile_orb3 & ~mars_ingress_3d,4,10,-0.6023273574928139,-0.4523273574928139,0.05803014207495721,0.5761412570159773,0.7261412570159773,1.1185816859141022,0.39244042889812486,0.5761412570159773,46,44,58,0.9561111414730832,-0.2044341522827901,False,-0.9052880872991425,-0.7552880872991424,0.0,0.7552880872991424,,,validation,,0.6970743327912594,1.1033668916407477,0.4062925588494884,-0.8178278663975544,0.0,0.8178278663975544,True,post_nasdaq
~asp_mars_pluto_sextile_orb3 & ~asp_moon_saturn_trine_orb1 & asp_neptune_uranus_conj_orb5 & ~asp_sun_uranus_trine_orb5,4,10,-0.325591620051337,-0.175591620051337,0.3347658795164341,0.5761325619570096,0.7261325619570096,1.1185729908551345,0.39244042889812486,0.5761325619570096,6,94,29,0.9560987542646202,-0.2044341522827901,False,-0.9052880872991425,-0.7552880872991424,0.0,0.7552880872991424,,,validation,,0.3767643773390342,0.7830569361885226,0.4062925588494884,-0.8178278663975544,0.0,0.8178278663975544,True,post_nasdaq
~asp_moon_saturn_trine_orb1 & asp_pluto_uranus_sextile_orb3 & ~mars_ingress_5d & ~mercury_sign_aries,4,10,-0.6912060779342234,-0.5412060779342234,-0.03084857836645232,0.5761281115117663,0.7261281115117664,1.1185685404098913,0.39244042889812486,0.5761281115117663,32,41,43,0.9560924140444633,-0.2044341522827901,False,-0.9052880872991425,-0.7552880872991424,0.0,0.7552880872991424,,,validation,,0.6943188658118862,1.1006114246613745,0.4062925588494884,-0.8178278663975544,0.0,0.8178278663975544,True,post_nasdaq
~asp_mars_pluto_sextile_orb3 & ~asp_mercury_neptune_square_orb3 & asp_neptune_uranus_conj_orb5 & ~asp_neptune_venus_conj_orb3,4,10,-0.3784941489322564,-0.2284941489322564,0.2818633506355147,0.5761181965216803,0.7261181965216803,1.1185586254198052,0.39244042889812486,0.5761181965216803,7,93,25,0.9560782888928174,-0.2044341522827901,False,-0.9052880872991425,-0.7552880872991424,0.0,0.7552880872991424,,,validation,,0.3506682050065664,0.7569607638560548,0.4062925588494884,-0.8178278663975544,0.0,0.8178278663975544,True,post_nasdaq
~asp_jupiter_mercury_opp_orb5 & asp_neptune_uranus_conj_orb5 & ~asp_neptune_venus_conj_orb5 & ~asp_saturn_sun_sextile_orb3,4,10,-0.38379174740068833,-0.23379174740068837,0.27656575216708273,0.5760831814868029,0.726083181486803,1.1185236103849279,0.39244042889812486,0.5760831814868029,6,119,21,0.9560284055823443,-0.2044341522827901,False,-0.9052880872991425,-0.7552880872991424,0.0,0.7552880872991424,,,validation,,0.15533814976113153,0.5616307086106199,0.4062925588494884,-0.8178278663975544,0.0,0.8178278663975544,True,post_nasdaq
~asp_mars_pluto_sextile_orb5 & ~asp_moon_venus_trine_orb3 & asp_neptune_uranus_conj_orb5 & ~asp_neptune_venus_conj_orb5,4,10,-0.4607716291780988,-0.3107716291780988,0.1995858703896723,0.5760313196341446,0.7260313196341446,1.1184717485322695,0.39244042889812486,0.5760313196341446,10,62,54,0.9559545219091534,-0.2044341522827901,False,-0.9052880872991425,-0.7552880872991424,0.0,0.7552880872991424,,,validation,,0.3396112757815026,0.745903834630991,0.4062925588494884,-0.8178278663975544,0.0,0.8178278663975544,True,post_nasdaq
~asp_mars_pluto_sextile_orb3 & asp_neptune_uranus_conj_orb5 & ~asp_neptune_venus_conj_orb3 & ~asp_saturn_sun_conj_orb5,4,10,-0.35518266032492574,-0.20518266032492577,0.30517483924284533,0.5760144360000105,0.7260144360000105,1.1184548648981354,0.39244042889812486,0.5760144360000105,5,102,17,0.9559304690790136,-0.2044341522827901,False,-0.9052880872991425,-0.7552880872991424,0.0,0.7552880872991424,,,validation,,0.32420059113090266,0.730493149980391,0.4062925588494884,-0.8178278663975544,0.0,0.8178278663975544,True,post_nasdaq
~asp_mars_moon_trine_orb1 & ~asp_mars_pluto_sextile_orb3 & asp_neptune_uranus_conj_orb5 & ~asp_neptune_venus_conj_orb3,4,10,-0.33793353800795567,-0.1879335380079557,0.3224239615598154,0.5759002548473257,0.7259002548473257,1.1183406837454506,0.39244042889812486,0.5759002548473257,6,102,26,0.9557678040129538,-0.2044341522827901,False,-0.9052880872991425,-0.7552880872991424,0.0,0.7552880872991424,,,validation,,0.3373325316671399,0.7436250905166283,0.4062925588494884,-0.8178278663975544,0.0,0.8178278663975544,True,post_nasdaq
~asp_mercury_uranus_square_orb1 & ~asp_moon_saturn_trine_orb1 & asp_pluto_uranus_sextile_orb3 & ~mars_ingress_3d,4,10,-0.6473307085853245,-0.4973307085853245,0.013026790982446584,0.5758514527860764,0.7258514527860764,1.1182918816842013,0.39244042889812486,0.5758514527860764,37,50,48,0.9556982795627957,-0.2044341522827901,False,-0.9052880872991425,-0.7552880872991424,0.0,0.7552880872991424,,,validation,,0.6556002736795339,1.0618928325290222,0.4062925588494884,-0.8178278663975544,0.0,0.8178278663975544,True,post_nasdaq
~asp_mars_pluto_sextile_orb3 & asp_neptune_uranus_conj_orb5 & ~asp_neptune_venus_conj_orb5 & ~asp_neptune_venus_sextile_orb1,4,10,-0.34413947980462445,-0.19413947980462443,0.3162180197631467,0.5758387211444199,0.7258387211444199,1.1182791500425449,0.39244042889812486,0.5758387211444199,6,100,21,0.9556801418038849,-0.2044341522827901,False,-0.9052880872991425,-0.7552880872991424,0.0,0.7552880872991424,,,validation,,0.3803417593070198,0.7866343181565082,0.4062925588494884,-0.8178278663975544,0.0,0.8178278663975544,True,post_nasdaq
~asp_mars_sun_sextile_orb5 & ~asp_mercury_pluto_sextile_orb3 & asp_neptune_uranus_conj_orb5 & ~asp_neptune_venus_conj_orb3,4,10,-0.39058940829800903,-0.240589408298009,0.2697680912697621,0.5757639606689114,0.7257639606689115,1.1182043895670364,0.39244042889812486,0.5757639606689114,6,93,20,0.9555736365531404,-0.2044341522827901,False,-0.9052880872991425,-0.7552880872991424,0.0,0.7552880872991424,,,validation,,0.3632507460576278,0.7695433049071162,0.4062925588494884,-0.8178278663975544,0.0,0.8178278663975544,True,post_nasdaq
~asp_mercury_uranus_square_orb5 & ~asp_pluto_sun_trine_orb3 & asp_pluto_uranus_sextile_orb3 & ~mars_ingress_3d,4,10,-0.7034404454742802,-0.5534404454742802,-0.043082945906509094,0.575727879975464,0.7257278799754641,1.118168308873589,0.39244042889812486,0.575727879975464,32,41,44,0.9555222353223893,-0.2044341522827901,False,-0.9052880872991425,-0.7552880872991424,0.0,0.7552880872991424,,,validation,,0.6354187676650527,1.041711326514541,0.4062925588494884,-0.8178278663975544,0.0,0.8178278663975544,True,post_nasdaq
~asp_mars_pluto_sextile_orb3 & asp_neptune_uranus_conj_orb5 & ~asp_neptune_venus_conj_orb3 & ~mercury_sign_virgo,4,10,-0.40175392842582125,-0.2517539284258213,0.2586035711419498,0.5757020969263199,0.7257020969263199,1.1181425258244448,0.39244042889812486,0.5757020969263199,6,93,18,0.9554855043235266,-0.2044341522827901,False,-0.9052880872991425,-0.7552880872991424,0.0,0.7552880872991424,,,validation,,0.352621026938223,0.7589135857877114,0.4062925588494884,-0.8178278663975544,0.0,0.8178278663975544,True,post_nasdaq
~asp_mercury_pluto_sextile_orb5 & asp_neptune_uranus_conj_orb5 & ~asp_neptune_venus_conj_orb5 & ~asp_saturn_sun_trine_orb3,4,10,-0.40973786854531,-0.25973786854531006,0.25061963102246104,0.5756774841543738,0.7256774841543738,1.1181179130524987,0.39244042889812486,0.5756774841543738,7,93,26,0.9554504405345821,-0.2044341522827901,False,-0.9052880872991425,-0.7552880872991424,0.0,0.7552880872991424,,,validation,,0.46164127734545873,0.8679338361949471,0.4062925588494884,-0.8178278663975544,0.0,0.8178278663975544,True,post_nasdaq
~asp_mars_neptune_sextile_orb3 & ~asp_mars_pluto_sextile_orb3 & asp_neptune_uranus_conj_orb5 & ~asp_saturn_venus_sextile_orb5,4,10,-0.36695058073398557,-0.21695058073398554,0.29340691883378556,0.5755254006696616,0.7255254006696616,1.1179658295677866,0.39244042889812486,0.5755254006696616,7,70,22,0.9552337799764907,-0.2044341522827901,False,-0.9052880872991425,-0.7552880872991424,0.0,0.7552880872991424,,,validation,,0.44541483138037424,0.8517073902298626,0.4062925588494884,-0.8178278663975544,0.0,0.8178278663975544,True,post_nasdaq
~asp_mars_pluto_sextile_orb3 & ~asp_neptune_sun_square_orb3 & asp_neptune_uranus_conj_orb5 & ~asp_saturn_venus_sextile_orb5,4,10,-0.3900473311710507,-0.2400473311710507,0.2703101683967204,0.5754992714116064,0.7254992714116064,1.1179397003097313,0.39244042889812486,0.5754992714116064,8,59,29,0.9551965558630753,-0.2044341522827901,False,-0.9052880872991425,-0.7552880872991424,0.0,0.7552880872991424,,,validation,,0.4305289603015104,0.8368215191509988,0.4062925588494884,-0.8178278663975544,0.0,0.8178278663975544,True,post_nasdaq
~asp_jupiter_mercury_trine_orb1 & ~asp_mars_pluto_sextile_orb3 & asp_neptune_uranus_conj_orb5 & ~asp_saturn_venus_sextile_orb5,4,10,-0.32006579107950184,-0.17006579107950187,0.34029170848826923,0.5754882899639037,0.7254882899639037,1.1179287188620286,0.39244042889812486,0.5754882899639037,8,92,29,0.955180911540056,-0.2044341522827901,False,-0.9052880872991425,-0.7552880872991424,0.0,0.7552880872991424,,,validation,,0.41675433604110595,0.8230468948905943,0.4062925588494884,-0.8178278663975544,0.0,0.8178278663975544,True,post_nasdaq
~asp_mars_pluto_sextile_orb3 & ~asp_mercury_moon_trine_orb1 & ~asp_moon_venus_trine_orb3 & asp_neptune_uranus_conj_orb5,4,10,-0.4731548248805709,-0.32315482488057096,0.18720267468720014,0.5754434454409526,0.7254434454409526,1.1178838743390775,0.39244042889812486,0.5754434454409526,12,62,59,0.9551170254332604,-0.2044341522827901,False,-0.9052880872991425,-0.7552880872991424,0.0,0.7552880872991424,,,validation,,0.39742046368367384,0.8037130225331622,0.4062925588494884,-0.8178278663975544,0.0,0.8178278663975544,True,post_nasdaq
~asp_mars_moon_square_orb3 & ~asp_mars_pluto_sextile_orb3 & asp_neptune_uranus_conj_orb5 & ~asp_neptune_venus_conj_orb3,4,10,-0.3516782277305408,-0.20167822773054078,0.3086792718372303,0.5754006232847334,0.7254006232847334,1.1178410521828583,0.39244042889812486,0.5754006232847334,16,57,57,0.9550560204529153,-0.2044341522827901,False,-0.9052880872991425,-0.7552880872991424,0.0,0.7552880872991424,,,validation,,0.3426427546544623,0.7489353135039507,0.4062925588494884,-0.8178278663975544,0.0,0.8178278663975544,True,post_nasdaq
~asp_mars_pluto_sextile_orb5 & asp_neptune_uranus_conj_orb5 & ~asp_neptune_venus_conj_orb3 & ~venus_sign_libra,4,10,-0.35347565535999803,-0.203475655359998,0.3068818442077731,0.575292454376232,0.725292454376232,1.117732883274357,0.39244042889812486,0.575292454376232,5,90,17,0.9549019218260513,-0.2044341522827901,False,-0.9052880872991425,-0.7552880872991424,0.0,0.7552880872991424,,,validation,,0.47762398523124144,0.8839165440807298,0.4062925588494884,-0.8178278663975544,0.0,0.8178278663975544,True,post_nasdaq
~asp_mars_pluto_sextile_orb3 & ~asp_moon_uranus_square_orb1 & asp_neptune_uranus_conj_orb5 & ~asp_neptune_venus_conj_orb5,4,10,-0.3516920787315737,-0.20169207873157374,0.30866542083619736,0.5752840650782941,0.7252840650782941,1.117724493976419,0.39244042889812486,0.5752840650782941,8,77,28,0.9548899703484715,-0.2044341522827901,False,-0.9052880872991425,-0.7552880872991424,0.0,0.7552880872991424,,,validation,,0.3783928007789889,0.7846853596284773,0.4062925588494884,-0.8178278663975544,0.0,0.8178278663975544,True,post_nasdaq
~asp_mars_pluto_sextile_orb3 & ~asp_mercury_neptune_sextile_orb3 & asp_neptune_uranus_conj_orb5 & ~asp_saturn_venus_sextile_orb5,4,10,-0.41828349867605263,-0.26828349867605267,0.24207400089171843,0.5752742797899794,0.7252742797899794,1.1177147086881043,0.39244042889812486,0.5752742797899794,8,83,31,0.9548760301307619,-0.2044341522827901,False,-0.9052880872991425,-0.7552880872991424,0.0,0.7552880872991424,,,validation,,0.4674729481099931,0.8737655069594815,0.4062925588494884,-0.8178278663975544,0.0,0.8178278663975544,True,post_nasdaq
~asp_mars_pluto_sextile_orb3 & asp_neptune_uranus_conj_orb5 & ~asp_neptune_venus_conj_orb5 & ~asp_saturn_venus_trine_orb3,4,10,-0.31656121173486607,-0.1665612117348661,0.343796287832905,0.5752686696538297,0.7252686696538297,1.1177090985519547,0.39244042889812486,0.5752686696538297,6,91,23,0.9548680378766006,-0.2044341522827901,False,-0.9052880872991425,-0.7552880872991424,0.0,0.7552880872991424,,,validation,,0.30926781814766574,0.7155603769971541,0.4062925588494884,-0.8178278663975544,0.0,0.8178278663975544,True,post_nasdaq
~asp_mars_pluto_sextile_orb3 & ~asp_mercury_saturn_opp_orb5 & asp_neptune_uranus_conj_orb5 & ~asp_neptune_venus_conj_orb3,4,10,-0.4105228768482947,-0.26052287684829467,0.24983462271947646,0.5752508289600516,0.7252508289600517,1.1176912578581766,0.39244042889812486,0.5752508289600516,6,93,19,0.9548426218558608,-0.2044341522827901,False,-0.9052880872991425,-0.7552880872991424,0.0,0.7552880872991424,,,validation,,0.3723083389314183,0.7786008977809067,0.4062925588494884,-0.8178278663975544,0.0,0.8178278663975544,True,post_nasdaq
~asp_mars_moon_trine_orb5 & ~asp_mars_pluto_sextile_orb3 & asp_neptune_uranus_conj_orb5 & ~asp_neptune_venus_conj_orb3,4,10,-0.44407343355704443,-0.2940734335570444,0.21628406601072672,0.575228411257443,0.725228411257443,1.1176688401555679,0.39244042889812486,0.575228411257443,15,39,77,0.954810685393741,-0.2044341522827901,False,-0.9052880872991425,-0.7552880872991424,0.0,0.7552880872991424,,,validation,,0.4197169138453775,0.8260094726948659,0.4062925588494884,-0.8178278663975544,0.0,0.8178278663975544,True,post_nasdaq
asp_neptune_uranus_conj_orb5 & ~asp_neptune_venus_conj_orb3 & ~asp_saturn_sun_sextile_orb5 & ~venus_sign_leo,4,10,-0.2513722146547104,-0.10137221465471041,0.4089852849130607,0.5751115616038333,0.7251115616038333,1.1175519905019582,0.39244042889812486,0.5751115616038333,6,80,23,0.9546442204742205,-0.2044341522827901,False,-0.9052880872991425,-0.7552880872991424,0.0,0.7552880872991424,,,validation,,0.17451560073670075,0.5808081595861891,0.4062925588494884,-0.8178278663975544,0.0,0.8178278663975544,True,post_nasdaq
~asp_jupiter_venus_square_orb1 & ~asp_mars_pluto_sextile_orb3 & asp_neptune_uranus_conj_orb5 & ~asp_neptune_venus_conj_orb3,4,10,-0.3564060253985185,-0.2064060253985185,0.3039514741692526,0.5750311687887605,0.7250311687887605,1.1174715976868854,0.39244042889812486,0.5750311687887605,7,76,18,0.95452969239967,-0.2044341522827901,False,-0.9052880872991425,-0.7552880872991424,0.0,0.7552880872991424,,,validation,,0.3403217720189449,0.7466143308684333,0.4062925588494884,-0.8178278663975544,0.0,0.8178278663975544,True,post_nasdaq
~asp_mars_pluto_sextile_orb3 & ~asp_mercury_neptune_square_orb1 & asp_neptune_uranus_conj_orb5 & ~asp_neptune_venus_conj_orb3,4,10,-0.35766026970571674,-0.20766026970571672,0.3026972298620544,0.5749257642466344,0.7249257642466345,1.1173661931447594,0.39244042889812486,0.5749257642466344,6,93,22,0.9543795326590194,-0.2044341522827901,False,-0.9052880872991425,-0.7552880872991424,0.0,0.7552880872991424,,,validation,,0.3425981523436769,0.7488907111931653,0.4062925588494884,-0.8178278663975544,0.0,0.8178278663975544,True,post_nasdaq
~asp_mars_mercury_sextile_orb3 & ~asp_mars_pluto_sextile_orb3 & asp_neptune_uranus_conj_orb5 & ~asp_neptune_venus_conj_orb5,4,10,-0.3833844564725001,-0.23338445647250006,0.27697304309527104,0.5747719277828843,0.7247719277828844,1.1172123566810093,0.39244042889812486,0.5747719277828843,6,95,22,0.9541603769851206,-0.2044341522827901,False,-0.9052880872991425,-0.7552880872991424,0.0,0.7552880872991424,,,validation,,0.3537722417883215,0.7600648006378099,0.4062925588494884,-0.8178278663975544,0.0,0.8178278663975544,True,post_nasdaq
~asp_mars_pluto_sextile_orb3 & ~asp_neptune_sun_trine_orb5 & asp_neptune_uranus_conj_orb5 & ~asp_neptune_venus_conj_orb3,4,10,-0.3705724718741775,-0.22057247187417756,0.28978502769359354,0.5747683767096937,0.7247683767096937,1.1172088056078187,0.39244042889812486,0.5747683767096937,7,60,23,0.9541553181258597,-0.2044341522827901,False,-0.9052880872991425,-0.7552880872991424,0.0,0.7552880872991424,,,validation,,0.33922545621326744,0.7455180150627558,0.4062925588494884,-0.8178278663975544,0.0,0.8178278663975544,True,post_nasdaq
asp_neptune_uranus_conj_orb5 & ~asp_neptune_venus_conj_orb3 & ~asp_pluto_sun_opp_orb5 & ~asp_saturn_sun_sextile_orb3,4,10,-0.37317137488028895,-0.223171374880289,0.2871861246874821,0.5747603531718367,0.7247603531718367,1.1172007820699617,0.39244042889812486,0.5747603531718367,5,141,22,0.9541438877938235,-0.2044341522827901,False,-0.9052880872991425,-0.7552880872991424,0.0,0.7552880872991424,,,validation,,0.22111291379168646,0.6274054726411749,0.4062925588494884,-0.8178278663975544,0.0,0.8178278663975544,True,post_nasdaq
~asp_mercury_sun_conj_orb1 & ~asp_moon_saturn_trine_orb1 & asp_pluto_uranus_sextile_orb3 & ~sun_sign_cancer,4,10,-0.6795957020934073,-0.5295957020934072,-0.01923820252563608,0.5747232983889784,0.7247232983889784,1.1171637272871033,0.39244042889812486,0.5747232983889784,28,84,36,0.9540910995660481,-0.2044341522827901,False,-0.9052880872991425,-0.7552880872991424,0.0,0.7552880872991424,,,validation,,0.6395231301144044,1.0458156889638928,0.4062925588494884,-0.8178278663975544,0.0,0.8178278663975544,True,post_nasdaq
asp_neptune_uranus_conj_orb5 & ~asp_neptune_venus_conj_orb3 & ~asp_saturn_sun_sextile_orb5 & ~mars_ingress_3d,4,10,-0.45582030248510774,-0.3058203024851078,0.20453719708266332,0.5746800624517009,0.7246800624517009,1.1171204913498258,0.39244042889812486,0.5746800624517009,11,47,47,0.9540295057013959,-0.2044341522827901,False,-0.9052880872991425,-0.7552880872991424,0.0,0.7552880872991424,,,validation,,0.2764809081256963,0.6827734669751847,0.4062925588494884,-0.8178278663975544,0.0,0.8178278663975544,True,post_nasdaq
~asp_mars_pluto_sextile_orb3 & ~asp_mars_venus_square_orb3 & asp_neptune_uranus_conj_orb5 & ~asp_neptune_venus_conj_orb3,4,10,-0.3581340792932918,-0.2081340792932918,0.3022234202744793,0.5746774853188391,0.7246774853188391,1.117117914216964,0.39244042889812486,0.5746774853188391,7,102,21,0.9540258343221204,-0.2044341522827901,False,-0.9052880872991425,-0.7552880872991424,0.0,0.7552880872991424,,,validation,,0.30966964281496084,0.7159622016644492,0.4062925588494884,-0.8178278663975544,0.0,0.8178278663975544,True,post_nasdaq
~asp_jupiter_mercury_conj_orb5 & ~asp_mars_pluto_sextile_orb3 & asp_neptune_uranus_conj_orb5 & ~asp_neptune_venus_conj_orb5,4,10,-0.379837441380694,-0.229837441380694,0.2805200581870771,0.5746402087156227,0.7246402087156227,1.1170806376137477,0.39244042889812486,0.5746402087156227,6,94,19,0.9539727301480694,-0.2044341522827901,False,-0.9052880872991425,-0.7552880872991424,0.0,0.7552880872991424,,,validation,,0.3875358409224888,0.7938283997719772,0.4062925588494884,-0.8178278663975544,0.0,0.8178278663975544,True,post_nasdaq
~asp_mars_pluto_sextile_orb3 & ~asp_mercury_moon_sextile_orb3 & asp_neptune_uranus_conj_orb5 & ~asp_neptune_venus_conj_orb3,4,10,-0.37548824522027713,-0.22548824522027716,0.28486925434749394,0.574627853725655,0.724627853725655,1.1170682826237799,0.39244042889812486,0.574627853725655,12,42,49,0.9539551292600219,-0.2044341522827901,False,-0.9052880872991425,-0.7552880872991424,0.0,0.7552880872991424,,,validation,,0.3037574796088868,0.7100500384583752,0.4062925588494884,-0.8178278663975544,0.0,0.8178278663975544,True,post_nasdaq
~asp_mars_pluto_sextile_orb3 & asp_neptune_uranus_conj_orb5 & ~asp_neptune_venus_conj_orb5 & ~asp_pluto_venus_square_orb1,4,10,-0.3473530655563306,-0.1973530655563306,0.3130044340114405,0.5746245266651485,0.7246245266651485,1.1170649555632735,0.39244042889812486,0.5746245266651485,7,79,22,0.9539503895383783,-0.2044341522827901,False,-0.9052880872991425,-0.7552880872991424,0.0,0.7552880872991424,,,validation,,0.35219362929187986,0.7584861881413683,0.4062925588494884,-0.8178278663975544,0.0,0.8178278663975544,True,post_nasdaq
~asp_mars_pluto_sextile_orb3 & ~asp_mars_saturn_sextile_orb1 & asp_neptune_uranus_conj_orb5 & ~asp_neptune_venus_conj_orb3,4,10,-0.3382992805795383,-0.18829928057953826,0.32205821898823284,0.5744479878666374,0.7244479878666374,1.1168884167647624,0.39244042889812486,0.5744479878666374,6,102,18,0.9536988931328336,-0.2044341522827901,False,-0.9052880872991425,-0.7552880872991424,0.0,0.7552880872991424,,,validation,,0.34495734341062195,0.7512499022601103,0.4062925588494884,-0.8178278663975544,0.0,0.8178278663975544,True,post_nasdaq
~asp_mars_pluto_sextile_orb3 & asp_neptune_uranus_conj_orb5 & ~asp_neptune_venus_conj_orb5 & ~asp_sun_uranus_conj_orb5,4,10,-0.3094636505289545,-0.1594636505289545,0.3508938490388166,0.5744427134414,0.7244427134414,1.116883142339525,0.39244042889812486,0.5744427134414,6,100,16,0.9536913792186805,-0.2044341522827901,False,-0.9052880872991425,-0.7552880872991424,0.0,0.7552880872991424,,,validation,,0.34552155499912224,0.7518141138486106,0.4062925588494884,-0.8178278663975544,0.0,0.8178278663975544,True,post_nasdaq
~asp_neptune_sun_trine_orb1 & asp_neptune_uranus_conj_orb5 & ~asp_neptune_venus_conj_orb3 & ~asp_saturn_sun_sextile_orb3,4,10,-0.42152069196978337,-0.27152069196978335,0.23883680759798778,0.5743972638597535,0.7243972638597536,1.1168376927578785,0.39244042889812486,0.5743972638597535,6,83,27,0.9536266320427063,-0.2044341522827901,False,-0.9052880872991425,-0.7552880872991424,0.0,0.7552880872991424,,,validation,,0.23432865678155562,0.640621215631044,0.4062925588494884,-0.8178278663975544,0.0,0.8178278663975544,True,post_nasdaq
~asp_mars_pluto_sextile_orb3 & asp_neptune_uranus_conj_orb5 & ~asp_pluto_sun_opp_orb5 & ~asp_pluto_sun_sextile_orb3,4,10,-0.31977002559576895,-0.16977002559576898,0.3405874739720021,0.5743950878638416,0.7243950878638417,1.1168355167619666,0.39244042889812486,0.5743950878638416,6,78,22,0.9536235321341855,-0.2044341522827901,False,-0.9052880872991425,-0.7552880872991424,0.0,0.7552880872991424,,,validation,,0.3538969164386648,0.7601894752881532,0.4062925588494884,-0.8178278663975544,0.0,0.8178278663975544,True,post_nasdaq
~asp_mars_pluto_sextile_orb3 & asp_neptune_uranus_conj_orb5 & ~asp_neptune_venus_conj_orb5 & ~asp_saturn_venus_conj_orb3,4,10,-0.30849334861488786,-0.1584933486148879,0.3518641509528832,0.5743827289181956,0.7243827289181957,1.1168231578163206,0.39244042889812486,0.5743827289181956,6,100,18,0.9536059256685769,-0.2044341522827901,False,-0.9052880872991425,-0.7552880872991424,0.0,0.7552880872991424,,,validation,,0.33778777886503913,0.7440803377145275,0.4062925588494884,-0.8178278663975544,0.0,0.8178278663975544,True,post_nasdaq
~asp_mars_pluto_sextile_orb3 & ~asp_mercury_neptune_trine_orb3 & asp_neptune_uranus_conj_orb5 & ~asp_neptune_venus_conj_orb5,4,10,-0.303687919927883,-0.153687919927883,0.3566695796398881,0.5743572047902125,0.7243572047902125,1.1167976336883374,0.39244042889812486,0.5743572047902125,7,75,23,0.9535695641875379,-0.2044341522827901,False,-0.9052880872991425,-0.7552880872991424,0.0,0.7552880872991424,,,validation,,0.3962121194179718,0.8025046782674602,0.4062925588494884,-0.8178278663975544,0.0,0.8178278663975544,True,post_nasdaq
~asp_mars_pluto_sextile_orb3 & ~asp_neptune_sun_trine_orb1 & asp_neptune_uranus_conj_orb5 & ~asp_pluto_sun_sextile_orb3,4,10,-0.36361492188370936,-0.21361492188370934,0.29674257768406176,0.5742906866394487,0.7242906866394487,1.1167311155375736,0.39244042889812486,0.5742906866394487,7,78,24,0.9534748029877949,-0.2044341522827901,False,-0.9052880872991425,-0.7552880872991424,0.0,0.7552880872991424,,,validation,,0.36671650565568986,0.7730090645051783,0.4062925588494884,-0.8178278663975544,0.0,0.8178278663975544,True,post_nasdaq
~asp_mercury_pluto_sextile_orb3 & ~asp_neptune_sun_opp_orb3 & asp_neptune_uranus_conj_orb5 & ~asp_neptune_venus_conj_orb3,4,10,-0.38650089631583795,-0.23650089631583798,0.2738566032519331,0.5741873091554665,0.7241873091554665,1.1166277380535914,0.39244042889812486,0.5741873091554665,6,94,22,0.9533275324582458,-0.2044341522827901,False,-0.9052880872991425,-0.7552880872991424,0.0,0.7552880872991424,,,validation,,0.4333997159639717,0.8396922748134601,0.4062925588494884,-0.8178278663975544,0.0,0.8178278663975544,True,post_nasdaq
~asp_jupiter_sun_sextile_orb5 & asp_pluto_uranus_sextile_orb3 & ~asp_saturn_venus_trine_orb3 & ~mars_ingress_5d,4,10,-0.6574023177911812,-0.5074023177911812,0.00295518177658988,0.574153942700853,0.724153942700853,1.116594371598978,0.39244042889812486,0.574153942700853,30,72,39,0.9532799989842122,-0.2044341522827901,False,-0.9052880872991425,-0.7552880872991424,0.0,0.7552880872991424,,,validation,,0.7882490505627422,1.1945416094122305,0.4062925588494884,-0.8178278663975544,0.0,0.8178278663975544,True,post_nasdaq
asp_neptune_uranus_conj_orb5 & ~asp_neptune_venus_conj_orb3 & ~asp_saturn_sun_sextile_orb5 & ~sun_sign_cancer,4,10,-0.3860528614942519,-0.23605286149425186,0.27430463807351924,0.5741223154706595,0.7241223154706595,1.1165627443687844,0.39244042889812486,0.5741223154706595,6,102,22,0.9532349432091907,-0.2044341522827901,False,-0.9052880872991425,-0.7552880872991424,0.0,0.7552880872991424,,,validation,,0.19649665362164864,0.602789212471137,0.4062925588494884,-0.8178278663975544,0.0,0.8178278663975544,True,post_nasdaq
~asp_jupiter_sun_conj_orb5 & ~asp_mars_pluto_sextile_orb3 & asp_neptune_uranus_conj_orb5 & ~asp_pluto_sun_sextile_orb5,4,10,-0.3426236900996644,-0.1926236900996644,0.3177338094681067,0.5740865151809907,0.7240865151809908,1.1165269440791157,0.39244042889812486,0.5740865151809907,6,116,20,0.9531839425663742,-0.2044341522827901,False,-0.9052880872991425,-0.7552880872991424,0.0,0.7552880872991424,,,validation,,0.45519724945710754,0.8614898083065959,0.4062925588494884,-0.8178278663975544,0.0,0.8178278663975544,True,post_nasdaq
~asp_mercury_uranus_square_orb5 & asp_pluto_uranus_sextile_orb3 & ~mercury_sign_aries & ~sun_sign_cancer,4,10,-0.6700389953749473,-0.5200389953749472,-0.009681495807176092,0.5740825674676217,0.7240825674676217,1.1165229963657466,0.39244042889812486,0.5740825674676217,13,93,19,0.9531783187050069,-0.2044341522827901,False,-0.9052880872991425,-0.7552880872991424,0.0,0.7552880872991424,,,validation,,0.5893220331505944,0.9956145920000828,0.4062925588494884,-0.8178278663975544,0.0,0.8178278663975544,True,post_nasdaq
~asp_mars_sun_square_orb5 & asp_neptune_uranus_conj_orb5 & ~asp_neptune_venus_conj_orb3 & ~asp_saturn_sun_sextile_orb3,4,10,-0.3493345976378016,-0.1993345976378016,0.3110229019299695,0.5739194439426508,0.7239194439426508,1.1163598728407758,0.39244042889812486,0.5739194439426508,5,140,21,0.9529459353021239,-0.2044341522827901,False,-0.9052880872991425,-0.7552880872991424,0.0,0.7552880872991424,,,validation,,0.258351719156876,0.6646442780063644,0.4062925588494884,-0.8178278663975544,0.0,0.8178278663975544,True,post_nasdaq
~asp_mars_pluto_sextile_orb3 & asp_neptune_uranus_conj_orb5 & ~asp_neptune_venus_conj_orb3 & ~asp_sun_venus_conj_orb1,4,10,-0.3139106233221022,-0.1639106233221022,0.3464468762456689,0.5738743668297192,0.7238743668297192,1.116314795727844,0.39244042889812486,0.5738743668297192,6,93,17,0.9528817191914907,-0.2044341522827901,False,-0.9052880872991425,-0.7552880872991424,0.0,0.7552880872991424,,,validation,,0.3668053069982949,0.7730978658477833,0.4062925588494884,-0.8178278663975544,0.0,0.8178278663975544,True,post_nasdaq
~asp_mars_pluto_sextile_orb3 & asp_neptune_uranus_conj_orb5 & ~venus_sign_taurus,3,7,-0.32769848447742816,-0.22269848447742818,0.2876590150903429,0.5738566793813826,0.6788566793813826,1.0712971082795075,0.39244042889812486,0.5738566793813826,4,116,13,0.8887693030871995,-0.2044341522827901,False,-0.8602880872991424,-0.7552880872991424,0.0,0.7552880872991424,,,validation,,0.2875820064187355,0.6938745652682239,0.4062925588494884,-0.8178278663975544,0.0,0.8178278663975544,True,post_nasdaq
~asp_mars_pluto_sextile_orb3 & ~asp_mercury_saturn_opp_orb3 & asp_neptune_uranus_conj_orb5 & ~asp_saturn_venus_sextile_orb5,4,10,-0.41813608191116847,-0.26813608191116844,0.24222141765660266,0.5738395956367827,0.7238395956367827,1.1162800245349076,0.39244042889812486,0.5738395956367827,7,72,25,0.9528321847506986,-0.2044341522827901,False,-0.9052880872991425,-0.7552880872991424,0.0,0.7552880872991424,,,validation,,0.46217397968457247,0.8684665385340609,0.4062925588494884,-0.8178278663975544,0.0,0.8178278663975544,True,post_nasdaq
~asp_mars_pluto_sextile_orb3 & asp_neptune_uranus_conj_orb5 & ~asp_saturn_venus_sextile_orb5 & ~asp_saturn_venus_trine_orb5,4,10,-0.29804081043341024,-0.14804081043341027,0.3623166891343608,0.5737859262181538,0.7237859262181539,1.1162263551162788,0.39244042889812486,0.5737859262181538,7,70,28,0.9527557282692138,-0.2044341522827901,False,-0.9052880872991425,-0.7552880872991424,0.0,0.7552880872991424,,,validation,,0.38920283355657675,0.7954953924060651,0.4062925588494884,-0.8178278663975544,0.0,0.8178278663975544,True,post_nasdaq
~asp_mars_pluto_sextile_orb3 & asp_neptune_uranus_conj_orb5 & ~asp_pluto_venus_square_orb3 & ~asp_saturn_venus_sextile_orb5,4,10,-0.39302700325526585,-0.24302700325526588,0.2673304963125052,0.5737593439770959,0.723759343977096,1.1161997728752209,0.39244042889812486,0.5737593439770959,7,74,29,0.9527178597104728,-0.2044341522827901,False,-0.9052880872991425,-0.7552880872991424,0.0,0.7552880872991424,,,validation,,0.4179031303675664,0.8241956892170548,0.4062925588494884,-0.8178278663975544,0.0,0.8178278663975544,True,post_nasdaq
~asp_jupiter_moon_square_orb3 & ~asp_mars_pluto_sextile_orb3 & asp_neptune_uranus_conj_orb5 & ~asp_pluto_sun_opp_orb5,4,10,-0.45915541846772523,-0.3091554184677252,0.2012020811000459,0.5737339877429734,0.7237339877429734,1.1161744166410983,0.39244042889812486,0.5737339877429734,12,49,49,0.9526817377105965,-0.2044341522827901,False,-0.9052880872991425,-0.7552880872991424,0.0,0.7552880872991424,,,validation,,0.36404847536745405,0.7703410342169424,0.4062925588494884,-0.8178278663975544,0.0,0.8178278663975544,True,post_nasdaq
~asp_mars_pluto_sextile_orb3 & asp_neptune_uranus_conj_orb5 & ~asp_pluto_sun_opp_orb5 & ~asp_saturn_sun_square_orb5,4,10,-0.3223061410436927,-0.17230614104369268,0.3380513585240784,0.5737296642680715,0.7237296642680715,1.1161700931661964,0.39244042889812486,0.5737296642680715,6,95,21,0.9526755785732353,-0.2044341522827901,False,-0.9052880872991425,-0.7552880872991424,0.0,0.7552880872991424,,,validation,,0.3648570981308517,0.7711496569803401,0.4062925588494884,-0.8178278663975544,0.0,0.8178278663975544,True,post_nasdaq
~asp_jupiter_sun_conj_orb5 & ~asp_mars_pluto_sextile_orb3 & asp_neptune_uranus_conj_orb5 & ~asp_pluto_sun_square_orb5,4,10,-0.40801387862709015,-0.2580138786270902,0.2523436209406809,0.5737250840429015,0.7237250840429015,1.1161655129410264,0.39244042889812486,0.5737250840429015,6,95,20,0.9526690536748774,-0.2044341522827901,False,-0.9052880872991425,-0.7552880872991424,0.0,0.7552880872991424,,,validation,,0.44153037230871334,0.8478229311582017,0.4062925588494884,-0.8178278663975544,0.0,0.8178278663975544,True,post_nasdaq
~asp_mercury_sun_conj_orb1 & ~asp_moon_saturn_trine_orb1 & asp_pluto_uranus_sextile_orb3 & ~mars_ingress_3d,4,10,-0.6197055737894046,-0.4697055737894046,0.040651925778366516,0.5736574341747823,0.7236574341747823,1.1160978630729073,0.39244042889812486,0.5736574341747823,45,76,57,0.9525726810547328,-0.2044341522827901,False,-0.9052880872991425,-0.7552880872991424,0.0,0.7552880872991424,,,validation,,0.6544008177712286,1.060693376620717,0.4062925588494884,-0.8178278663975544,0.0,0.8178278663975544,True,post_nasdaq
~asp_mercury_moon_square_orb1 & asp_neptune_uranus_conj_orb5 & ~asp_neptune_venus_conj_orb5 & ~asp_saturn_sun_sextile_orb5,4,10,-0.3719065429181957,-0.22190654291819573,0.2884509566495754,0.5736458094527245,0.7236458094527245,1.1160862383508494,0.39244042889812486,0.5736458094527245,9,93,33,0.9525561207219309,-0.2044341522827901,False,-0.9052880872991425,-0.7552880872991424,0.0,0.7552880872991424,,,validation,,0.3042927448634924,0.7105853037129808,0.4062925588494884,-0.8178278663975544,0.0,0.8178278663975544,True,post_nasdaq
~asp_moon_saturn_trine_orb1 & asp_pluto_uranus_sextile_orb3 & ~mercury_sign_aries & ~sun_sign_cancer,4,10,-0.6363012341848443,-0.48630123418484433,0.024056265382926743,0.5736060995206512,0.7236060995206512,1.1160465284187762,0.39244042889812486,0.5736060995206512,15,128,23,0.9524995508132519,-0.2044341522827901,False,-0.9052880872991425,-0.7552880872991424,0.0,0.7552880872991424,,,validation,,0.6031943778622146,1.009486936711703,0.4062925588494884,-0.8178278663975544,0.0,0.8178278663975544,True,post_nasdaq
~asp_moon_saturn_trine_orb1 & asp_pluto_uranus_sextile_orb3 & ~mars_ingress_5d & ~sun_sign_aries,4,10,-0.5027538389538165,-0.3527538389538165,0.15760366061395462,0.5735164665076341,0.7235164665076341,1.115956895405759,0.39244042889812486,0.5735164665076341,33,38,43,0.9523718616756307,-0.2044341522827901,False,-0.9052880872991425,-0.7552880872991424,0.0,0.7552880872991424,,,validation,,0.6461766068826915,1.0524691657321799,0.4062925588494884,-0.8178278663975544,0.0,0.8178278663975544,True,post_nasdaq
~asp_mars_pluto_sextile_orb5 & asp_neptune_uranus_conj_orb5 & ~asp_neptune_venus_conj_orb5 & ~sun_sign_leo,4,10,-0.4291465653635781,-0.27914656536357807,0.23121093420419303,0.5734951672826593,0.7234951672826593,1.1159355961807842,0.39244042889812486,0.5734951672826593,4,88,14,0.9523415193099893,-0.2044341522827901,False,-0.9052880872991425,-0.7552880872991424,0.0,0.7552880872991424,,,validation,,0.2506587400637435,0.6569512989132319,0.4062925588494884,-0.8178278663975544,0.0,0.8178278663975544,True,post_nasdaq
~asp_mars_pluto_sextile_orb3 & ~asp_mars_venus_sextile_orb1 & asp_neptune_uranus_conj_orb5 & ~asp_neptune_venus_conj_orb3,4,10,-0.36534118550414274,-0.21534118550414277,0.2950163140636283,0.573454387649362,0.723454387649362,1.115894816547487,0.39244042889812486,0.573454387649362,6,93,18,0.9522834256454193,-0.2044341522827901,False,-0.9052880872991425,-0.7552880872991424,0.0,0.7552880872991424,,,validation,,0.3391336403645659,0.7454261992140543,0.4062925588494884,-0.8178278663975544,0.0,0.8178278663975544,True,post_nasdaq
~asp_mars_pluto_sextile_orb3 & ~asp_mercury_moon_trine_orb1 & asp_neptune_uranus_conj_orb5,3,7,-0.3194808406519445,-0.2144808406519445,0.2958766589158266,0.5734455149063498,0.6784455149063497,1.0708859438044747,0.39244042889812486,0.5734455149063498,6,100,16,0.8881839116719497,-0.2044341522827901,False,-0.8602880872991424,-0.7552880872991424,0.0,0.7552880872991424,,,validation,,0.33748972712591657,0.743782285975405,0.4062925588494884,-0.8178278663975544,0.0,0.8178278663975544,True,post_nasdaq
~asp_mars_pluto_sextile_orb3 & ~asp_mercury_pluto_conj_orb3 & asp_neptune_uranus_conj_orb5 & ~asp_neptune_venus_conj_orb3,4,10,-0.3767077805566713,-0.22670778055667135,0.28364971901109975,0.5733788155910199,0.7233788155910199,1.1158192444891448,0.39244042889812486,0.5733788155910199,6,93,19,0.9521757676298219,-0.2044341522827901,False,-0.9052880872991425,-0.7552880872991424,0.0,0.7552880872991424,,,validation,,0.3369274266489896,0.743219985498478,0.4062925588494884,-0.8178278663975544,0.0,0.8178278663975544,True,post_nasdaq
~asp_mars_sun_square_orb3 & ~asp_moon_saturn_trine_orb1 & asp_pluto_uranus_sextile_orb3 & ~mars_ingress_3d,4,10,-0.6344328822115183,-0.48443288221151826,0.025924617356252858,0.5733494970981671,0.7233494970981671,1.115789925996292,0.39244042889812486,0.5733494970981671,34,70,45,0.9521340012862867,-0.2044341522827901,False,-0.9052880872991425,-0.7552880872991424,0.0,0.7552880872991424,,,validation,,0.6382427376976494,1.0445352965471377,0.4062925588494884,-0.8178278663975544,0.0,0.8178278663975544,True,post_nasdaq
~asp_mars_pluto_sextile_orb5 & ~asp_mars_sun_square_orb5 & asp_neptune_uranus_conj_orb5 & ~asp_neptune_venus_conj_orb3,4,10,-0.3513728427758619,-0.20137284277586193,0.3089846567919092,0.5732506212508103,0.7232506212508103,1.1156910501489352,0.39244042889812486,0.5732506212508103,5,100,17,0.9519931455098873,-0.2044341522827901,False,-0.9052880872991425,-0.7552880872991424,0.0,0.7552880872991424,,,validation,,0.2491566171629203,0.6554491760124087,0.4062925588494884,-0.8178278663975544,0.0,0.8178278663975544,True,post_nasdaq
~asp_mars_pluto_sextile_orb3 & asp_neptune_uranus_conj_orb5 & ~asp_pluto_sun_opp_orb5 & ~venus_sign_leo,4,10,-0.2487138456547501,-0.09871384565475011,0.411643653913021,0.5732442568504176,0.7232442568504176,1.1156846857485425,0.39244042889812486,0.5732442568504176,5,94,19,0.9519840789688381,-0.2044341522827901,False,-0.9052880872991425,-0.7552880872991424,0.0,0.7552880872991424,,,validation,,0.2617471940015676,0.668039752851056,0.4062925588494884,-0.8178278663975544,0.0,0.8178278663975544,True,post_nasdaq
~asp_mercury_moon_trine_orb1 & ~asp_mercury_pluto_sextile_orb3 & asp_neptune_uranus_conj_orb5 & ~asp_neptune_venus_conj_orb3,4,10,-0.3811259806754119,-0.23112598067541196,0.27923151889235914,0.5732009058135948,0.7232009058135949,1.1156413347117198,0.39244042889812486,0.5732009058135948,8,73,25,0.9519223223538924,-0.2044341522827901,False,-0.9052880872991425,-0.7552880872991424,0.0,0.7552880872991424,,,validation,,0.3388081101861479,0.7451006690356363,0.4062925588494884,-0.8178278663975544,0.0,0.8178278663975544,True,post_nasdaq
~asp_mars_pluto_sextile_orb3 & asp_neptune_uranus_conj_orb5 & ~asp_neptune_venus_conj_orb5 & ~asp_uranus_venus_opp_orb5,4,10,-0.380917434040992,-0.23091743404099202,0.2794400655267791,0.5731675075775914,0.7231675075775914,1.1156079364757163,0.39244042889812486,0.5731675075775914,5,94,17,0.9518747442313094,-0.2044341522827901,False,-0.9052880872991425,-0.7552880872991424,0.0,0.7552880872991424,,,validation,,0.34183064167516825,0.7481232005246566,0.4062925588494884,-0.8178278663975544,0.0,0.8178278663975544,True,post_nasdaq
~asp_mars_pluto_sextile_orb3 & asp_neptune_uranus_conj_orb5 & ~asp_sun_uranus_trine_orb5 & ~venus_sign_capricorn,4,10,-0.3357916682319768,-0.18579166823197685,0.32456583133579425,0.5731405093207885,0.7231405093207885,1.1155809382189135,0.39244042889812486,0.5731405093207885,7,52,23,0.9518362833421272,-0.2044341522827901,False,-0.9052880872991425,-0.7552880872991424,0.0,0.7552880872991424,,,validation,,0.38129984854999405,0.7875924073994824,0.4062925588494884,-0.8178278663975544,0.0,0.8178278663975544,True,post_nasdaq
asp_neptune_uranus_conj_orb5 & ~asp_neptune_venus_conj_orb5 & ~asp_pluto_sun_sextile_orb3 & ~asp_saturn_sun_sextile_orb5,4,10,-0.32181027544664154,-0.17181027544664157,0.33854722412112953,0.5731041605720218,0.7231041605720219,1.1155445894701468,0.39244042889812486,0.5731041605720218,7,84,26,0.9517845020505691,-0.2044341522827901,False,-0.9052880872991425,-0.7552880872991424,0.0,0.7552880872991424,,,validation,,0.27396117871911757,0.680253737568606,0.4062925588494884,-0.8178278663975544,0.0,0.8178278663975544,True,post_nasdaq
~asp_mars_pluto_sextile_orb3 & ~asp_neptune_sun_trine_orb1 & asp_neptune_uranus_conj_orb5 & ~venus_sign_leo,4,10,-0.29772235902247735,-0.14772235902247738,0.3626351405452937,0.5730779638797999,0.7230779638798,1.1155183927779249,0.39244042889812486,0.5730779638797999,6,93,22,0.9517471830770825,-0.2044341522827901,False,-0.9052880872991425,-0.7552880872991424,0.0,0.7552880872991424,,,validation,,0.27514539188226667,0.6814379507317551,0.4062925588494884,-0.8178278663975544,0.0,0.8178278663975544,True,post_nasdaq
~asp_mars_pluto_sextile_orb3 & ~asp_mercury_neptune_square_orb3 & asp_neptune_uranus_conj_orb5 & ~asp_neptune_venus_conj_orb5,4,10,-0.37550748779234555,-0.22550748779234553,0.28485001177542557,0.5729691324303018,0.7229691324303018,1.1154095613284267,0.39244042889812486,0.5729691324303018,7,91,25,0.9515921453996725,-0.2044341522827901,False,-0.9052880872991425,-0.7552880872991424,0.0,0.7552880872991424,,,validation,,0.36109429813017163,0.76738685697966,0.4062925588494884,-0.8178278663975544,0.0,0.8178278663975544,True,post_nasdaq
~asp_mars_neptune_trine_orb1 & ~asp_mars_pluto_sextile_orb3 & asp_neptune_uranus_conj_orb5 & ~asp_neptune_venus_conj_orb3,4,10,-0.33554132598494746,-0.1855413259849475,0.3248161735828236,0.5729445910093648,0.7229445910093648,1.1153850199074897,0.39244042889812486,0.5729445910093648,5,102,15,0.9515571845355746,-0.2044341522827901,False,-0.9052880872991425,-0.7552880872991424,0.0,0.7552880872991424,,,validation,,0.319463348807774,0.7257559076572624,0.4062925588494884,-0.8178278663975544,0.0,0.8178278663975544,True,post_nasdaq
~asp_mercury_uranus_square_orb5 & asp_pluto_uranus_sextile_orb3 & ~asp_uranus_venus_sextile_orb5 & ~sun_sign_cancer,4,10,-0.7343377805728238,-0.5843377805728238,-0.07398028100505269,0.5729444451642062,0.7229444451642062,1.115384874062331,0.39244042889812486,0.5729444451642062,17,94,23,0.9515569767696122,-0.2044341522827901,False,-0.9052880872991425,-0.7552880872991424,0.0,0.7552880872991424,,,validation,,0.6285818424654632,1.0348744013149516,0.4062925588494884,-0.8178278663975544,0.0,0.8178278663975544,True,post_nasdaq
~asp_mars_sun_square_orb5 & ~asp_mercury_uranus_square_orb5 & asp_pluto_uranus_sextile_orb3 & ~mars_ingress_3d,4,10,-0.6452960284025134,-0.49529602840251347,0.015061471165257625,0.572944030918266,0.722944030918266,1.115384459816391,0.39244042889812486,0.572944030918266,31,50,39,0.9515563866491941,-0.2044341522827901,False,-0.9052880872991425,-0.7552880872991424,0.0,0.7552880872991424,,,validation,,0.6035832423650402,1.0098758012145286,0.4062925588494884,-0.8178278663975544,0.0,0.8178278663975544,True,post_nasdaq
~asp_mars_sun_sextile_orb5 & ~asp_mercury_pluto_sextile_orb3 & asp_neptune_uranus_conj_orb5 & ~asp_neptune_venus_conj_orb5,4,10,-0.38704097739606214,-0.23704097739606217,0.27331652217170893,0.5728303015869788,0.7228303015869788,1.1152707304851037,0.39244042889812486,0.5728303015869788,6,91,20,0.9513943719065878,-0.2044341522827901,False,-0.9052880872991425,-0.7552880872991424,0.0,0.7552880872991424,,,validation,,0.3751399047420744,0.7814324635915628,0.4062925588494884,-0.8178278663975544,0.0,0.8178278663975544,True,post_nasdaq
~asp_mars_pluto_sextile_orb3 & asp_neptune_uranus_conj_orb5 & ~asp_saturn_sun_conj_orb5 & ~asp_saturn_venus_sextile_orb5,4,10,-0.3687492171463681,-0.21874921714636808,0.291608282421403,0.5728178409678472,0.7228178409678472,1.115258269865972,0.39244042889812486,0.5728178409678472,7,97,24,0.9513766209686507,-0.2044341522827901,False,-0.9052880872991425,-0.7552880872991424,0.0,0.7552880872991424,,,validation,,0.40403693229624343,0.8103294911457318,0.4062925588494884,-0.8178278663975544,0.0,0.8178278663975544,True,post_nasdaq
~asp_mercury_sun_conj_orb1 & ~asp_mercury_uranus_square_orb5 & asp_pluto_uranus_sextile_orb3 & ~mercury_sign_cancer,4,10,-0.7175768825311665,-0.5675768825311664,-0.05721938296339533,0.5728149673799098,0.7228149673799098,1.1152553962780347,0.39244042889812486,0.5728149673799098,25,87,32,0.9513725273617941,-0.2044341522827901,False,-0.9052880872991425,-0.7552880872991424,0.0,0.7552880872991424,,,validation,,0.6320459604329562,1.0383385192824446,0.4062925588494884,-0.8178278663975544,0.0,0.8178278663975544,True,post_nasdaq
~asp_mars_pluto_sextile_orb3 & ~asp_moon_sun_conj_orb3 & asp_neptune_uranus_conj_orb5 & ~asp_neptune_venus_conj_orb5,4,10,-0.3815451951702792,-0.23154519517027922,0.2788123043974919,0.5728104950566472,0.7228104950566472,1.115250923954772,0.39244042889812486,0.5728104950566472,7,91,30,0.9513661562561684,-0.2044341522827901,False,-0.9052880872991425,-0.7552880872991424,0.0,0.7552880872991424,,,validation,,0.3432619509987778,0.7495545098482662,0.4062925588494884,-0.8178278663975544,0.0,0.8178278663975544,True,post_nasdaq
~asp_mars_pluto_sextile_orb3 & ~asp_neptune_sun_opp_orb5 & asp_neptune_uranus_conj_orb5 & ~asp_saturn_venus_sextile_orb5,4,10,-0.40380844578289876,-0.2538084457828988,0.2565490537848723,0.5727654941547095,0.7227654941547095,1.1152059230528344,0.39244042889812486,0.5727654941547095,6,97,23,0.9513020496636839,-0.2044341522827901,False,-0.9052880872991425,-0.7552880872991424,0.0,0.7552880872991424,,,validation,,0.4143233801661432,0.8206159390156316,0.4062925588494884,-0.8178278663975544,0.0,0.8178278663975544,True,post_nasdaq
~asp_moon_saturn_trine_orb1 & asp_pluto_uranus_sextile_orb3 & ~mars_ingress_5d & ~mercury_sign_cancer,4,10,-0.6184298671536846,-0.4684298671536846,0.04192763241408649,0.5727402549479986,0.7227402549479987,1.1151806838461236,0.39244042889812486,0.5727402549479986,33,74,42,0.9512660948558638,-0.2044341522827901,False,-0.9052880872991425,-0.7552880872991424,0.0,0.7552880872991424,,,validation,,0.7553547205337998,1.1616472793832882,0.4062925588494884,-0.8178278663975544,0.0,0.8178278663975544,True,post_nasdaq
asp_neptune_uranus_conj_orb5 & ~asp_saturn_sun_sextile_orb5 & ~asp_saturn_venus_sextile_orb5 & ~venus_sign_libra,4,10,-0.31018778430057903,-0.160187784300579,0.3501697152671921,0.5726601021753309,0.7226601021753309,1.1151005310734559,0.39244042889812486,0.5726601021753309,7,68,26,0.9511519123641603,-0.2044341522827901,False,-0.9052880872991425,-0.7552880872991424,0.0,0.7552880872991424,,,validation,,0.4837884742803062,0.8900810331297946,0.4062925588494884,-0.8178278663975544,0.0,0.8178278663975544,True,post_nasdaq
~asp_mars_moon_trine_orb1 & ~asp_mars_pluto_sextile_orb3 & asp_neptune_uranus_conj_orb5 & ~asp_neptune_venus_conj_orb5,4,10,-0.3349253497838037,-0.18492534978380376,0.32543214978396734,0.5726234979886901,0.7226234979886901,1.115063926886815,0.39244042889812486,0.5726234979886901,6,100,26,0.9510997675182331,-0.2044341522827901,False,-0.9052880872991425,-0.7552880872991424,0.0,0.7552880872991424,,,validation,,0.34711616815106966,0.753408727000558,0.4062925588494884,-0.8178278663975544,0.0,0.8178278663975544,True,post_nasdaq
~asp_moon_saturn_trine_orb1 & asp_neptune_uranus_conj_orb5 & ~asp_neptune_venus_conj_orb3 & ~asp_saturn_sun_sextile_orb5,4,10,-0.31301445376924875,-0.16301445376924878,0.3473430457985223,0.5726148287470517,0.7226148287470517,1.1150552576451767,0.39244042889812486,0.5726148287470517,6,110,28,0.9510874176704571,-0.2044341522827901,False,-0.9052880872991425,-0.7552880872991424,0.0,0.7552880872991424,,,validation,,0.23441777675844694,0.6407103356079353,0.4062925588494884,-0.8178278663975544,0.0,0.8178278663975544,True,post_nasdaq
~asp_mars_pluto_sextile_orb5 & asp_neptune_uranus_conj_orb5 & ~asp_neptune_venus_conj_orb5 & ~venus_sign_libra,4,10,-0.35032712398976507,-0.20032712398976504,0.31003037557800606,0.5726123490609362,0.7226123490609362,1.115052777959061,0.39244042889812486,0.5726123490609362,5,88,17,0.9510838852110954,-0.2044341522827901,False,-0.9052880872991425,-0.7552880872991424,0.0,0.7552880872991424,,,validation,,0.49482771309198786,0.9011202719414763,0.4062925588494884,-0.8178278663975544,0.0,0.8178278663975544,True,post_nasdaq
~asp_jupiter_sun_conj_orb5 & ~asp_mars_pluto_sextile_orb5 & asp_neptune_uranus_conj_orb5 & ~asp_sun_uranus_trine_orb5,4,10,-0.3737946995276019,-0.2237946995276019,0.2865628000401692,0.5725993477191292,0.7225993477191293,1.1150397766172542,0.39244042889812486,0.5725993477191292,5,94,20,0.9510653640335378,-0.2044341522827901,False,-0.9052880872991425,-0.7552880872991424,0.0,0.7552880872991424,,,validation,,0.3386494161419726,0.744941974991461,0.4062925588494884,-0.8178278663975544,0.0,0.8178278663975544,True,post_nasdaq
~asp_mars_pluto_sextile_orb3 & asp_neptune_uranus_conj_orb5 & ~asp_neptune_venus_conj_orb5 & ~mercury_sign_virgo,4,10,-0.3988001053337996,-0.2488001053337996,0.2615573942339715,0.5725449395024095,0.7225449395024095,1.1149853684005344,0.39244042889812486,0.5725449395024095,6,91,18,0.9509878563574667,-0.2044341522827901,False,-0.9052880872991425,-0.7552880872991424,0.0,0.7552880872991424,,,validation,,0.36334864815739126,0.7696412070068797,0.4062925588494884,-0.8178278663975544,0.0,0.8178278663975544,True,post_nasdaq
~asp_mars_pluto_sextile_orb3 & ~asp_neptune_sun_trine_orb1 & asp_neptune_uranus_conj_orb5 & ~asp_saturn_sun_square_orb5,4,10,-0.38352474472277986,-0.23352474472277984,0.27683275484499126,0.5725001779986117,0.7225001779986118,1.1149406068967367,0.39244042889812486,0.5725001779986117,7,93,27,0.9509240910284298,-0.2044341522827901,False,-0.9052880872991425,-0.7552880872991424,0.0,0.7552880872991424,,,validation,,0.3781175117843682,0.7844100706338566,0.4062925588494884,-0.8178278663975544,0.0,0.8178278663975544,True,post_nasdaq
~asp_mars_sun_square_orb3 & asp_pluto_uranus_sextile_orb3 & ~asp_saturn_venus_trine_orb3 & ~sun_sign_cancer,4,10,-0.6964897775037314,-0.5464897775037314,-0.03613227793596026,0.5724943106292296,0.7224943106292296,1.1149347395273546,0.39244042889812486,0.5724943106292296,13,138,18,0.9509157326271005,-0.2044341522827901,False,-0.9052880872991425,-0.7552880872991424,0.0,0.7552880872991424,,,validation,,0.6186917686616524,1.0249843275111408,0.4062925588494884,-0.8178278663975544,0.0,0.8178278663975544,True,post_nasdaq
~asp_mars_pluto_sextile_orb3 & asp_neptune_uranus_conj_orb5 & ~asp_sun_uranus_trine_orb5 & ~asp_uranus_venus_square_orb3,4,10,-0.29934857802261916,-0.1493485780226192,0.3610089215451519,0.5724844610506653,0.7224844610506653,1.1149248899487902,0.39244042889812486,0.5724844610506653,6,92,27,0.9509017013438155,-0.2044341522827901,False,-0.9052880872991425,-0.7552880872991424,0.0,0.7552880872991424,,,validation,,0.42030668447842773,0.8265992433279161,0.4062925588494884,-0.8178278663975544,0.0,0.8178278663975544,True,post_nasdaq
~asp_mars_pluto_sextile_orb3 & ~asp_mercury_moon_trine_orb1 & asp_neptune_uranus_conj_orb5 & ~venus_sign_libra,4,10,-0.32742543588013784,-0.17742543588013782,0.3329320636876333,0.5724262759812097,0.7224262759812097,1.1148667048793346,0.39244042889812486,0.5724262759812097,7,68,20,0.9508188134500231,-0.2044341522827901,False,-0.9052880872991425,-0.7552880872991424,0.0,0.7552880872991424,,,validation,,0.5361704138375889,0.9424629726870772,0.4062925588494884,-0.8178278663975544,0.0,0.8178278663975544,True,post_nasdaq
~asp_jupiter_sun_conj_orb5 & ~asp_mars_pluto_sextile_orb3 & asp_neptune_uranus_conj_orb5 & ~asp_pluto_venus_opp_orb3,4,10,-0.36165188180951024,-0.21165188180951022,0.2987056177582609,0.5723595597269407,0.7223595597269408,1.1147999886250657,0.39244042889812486,0.5723595597269407,5,108,17,0.9507237724843198,-0.2044341522827901,False,-0.9052880872991425,-0.7552880872991424,0.0,0.7552880872991424,,,validation,,0.3480866369098374,0.7543791957593258,0.4062925588494884,-0.8178278663975544,0.0,0.8178278663975544,True,post_nasdaq
asp_neptune_uranus_conj_orb5 & ~asp_neptune_venus_conj_orb5 & ~asp_saturn_sun_sextile_orb5 & ~mars_ingress_3d,4,10,-0.4623195466954282,-0.31231954669542816,0.19803795287234294,0.5723262656010427,0.7223262656010427,1.1147666944991677,0.39244042889812486,0.5723262656010427,11,45,46,0.9506763432063823,-0.2044341522827901,False,-0.9052880872991425,-0.7552880872991424,0.0,0.7552880872991424,,,validation,,0.2861989679955343,0.6924915268450227,0.4062925588494884,-0.8178278663975544,0.0,0.8178278663975544,True,post_nasdaq
~asp_mars_pluto_sextile_orb5 & asp_neptune_uranus_conj_orb5 & ~asp_neptune_venus_conj_orb3,3,7,-0.33663805253137213,-0.23163805253137215,0.27871944703639895,0.5713718817175888,0.6763718817175888,1.0688123106157137,0.39244042889812486,0.5713718817175888,4,100,12,0.8852316435860688,-0.2044341522827901,False,-0.8602880872991424,-0.7552880872991424,0.0,0.7552880872991424,,,validation,,0.2650264462021123,0.6713190050516007,0.4062925588494884,-0.8178278663975544,0.0,0.8178278663975544,True,post_nasdaq
asp_neptune_uranus_conj_orb5 & ~asp_saturn_sun_sextile_orb5 & ~asp_saturn_venus_sextile_orb5,3,7,-0.3039568317169652,-0.1989568317169652,0.3114006678508059,0.5705413836558106,0.6755413836558106,1.0679818125539355,0.39244042889812486,0.5705413836558106,6,126,22,0.8840492708307803,-0.2044341522827901,False,-0.8602880872991424,-0.7552880872991424,0.0,0.7552880872991424,,,validation,,0.29304165409651256,0.699334212946001,0.4062925588494884,-0.8178278663975544,0.0,0.8178278663975544,True,post_nasdaq
~asp_mars_pluto_sextile_orb5 & asp_neptune_uranus_conj_orb5 & ~asp_neptune_venus_conj_orb5,3,7,-0.3336888376950439,-0.22868883769504394,0.28166866187272716,0.567840903497449,0.672840903497449,1.0652813323955739,0.39244042889812486,0.567840903497449,4,98,12,0.8802047077432986,-0.2044341522827901,False,-0.8602880872991424,-0.7552880872991424,0.0,0.7552880872991424,,,validation,,0.27385073270863075,0.6801432915581191,0.4062925588494884,-0.8178278663975544,0.0,0.8178278663975544,True,post_nasdaq
~asp_mars_pluto_sextile_orb3 & ~asp_mars_sun_square_orb1 & asp_neptune_uranus_conj_orb5,3,7,-0.28640361436644357,-0.1814036143664436,0.3289538852013275,0.5655119712909895,0.6705119712909895,1.0629524001891144,0.39244042889812486,0.5655119712909895,4,116,13,0.8768892085261393,-0.2044341522827901,False,-0.8602880872991424,-0.7552880872991424,0.0,0.7552880872991424,,,validation,,0.30478598714609223,0.7110785459955806,0.4062925588494884,-0.8178278663975544,0.0,0.8178278663975544,True,post_nasdaq
~asp_mars_pluto_sextile_orb3 & ~asp_moon_venus_trine_orb3 & asp_neptune_uranus_conj_orb5,3,7,-0.401446480241333,-0.296446480241333,0.21391101932643805,0.5642613619171477,0.6692613619171477,1.0617017908152726,0.39244042889812486,0.5642613619171477,9,75,52,0.8751088647268688,-0.2044341522827901,False,-0.8602880872991424,-0.7552880872991424,0.0,0.7552880872991424,,,validation,,0.37048851356181806,0.7767810724113065,0.4062925588494884,-0.8178278663975544,0.0,0.8178278663975544,True,post_nasdaq
~asp_mercury_uranus_square_orb5 & asp_pluto_uranus_sextile_orb3 & ~mars_ingress_3d,3,7,-0.6713548037332555,-0.5663548037332555,-0.05599730416548448,0.5639316170478494,0.6689316170478494,1.0613720459459743,0.39244042889812486,0.5639316170478494,30,50,39,0.8746394508931497,-0.2044341522827901,False,-0.8602880872991424,-0.7552880872991424,0.0,0.7552880872991424,,,validation,,0.596344577060683,1.0026371359101713,0.4062925588494884,-0.8178278663975544,0.0,0.8178278663975544,True,post_nasdaq
~asp_jupiter_sun_conj_orb3 & ~asp_mars_pluto_sextile_orb3 & asp_neptune_uranus_conj_orb5,3,7,-0.26458294307808383,-0.15958294307808385,0.35077455648968725,0.563697975461525,0.668697975461525,1.06113840435965,0.39244042889812486,0.563697975461525,4,133,12,0.8743068476876688,-0.2044341522827901,False,-0.8602880872991424,-0.7552880872991424,0.0,0.7552880872991424,,,validation,,0.30438661647425364,0.710679175323742,0.4062925588494884,-0.8178278663975544,0.0,0.8178278663975544,True,post_nasdaq
~asp_mars_pluto_sextile_orb5 & asp_neptune_uranus_conj_orb5 & ~asp_saturn_venus_sextile_orb5,3,7,-0.35071335116881086,-0.24571335116881088,0.2646441483989602,0.5615478128888896,0.6665478128888895,1.0589882417870145,0.39244042889812486,0.5615478128888896,5,95,18,0.8712460049550841,-0.2044341522827901,False,-0.8602880872991424,-0.7552880872991424,0.0,0.7552880872991424,,,validation,,0.3452873742974735,0.7515799331469619,0.4062925588494884,-0.8178278663975544,0.0,0.8178278663975544,True,post_nasdaq
~asp_mars_pluto_sextile_orb3 & asp_neptune_uranus_conj_orb5 & ~venus_sign_libra,3,7,-0.26222997477087195,-0.15722997477087197,0.35312752479689913,0.5613632082795073,0.6663632082795072,1.0588036371776322,0.39244042889812486,0.5613632082795073,4,133,13,0.8709832167716416,-0.2044341522827901,False,-0.8602880872991424,-0.7552880872991424,0.0,0.7552880872991424,,,validation,,0.5056673241332812,0.9119598829827695,0.4062925588494884,-0.8178278663975544,0.0,0.8178278663975544,True,post_nasdaq
~asp_mercury_pluto_sextile_orb3 & asp_neptune_uranus_conj_orb5 & ~asp_neptune_venus_conj_orb3,3,7,-0.30840864784127586,-0.20340864784127588,0.3069488517264952,0.5606913642483733,0.6656913642483733,1.0581317931464982,0.39244042889812486,0.5606913642483733,5,124,17,0.8700268391613979,-0.2044341522827901,False,-0.8602880872991424,-0.7552880872991424,0.0,0.7552880872991424,,,validation,,0.31306415484034916,0.7193567136898376,0.4062925588494884,-0.8178278663975544,0.0,0.8178278663975544,True,post_nasdaq
~asp_jupiter_moon_square_orb1 & ~asp_mars_pluto_sextile_orb3 & asp_neptune_uranus_conj_orb5,3,7,-0.3610816800186212,-0.2560816800186212,0.2542758195491499,0.5589654637204307,0.6639654637204306,1.0564058926185556,0.39244042889812486,0.5589654637204307,6,133,21,0.8675700374199906,-0.2044341522827901,False,-0.8602880872991424,-0.7552880872991424,0.0,0.7552880872991424,,,validation,,0.37006812815276563,0.776360687002254,0.4062925588494884,-0.8178278663975544,0.0,0.8178278663975544,True,post_nasdaq
~asp_jupiter_mercury_opp_orb5 & ~asp_mars_pluto_sextile_orb3 & asp_neptune_uranus_conj_orb5,3,7,-0.3111878179572017,-0.2061878179572017,0.3041696816105694,0.5577326391136206,0.6627326391136206,1.0551730680117455,0.39244042889812486,0.5577326391136206,5,116,14,0.8658151570156727,-0.2044341522827901,False,-0.8602880872991424,-0.7552880872991424,0.0,0.7552880872991424,,,validation,,0.1877504502193737,0.5940430090688621,0.4062925588494884,-0.8178278663975544,0.0,0.8178278663975544,True,post_nasdaq
~asp_mars_pluto_sextile_orb3 & asp_neptune_uranus_conj_orb5 & ~asp_pluto_sun_sextile_orb3,3,7,-0.27370907580787335,-0.16870907580787337,0.34164842375989773,0.5567575877120918,0.6617575877120918,1.0541980166102167,0.39244042889812486,0.5567575877120918,5,118,17,0.864427226610414,-0.2044341522827901,False,-0.8602880872991424,-0.7552880872991424,0.0,0.7552880872991424,,,validation,,0.3605286719045147,0.7668212307540031,0.4062925588494884,-0.8178278663975544,0.0,0.8178278663975544,True,post_nasdaq
~asp_mercury_pluto_sextile_orb3 & asp_neptune_uranus_conj_orb5 & ~asp_neptune_venus_conj_orb5,3,7,-0.3049611914212273,-0.1999611914212273,0.3103963081465438,0.5566569582471874,0.6616569582471874,1.0540973871453123,0.39244042889812486,0.5566569582471874,5,122,17,0.8642839872423533,-0.2044341522827901,False,-0.8602880872991424,-0.7552880872991424,0.0,0.7552880872991424,,,validation,,0.32126018045866084,0.7275527393081492,0.4062925588494884,-0.8178278663975544,0.0,0.8178278663975544,True,post_nasdaq
~asp_moon_saturn_trine_orb1 & asp_pluto_uranus_sextile_orb3 & ~mars_ingress_3d,3,7,-0.5946765281151626,-0.4896765281151626,0.020680971452608485,0.5563832675675302,0.6613832675675302,1.053823696465655,0.39244042889812486,0.5563832675675302,33,76,44,0.8638944076342892,-0.2044341522827901,False,-0.8602880872991424,-0.7552880872991424,0.0,0.7552880872991424,,,validation,,0.5996625331373362,1.0059550919868245,0.4062925588494884,-0.8178278663975544,0.0,0.8178278663975544,True,post_nasdaq
~asp_mars_pluto_sextile_orb3 & asp_neptune_uranus_conj_orb5 & ~asp_uranus_venus_square_orb5,3,7,-0.2651353324769693,-0.16013533247696932,0.3502221670908018,0.5561511302855353,0.6611511302855353,1.0535915591836602,0.39244042889812486,0.5561511302855353,5,92,19,0.8635639774451718,-0.2044341522827901,False,-0.8602880872991424,-0.7552880872991424,0.0,0.7552880872991424,,,validation,,0.2921437542127994,0.6984363130622878,0.4062925588494884,-0.8178278663975544,0.0,0.8178278663975544,True,post_nasdaq
~asp_mars_pluto_sextile_orb3 & ~asp_mars_sun_square_orb5 & asp_neptune_uranus_conj_orb5,3,7,-0.26098071310143967,-0.15598071310143968,0.3543767864663314,0.5556233119817195,0.6606233119817195,1.0530637408798444,0.39244042889812486,0.5556233119817195,4,116,13,0.8628126708673858,-0.2044341522827901,False,-0.8602880872991424,-0.7552880872991424,0.0,0.7552880872991424,,,validation,,0.29715669142211704,0.7034492502716054,0.4062925588494884,-0.8178278663975544,0.0,0.8178278663975544,True,post_nasdaq
~asp_mars_pluto_sextile_orb3 & asp_neptune_uranus_conj_orb5 & ~venus_sign_leo,3,7,-0.20439044948005086,-0.09939044948005088,0.4109670500877202,0.5552831900220692,0.6602831900220691,1.052723618920194,0.39244042889812486,0.5552831900220692,4,133,14,0.8623285374698517,-0.2044341522827901,False,-0.8602880872991424,-0.7552880872991424,0.0,0.7552880872991424,,,validation,,0.2691551540112492,0.6754477128607376,0.4062925588494884,-0.8178278663975544,0.0,0.8178278663975544,True,post_nasdaq
asp_neptune_uranus_conj_orb5 & ~asp_neptune_venus_conj_orb3 & ~asp_saturn_sun_sextile_orb3,3,7,-0.3259676121068436,-0.22096761210684362,0.2893898874609275,0.5542085807105666,0.6592085807105665,1.0516490096086915,0.39244042889812486,0.5542085807105666,5,148,18,0.8607989401895575,-0.2044341522827901,False,-0.8602880872991424,-0.7552880872991424,0.0,0.7552880872991424,,,validation,,0.21627076943396134,0.6225633282834497,0.4062925588494884,-0.8178278663975544,0.0,0.8178278663975544,True,post_nasdaq
~asp_mars_pluto_sextile_orb3 & ~asp_moon_saturn_trine_orb1 & asp_neptune_uranus_conj_orb5,3,7,-0.26656521311248577,-0.16156521311248578,0.3487922864552853,0.5535914153564043,0.6585914153564043,1.0510318442545292,0.39244042889812486,0.5535914153564043,4,133,20,0.8599204772992264,-0.2044341522827901,False,-0.8602880872991424,-0.7552880872991424,0.0,0.7552880872991424,,,validation,,0.3274605941275797,0.7337531529770681,0.4062925588494884,-0.8178278663975544,0.0,0.8178278663975544,True,post_nasdaq
asp_neptune_uranus_conj_orb5 & ~asp_saturn_sun_sextile_orb5 & ~asp_saturn_sun_trine_orb3,3,7,-0.31868281254963976,-0.21368281254963978,0.2966746870181313,0.5525713661684875,0.6575713661684874,1.0500117950666124,0.39244042889812486,0.5525713661684875,5,86,22,0.8584685712062332,-0.2044341522827901,False,-0.8602880872991424,-0.7552880872991424,0.0,0.7552880872991424,,,validation,,0.33138501515484226,0.7376775740043306,0.4062925588494884,-0.8178278663975544,0.0,0.8178278663975544,True,post_nasdaq
~asp_mars_pluto_sextile_orb3 & asp_neptune_uranus_conj_orb5 & ~asp_saturn_sun_square_orb5,3,7,-0.2946252942855956,-0.1896252942855956,0.3207322052821755,0.5513737327732875,0.6563737327732875,1.0488141616714124,0.39244042889812486,0.5513737327732875,5,111,18,0.8567639210464024,-0.2044341522827901,False,-0.8602880872991424,-0.7552880872991424,0.0,0.7552880872991424,,,validation,,0.3713910545532207,0.7776836134027091,0.4062925588494884,-0.8178278663975544,0.0,0.8178278663975544,True,post_nasdaq
~asp_mercury_pluto_sextile_orb3 & asp_neptune_uranus_conj_orb5 & ~asp_saturn_venus_sextile_orb5,3,7,-0.3235812667336036,-0.21858126673360362,0.2917762328341675,0.5510744289821543,0.6560744289821543,1.0485148578802792,0.39244042889812486,0.5510744289821543,6,70,23,0.8563379113293603,-0.2044341522827901,False,-0.8602880872991424,-0.7552880872991424,0.0,0.7552880872991424,,,validation,,0.3879937012336558,0.7942862600831442,0.4062925588494884,-0.8178278663975544,0.0,0.8178278663975544,True,post_nasdaq
asp_pluto_uranus_sextile_orb3 & ~asp_saturn_venus_trine_orb5 & ~mars_ingress_3d,3,7,-0.640863276998453,-0.535863276998453,-0.025505777430681935,0.550722381670508,0.655722381670508,1.048162810568633,0.39244042889812486,0.550722381670508,28,76,37,0.8558368319325689,-0.2044341522827901,False,-0.8602880872991424,-0.7552880872991424,0.0,0.7552880872991424,,,validation,,0.6026368930319208,1.0089294518814091,0.4062925588494884,-0.8178278663975544,0.0,0.8178278663975544,True,post_nasdaq
~asp_jupiter_sun_conj_orb5 & asp_neptune_uranus_conj_orb5 & ~asp_saturn_sun_sextile_orb5,3,7,-0.2877655944605435,-0.18276559446054352,0.3275919051072276,0.5506169071357838,0.6556169071357838,1.0480573360339087,0.39244042889812486,0.5506169071357838,4,144,17,0.8556867073245644,-0.2044341522827901,False,-0.8602880872991424,-0.7552880872991424,0.0,0.7552880872991424,,,validation,,0.23570647043942788,0.6419990292889163,0.4062925588494884,-0.8178278663975544,0.0,0.8178278663975544,True,post_nasdaq
~asp_mars_pluto_sextile_orb3 & ~asp_moon_venus_conj_orb3 & asp_neptune_uranus_conj_orb5,3,7,-0.3129491980349054,-0.2079491980349054,0.3024083015328657,0.5502598831380245,0.6552598831380245,1.0477003120361494,0.39244042889812486,0.5502598831380245,8,102,31,0.8551785473928666,-0.2044341522827901,False,-0.8602880872991424,-0.7552880872991424,0.0,0.7552880872991424,,,validation,,0.3693340904727556,0.775626649322244,0.4062925588494884,-0.8178278663975544,0.0,0.8178278663975544,True,post_nasdaq
~asp_mars_pluto_sextile_orb3 & ~asp_moon_venus_conj_orb5 & asp_neptune_uranus_conj_orb5,3,7,-0.3548386671676103,-0.24983866716761033,0.26051883240016077,0.5502598831380245,0.6552598831380245,1.0477003120361494,0.39244042889812486,0.5502598831380245,8,102,49,0.8551785473928666,-0.2044341522827901,False,-0.8602880872991424,-0.7552880872991424,0.0,0.7552880872991424,,,validation,,0.3693340904727556,0.775626649322244,0.4062925588494884,-0.8178278663975544,0.0,0.8178278663975544,True,post_nasdaq
~asp_moon_saturn_trine_orb1 & asp_pluto_uranus_sextile_orb3 & ~sun_sign_cancer,3,7,-0.6332718039817026,-0.5282718039817026,-0.017914304413931516,0.549955434749648,0.654955434749648,1.047395863647773,0.39244042889812486,0.549955434749648,14,128,21,0.854745221252196,-0.2044341522827901,False,-0.8602880872991424,-0.7552880872991424,0.0,0.7552880872991424,,,validation,,0.5778426059419448,0.9841351647914333,0.4062925588494884,-0.8178278663975544,0.0,0.8178278663975544,True,post_nasdaq
asp_neptune_uranus_conj_orb5 & ~asp_neptune_venus_conj_orb5 & ~asp_saturn_sun_sextile_orb3,3,7,-0.32252141131957274,-0.21752141131957275,0.29283608824819835,0.5499441824282534,0.6549441824282534,1.0473846113263783,0.39244042889812486,0.5499441824282534,5,146,18,0.854729205679287,-0.2044341522827901,False,-0.8602880872991424,-0.7552880872991424,0.0,0.7552880872991424,,,validation,,0.22220946926844193,0.6285020281179303,0.4062925588494884,-0.8178278663975544,0.0,0.8178278663975544,True,post_nasdaq
~asp_mars_pluto_sextile_orb3 & asp_neptune_uranus_conj_orb5 & ~asp_sun_uranus_conj_orb3,3,7,-0.26180585033463366,-0.15680585033463368,0.3535516492331374,0.549685182418858,0.654685182418858,1.047125611316983,0.39244042889812486,0.549685182418858,4,120,13,0.8543605682783708,-0.2044341522827901,False,-0.8602880872991424,-0.7552880872991424,0.0,0.7552880872991424,,,validation,,0.32652183833158993,0.7328143971810783,0.4062925588494884,-0.8178278663975544,0.0,0.8178278663975544,True,post_nasdaq
~asp_mercury_uranus_square_orb5 & asp_pluto_uranus_sextile_orb3 & ~sun_sign_cancer,3,7,-0.6884235131135047,-0.5834235131135047,-0.07306601354573361,0.547951939830843,0.652951939830843,1.045392368728968,0.39244042889812486,0.547951939830843,12,106,18,0.8518936568779791,-0.2044341522827901,False,-0.8602880872991424,-0.7552880872991424,0.0,0.7552880872991424,,,validation,,0.574225535134177,0.9805180939836653,0.4062925588494884,-0.8178278663975544,0.0,0.8178278663975544,True,post_nasdaq
~asp_moon_saturn_trine_orb1 & asp_pluto_uranus_sextile_orb3 & ~mercury_sign_cancer,3,7,-0.5954916798453849,-0.49049167984538483,0.01986581972238628,0.5470426299512774,0.6520426299512774,1.0444830588494023,0.39244042889812486,0.5470426299512774,14,133,20,0.8505994642138652,-0.2044341522827901,False,-0.8602880872991424,-0.7552880872991424,0.0,0.7552880872991424,,,validation,,0.5731366832078781,0.9794292420573665,0.4062925588494884,-0.8178278663975544,0.0,0.8178278663975544,True,post_nasdaq
asp_pluto_uranus_sextile_orb3 & ~asp_saturn_venus_trine_orb3 & ~mars_ingress_3d,3,7,-0.6523787578121026,-0.5473787578121027,-0.037021258244331556,0.5455358970283712,0.6505358970283712,1.0429763259264961,0.39244042889812486,0.5455358970283712,28,76,37,0.8484550101401793,-0.2044341522827901,False,-0.8602880872991424,-0.7552880872991424,0.0,0.7552880872991424,,,validation,,0.5918266411084245,0.998119199957913,0.4062925588494884,-0.8178278663975544,0.0,0.8178278663975544,True,post_nasdaq
~asp_mercury_uranus_square_orb5 & asp_pluto_uranus_sextile_orb3 & ~mars_ingress_5d,3,7,-0.6680593412936805,-0.5630593412936805,-0.052701841725909415,0.5449045724035706,0.6499045724035706,1.0423450013016955,0.39244042889812486,0.5449045724035706,30,50,39,0.8475564908439286,-0.2044341522827901,False,-0.8602880872991424,-0.7552880872991424,0.0,0.7552880872991424,,,validation,,0.6582907753013589,1.0645833341508473,0.4062925588494884,-0.8178278663975544,0.0,0.8178278663975544,True,post_nasdaq
~asp_mercury_uranus_square_orb5 & asp_pluto_uranus_sextile_orb3 & ~mercury_sign_cancer,3,7,-0.6711072511088255,-0.5661072511088255,-0.0557497515410544,0.5447929172956805,0.6497929172956804,1.0422333461938054,0.39244042889812486,0.5447929172956805,12,106,18,0.8473975808309999,-0.2044341522827901,False,-0.8602880872991424,-0.7552880872991424,0.0,0.7552880872991424,,,validation,,0.5690917999600367,0.9753843588095251,0.4062925588494884,-0.8178278663975544,0.0,0.8178278663975544,True,post_nasdaq
asp_neptune_uranus_conj_orb5 & ~asp_saturn_sun_sextile_orb3 & ~asp_saturn_venus_sextile_orb5,3,7,-0.3374205781127277,-0.2324205781127277,0.2779369214550434,0.5446927293879298,0.6496927293879298,1.0421331582860547,0.39244042889812486,0.5446927293879298,6,126,22,0.8472549913785603,-0.2044341522827901,False,-0.8602880872991424,-0.7552880872991424,0.0,0.7552880872991424,,,validation,,0.2896289287103138,0.6959214875598022,0.4062925588494884,-0.8178278663975544,0.0,0.8178278663975544,True,post_nasdaq
~asp_mars_pluto_sextile_orb3 & asp_neptune_uranus_conj_orb5 & ~mercury_sign_leo,3,7,-0.3779180821504591,-0.2729180821504591,0.237439417417312,0.544330101052231,0.649330101052231,1.041770529950356,0.39244042889812486,0.544330101052231,4,133,14,0.8467388929005011,-0.2044341522827901,False,-0.8602880872991424,-0.7552880872991424,0.0,0.7552880872991424,,,validation,,0.3176042170776248,0.7238967759271132,0.4062925588494884,-0.8178278663975544,0.0,0.8178278663975544,True,post_nasdaq
~asp_mars_pluto_sextile_orb3 & ~asp_mars_venus_sextile_orb5 & asp_neptune_uranus_conj_orb5,3,7,-0.3419354051695324,-0.23693540516953243,0.27342209439823867,0.5440621785505504,0.6490621785505504,1.0415026074486753,0.39244042889812486,0.5440621785505504,4,133,13,0.8463575827860295,-0.2044341522827901,False,-0.8602880872991424,-0.7552880872991424,0.0,0.7552880872991424,,,validation,,0.2946117771017381,0.7009043359512265,0.4062925588494884,-0.8178278663975544,0.0,0.8178278663975544,True,post_nasdaq
~asp_mars_pluto_sextile_orb3 & asp_neptune_uranus_conj_orb5 & ~mercury_sign_capricorn,3,7,-0.43738461037046705,-0.33238461037046707,0.17797288919730406,0.543456915148574,0.648456915148574,1.0408973440466989,0.39244042889812486,0.543456915148574,4,129,14,0.8454961702480317,-0.2044341522827901,False,-0.8602880872991424,-0.7552880872991424,0.0,0.7552880872991424,,,validation,,0.3190267004651404,0.7253192593146288,0.4062925588494884,-0.8178278663975544,0.0,0.8178278663975544,True,post_nasdaq
~asp_moon_saturn_trine_orb1 & asp_pluto_uranus_sextile_orb3 & ~venus_sign_aries,3,7,-0.4200051374401755,-0.3150051374401755,0.1953523621275956,0.5426980548637166,0.6476980548637166,1.0401384837618415,0.39244042889812486,0.5426980548637166,14,150,18,0.8444161673734387,-0.2044341522827901,False,-0.8602880872991424,-0.7552880872991424,0.0,0.7552880872991424,,,validation,,0.46331809352807113,0.8696106523775595,0.4062925588494884,-0.8178278663975544,0.0,0.8178278663975544,True,post_nasdaq
~asp_jupiter_sun_sextile_orb5 & ~asp_moon_saturn_trine_orb1 & asp_pluto_uranus_sextile_orb3,3,7,-0.5708561987616252,-0.46585619876162515,0.04450130080614597,0.5411083501195386,0.6461083501195386,1.0385487790176635,0.39244042889812486,0.5411083501195386,17,164,23,0.8421537474580927,-0.2044341522827901,False,-0.8602880872991424,-0.7552880872991424,0.0,0.7552880872991424,,,validation,,0.5946144270617431,1.0009069859112314,0.4062925588494884,-0.8178278663975544,0.0,0.8178278663975544,True,post_nasdaq
~asp_mars_pluto_sextile_orb1 & asp_neptune_uranus_conj_orb5 & ~asp_saturn_sun_sextile_orb5,3,7,-0.3166736454556895,-0.2116736454556895,0.2986838541120816,0.5409671497313866,0.6459671497313866,1.0384075786295115,0.39244042889812486,0.5409671497313866,4,118,16,0.8419527974792005,-0.2044341522827901,False,-0.8602880872991424,-0.7552880872991424,0.0,0.7552880872991424,,,validation,,0.3101449102829234,0.7164374691324118,0.4062925588494884,-0.8178278663975544,0.0,0.8178278663975544,True,post_nasdaq
~asp_mars_pluto_sextile_orb3 & asp_neptune_uranus_conj_orb5 & ~asp_saturn_sun_conj_orb1,3,7,-0.3072638452245077,-0.20226384522450774,0.30809365434326336,0.5406613599071615,0.6456613599071614,1.0381017888052864,0.39244042889812486,0.5406613599071615,4,116,13,0.8415176124985537,-0.2044341522827901,False,-0.8602880872991424,-0.7552880872991424,0.0,0.7552880872991424,,,validation,,0.32592502973276355,0.7322175885822519,0.4062925588494884,-0.8178278663975544,0.0,0.8178278663975544,True,post_nasdaq
~asp_mars_pluto_sextile_orb3 & asp_neptune_uranus_conj_orb5 & ~asp_saturn_venus_sextile_orb3,3,7,-0.3120297966343282,-0.20702979663432824,0.30332770293344286,0.5395283586189266,0.6445283586189265,1.0369687875170515,0.39244042889812486,0.5395283586189266,6,98,18,0.8399051953995518,-0.2044341522827901,False,-0.8602880872991424,-0.7552880872991424,0.0,0.7552880872991424,,,validation,,0.3777930663735704,0.7840856252230588,0.4062925588494884,-0.8178278663975544,0.0,0.8178278663975544,True,post_nasdaq
~asp_mars_pluto_sextile_orb3 & asp_neptune_uranus_conj_orb5 & ~venus_sign_capricorn,3,7,-0.27441936160663444,-0.16941936160663446,0.34093813796113664,0.5395072566118468,0.6445072566118468,1.0369476855099717,0.39244042889812486,0.5395072566118468,5,91,13,0.8398751645480262,-0.2044341522827901,False,-0.8602880872991424,-0.7552880872991424,0.0,0.7552880872991424,,,validation,,0.3248877409020238,0.7311802997515122,0.4062925588494884,-0.8178278663975544,0.0,0.8178278663975544,True,post_nasdaq
~asp_moon_saturn_trine_orb1 & asp_pluto_uranus_sextile_orb3 & ~mars_ingress_5d,3,7,-0.5880183867252312,-0.4830183867252312,0.027339112842539932,0.5393848547318494,0.6443848547318494,1.0368252836299743,0.39244042889812486,0.5393848547318494,32,74,43,0.8397009711928565,-0.2044341522827901,False,-0.8602880872991424,-0.7552880872991424,0.0,0.7552880872991424,,,validation,,0.6617723365175598,1.0680648953670482,0.4062925588494884,-0.8178278663975544,0.0,0.8178278663975544,True,post_nasdaq
~asp_mars_sun_square_orb5 & asp_pluto_uranus_sextile_orb3 & ~asp_saturn_venus_trine_orb3,3,7,-0.567533773995511,-0.462533773995511,0.04782372557226011,0.5380003175437167,0.6430003175437167,1.0354407464418416,0.39244042889812486,0.5380003175437167,12,192,15,0.8377306180749444,-0.2044341522827901,False,-0.8602880872991424,-0.7552880872991424,0.0,0.7552880872991424,,,validation,,0.4786609479382978,0.8849535067877862,0.4062925588494884,-0.8178278663975544,0.0,0.8178278663975544,True,post_nasdaq
~asp_mercury_pluto_sextile_orb5 & asp_neptune_uranus_conj_orb5 & ~asp_neptune_venus_conj_orb3,3,7,-0.34554295867949336,-0.24054295867949338,0.2698145408882777,0.5379294721215613,0.6429294721215613,1.0353699010196862,0.39244042889812486,0.5379294721215613,5,123,17,0.8376297979299281,-0.2044341522827901,False,-0.8602880872991424,-0.7552880872991424,0.0,0.7552880872991424,,,validation,,0.2897120015210443,0.6960045603705327,0.4062925588494884,-0.8178278663975544,0.0,0.8178278663975544,True,post_nasdaq
~asp_mars_pluto_sextile_orb3 & asp_neptune_uranus_conj_orb5 & ~sun_sign_leo,3,7,-0.3917989894713594,-0.2867989894713594,0.22355851009641167,0.5378580434544948,0.6428580434544948,1.0352984723526197,0.39244042889812486,0.5378580434544948,3,133,10,0.8375281478584089,-0.2044341522827901,False,-0.8602880872991424,-0.7552880872991424,0.0,0.7552880872991424,,,validation,,0.25007357677868064,0.656366135628169,0.4062925588494884,-0.8178278663975544,0.0,0.8178278663975544,True,post_nasdaq
asp_neptune_uranus_conj_orb5 & ~asp_saturn_sun_sextile_orb5,2,4,-0.22721726756609764,-0.18721726756609763,0.32314023200167347,0.5375775087373631,0.5775775087373631,0.9700179376354879,0.39244042889812486,0.5375775087373631,3,160,12,0.7446642565394799,-0.2044341522827901,False,-0.7952880872991425,-0.7552880872991424,0.0,0.7552880872991424,,,validation,,0.19340331122046633,0.5996958700699547,0.4062925588494884,-0.8178278663975544,0.0,0.8178278663975544,True,post_nasdaq
~asp_mars_pluto_sextile_orb3 & ~asp_mars_sun_square_orb3 & asp_neptune_uranus_conj_orb5,3,7,-0.29628647927596896,-0.19128647927596898,0.3190710202918021,0.5371681026591102,0.6421681026591102,1.034608531557235,0.39244042889812486,0.5371681026591102,4,116,13,0.8365462983630725,-0.2044341522827901,False,-0.8602880872991424,-0.7552880872991424,0.0,0.7552880872991424,,,validation,,0.2790562952974261,0.6853488541469145,0.4062925588494884,-0.8178278663975544,0.0,0.8178278663975544,True,post_nasdaq
~asp_mars_pluto_sextile_orb3 & asp_neptune_uranus_conj_orb5 & ~asp_pluto_sun_sextile_orb5,3,7,-0.27919826687765414,-0.17419826687765416,0.33615923269011694,0.5371027752363129,0.6421027752363129,1.0345432041344378,0.39244042889812486,0.5371027752363129,5,116,17,0.8364533318393019,-0.2044341522827901,False,-0.8602880872991424,-0.7552880872991424,0.0,0.7552880872991424,,,validation,,0.3930027116120763,0.7992952704615647,0.4062925588494884,-0.8178278663975544,0.0,0.8178278663975544,True,post_nasdaq
asp_pluto_uranus_sextile_orb3 & ~asp_saturn_venus_trine_orb5 & ~mercury_sign_cancer,3,7,-0.6033524583725712,-0.49835245837257125,0.012005041195199854,0.5367522899221475,0.6417522899221475,1.0341927188202724,0.39244042889812486,0.5367522899221475,11,145,15,0.8359545624696698,-0.2044341522827901,False,-0.8602880872991424,-0.7552880872991424,0.0,0.7552880872991424,,,validation,,0.582334032315388,0.9886265911648765,0.4062925588494884,-0.8178278663975544,0.0,0.8178278663975544,True,post_nasdaq
asp_pluto_uranus_sextile_orb3 & ~asp_saturn_venus_trine_orb3 & ~asp_uranus_venus_sextile_orb5,3,7,-0.6309346277379219,-0.5259346277379219,-0.015577128170150785,0.5362384224735204,0.6412384224735204,1.0336788513716453,0.39244042889812486,0.5362384224735204,15,142,18,0.835223290820847,-0.2044341522827901,False,-0.8602880872991424,-0.7552880872991424,0.0,0.7552880872991424,,,validation,,0.5053421140550585,0.9116346729045468,0.4062925588494884,-0.8178278663975544,0.0,0.8178278663975544,True,post_nasdaq
~asp_mars_pluto_sextile_orb3 & asp_neptune_uranus_conj_orb5 & ~asp_pluto_venus_opp_orb3,3,7,-0.29150985362120674,-0.18650985362120676,0.32384764594656434,0.5360251038377797,0.6410251038377797,1.0334655327359046,0.39244042889812486,0.5360251038377797,4,116,13,0.8349197238801587,-0.2044341522827901,False,-0.8602880872991424,-0.7552880872991424,0.0,0.7552880872991424,,,validation,,0.29452916839778137,0.7008217272472698,0.4062925588494884,-0.8178278663975544,0.0,0.8178278663975544,True,post_nasdaq
~asp_mars_pluto_sextile_orb3 & asp_neptune_uranus_conj_orb5 & ~asp_pluto_sun_square_orb5,3,7,-0.3362133937050044,-0.23121339370500443,0.27914410586276667,0.5359907425643198,0.6409907425643198,1.0334311714624447,0.39244042889812486,0.5359907425643198,5,95,16,0.8348708255236672,-0.2044341522827901,False,-0.8602880872991424,-0.7552880872991424,0.0,0.7552880872991424,,,validation,,0.38045815496688723,0.7867507138163756,0.4062925588494884,-0.8178278663975544,0.0,0.8178278663975544,True,post_nasdaq
~asp_moon_saturn_trine_orb1 & asp_pluto_uranus_sextile_orb3,2,4,-0.540074788481231,-0.500074788481231,0.010282711086540127,0.5353898163302782,0.5753898163302782,0.9678302452284031,0.39244042889812486,0.5353898163302782,12,184,18,0.7415534296053445,-0.2044341522827901,False,-0.7952880872991425,-0.7552880872991424,0.0,0.7552880872991424,,,validation,,0.47220229622653004,0.8784948550760184,0.4062925588494884,-0.8178278663975544,0.0,0.8178278663975544,True,post_nasdaq
~asp_moon_saturn_trine_orb1 & asp_pluto_uranus_sextile_orb3 & ~mercury_sign_aries,3,7,-0.5664792115731665,-0.46147921157316646,0.048878287994604634,0.5349531940504766,0.6399531940504766,1.0323936229486015,0.39244042889812486,0.5349531940504766,13,150,20,0.8333943353919548,-0.2044341522827901,False,-0.8602880872991424,-0.7552880872991424,0.0,0.7552880872991424,,,validation,,0.49422992595940135,0.9005224848088897,0.4062925588494884,-0.8178278663975544,0.0,0.8178278663975544,True,post_nasdaq
~asp_mars_pluto_sextile_orb3 & asp_neptune_uranus_conj_orb5 & ~asp_saturn_sun_conj_orb3,3,7,-0.28776468420068385,-0.18276468420068387,0.32759281536708723,0.5344108127388227,0.6394108127388227,1.0318512416369476,0.39244042889812486,0.5344108127388227,4,116,13,0.8326225036827715,-0.2044341522827901,False,-0.8602880872991424,-0.7552880872991424,0.0,0.7552880872991424,,,validation,,0.3167793974610537,0.7230719563105421,0.4062925588494884,-0.8178278663975544,0.0,0.8178278663975544,True,post_nasdaq
~asp_mercury_pluto_sextile_orb3 & asp_neptune_uranus_conj_orb5 & ~asp_saturn_sun_trine_orb3,3,7,-0.33092693826091774,-0.22592693826091775,0.28443056130685335,0.5341976022096395,0.6391976022096395,1.0316380311077644,0.39244042889812486,0.5341976022096395,5,131,21,0.8323190974326145,-0.2044341522827901,False,-0.8602880872991424,-0.7552880872991424,0.0,0.7552880872991424,,,validation,,0.42924004177964853,0.8355326006291369,0.4062925588494884,-0.8178278663975544,0.0,0.8178278663975544,True,post_nasdaq
~asp_mars_sun_square_orb5 & asp_pluto_uranus_sextile_orb3 & ~asp_saturn_venus_trine_orb5,3,7,-0.5563353143687085,-0.45133531436870855,0.05902218519906255,0.5337545578334839,0.6387545578334839,1.0311949867316088,0.39244042889812486,0.5337545578334839,12,192,15,0.831688631905265,-0.2044341522827901,False,-0.8602880872991424,-0.7552880872991424,0.0,0.7552880872991424,,,validation,,0.4685094047813411,0.8748019636308295,0.4062925588494884,-0.8178278663975544,0.0,0.8178278663975544,True,post_nasdaq
~asp_mercury_pluto_sextile_orb5 & asp_neptune_uranus_conj_orb5 & ~asp_neptune_venus_conj_orb5,3,7,-0.34216339797036666,-0.23716339797036667,0.2731941015974044,0.5336582163234223,0.6386582163234222,1.0310986452215471,0.39244042889812486,0.5336582163234223,5,121,17,0.8315515354828971,-0.2044341522827901,False,-0.8602880872991424,-0.7552880872991424,0.0,0.7552880872991424,,,validation,,0.29748607212426253,0.7037786309737509,0.4062925588494884,-0.8178278663975544,0.0,0.8178278663975544,True,post_nasdaq
~asp_mercury_sun_conj_orb1 & ~asp_moon_saturn_trine_orb1 & asp_pluto_uranus_sextile_orb3,3,7,-0.5870721039302255,-0.4820721039302254,0.02828539563754569,0.5334889737410298,0.6384889737410298,1.0309294026391547,0.39244042889812486,0.5334889737410298,27,84,35,0.8313106993723423,-0.2044341522827901,False,-0.8602880872991424,-0.7552880872991424,0.0,0.7552880872991424,,,validation,,0.52880791924718,0.9351004780966683,0.4062925588494884,-0.8178278663975544,0.0,0.8178278663975544,True,post_nasdaq
~asp_mercury_sun_conj_orb1 & ~asp_mercury_uranus_square_orb5 & asp_pluto_uranus_sextile_orb3,3,7,-0.6404009453610146,-0.5354009453610146,-0.025043445793243482,0.5331174213883199,0.6381174213883198,1.0305578502864448,0.39244042889812486,0.5331174213883199,24,87,30,0.8307819735401352,-0.2044341522827901,False,-0.8602880872991424,-0.7552880872991424,0.0,0.7552880872991424,,,validation,,0.5254247094228401,0.9317172682723286,0.4062925588494884,-0.8178278663975544,0.0,0.8178278663975544,True,post_nasdaq
~asp_mars_pluto_sextile_orb5 & asp_neptune_uranus_conj_orb5 & ~asp_uranus_venus_square_orb3,3,7,-0.29434486590320197,-0.189344865903202,0.3210126336645691,0.533033458377125,0.638033458377125,1.03047388727525,0.39244042889812486,0.533033458377125,4,92,18,0.8306624929661903,-0.2044341522827901,False,-0.8602880872991424,-0.7552880872991424,0.0,0.7552880872991424,,,validation,,0.28963433606152006,0.6959268949110085,0.4062925588494884,-0.8178278663975544,0.0,0.8178278663975544,True,post_nasdaq
~asp_mercury_uranus_square_orb5 & asp_pluto_uranus_sextile_orb3 & ~mercury_sign_aries,3,7,-0.5999794574561018,-0.49497945745610183,0.015378042111669273,0.5329465264446023,0.6379465264446023,1.0303869553427272,0.39244042889812486,0.5329465264446023,11,136,15,0.8305387877047001,-0.2044341522827901,False,-0.8602880872991424,-0.7552880872991424,0.0,0.7552880872991424,,,validation,,0.47813112160210675,0.8844236804515951,0.4062925588494884,-0.8178278663975544,0.0,0.8178278663975544,True,post_nasdaq
~asp_mars_pluto_sextile_orb3 & asp_neptune_uranus_conj_orb5 & ~asp_sun_uranus_square_orb5,3,7,-0.302343709277766,-0.197343709277766,0.3130137902900051,0.5323725894950366,0.6373725894950366,1.0298130183931615,0.39244042889812486,0.5323725894950366,5,72,18,0.8297220713458426,-0.2044341522827901,False,-0.8602880872991424,-0.7552880872991424,0.0,0.7552880872991424,,,validation,,0.31129392225289537,0.7175864811023838,0.4062925588494884,-0.8178278663975544,0.0,0.8178278663975544,True,post_nasdaq
asp_pluto_uranus_sextile_orb3 & ~asp_saturn_venus_trine_orb5 & ~asp_uranus_venus_sextile_orb5,3,7,-0.6199189682278817,-0.5149189682278817,-0.004561468660110633,0.5320138847804863,0.6370138847804863,1.0294543136786112,0.39244042889812486,0.5320138847804863,15,142,18,0.8292116349187768,-0.2044341522827901,False,-0.8602880872991424,-0.7552880872991424,0.0,0.7552880872991424,,,validation,,0.4953102586625741,0.9016028175120625,0.4062925588494884,-0.8178278663975544,0.0,0.8178278663975544,True,post_nasdaq
~asp_mars_pluto_sextile_orb3 & ~asp_neptune_sun_trine_orb3 & asp_neptune_uranus_conj_orb5,3,7,-0.33157951086612175,-0.22657951086612177,0.28377798870164933,0.5319775180427253,0.6369775180427253,1.0294179469408502,0.39244042889812486,0.5319775180427253,5,92,18,0.8291598852155009,-0.2044341522827901,False,-0.8602880872991424,-0.7552880872991424,0.0,0.7552880872991424,,,validation,,0.30966304868606903,0.7159556075355574,0.4062925588494884,-0.8178278663975544,0.0,0.8178278663975544,True,post_nasdaq
asp_pluto_uranus_sextile_orb3 & ~asp_saturn_venus_trine_orb3 & ~mercury_sign_cancer,3,7,-0.6086303098634214,-0.5036303098634214,0.006727189704349713,0.531791988154172,0.6367919881541719,1.0292324170522968,0.39244042889812486,0.531791988154172,11,145,15,0.8288958773841617,-0.2044341522827901,False,-0.8602880872991424,-0.7552880872991424,0.0,0.7552880872991424,,,validation,,0.5722619682783032,0.9785545271277916,0.4062925588494884,-0.8178278663975544,0.0,0.8178278663975544,True,post_nasdaq
~asp_jupiter_sun_conj_orb1 & ~asp_mars_pluto_sextile_orb3 & asp_neptune_uranus_conj_orb5,3,7,-0.28655367038876367,-0.1815536703887637,0.3288038291790074,0.5317686778007888,0.6367686778007888,1.0292091066989137,0.39244042889812486,0.5317686778007888,4,133,12,0.828862706944709,-0.2044341522827901,False,-0.8602880872991424,-0.7552880872991424,0.0,0.7552880872991424,,,validation,,0.2745703263490908,0.6808628851985792,0.4062925588494884,-0.8178278663975544,0.0,0.8178278663975544,True,post_nasdaq
~asp_mars_pluto_sextile_orb3 & asp_neptune_uranus_conj_orb5 & ~asp_saturn_venus_square_orb3,3,7,-0.29734659648653433,-0.19234659648653435,0.31801090308123675,0.5317017555134376,0.6367017555134376,1.0291421844115625,0.39244042889812486,0.5317017555134376,6,110,18,0.8287674771379565,-0.2044341522827901,False,-0.8602880872991424,-0.7552880872991424,0.0,0.7552880872991424,,,validation,,0.32411666768172315,0.7304092265312115,0.4062925588494884,-0.8178278663975544,0.0,0.8178278663975544,True,post_nasdaq
~asp_jupiter_sun_conj_orb5 & ~asp_mercury_pluto_sextile_orb3 & asp_neptune_uranus_conj_orb5,3,7,-0.31370284136153886,-0.20870284136153888,0.3016546582062322,0.5316316374458225,0.6366316374458225,1.0290720663439474,0.39244042889812486,0.5316316374458225,4,160,16,0.828667699849067,-0.2044341522827901,False,-0.8602880872991424,-0.7552880872991424,0.0,0.7552880872991424,,,validation,,0.3308994069837731,0.7371919658332615,0.4062925588494884,-0.8178278663975544,0.0,0.8178278663975544,True,post_nasdaq
asp_pluto_uranus_sextile_orb3 & ~asp_saturn_venus_trine_orb5 & ~mars_ingress_5d,3,7,-0.6362859285588831,-0.5312859285588831,-0.020928428991112025,0.5313707438079422,0.6363707438079422,1.0288111727060671,0.39244042889812486,0.5313707438079422,28,74,37,0.8282964516423295,-0.2044341522827901,False,-0.8602880872991424,-0.7552880872991424,0.0,0.7552880872991424,,,validation,,0.665231015176089,1.0715235740255773,0.4062925588494884,-0.8178278663975544,0.0,0.8178278663975544,True,post_nasdaq
~asp_mercury_uranus_square_orb5 & asp_pluto_uranus_sextile_orb3,2,4,-0.5928723429112718,-0.5528723429112717,-0.04251484334350068,0.5312697667747979,0.5712697667747979,0.9637101956729228,0.39244042889812486,0.5312697667747979,10,136,14,0.7356950677039111,-0.2044341522827901,False,-0.7952880872991425,-0.7552880872991424,0.0,0.7552880872991424,,,validation,,0.4660278584512469,0.8723204173007353,0.4062925588494884,-0.8178278663975544,0.0,0.8178278663975544,True,post_nasdaq
~asp_mars_pluto_sextile_orb3 & ~asp_moon_neptune_trine_orb3 & asp_neptune_uranus_conj_orb5,3,7,-0.35996942113785046,-0.2549694211378505,0.2553880784299206,0.5310993681878204,0.6360993681878204,1.0285397970859453,0.39244042889812486,0.5310993681878204,12,61,47,0.8279102889774301,-0.2044341522827901,False,-0.8602880872991424,-0.7552880872991424,0.0,0.7552880872991424,,,validation,,0.390340534777666,0.7966330936271544,0.4062925588494884,-0.8178278663975544,0.0,0.8178278663975544,True,post_nasdaq
~asp_mars_pluto_sextile_orb3 & asp_neptune_uranus_conj_orb5 & ~asp_neptune_venus_trine_orb3,3,7,-0.35476087625993696,-0.24976087625993698,0.2605966233078341,0.5310846726997132,0.6360846726997131,1.028525101597838,0.39244042889812486,0.5310846726997132,5,106,18,0.8278893775968768,-0.2044341522827901,False,-0.8602880872991424,-0.7552880872991424,0.0,0.7552880872991424,,,validation,,0.2884169326047787,0.6947094914542671,0.4062925588494884,-0.8178278663975544,0.0,0.8178278663975544,True,post_nasdaq
~asp_mars_pluto_sextile_orb3 & asp_neptune_uranus_conj_orb5 & ~jupiter_ingress_1d,3,7,-0.3229081846976532,-0.21790818469765322,0.2924493148701179,0.5309518320216722,0.6359518320216722,1.028392260919797,0.39244042889812486,0.5309518320216722,4,133,13,0.8277003481865637,-0.2044341522827901,False,-0.8602880872991424,-0.7552880872991424,0.0,0.7552880872991424,,,validation,,0.37269328049411293,0.7789858393436013,0.4062925588494884,-0.8178278663975544,0.0,0.8178278663975544,True,post_nasdaq
~asp_mercury_uranus_square_orb5 & asp_pluto_uranus_sextile_orb3 & ~asp_uranus_venus_sextile_orb5,3,7,-0.6586818490397212,-0.5536818490397212,-0.04332434947195009,0.5308045483273311,0.6358045483273311,1.028244977225456,0.39244042889812486,0.5308045483273311,15,136,19,0.8274907670375755,-0.2044341522827901,False,-0.8602880872991424,-0.7552880872991424,0.0,0.7552880872991424,,,validation,,0.5133617555096817,0.9196543143591701,0.4062925588494884,-0.8178278663975544,0.0,0.8178278663975544,True,post_nasdaq
asp_pluto_uranus_sextile_orb3 & ~asp_saturn_venus_trine_orb5 & ~sun_sign_cancer,3,7,-0.6446933295363241,-0.5396933295363241,-0.02933582996855295,0.5301322697290014,0.6351322697290014,1.0275726986271263,0.39244042889812486,0.5301322697290014,11,138,16,0.8265341356065956,-0.2044341522827901,False,-0.8602880872991424,-0.7552880872991424,0.0,0.7552880872991424,,,validation,,0.5697854039353165,0.976077962784805,0.4062925588494884,-0.8178278663975544,0.0,0.8178278663975544,True,post_nasdaq
~asp_mars_pluto_sextile_orb3 & asp_neptune_uranus_conj_orb5 & ~asp_saturn_sun_trine_orb3,3,7,-0.31778679055837783,-0.21278679055837785,0.29757070900939325,0.5298422896328576,0.6348422896328576,1.0272827185309825,0.39244042889812486,0.5298422896328576,4,133,17,0.8261215054339168,-0.2044341522827901,False,-0.8602880872991424,-0.7552880872991424,0.0,0.7552880872991424,,,validation,,0.3351362200088603,0.7414287788583487,0.4062925588494884,-0.8178278663975544,0.0,0.8178278663975544,True,post_nasdaq
~asp_moon_saturn_trine_orb1 & asp_pluto_uranus_sextile_orb3 & ~sun_sign_aries,3,7,-0.4649008272398778,-0.3599008272398778,0.1504566723278933,0.5298339651902726,0.6348339651902726,1.0272743940883975,0.39244042889812486,0.5298339651902726,14,150,20,0.8261096601040729,-0.2044341522827901,False,-0.8602880872991424,-0.7552880872991424,0.0,0.7552880872991424,,,validation,,0.4605882277490994,0.8668807865985878,0.4062925588494884,-0.8178278663975544,0.0,0.8178278663975544,True,post_nasdaq
~asp_mercury_uranus_square_orb1 & ~asp_moon_saturn_trine_orb1 & asp_pluto_uranus_sextile_orb3,3,7,-0.6174168445918068,-0.5124168445918068,-0.0020593450240356534,0.5293987181907267,0.6343987181907267,1.0268391470888516,0.39244042889812486,0.5293987181907267,16,150,23,0.8254903237128917,-0.2044341522827901,False,-0.8602880872991424,-0.7552880872991424,0.0,0.7552880872991424,,,validation,,0.5214393181058494,0.9277318769553378,0.4062925588494884,-0.8178278663975544,0.0,0.8178278663975544,True,post_nasdaq
~asp_mars_pluto_sextile_orb3 & asp_neptune_uranus_conj_orb5 & ~asp_saturn_venus_trine_orb1,3,7,-0.28572439128068844,-0.18072439128068846,0.32963310828708264,0.5293783720788201,0.6343783720788201,1.026818800976945,0.39244042889812486,0.5293783720788201,4,133,16,0.8254613722157302,-0.2044341522827901,False,-0.8602880872991424,-0.7552880872991424,0.0,0.7552880872991424,,,validation,,0.28872800253522984,0.6950205613847182,0.4062925588494884,-0.8178278663975544,0.0,0.8178278663975544,True,post_nasdaq
~asp_mars_pluto_sextile_orb3 & asp_neptune_uranus_conj_orb5 & ~asp_saturn_venus_conj_orb5,3,7,-0.26708470016178787,-0.1620847001617879,0.3482727994059832,0.5288628735914667,0.6338628735914666,1.0263033024895916,0.39244042889812486,0.5288628735914667,4,116,13,0.8247278461262111,-0.2044341522827901,False,-0.8602880872991424,-0.7552880872991424,0.0,0.7552880872991424,,,validation,,0.29858454320098265,0.704877102050471,0.4062925588494884,-0.8178278663975544,0.0,0.8178278663975544,True,post_nasdaq
asp_neptune_uranus_conj_orb5 & ~asp_saturn_sun_sextile_orb3 & ~asp_saturn_sun_trine_orb3,3,7,-0.34734494349102457,-0.2423449434910246,0.2680125560767465,0.5287958738192269,0.6337958738192269,1.0262363027173518,0.39244042889812486,0.5287958738192269,5,89,22,0.824632509463844,-0.2044341522827901,False,-0.8602880872991424,-0.7552880872991424,0.0,0.7552880872991424,,,validation,,0.32762360170161714,0.7339161605511055,0.4062925588494884,-0.8178278663975544,0.0,0.8178278663975544,True,post_nasdaq
~asp_moon_saturn_trine_orb1 & ~asp_pluto_sun_trine_orb5 & asp_pluto_uranus_sextile_orb3,3,7,-0.6257040074120271,-0.5207040074120272,-0.010346507844256066,0.5286994144506239,0.6336994144506238,1.0261398433487487,0.39244042889812486,0.5286994144506239,17,124,26,0.8244952536982495,-0.2044341522827901,False,-0.8602880872991424,-0.7552880872991424,0.0,0.7552880872991424,,,validation,,0.5501226681882962,0.9564152270377847,0.4062925588494884,-0.8178278663975544,0.0,0.8178278663975544,True,post_nasdaq
~asp_mars_pluto_sextile_orb3 & asp_neptune_uranus_conj_orb5 & ~asp_neptune_venus_trine_orb1,3,7,-0.29982757105950997,-0.19482757105950999,0.3155299285082611,0.5286401470270503,0.6336401470270503,1.0260805759251752,0.39244042889812486,0.5286401470270503,4,116,14,0.8244109198699963,-0.2044341522827901,False,-0.8602880872991424,-0.7552880872991424,0.0,0.7552880872991424,,,validation,,0.3032353625542816,0.70952792140377,0.4062925588494884,-0.8178278663975544,0.0,0.8178278663975544,True,post_nasdaq
~asp_mars_sun_square_orb3 & asp_pluto_uranus_sextile_orb3 & ~asp_saturn_venus_trine_orb3,3,7,-0.6252217078590928,-0.5202217078590928,-0.009864208291321692,0.528550147110268,0.633550147110268,1.025990576008393,0.39244042889812486,0.528550147110268,12,192,15,0.8242828557478081,-0.2044341522827901,False,-0.8602880872991424,-0.7552880872991424,0.0,0.7552880872991424,,,validation,,0.5020715133441429,0.9083640721936312,0.4062925588494884,-0.8178278663975544,0.0,0.8178278663975544,True,post_nasdaq
~asp_mars_pluto_sextile_orb3 & ~asp_moon_saturn_opp_orb3 & asp_neptune_uranus_conj_orb5,3,7,-0.31174645540924095,-0.20674645540924097,0.30361104415853013,0.528276774107826,0.633276774107826,1.025717203005951,0.39244042889812486,0.528276774107826,7,77,26,0.823893864326408,-0.2044341522827901,False,-0.8602880872991424,-0.7552880872991424,0.0,0.7552880872991424,,,validation,,0.34239748894075367,0.7486900477902421,0.4062925588494884,-0.8178278663975544,0.0,0.8178278663975544,True,post_nasdaq
~asp_mercury_pluto_sextile_orb5 & asp_neptune_uranus_conj_orb5 & ~asp_saturn_venus_sextile_orb5,3,7,-0.3559588453679988,-0.25095884536799884,0.25939865419977226,0.5282183605021786,0.6332183605021786,1.0256587894003035,0.39244042889812486,0.5282183605021786,6,70,23,0.8238107458580533,-0.2044341522827901,False,-0.8602880872991424,-0.7552880872991424,0.0,0.7552880872991424,,,validation,,0.3647322163901427,0.7710247752396311,0.4062925588494884,-0.8178278663975544,0.0,0.8178278663975544,True,post_nasdaq
~asp_mars_pluto_sextile_orb3 & ~asp_moon_saturn_opp_orb5 & asp_neptune_uranus_conj_orb5,3,7,-0.36086772478112406,-0.2558677247811241,0.254489774786647,0.5277113326675396,0.6327113326675395,1.0251517615656645,0.39244042889812486,0.5277113326675396,10,77,40,0.8230892832732357,-0.2044341522827901,False,-0.8602880872991424,-0.7552880872991424,0.0,0.7552880872991424,,,validation,,0.3702718433246111,0.7765644021740995,0.4062925588494884,-0.8178278663975544,0.0,0.8178278663975544,True,post_nasdaq
~asp_mars_sun_square_orb3 & asp_pluto_uranus_sextile_orb3 & ~asp_saturn_venus_trine_orb5,3,7,-0.6141996891659706,-0.5091996891659706,0.0011578104018005531,0.5275662618107024,0.6325662618107024,1.0250066907088273,0.39244042889812486,0.5275662618107024,12,192,15,0.8228828591485062,-0.2044341522827901,False,-0.8602880872991424,-0.7552880872991424,0.0,0.7552880872991424,,,validation,,0.49848213148373116,0.9047746903332196,0.4062925588494884,-0.8178278663975544,0.0,0.8178278663975544,True,post_nasdaq
~asp_mercury_uranus_square_orb3 & ~asp_moon_saturn_trine_orb1 & asp_pluto_uranus_sextile_orb3,3,7,-0.6690443250293704,-0.5640443250293704,-0.05368682546159929,0.5270571016423127,0.6320571016423127,1.0244975305404376,0.39244042889812486,0.5270571016423127,17,132,25,0.8221583682131735,-0.2044341522827901,False,-0.8602880872991424,-0.7552880872991424,0.0,0.7552880872991424,,,validation,,0.531425468315506,0.9377180271649943,0.4062925588494884,-0.8178278663975544,0.0,0.8178278663975544,True,post_nasdaq
~asp_mercury_moon_trine_orb1 & asp_neptune_uranus_conj_orb5 & ~asp_saturn_sun_sextile_orb5,3,7,-0.32044169260066,-0.21544169260066004,0.29491580696711106,0.5267365402703739,0.6317365402703738,1.0241769691684988,0.39244042889812486,0.5267365402703739,6,130,20,0.8217022393912465,-0.2044341522827901,False,-0.8602880872991424,-0.7552880872991424,0.0,0.7552880872991424,,,validation,,0.21620238234868644,0.6224949411981748,0.4062925588494884,-0.8178278663975544,0.0,0.8178278663975544,True,post_nasdaq
~asp_neptune_sun_opp_orb3 & asp_neptune_uranus_conj_orb5 & ~asp_saturn_sun_sextile_orb5,3,7,-0.3258280335404244,-0.2208280335404244,0.2895294660273467,0.5262347944749908,0.6312347944749908,1.0236752233731157,0.39244042889812486,0.5262347944749908,4,118,17,0.8209883056915748,-0.2044341522827901,False,-0.8602880872991424,-0.7552880872991424,0.0,0.7552880872991424,,,validation,,0.29783189912592406,0.7041244579754125,0.4062925588494884,-0.8178278663975544,0.0,0.8178278663975544,True,post_nasdaq
~asp_mercury_uranus_square_orb5 & ~asp_pluto_sun_trine_orb5 & asp_pluto_uranus_sextile_orb3,3,7,-0.6797434507073413,-0.5747434507073413,-0.0643859511395702,0.5260671723633663,0.6310671723633663,1.0235076012614912,0.39244042889812486,0.5260671723633663,15,97,22,0.8207497972973223,-0.2044341522827901,False,-0.8602880872991424,-0.7552880872991424,0.0,0.7552880872991424,,,validation,,0.5456549957232759,0.9519475545727644,0.4062925588494884,-0.8178278663975544,0.0,0.8178278663975544,True,post_nasdaq
asp_pluto_uranus_sextile_orb3 & ~asp_saturn_venus_trine_orb3 & ~mars_ingress_5d,3,7,-0.6482922386667189,-0.5432922386667189,-0.03293473909894781,0.5260451204965142,0.6310451204965142,1.023485549394639,0.39244042889812486,0.5260451204965142,28,74,37,0.8207184198782149,-0.2044341522827901,False,-0.8602880872991424,-0.7552880872991424,0.0,0.7552880872991424,,,validation,,0.6540052016513218,1.0602977605008101,0.4062925588494884,-0.8178278663975544,0.0,0.8178278663975544,True,post_nasdaq
~asp_jupiter_mercury_trine_orb3 & ~asp_mars_pluto_sextile_orb3 & asp_neptune_uranus_conj_orb5,3,7,-0.23988178797658088,-0.1348817879765809,0.3754757115911902,0.5260229464914006,0.6310229464914006,1.0234633753895255,0.39244042889812486,0.5260229464914006,5,111,19,0.8206868686781221,-0.2044341522827901,False,-0.8602880872991424,-0.7552880872991424,0.0,0.7552880872991424,,,validation,,0.3064940971217834,0.7127866559712718,0.4062925588494884,-0.8178278663975544,0.0,0.8178278663975544,True,post_nasdaq
~asp_mars_pluto_sextile_orb5 & asp_neptune_uranus_conj_orb5 & ~asp_sun_uranus_trine_orb5,3,7,-0.35080501768454064,-0.24580501768454066,0.26455248188323044,0.5260106952577328,0.6310106952577328,1.0234511241558577,0.39244042889812486,0.5260106952577328,4,94,17,0.8206694365073701,-0.2044341522827901,False,-0.8602880872991424,-0.7552880872991424,0.0,0.7552880872991424,,,validation,,0.28085906574717395,0.6871516245966623,0.4062925588494884,-0.8178278663975544,0.0,0.8178278663975544,True,post_nasdaq
~asp_jupiter_sun_conj_orb5 & asp_neptune_uranus_conj_orb5 & ~asp_saturn_sun_sextile_orb3,3,7,-0.31744547730455824,-0.21244547730455826,0.29791202226321284,0.525795126901395,0.6307951269013949,1.0232355557995199,0.39244042889812486,0.525795126901395,4,146,17,0.8203627066497745,-0.2044341522827901,False,-0.8602880872991424,-0.7552880872991424,0.0,0.7552880872991424,,,validation,,0.2325155317243241,0.6388080905738125,0.4062925588494884,-0.8178278663975544,0.0,0.8178278663975544,True,post_nasdaq
~asp_mars_pluto_sextile_orb3 & ~asp_mars_sun_sextile_orb5 & asp_neptune_uranus_conj_orb5,3,7,-0.32246722127622124,-0.21746722127622126,0.29289027829154984,0.5257845753363328,0.6307845753363328,1.0232250042344577,0.39244042889812486,0.5257845753363328,3,133,11,0.8203476929639704,-0.2044341522827901,False,-0.8602880872991424,-0.7552880872991424,0.0,0.7552880872991424,,,validation,,0.2820932201467044,0.6883857789961928,0.4062925588494884,-0.8178278663975544,0.0,0.8178278663975544,True,post_nasdaq
~asp_mars_sun_sextile_orb5 & asp_neptune_uranus_conj_orb5 & ~asp_saturn_sun_sextile_orb5,3,7,-0.32329530798628375,-0.21829530798628377,0.29206219158148733,0.52558965357691,0.63058965357691,1.023030082475035,0.39244042889812486,0.52558965357691,4,103,16,0.820070341655724,-0.2044341522827901,False,-0.8602880872991424,-0.7552880872991424,0.0,0.7552880872991424,,,validation,,0.22556123695727753,0.6318537958067659,0.4062925588494884,-0.8178278663975544,0.0,0.8178278663975544,True,post_nasdaq
~asp_mars_pluto_sextile_orb3 & ~asp_moon_venus_trine_orb5 & asp_neptune_uranus_conj_orb5,3,7,-0.49057439225858057,-0.3855743922585806,0.12478310730919052,0.5253680327171408,0.6303680327171408,1.0228084616152657,0.39244042889812486,0.5253680327171408,21,24,84,0.8197550013931929,-0.2044341522827901,False,-0.8602880872991424,-0.7552880872991424,0.0,0.7552880872991424,,,validation,,0.34289605018951713,0.7491886090390055,0.4062925588494884,-0.8178278663975544,0.0,0.8178278663975544,True,post_nasdaq
asp_pluto_uranus_sextile_orb3 & ~asp_saturn_venus_trine_orb3 & ~sun_sign_cancer,3,7,-0.6569772135285775,-0.5519772135285775,-0.04161971396080641,0.5251204658053228,0.6301204658053228,1.0225608947034477,0.39244042889812486,0.5251204658053228,11,138,16,0.8194027439790594,-0.2044341522827901,False,-0.8602880872991424,-0.7552880872991424,0.0,0.7552880872991424,,,validation,,0.55944778799659,0.9657403468460785,0.4062925588494884,-0.8178278663975544,0.0,0.8178278663975544,True,post_nasdaq
~asp_mercury_pluto_sextile_orb3 & asp_neptune_uranus_conj_orb5 & ~asp_uranus_venus_square_orb3,3,7,-0.28503289285018335,-0.18003289285018337,0.33032460671758773,0.5248634638271061,0.6298634638271061,1.022303892725231,0.39244042889812486,0.5248634638271061,5,88,21,0.8190370627482997,-0.2044341522827901,False,-0.8602880872991424,-0.7552880872991424,0.0,0.7552880872991424,,,validation,,0.33608360328352754,0.7423761621330159,0.4062925588494884,-0.8178278663975544,0.0,0.8178278663975544,True,post_nasdaq
~asp_mars_moon_trine_orb3 & asp_pluto_uranus_sextile_orb3 & ~mars_ingress_3d,3,7,-0.663995700865628,-0.558995700865628,-0.04863820129785691,0.5247968285689342,0.6297968285689342,1.022237257467059,0.39244042889812486,0.5247968285689342,50,41,62,0.818942249411899,-0.2044341522827901,False,-0.8602880872991424,-0.7552880872991424,0.0,0.7552880872991424,,,validation,,0.6060053442243178,1.0122979030738062,0.4062925588494884,-0.8178278663975544,0.0,0.8178278663975544,True,post_nasdaq
~asp_mars_pluto_sextile_orb3 & asp_neptune_uranus_conj_orb5 & ~asp_pluto_venus_opp_orb5,3,7,-0.30484369182878934,-0.19984369182878936,0.31051380773898174,0.5244401471459639,0.6294401471459639,1.0218805760440888,0.39244042889812486,0.5244401471459639,4,116,13,0.818434739286084,-0.2044341522827901,False,-0.8602880872991424,-0.7552880872991424,0.0,0.7552880872991424,,,validation,,0.27312832913575796,0.6794208879852464,0.4062925588494884,-0.8178278663975544,0.0,0.8178278663975544,True,post_nasdaq
asp_neptune_uranus_conj_orb5 & ~asp_saturn_sun_sextile_orb3 & ~asp_uranus_venus_square_orb3,3,7,-0.28259000858984806,-0.17759000858984808,0.332767490977923,0.5239854959979917,0.6289854959979917,1.0214259248961166,0.39244042889812486,0.5239854959979917,4,95,21,0.8177878345056886,-0.2044341522827901,False,-0.8602880872991424,-0.7552880872991424,0.0,0.7552880872991424,,,validation,,0.26409304328456223,0.6703856021340506,0.4062925588494884,-0.8178278663975544,0.0,0.8178278663975544,True,post_nasdaq
~asp_mars_sun_square_orb5 & ~asp_moon_saturn_trine_orb1 & asp_pluto_uranus_sextile_orb3,3,7,-0.5407227632415884,-0.43572276324158843,0.07463473632618264,0.5238944455559915,0.6288944455559915,1.0213348744541164,0.39244042889812486,0.5238944455559915,15,117,21,0.8176582829360091,-0.2044341522827901,False,-0.8602880872991424,-0.7552880872991424,0.0,0.7552880872991424,,,validation,,0.4814721816531104,0.8877647405025988,0.4062925588494884,-0.8178278663975544,0.0,0.8178278663975544,True,post_nasdaq
~asp_mars_pluto_sextile_orb3 & ~asp_mercury_venus_conj_orb1 & asp_neptune_uranus_conj_orb5,3,7,-0.2925483501034627,-0.1875483501034627,0.3228091494643084,0.5238624333488542,0.6288624333488542,1.021302862246979,0.39244042889812486,0.5238624333488542,5,116,16,0.8176127342437023,-0.2044341522827901,False,-0.8602880872991424,-0.7552880872991424,0.0,0.7552880872991424,,,validation,,0.32425683488001783,0.7305493937295062,0.4062925588494884,-0.8178278663975544,0.0,0.8178278663975544,True,post_nasdaq
~asp_mars_pluto_sextile_orb3 & ~asp_mercury_uranus_sextile_orb1 & asp_neptune_uranus_conj_orb5,3,7,-0.3257439498832199,-0.22074394988321994,0.28961354968455116,0.5236773355429694,0.6286773355429693,1.0211177644410943,0.39244042889812486,0.5236773355429694,4,133,17,0.8173493674663221,-0.2044341522827901,False,-0.8602880872991424,-0.7552880872991424,0.0,0.7552880872991424,,,validation,,0.3159689937529763,0.7222615526024647,0.4062925588494884,-0.8178278663975544,0.0,0.8178278663975544,True,post_nasdaq
~asp_jupiter_moon_square_orb3 & ~asp_mars_pluto_sextile_orb3 & asp_neptune_uranus_conj_orb5,3,7,-0.4102198919356572,-0.30521989193565724,0.2051376076321139,0.5229948600261913,0.6279948600261913,1.0204352889243162,0.39244042889812486,0.5229948600261913,12,49,45,0.8163783109765148,-0.2044341522827901,False,-0.8602880872991424,-0.7552880872991424,0.0,0.7552880872991424,,,validation,,0.3481788592610096,0.754471418110498,0.4062925588494884,-0.8178278663975544,0.0,0.8178278663975544,True,post_nasdaq
~asp_mars_pluto_sextile_orb1 & ~asp_mercury_pluto_sextile_orb3 & asp_neptune_uranus_conj_orb5,3,7,-0.33062141564099345,-0.22562141564099347,0.28473608392677763,0.5229169732417027,0.6279169732417027,1.0203574021398276,0.39244042889812486,0.5229169732417027,4,131,16,0.8162674907129719,-0.2044341522827901,False,-0.8602880872991424,-0.7552880872991424,0.0,0.7552880872991424,,,validation,,0.40556286235322553,0.8118554212027139,0.4062925588494884,-0.8178278663975544,0.0,0.8178278663975544,True,post_nasdaq
~asp_mars_pluto_sextile_orb5 & ~asp_neptune_sun_trine_orb1 & asp_neptune_uranus_conj_orb5,3,7,-0.3839619226831129,-0.27896192268311293,0.2313955768846582,0.522724720437109,0.627724720437109,1.020165149335234,0.39244042889812486,0.522724720437109,4,93,17,0.8159939466001589,-0.2044341522827901,False,-0.8602880872991424,-0.7552880872991424,0.0,0.7552880872991424,,,validation,,0.23825964339791356,0.644552202247402,0.4062925588494884,-0.8178278663975544,0.0,0.8178278663975544,True,post_nasdaq
~asp_mars_pluto_sextile_orb3 & asp_neptune_uranus_conj_orb5 & ~asp_saturn_venus_sextile_orb1,3,7,-0.2930074467932313,-0.18800744679323134,0.32235005277453976,0.5220929745899681,0.627092974589968,1.019533403488093,0.39244042889812486,0.5220929745899681,6,99,17,0.8150950807070327,-0.2044341522827901,False,-0.8602880872991424,-0.7552880872991424,0.0,0.7552880872991424,,,validation,,0.31787007334829026,0.7241626321977787,0.4062925588494884,-0.8178278663975544,0.0,0.8178278663975544,True,post_nasdaq
~asp_mars_pluto_sextile_orb3 & asp_neptune_uranus_conj_orb5 & ~sun_sign_sagittarius,3,7,-0.425862997152475,-0.320862997152475,0.18949450241529606,0.5216506647067836,0.6266506647067835,1.0190910936049085,0.39244042889812486,0.5216506647067836,4,133,13,0.8144657537918332,-0.2044341522827901,False,-0.8602880872991424,-0.7552880872991424,0.0,0.7552880872991424,,,validation,,0.34062624894178667,0.7469188077912751,0.4062925588494884,-0.8178278663975544,0.0,0.8178278663975544,True,post_nasdaq
~asp_mars_sun_square_orb5 & ~asp_mercury_uranus_square_orb5 & asp_pluto_uranus_sextile_orb3,3,7,-0.5949410270126373,-0.4899410270126373,0.02041647255513377,0.5214730617013397,0.6264730617013397,1.0189134905994646,0.39244042889812486,0.5214730617013397,13,136,17,0.8142130578119193,-0.2044341522827901,False,-0.8602880872991424,-0.7552880872991424,0.0,0.7552880872991424,,,validation,,0.4757845877303339,0.8820771465798223,0.4062925588494884,-0.8178278663975544,0.0,0.8178278663975544,True,post_nasdaq
~asp_mars_pluto_sextile_orb3 & asp_neptune_uranus_conj_orb5 & ~mars_ingress_3d,3,7,-0.4007377050869847,-0.2957377050869847,0.2146197944807864,0.5211223342941751,0.6261223342941751,1.0185627631923,0.39244042889812486,0.5211223342941751,8,83,40,0.813714039676547,-0.2044341522827901,False,-0.8602880872991424,-0.7552880872991424,0.0,0.7552880872991424,,,validation,,0.3189702518651441,0.7252628107146325,0.4062925588494884,-0.8178278663975544,0.0,0.8178278663975544,True,post_nasdaq
~asp_mercury_pluto_sextile_orb3 & asp_neptune_uranus_conj_orb5,2,4,-0.24164017486602132,-0.20164017486602132,0.3087173247017498,0.5211167806910737,0.5611167806910737,0.9535572095891987,0.39244042889812486,0.5211167806910737,3,160,12,0.7212595646084279,-0.2044341522827901,False,-0.7952880872991425,-0.7552880872991424,0.0,0.7552880872991424,,,validation,,0.2823030341699155,0.6885955930194039,0.4062925588494884,-0.8178278663975544,0.0,0.8178278663975544,True,post_nasdaq
~asp_jupiter_mercury_trine_orb1 & ~asp_mars_pluto_sextile_orb3 & asp_neptune_uranus_conj_orb5,3,7,-0.259139967447392,-0.154139967447392,0.3562175321203791,0.521090275029588,0.626090275029588,1.018530703927713,0.39244042889812486,0.521090275029588,5,111,18,0.8136684255705116,-0.2044341522827901,False,-0.8602880872991424,-0.7552880872991424,0.0,0.7552880872991424,,,validation,,0.3037225307619274,0.7100150896114158,0.4062925588494884,-0.8178278663975544,0.0,0.8178278663975544,True,post_nasdaq
asp_neptune_uranus_conj_orb5 & ~asp_saturn_sun_sextile_orb3 & ~asp_sun_uranus_trine_orb5,3,7,-0.3382583991677443,-0.23325839916774432,0.2770991004000268,0.5208230883755558,0.6258230883755558,1.0182635172736807,0.39244042889812486,0.5208230883755558,4,89,21,0.8132882715551633,-0.2044341522827901,False,-0.8602880872991424,-0.7552880872991424,0.0,0.7552880872991424,,,validation,,0.2376678615725047,0.6439604204219931,0.4062925588494884,-0.8178278663975544,0.0,0.8178278663975544,True,post_nasdaq
~asp_jupiter_mercury_conj_orb3 & ~asp_mars_pluto_sextile_orb3 & asp_neptune_uranus_conj_orb5,3,7,-0.31624724847647817,-0.2112472484764782,0.2991102510912929,0.5203012618247487,0.6253012618247487,1.0177416907228736,0.39244042889812486,0.5203012618247487,4,133,15,0.8125458186562702,-0.2044341522827901,False,-0.8602880872991424,-0.7552880872991424,0.0,0.7552880872991424,,,validation,,0.31092519636719645,0.7172177552166848,0.4062925588494884,-0.8178278663975544,0.0,0.8178278663975544,True,post_nasdaq
~asp_mercury_uranus_square_orb5 & ~asp_moon_venus_square_orb3 & asp_pluto_uranus_sextile_orb3,3,7,-0.7797994556607594,-0.6747994556607594,-0.16444195609298826,0.5202078828231902,0.6252078828231902,1.017648311721315,0.39244042889812486,0.5202078828231902,35,58,44,0.8124129598533996,-0.2044341522827901,False,-0.8602880872991424,-0.7552880872991424,0.0,0.7552880872991424,,,validation,,0.5780317807791542,0.9843243396286426,0.4062925588494884,-0.8178278663975544,0.0,0.8178278663975544,True,post_nasdaq
~asp_mars_pluto_sextile_orb3 & ~asp_mars_pluto_square_orb3 & asp_neptune_uranus_conj_orb5,3,7,-0.33803534976814753,-0.23303534976814755,0.27732214979962355,0.520163001724522,0.625163001724522,1.017603430622647,0.39244042889812486,0.520163001724522,5,116,16,0.8123491034839245,-0.2044341522827901,False,-0.8602880872991424,-0.7552880872991424,0.0,0.7552880872991424,,,validation,,0.3232363598140376,0.729528918663526,0.4062925588494884,-0.8178278663975544,0.0,0.8178278663975544,True,post_nasdaq
~asp_moon_saturn_trine_orb1 & asp_pluto_uranus_sextile_orb3 & ~asp_uranus_venus_sextile_orb5,3,7,-0.6058860429567894,-0.5008860429567894,0.009471456610981728,0.5199897650723968,0.6249897650723968,1.0174301939705217,0.39244042889812486,0.5199897650723968,19,126,25,0.8121026244690583,-0.2044341522827901,False,-0.8602880872991424,-0.7552880872991424,0.0,0.7552880872991424,,,validation,,0.506056991195885,0.9123495500453734,0.4062925588494884,-0.8178278663975544,0.0,0.8178278663975544,True,post_nasdaq
~asp_mars_pluto_sextile_orb3 & ~asp_mercury_neptune_sextile_orb3 & asp_neptune_uranus_conj_orb5,3,7,-0.3976566929493544,-0.2926566929493544,0.21770080661841668,0.519930631927189,0.624930631927189,1.017371060825314,0.39244042889812486,0.519930631927189,5,83,22,0.8120184906636756,-0.2044341522827901,False,-0.8602880872991424,-0.7552880872991424,0.0,0.7552880872991424,,,validation,,0.35082098967169,0.7571135485211784,0.4062925588494884,-0.8178278663975544,0.0,0.8178278663975544,True,post_nasdaq
~asp_mars_neptune_sextile_orb3 & ~asp_mars_pluto_sextile_orb3 & asp_neptune_uranus_conj_orb5,3,7,-0.32622624026887537,-0.22122624026887538,0.2891312592988957,0.5196127977068592,0.6246127977068592,1.017053226604984,0.39244042889812486,0.5196127977068592,4,133,13,0.8115662816523666,-0.2044341522827901,False,-0.8602880872991424,-0.7552880872991424,0.0,0.7552880872991424,,,validation,,0.3242056135794165,0.7304981724289049,0.4062925588494884,-0.8178278663975544,0.0,0.8178278663975544,True,post_nasdaq
~asp_mars_pluto_sextile_orb3 & ~asp_neptune_sun_square_orb3 & asp_neptune_uranus_conj_orb5,3,7,-0.32129229701619244,-0.21629229701619246,0.29406520255157864,0.5195220391797324,0.6245220391797324,1.0169624680778573,0.39244042889812486,0.5195220391797324,5,71,19,0.8114371523163111,-0.2044341522827901,False,-0.8602880872991424,-0.7552880872991424,0.0,0.7552880872991424,,,validation,,0.3139291588003876,0.720221717649876,0.4062925588494884,-0.8178278663975544,0.0,0.8178278663975544,True,post_nasdaq
~asp_mars_sun_square_orb3 & ~asp_moon_saturn_trine_orb1 & asp_pluto_uranus_sextile_orb3,3,7,-0.6000407318676191,-0.4950407318676191,0.01531676770015202,0.5195073899343521,0.6245073899343521,1.016947818832477,0.39244042889812486,0.5195073899343521,15,119,21,0.811416309689428,-0.2044341522827901,False,-0.8602880872991424,-0.7552880872991424,0.0,0.7552880872991424,,,validation,,0.4996721343291745,0.9059646931786629,0.4062925588494884,-0.8178278663975544,0.0,0.8178278663975544,True,post_nasdaq
~asp_mars_pluto_sextile_orb3 & ~asp_mercury_saturn_opp_orb3 & asp_neptune_uranus_conj_orb5,3,7,-0.354854502431589,-0.24985450243158902,0.2605029971361821,0.5190181750416363,0.6240181750416363,1.0164586039397612,0.39244042889812486,0.5190181750416363,4,133,14,0.8107202675399123,-0.2044341522827901,False,-0.8602880872991424,-0.7552880872991424,0.0,0.7552880872991424,,,validation,,0.346025229179504,0.7523177880289924,0.4062925588494884,-0.8178278663975544,0.0,0.8178278663975544,True,post_nasdaq
~asp_mars_pluto_sextile_orb3 & ~asp_neptune_sun_opp_orb5 & asp_neptune_uranus_conj_orb5,3,7,-0.34086590916822057,-0.2358659091682206,0.2744915903995505,0.5185606538487713,0.6235606538487712,1.0160010827468962,0.39244042889812486,0.5185606538487713,3,132,12,0.8100693221023743,-0.2044341522827901,False,-0.8602880872991424,-0.7552880872991424,0.0,0.7552880872991424,,,validation,,0.3013624914585789,0.7076550503080673,0.4062925588494884,-0.8178278663975544,0.0,0.8178278663975544,True,post_nasdaq
~asp_mars_pluto_sextile_orb3 & asp_neptune_uranus_conj_orb5 & ~asp_saturn_sun_sextile_orb5,3,7,-0.2771380263300355,-0.1721380263300355,0.3382194732377356,0.5183475196050216,0.6233475196050215,1.0157879485031465,0.39244042889812486,0.5183475196050216,4,116,17,0.8097660832568312,-0.2044341522827901,False,-0.8602880872991424,-0.7552880872991424,0.0,0.7552880872991424,,,validation,,0.2568924247186171,0.6631849835681055,0.4062925588494884,-0.8178278663975544,0.0,0.8178278663975544,True,post_nasdaq
~asp_pluto_sun_trine_orb5 & asp_pluto_uranus_sextile_orb3 & ~asp_saturn_venus_trine_orb5,3,7,-0.6396869221703084,-0.5346869221703084,-0.024329422602537364,0.5180063066499976,0.6230063066499976,1.0154467355481225,0.39244042889812486,0.5180063066499976,14,94,20,0.809280620796943,-0.2044341522827901,False,-0.8602880872991424,-0.7552880872991424,0.0,0.7552880872991424,,,validation,,0.5588730408588685,0.9651655997083569,0.4062925588494884,-0.8178278663975544,0.0,0.8178278663975544,True,post_nasdaq
asp_neptune_uranus_conj_orb5 & ~asp_saturn_venus_sextile_orb5 & ~moon_sign_leo,3,7,-0.5005844624414837,-0.3955844624414837,0.11477303712628738,0.5179836021085391,0.6229836021085391,1.015424031006664,0.39244042889812486,0.5179836021085391,15,18,69,0.8092483178669645,-0.2044341522827901,False,-0.8602880872991424,-0.7552880872991424,0.0,0.7552880872991424,,,validation,,0.3269154433568741,0.7332080022063625,0.4062925588494884,-0.8178278663975544,0.0,0.8178278663975544,True,post_nasdaq
~asp_mars_pluto_sextile_orb1 & asp_neptune_uranus_conj_orb5 & ~asp_saturn_sun_sextile_orb3,3,7,-0.3450333337040578,-0.24003333370405783,0.2703241658637133,0.5178582443340969,0.6228582443340969,1.0152986732322218,0.39244042889812486,0.5178582443340969,4,118,16,0.8090699650128566,-0.2044341522827901,False,-0.8602880872991424,-0.7552880872991424,0.0,0.7552880872991424,,,validation,,0.3066327490917297,0.7129253079412181,0.4062925588494884,-0.8178278663975544,0.0,0.8178278663975544,True,post_nasdaq
asp_neptune_uranus_conj_orb5 & ~asp_saturn_sun_sextile_orb3,2,4,-0.25579963451582377,-0.2157996345158238,0.2945578650519473,0.5178166265157014,0.5578166265157014,0.9502570554138263,0.39244042889812486,0.5178166265157014,3,162,12,0.7165677700093727,-0.2044341522827901,False,-0.7952880872991425,-0.7552880872991424,0.0,0.7552880872991424,,,validation,,0.19074069458873372,0.5970332534382221,0.4062925588494884,-0.8178278663975544,0.0,0.8178278663975544,True,post_nasdaq
~asp_neptune_sun_opp_orb5 & asp_neptune_uranus_conj_orb5 & ~asp_saturn_sun_sextile_orb5,3,7,-0.34213079617253755,-0.23713079617253757,0.27322670339523353,0.5176907380410123,0.6226907380410123,1.0151311669391372,0.39244042889812486,0.5176907380410123,4,116,17,0.8088316457504199,-0.2044341522827901,False,-0.8602880872991424,-0.7552880872991424,0.0,0.7552880872991424,,,validation,,0.24613245440141068,0.6524250132508991,0.4062925588494884,-0.8178278663975544,0.0,0.8178278663975544,True,post_nasdaq
~asp_mars_pluto_sextile_orb3 & ~asp_mercury_venus_sextile_orb1 & asp_neptune_uranus_conj_orb5,3,7,-0.33839317034529387,-0.2333931703452939,0.2769643292224772,0.5176794290908011,0.6226794290908011,1.015119857988926,0.39244042889812486,0.5176794290908011,5,116,18,0.8088155559803063,-0.2044341522827901,False,-0.8602880872991424,-0.7552880872991424,0.0,0.7552880872991424,,,validation,,0.3084850298231406,0.714777588672629,0.4062925588494884,-0.8178278663975544,0.0,0.8178278663975544,True,post_nasdaq
~asp_mercury_pluto_sextile_orb3 & asp_neptune_uranus_conj_orb5 & ~asp_sun_uranus_trine_orb5,3,7,-0.32195046977721486,-0.21695046977721488,0.2934070297905562,0.5172452075116094,0.6222452075116094,1.0146856364097343,0.39244042889812486,0.5172452075116094,5,90,20,0.8081977703884173,-0.2044341522827901,False,-0.8602880872991424,-0.7552880872991424,0.0,0.7552880872991424,,,validation,,0.3278680124120215,0.7341605712615099,0.4062925588494884,-0.8178278663975544,0.0,0.8178278663975544,True,post_nasdaq
~asp_mars_sun_square_orb3 & ~asp_mercury_uranus_square_orb5 & asp_pluto_uranus_sextile_orb3,3,7,-0.6529137637105806,-0.5479137637105806,-0.03755626414280954,0.5168693816970775,0.6218693816970775,1.0143098105952024,0.39244042889812486,0.5168693816970775,13,136,17,0.8076630695732645,-0.2044341522827901,False,-0.8602880872991424,-0.7552880872991424,0.0,0.7552880872991424,,,validation,,0.49421544019818137,0.9005079990476698,0.4062925588494884,-0.8178278663975544,0.0,0.8178278663975544,True,post_nasdaq
~asp_mercury_sun_conj_orb3 & ~asp_mercury_uranus_square_orb5 & asp_pluto_uranus_sextile_orb3,3,7,-0.7593900089357787,-0.6543900089357787,-0.1440325093680076,0.5167420693239353,0.6217420693239353,1.0141824982220602,0.39244042889812486,0.5167420693239353,25,46,34,0.8074819382636096,-0.2044341522827901,False,-0.8602880872991424,-0.7552880872991424,0.0,0.7552880872991424,,,validation,,0.5153035024903065,0.921596061339795,0.4062925588494884,-0.8178278663975544,0.0,0.8178278663975544,True,post_nasdaq
~asp_mars_pluto_sextile_orb3 & asp_neptune_uranus_conj_orb5 & ~asp_pluto_venus_square_orb3,3,7,-0.33028848065784927,-0.2252884806578493,0.2850690189099218,0.5164242508360648,0.6214242508360648,1.0138646797341897,0.39244042889812486,0.5164242508360648,4,93,18,0.8070297691447514,-0.2044341522827901,False,-0.8602880872991424,-0.7552880872991424,0.0,0.7552880872991424,,,validation,,0.30380210832627325,0.7100946671757616,0.4062925588494884,-0.8178278663975544,0.0,0.8178278663975544,True,post_nasdaq
~asp_jupiter_moon_square_orb3 & ~asp_moon_saturn_trine_orb1 & asp_pluto_uranus_sextile_orb3,3,7,-0.6065724368412289,-0.5015724368412289,0.00878506272654219,0.5163919208746532,0.6213919208746532,1.0138323497727781,0.39244042889812486,0.5163919208746532,38,75,47,0.8069837725155635,-0.2044341522827901,False,-0.8602880872991424,-0.7552880872991424,0.0,0.7552880872991424,,,validation,,0.49300553269511643,0.8992980915446048,0.4062925588494884,-0.8178278663975544,0.0,0.8178278663975544,True,post_nasdaq
~asp_mars_pluto_sextile_orb3 & ~asp_mars_sun_sextile_orb3 & asp_neptune_uranus_conj_orb5,3,7,-0.2606692409344276,-0.15566924093442763,0.35468825863334347,0.5162474377755562,0.6212474377755561,1.013687866673681,0.39244042889812486,0.5162474377755562,3,133,12,0.8067782130864398,-0.2044341522827901,False,-0.8602880872991424,-0.7552880872991424,0.0,0.7552880872991424,,,validation,,0.2996477800513931,0.7059403389008815,0.4062925588494884,-0.8178278663975544,0.0,0.8178278663975544,True,post_nasdaq
~asp_mars_pluto_sextile_orb3 & ~asp_moon_sun_conj_orb1 & asp_neptune_uranus_conj_orb5,3,7,-0.3086435402172791,-0.2036435402172791,0.306713959350492,0.5161999834423627,0.6211999834423627,1.0136404123404876,0.39244042889812486,0.5161999834423627,4,116,16,0.8067106987933852,-0.2044341522827901,False,-0.8602880872991424,-0.7552880872991424,0.0,0.7552880872991424,,,validation,,0.30366166703587355,0.709954225885362,0.4062925588494884,-0.8178278663975544,0.0,0.8178278663975544,True,post_nasdaq
~asp_mars_pluto_sextile_orb3 & ~asp_moon_pluto_sextile_orb1 & asp_neptune_uranus_conj_orb5,3,7,-0.3234688039141405,-0.21846880391414053,0.29188869565363057,0.5161397968192907,0.6211397968192907,1.0135802257174156,0.39244042889812486,0.5161397968192907,4,116,23,0.8066250700555213,-0.2044341522827901,False,-0.8602880872991424,-0.7552880872991424,0.0,0.7552880872991424,,,validation,,0.29794378552096207,0.7042363443704505,0.4062925588494884,-0.8178278663975544,0.0,0.8178278663975544,True,post_nasdaq
~asp_jupiter_moon_square_orb1 & ~asp_moon_saturn_trine_orb1 & asp_pluto_uranus_sextile_orb3,3,7,-0.6097902874340017,-0.5047902874340017,0.005567212133769392,0.5160890293558142,0.6210890293558142,1.0135294582539391,0.39244042889812486,0.5160890293558142,23,151,29,0.8065528421969472,-0.2044341522827901,False,-0.8602880872991424,-0.7552880872991424,0.0,0.7552880872991424,,,validation,,0.5119879317988085,0.918280490648297,0.4062925588494884,-0.8178278663975544,0.0,0.8178278663975544,True,post_nasdaq
~asp_mars_pluto_sextile_orb5 & ~asp_mercury_moon_trine_orb1 & asp_neptune_uranus_conj_orb5,3,7,-0.36119099716241443,-0.25619099716241445,0.25416650240535665,0.5158191750661643,0.6208191750661642,1.0132596039642892,0.39244042889812486,0.5158191750661643,5,98,15,0.8061689159916354,-0.2044341522827901,False,-0.8602880872991424,-0.7552880872991424,0.0,0.7552880872991424,,,validation,,0.25787262657448334,0.6641651854239717,0.4062925588494884,-0.8178278663975544,0.0,0.8178278663975544,True,post_nasdaq
~asp_jupiter_sun_conj_orb3 & asp_neptune_uranus_conj_orb5 & ~asp_saturn_sun_sextile_orb5,3,7,-0.22988862415082661,-0.12488862415082663,0.38546887541694447,0.5158187458308183,0.6208187458308183,1.0132591747289432,0.39244042889812486,0.5158187458308183,4,146,17,0.806168305312339,-0.2044341522827901,False,-0.8602880872991424,-0.7552880872991424,0.0,0.7552880872991424,,,validation,,0.17896414233917807,0.5852567011886665,0.4062925588494884,-0.8178278663975544,0.0,0.8178278663975544,True,post_nasdaq
~asp_jupiter_sun_sextile_orb5 & ~asp_moon_saturn_trine_orb3 & asp_pluto_uranus_sextile_orb3,3,7,-0.5833837675017343,-0.4783837675017342,0.03197373206603687,0.5156268455344293,0.6206268455344293,1.0130672744325542,0.39244042889812486,0.5156268455344293,30,63,38,0.8058952863204272,-0.2044341522827901,False,-0.8602880872991424,-0.7552880872991424,0.0,0.7552880872991424,,,validation,,0.5448990490287537,0.9511916078782422,0.4062925588494884,-0.8178278663975544,0.0,0.8178278663975544,True,post_nasdaq
~asp_mars_pluto_sextile_orb3 & asp_neptune_uranus_conj_orb5 & ~asp_neptune_venus_sextile_orb1,3,7,-0.29845407692312637,-0.19345407692312638,0.3169034226446447,0.5156068301377024,0.6206068301377023,1.0130472590358273,0.39244042889812486,0.5156068301377024,4,116,16,0.8058668101975344,-0.2044341522827901,False,-0.8602880872991424,-0.7552880872991424,0.0,0.7552880872991424,,,validation,,0.333333788932979,0.7396263477824674,0.4062925588494884,-0.8178278663975544,0.0,0.8178278663975544,True,post_nasdaq
~asp_mercury_pluto_sextile_orb3 & ~asp_neptune_sun_trine_orb1 & asp_neptune_uranus_conj_orb5,3,7,-0.3565019593195334,-0.2515019593195334,0.2588555402482377,0.5155728205639427,0.6205728205639427,1.0130132494620676,0.39244042889812486,0.5155728205639427,5,89,22,0.8058184244224105,-0.2044341522827901,False,-0.8602880872991424,-0.7552880872991424,0.0,0.7552880872991424,,,validation,,0.28782718335572416,0.6941197422052126,0.4062925588494884,-0.8178278663975544,0.0,0.8178278663975544,True,post_nasdaq
~asp_mars_pluto_sextile_orb3 & asp_neptune_uranus_conj_orb5 & ~asp_saturn_venus_trine_orb5,3,7,-0.23737159100688365,-0.13237159100688367,0.37798590856088743,0.5155686098061025,0.6205686098061025,1.0130090387042274,0.39244042889812486,0.5155686098061025,4,133,17,0.8058124337347226,-0.2044341522827901,False,-0.8602880872991424,-0.7552880872991424,0.0,0.7552880872991424,,,validation,,0.27345316816238047,0.6797457270118689,0.4062925588494884,-0.8178278663975544,0.0,0.8178278663975544,True,post_nasdaq
asp_pluto_uranus_sextile_orb3 & ~asp_saturn_venus_trine_orb3 & ~venus_sign_aries,3,7,-0.45315071846092503,-0.34815071846092505,0.16220678110684603,0.5155052380138387,0.6205052380138387,1.0129456669119636,0.39244042889812486,0.5155052380138387,12,129,16,0.8057222740830128,-0.2044341522827901,False,-0.8602880872991424,-0.7552880872991424,0.0,0.7552880872991424,,,validation,,0.4410859101776137,0.8473784690271021,0.4062925588494884,-0.8178278663975544,0.0,0.8178278663975544,True,post_nasdaq
~asp_jupiter_moon_square_orb3 & ~asp_mercury_uranus_square_orb5 & asp_pluto_uranus_sextile_orb3,3,7,-0.65956374252093,-0.55456374252093,-0.044206242953158933,0.51534424717929,0.6203442471792899,1.0127846760774148,0.39244042889812486,0.51534424717929,34,76,41,0.8054932312023786,-0.2044341522827901,False,-0.8602880872991424,-0.7552880872991424,0.0,0.7552880872991424,,,validation,,0.4809797143137646,0.887272273163253,0.4062925588494884,-0.8178278663975544,0.0,0.8178278663975544,True,post_nasdaq
~asp_mars_pluto_sextile_orb3 & asp_neptune_uranus_conj_orb5 & ~asp_saturn_sun_conj_orb5,3,7,-0.30640313063108476,-0.20140313063108478,0.3089543689366863,0.5153340156289514,0.6203340156289514,1.0127744445270763,0.39244042889812486,0.5153340156289514,4,116,13,0.8054786747132476,-0.2044341522827901,False,-0.8602880872991424,-0.7552880872991424,0.0,0.7552880872991424,,,validation,,0.2906942778476877,0.6969868366971761,0.4062925588494884,-0.8178278663975544,0.0,0.8178278663975544,True,post_nasdaq
~asp_mars_pluto_sextile_orb3 & ~asp_mars_venus_sextile_orb3 & asp_neptune_uranus_conj_orb5,3,7,-0.33406309893877545,-0.22906309893877547,0.28129440062899563,0.5152968842782379,0.6202968842782379,1.0127373131763628,0.39244042889812486,0.5152968842782379,4,133,13,0.805425847729047,-0.2044341522827901,False,-0.8602880872991424,-0.7552880872991424,0.0,0.7552880872991424,,,validation,,0.25478676914108805,0.6610793279905764,0.4062925588494884,-0.8178278663975544,0.0,0.8178278663975544,True,post_nasdaq
~asp_mars_pluto_sextile_orb3 & ~asp_moon_sun_conj_orb5 & asp_neptune_uranus_conj_orb5,3,7,-0.38562678697672614,-0.28062678697672616,0.22973071259104494,0.5150841928121659,0.6200841928121659,1.0125246217102908,0.39244042889812486,0.5150841928121659,8,70,40,0.8051232508262074,-0.2044341522827901,False,-0.8602880872991424,-0.7552880872991424,0.0,0.7552880872991424,,,validation,,0.30796012457676675,0.7142526834262551,0.4062925588494884,-0.8178278663975544,0.0,0.8178278663975544,True,post_nasdaq
~asp_mars_pluto_sextile_orb3 & ~asp_moon_uranus_square_orb1 & asp_neptune_uranus_conj_orb5,3,7,-0.3059890707937172,-0.2009890707937172,0.3093684287740539,0.5150106894995454,0.6200106894995454,1.0124511183976703,0.39244042889812486,0.5150106894995454,6,119,23,0.805018677583919,-0.2044341522827901,False,-0.8602880872991424,-0.7552880872991424,0.0,0.7552880872991424,,,validation,,0.3313780618819638,0.7376706207314522,0.4062925588494884,-0.8178278663975544,0.0,0.8178278663975544,True,post_nasdaq
~asp_mars_neptune_square_orb5 & ~asp_moon_saturn_trine_orb1 & asp_pluto_uranus_sextile_orb3,3,7,-0.673171399886692,-0.568171399886692,-0.05781390031892085,0.5149536051748183,0.6199536051748182,1.0123940340729431,0.39244042889812486,0.5149536051748183,13,150,20,0.8049374637176405,-0.2044341522827901,False,-0.8602880872991424,-0.7552880872991424,0.0,0.7552880872991424,,,validation,,0.5111031655648683,0.9173957244143567,0.4062925588494884,-0.8178278663975544,0.0,0.8178278663975544,True,post_nasdaq
asp_pluto_uranus_sextile_orb3 & ~asp_saturn_sun_square_orb5 & ~asp_saturn_venus_trine_orb3,3,7,-0.693815043920542,-0.5888150439205421,-0.07845754435277093,0.5148599481186604,0.6198599481186604,1.0123003770167853,0.39244042889812486,0.5148599481186604,15,130,19,0.8048042179495283,-0.2044341522827901,False,-0.8602880872991424,-0.7552880872991424,0.0,0.7552880872991424,,,validation,,0.518834953801389,0.9251275126508774,0.4062925588494884,-0.8178278663975544,0.0,0.8178278663975544,True,post_nasdaq
asp_neptune_uranus_conj_orb5 & ~asp_neptune_venus_conj_orb3 & ~mars_ingress_3d,3,7,-0.43826692803615225,-0.33326692803615227,0.17709057153161883,0.5147561206349549,0.6197561206349549,1.0121965495330798,0.39244042889812486,0.5147561206349549,10,58,44,0.8046565029043324,-0.2044341522827901,False,-0.8602880872991424,-0.7552880872991424,0.0,0.7552880872991424,,,validation,,0.29057877684501016,0.6968713356944986,0.4062925588494884,-0.8178278663975544,0.0,0.8178278663975544,True,post_nasdaq
~asp_neptune_sun_square_orb5 & asp_pluto_uranus_sextile_orb3 & ~sun_sign_aries,3,7,-0.43018955128171443,-0.32518955128171445,0.18516794828605662,0.5147353139119908,0.6197353139119908,1.0121757428101157,0.39244042889812486,0.5147353139119908,10,121,13,0.8046269012651965,-0.2044341522827901,False,-0.8602880872991424,-0.7552880872991424,0.0,0.7552880872991424,,,validation,,0.43984676389217553,0.8461393227416639,0.4062925588494884,-0.8178278663975544,0.0,0.8178278663975544,True,post_nasdaq
~asp_mercury_uranus_square_orb5 & asp_pluto_uranus_sextile_orb3 & ~asp_saturn_sun_sextile_orb3,3,7,-0.6560521798220176,-0.5510521798220176,-0.040694680254246475,0.514692027613366,0.619692027613366,1.0121324565114909,0.39244042889812486,0.514692027613366,15,115,21,0.8045653180501617,-0.2044341522827901,False,-0.8602880872991424,-0.7552880872991424,0.0,0.7552880872991424,,,validation,,0.48690973317638403,0.8932022920258724,0.4062925588494884,-0.8178278663975544,0.0,0.8178278663975544,True,post_nasdaq
~asp_jupiter_moon_square_orb1 & ~asp_mercury_uranus_square_orb5 & asp_pluto_uranus_sextile_orb3,3,7,-0.6625193286798469,-0.5575193286798469,-0.047161829112075775,0.5145164351966913,0.6195164351966913,1.0119568640948162,0.39244042889812486,0.5145164351966913,19,98,23,0.8043155038692933,-0.2044341522827901,False,-0.8602880872991424,-0.7552880872991424,0.0,0.7552880872991424,,,validation,,0.5002178108389326,0.906510369688421,0.4062925588494884,-0.8178278663975544,0.0,0.8178278663975544,True,post_nasdaq
asp_pluto_uranus_sextile_orb3 & ~asp_saturn_venus_trine_orb5 & ~venus_sign_aries,3,7,-0.43939172044861585,-0.33439172044861587,0.1759657791191552,0.5145102107056927,0.6195102107056927,1.0119506396038176,0.39244042889812486,0.5145102107056927,12,129,16,0.8043066483364678,-0.2044341522827901,False,-0.8602880872991424,-0.7552880872991424,0.0,0.7552880872991424,,,validation,,0.43737140708628425,0.8436639659357726,0.4062925588494884,-0.8178278663975544,0.0,0.8178278663975544,True,post_nasdaq
~asp_mars_pluto_sextile_orb3 & asp_neptune_uranus_conj_orb5 & ~asp_pluto_venus_square_orb1,3,7,-0.30165984726847234,-0.19665984726847235,0.31369765229929875,0.5144079434219238,0.6194079434219237,1.0118483723200487,0.39244042889812486,0.5144079434219238,5,95,17,0.8041611535973561,-0.2044341522827901,False,-0.8602880872991424,-0.7552880872991424,0.0,0.7552880872991424,,,validation,,0.3072123352075898,0.7135048940570782,0.4062925588494884,-0.8178278663975544,0.0,0.8178278663975544,True,post_nasdaq
asp_neptune_uranus_conj_orb5 & ~asp_saturn_sun_sextile_orb5 & ~venus_sign_libra,3,7,-0.25430454815987197,-0.14930454815987199,0.3610529514078991,0.5142921610733582,0.6192921610733582,1.011732589971483,0.39244042889812486,0.5142921610733582,4,86,16,0.8039964313151355,-0.2044341522827901,False,-0.8602880872991424,-0.7552880872991424,0.0,0.7552880872991424,,,validation,,0.3645348782978764,0.7708274371473648,0.4062925588494884,-0.8178278663975544,0.0,0.8178278663975544,True,post_nasdaq
~asp_mars_pluto_sextile_orb3 & ~asp_mars_pluto_square_orb1 & asp_neptune_uranus_conj_orb5,3,7,-0.3088960751327018,-0.2038960751327018,0.3064614244350693,0.5141746585179721,0.619174658517972,1.011615087416097,0.39244042889812486,0.5141746585179721,5,116,16,0.8038292619493423,-0.2044341522827901,False,-0.8602880872991424,-0.7552880872991424,0.0,0.7552880872991424,,,validation,,0.3366328271651831,0.7429253860146715,0.4062925588494884,-0.8178278663975544,0.0,0.8178278663975544,True,post_nasdaq
~asp_moon_saturn_trine_orb1 & asp_pluto_uranus_sextile_orb3 & ~asp_pluto_venus_opp_orb3,3,7,-0.6052926213055552,-0.5002926213055552,0.010064878262215906,0.5141695127569366,0.6191695127569365,1.0116099416550615,0.39244042889812486,0.5141695127569366,14,150,22,0.8038219411471019,-0.2044341522827901,False,-0.8602880872991424,-0.7552880872991424,0.0,0.7552880872991424,,,validation,,0.47330422517454357,0.879596784024032,0.4062925588494884,-0.8178278663975544,0.0,0.8178278663975544,True,post_nasdaq
~asp_mars_pluto_sextile_orb3 & ~asp_moon_saturn_trine_orb3 & asp_neptune_uranus_conj_orb5,3,7,-0.25938308748391115,-0.15438308748391116,0.35597441208385994,0.5139398998285511,0.6189398998285511,1.011380328726676,0.39244042889812486,0.5139398998285511,10,59,49,0.8034952745097135,-0.2044341522827901,False,-0.8602880872991424,-0.7552880872991424,0.0,0.7552880872991424,,,validation,,0.25129731264802985,0.6575898714975182,0.4062925588494884,-0.8178278663975544,0.0,0.8178278663975544,True,post_nasdaq
~asp_mars_mercury_sextile_orb3 & ~asp_mars_pluto_sextile_orb3 & asp_neptune_uranus_conj_orb5,3,7,-0.33760762328892685,-0.23260762328892687,0.27774987627884423,0.5139349249472798,0.6189349249472798,1.0113753538454047,0.39244042889812486,0.5139349249472798,4,133,17,0.8034881968358096,-0.2044341522827901,False,-0.8602880872991424,-0.7552880872991424,0.0,0.7552880872991424,,,validation,,0.30859172396478723,0.7148842828142756,0.4062925588494884,-0.8178278663975544,0.0,0.8178278663975544,True,post_nasdaq
~asp_jupiter_sun_sextile_orb5 & asp_pluto_uranus_sextile_orb3 & ~asp_saturn_venus_trine_orb3,3,7,-0.5970566191408767,-0.49205661914087667,0.018300880426894425,0.5138170675577298,0.6188170675577298,1.0112574964558547,0.39244042889812486,0.5138170675577298,15,127,18,0.8033205233768159,-0.2044341522827901,False,-0.8602880872991424,-0.7552880872991424,0.0,0.7552880872991424,,,validation,,0.5749517200369851,0.9812442788864735,0.4062925588494884,-0.8178278663975544,0.0,0.8178278663975544,True,post_nasdaq
~asp_moon_saturn_trine_orb1 & asp_pluto_uranus_sextile_orb3 & ~sun_sign_sagittarius,3,7,-0.605074788481231,-0.500074788481231,0.010282711086540127,0.5134537238652623,0.6184537238652623,1.0108941527633872,0.39244042889812486,0.5134537238652623,15,184,21,0.8028036027430328,-0.2044341522827901,False,-0.8602880872991424,-0.7552880872991424,0.0,0.7552880872991424,,,validation,,0.5093754038791807,0.915667962728669,0.4062925588494884,-0.8178278663975544,0.0,0.8178278663975544,True,post_nasdaq
~asp_mars_pluto_sextile_orb3 & asp_neptune_uranus_conj_orb5 & ~asp_saturn_venus_conj_orb3,3,7,-0.2628884227935545,-0.15788842279355453,0.35246907677421657,0.5134375857039992,0.6184375857039992,1.0108780146021241,0.39244042889812486,0.5134375857039992,4,116,13,0.8027806434084201,-0.2044341522827901,False,-0.8602880872991424,-0.7552880872991424,0.0,0.7552880872991424,,,validation,,0.29400907388822833,0.7003016327377167,0.4062925588494884,-0.8178278663975544,0.0,0.8178278663975544,True,post_nasdaq
~asp_jupiter_mercury_conj_orb5 & ~asp_mars_pluto_sextile_orb3 & asp_neptune_uranus_conj_orb5,3,7,-0.33406812460912977,-0.2290681246091298,0.2812893749586413,0.5133597991259644,0.6183597991259644,1.0108002280240893,0.39244042889812486,0.5133597991259644,4,133,14,0.8026699785668281,-0.2044341522827901,False,-0.8602880872991424,-0.7552880872991424,0.0,0.7552880872991424,,,validation,,0.3396491097518542,0.7459416686013426,0.4062925588494884,-0.8178278663975544,0.0,0.8178278663975544,True,post_nasdaq
~asp_mars_pluto_sextile_orb3 & ~asp_mercury_neptune_trine_orb3 & asp_neptune_uranus_conj_orb5,3,7,-0.2580957551430442,-0.15309575514304424,0.35726174442472686,0.5132953622616896,0.6182953622616896,1.0107357911598145,0.39244042889812486,0.5132953622616896,5,91,18,0.8025783060774432,-0.2044341522827901,False,-0.8602880872991424,-0.7552880872991424,0.0,0.7552880872991424,,,validation,,0.3478377703406869,0.7541303291901753,0.4062925588494884,-0.8178278663975544,0.0,0.8178278663975544,True,post_nasdaq
~asp_mercury_pluto_sextile_orb3 & asp_neptune_uranus_conj_orb5 & ~asp_pluto_sun_opp_orb5,3,7,-0.3084994831716978,-0.2034994831716978,0.3068580163960733,0.5131551108701589,0.6181551108701588,1.0105955397682838,0.39244042889812486,0.5131551108701589,4,89,17,0.8023787746687596,-0.2044341522827901,False,-0.8602880872991424,-0.7552880872991424,0.0,0.7552880872991424,,,validation,,0.27511876337956626,0.6814113222290547,0.4062925588494884,-0.8178278663975544,0.0,0.8178278663975544,True,post_nasdaq
~asp_pluto_sun_trine_orb5 & asp_pluto_uranus_sextile_orb3 & ~asp_saturn_venus_trine_orb3,3,7,-0.650989277113742,-0.545989277113742,-0.03563177754597089,0.513052083066843,0.618052083066843,1.010492511964968,0.39244042889812486,0.513052083066843,14,94,20,0.8022322003475368,-0.2044341522827901,False,-0.8602880872991424,-0.7552880872991424,0.0,0.7552880872991424,,,validation,,0.5488185959006269,0.9551111547501153,0.4062925588494884,-0.8178278663975544,0.0,0.8178278663975544,True,post_nasdaq
asp_neptune_uranus_conj_orb5 & ~asp_neptune_venus_conj_orb3 & ~asp_saturn_sun_trine_orb3,3,7,-0.3371871618925326,-0.23218716189253263,0.27817033767523847,0.5129954339796845,0.6179954339796845,1.0104358628778094,0.39244042889812486,0.5129954339796845,5,95,18,0.8021516076024577,-0.2044341522827901,False,-0.8602880872991424,-0.7552880872991424,0.0,0.7552880872991424,,,validation,,0.29322842854807024,0.6995209873975586,0.4062925588494884,-0.8178278663975544,0.0,0.8178278663975544,True,post_nasdaq
~asp_jupiter_sun_sextile_orb5 & asp_pluto_uranus_sextile_orb3 & ~asp_saturn_venus_trine_orb5,3,7,-0.5858554913718571,-0.4808554913718571,0.029502008195913983,0.5128117585792666,0.6178117585792666,1.0102521874773915,0.39244042889812486,0.5128117585792666,15,127,18,0.8018902991864301,-0.2044341522827901,False,-0.8602880872991424,-0.7552880872991424,0.0,0.7552880872991424,,,validation,,0.571471117262951,0.9777636761124394,0.4062925588494884,-0.8178278663975544,0.0,0.8178278663975544,True,post_nasdaq
~asp_mercury_uranus_square_orb5 & asp_pluto_uranus_sextile_orb3 & ~asp_pluto_venus_sextile_orb1,3,7,-0.6514006238816029,-0.5464006238816029,-0.03604312431383184,0.5125607914281787,0.6175607914281787,1.0100012203263036,0.39244042889812486,0.5125607914281787,15,136,20,0.8015332581431924,-0.2044341522827901,False,-0.8602880872991424,-0.7552880872991424,0.0,0.7552880872991424,,,validation,,0.5611439798115465,0.9674365386610349,0.4062925588494884,-0.8178278663975544,0.0,0.8178278663975544,True,post_nasdaq
~asp_neptune_sun_trine_orb1 & asp_neptune_uranus_conj_orb5 & ~asp_saturn_sun_sextile_orb3,3,7,-0.37122403666637943,-0.26622403666637945,0.24413346290139165,0.5123901284224286,0.6173901284224286,1.0098305573205535,0.39244042889812486,0.5123901284224286,4,89,21,0.8012904632506221,-0.2044341522827901,False,-0.8602880872991424,-0.7552880872991424,0.0,0.7552880872991424,,,validation,,0.2078377837732242,0.6141303426227126,0.4062925588494884,-0.8178278663975544,0.0,0.8178278663975544,True,post_nasdaq
~asp_mars_moon_trine_orb1 & ~asp_mars_pluto_sextile_orb3 & asp_neptune_uranus_conj_orb5,3,7,-0.2892608199932564,-0.18426081999325644,0.32609667957451466,0.5123287581965619,0.6173287581965619,1.0097691870946868,0.39244042889812486,0.5123287581965619,4,116,21,0.8012031546012863,-0.2044341522827901,False,-0.8602880872991424,-0.7552880872991424,0.0,0.7552880872991424,,,validation,,0.3027296120035497,0.7090221708530381,0.4062925588494884,-0.8178278663975544,0.0,0.8178278663975544,True,post_nasdaq
~asp_mars_pluto_sextile_orb3 & asp_neptune_uranus_conj_orb5 & ~sun_sign_libra,3,7,-0.29135308700929735,-0.18635308700929737,0.32400441255847373,0.5122520082440751,0.6172520082440751,1.0096924371422,0.39244042889812486,0.5122520082440751,4,133,13,0.8010939660003555,-0.2044341522827901,False,-0.8602880872991424,-0.7552880872991424,0.0,0.7552880872991424,,,validation,,0.3962912659089482,0.8025838247584366,0.4062925588494884,-0.8178278663975544,0.0,0.8178278663975544,True,post_nasdaq
~asp_mercury_moon_square_orb3 & asp_neptune_uranus_conj_orb5 & ~asp_saturn_sun_sextile_orb5,3,7,-0.3522158776984654,-0.24721587769846542,0.2631416218693057,0.512028072330428,0.617028072330428,1.009468501228553,0.39244042889812486,0.512028072330428,9,93,47,0.8007753833310367,-0.2044341522827901,False,-0.8602880872991424,-0.7552880872991424,0.0,0.7552880872991424,,,validation,,0.24605178396377708,0.6523443428132655,0.4062925588494884,-0.8178278663975544,0.0,0.8178278663975544,True,post_nasdaq
~asp_mercury_pluto_sextile_orb5 & asp_neptune_uranus_conj_orb5 & ~asp_saturn_sun_trine_orb3,3,7,-0.36064035935149596,-0.255640359351496,0.2547171402162751,0.5117881415282628,0.6167881415282628,1.0092285704263877,0.39244042889812486,0.5117881415282628,5,130,21,0.8004340464718049,-0.2044341522827901,False,-0.8602880872991424,-0.7552880872991424,0.0,0.7552880872991424,,,validation,,0.4055616612521388,0.8118542201016272,0.4062925588494884,-0.8178278663975544,0.0,0.8178278663975544,True,post_nasdaq
~asp_jupiter_moon_square_orb1 & asp_neptune_uranus_conj_orb5 & ~asp_saturn_sun_sextile_orb5,3,7,-0.3587648054247373,-0.25376480542473734,0.25659269414303376,0.5116836043676314,0.6166836043676314,1.0091240332657563,0.39244042889812486,0.5116836043676314,6,86,23,0.8002853272927757,-0.2044341522827901,False,-0.8602880872991424,-0.7552880872991424,0.0,0.7552880872991424,,,validation,,0.24459232911459344,0.6508848879640818,0.4062925588494884,-0.8178278663975544,0.0,0.8178278663975544,True,post_nasdaq
~asp_jupiter_venus_square_orb1 & ~asp_mars_pluto_sextile_orb3 & asp_neptune_uranus_conj_orb5,3,7,-0.30773987912241535,-0.20273987912241537,0.30761762044535573,0.5115174417616972,0.6165174417616972,1.0089578706598221,0.39244042889812486,0.5115174417616972,5,90,13,0.8000489374211124,-0.2044341522827901,False,-0.8602880872991424,-0.7552880872991424,0.0,0.7552880872991424,,,validation,,0.30548947021927614,0.7117820290687645,0.4062925588494884,-0.8178278663975544,0.0,0.8178278663975544,True,post_nasdaq
~asp_mercury_uranus_square_orb5 & asp_pluto_uranus_sextile_orb3 & ~sun_sign_sagittarius,3,7,-0.6578723429112717,-0.5528723429112717,-0.04251484334350068,0.5114129454014151,0.6164129454014151,1.00885337429954,0.39244042889812486,0.5114129454014151,13,136,17,0.7999002767719232,-0.2044341522827901,False,-0.8602880872991424,-0.7552880872991424,0.0,0.7552880872991424,,,validation,,0.5047068092624858,0.9109993681119741,0.4062925588494884,-0.8178278663975544,0.0,0.8178278663975544,True,post_nasdaq
~asp_mars_pluto_sextile_orb3 & asp_neptune_uranus_conj_orb5 & ~asp_uranus_venus_opp_orb5,3,7,-0.3351474956304196,-0.23014749563041964,0.28021000393735146,0.5113848526007287,0.6163848526007287,1.0088252814988536,0.39244042889812486,0.5113848526007287,3,133,12,0.7998603108761095,-0.2044341522827901,False,-0.8602880872991424,-0.7552880872991424,0.0,0.7552880872991424,,,validation,,0.296345347147094,0.7026379059965824,0.4062925588494884,-0.8178278663975544,0.0,0.8178278663975544,True,post_nasdaq
~asp_mars_uranus_trine_orb3 & asp_neptune_uranus_conj_orb5 & ~asp_saturn_sun_sextile_orb5,3,7,-0.3221813759729307,-0.2171813759729307,0.2931761235948404,0.5113548280542934,0.6163548280542934,1.0087952569524183,0.39244042889812486,0.5113548280542934,4,116,17,0.7998175968196686,-0.2044341522827901,False,-0.8602880872991424,-0.7552880872991424,0.0,0.7552880872991424,,,validation,,0.2669567749461486,0.673249333795637,0.4062925588494884,-0.8178278663975544,0.0,0.8178278663975544,True,post_nasdaq
~asp_mars_pluto_sextile_orb3 & asp_neptune_uranus_conj_orb5 & ~asp_sun_uranus_conj_orb5,3,7,-0.25593530127134273,-0.15093530127134275,0.35942219829642835,0.511313406314235,0.616313406314235,1.00875383521236,0.39244042889812486,0.511313406314235,4,119,13,0.7997586687094904,-0.2044341522827901,False,-0.8602880872991424,-0.7552880872991424,0.0,0.7552880872991424,,,validation,,0.3004984260085501,0.7067909848580385,0.4062925588494884,-0.8178278663975544,0.0,0.8178278663975544,True,post_nasdaq
~asp_mars_pluto_sextile_orb3 & ~asp_mercury_saturn_opp_orb5 & asp_neptune_uranus_conj_orb5,3,7,-0.3617643233526785,-0.2567643233526785,0.2535931762150926,0.5112814401238401,0.6162814401238401,1.008721869021965,0.39244042889812486,0.5112814401238401,4,133,14,0.7997131924365655,-0.2044341522827901,False,-0.8602880872991424,-0.7552880872991424,0.0,0.7552880872991424,,,validation,,0.33556426206592443,0.7418568209154128,0.4062925588494884,-0.8178278663975544,0.0,0.8178278663975544,True,post_nasdaq
~asp_mars_pluto_sextile_orb3 & ~asp_mars_saturn_sextile_orb1 & asp_neptune_uranus_conj_orb5,3,7,-0.2896517309480198,-0.18465173094801984,0.32570576861975126,0.5112187090114568,0.6162187090114568,1.0086591379095817,0.39244042889812486,0.5112187090114568,4,133,13,0.7996239489100978,-0.2044341522827901,False,-0.8602880872991424,-0.7552880872991424,0.0,0.7552880872991424,,,validation,,0.3100636779277128,0.7163562367772012,0.4062925588494884,-0.8178278663975544,0.0,0.8178278663975544,True,post_nasdaq
~asp_mars_pluto_sextile_orb3 & ~asp_mercury_neptune_square_orb1 & asp_neptune_uranus_conj_orb5,3,7,-0.30897025891516927,-0.2039702589151693,0.3063872406526018,0.5110282802404911,0.616028280240491,1.008468709138616,0.39244042889812486,0.5110282802404911,4,133,17,0.7993530385360452,-0.2044341522827901,False,-0.8602880872991424,-0.7552880872991424,0.0,0.7552880872991424,,,validation,,0.3076569140999707,0.7139494729494591,0.4062925588494884,-0.8178278663975544,0.0,0.8178278663975544,True,post_nasdaq
~asp_mars_pluto_sextile_orb3 & asp_neptune_uranus_conj_orb5 & ~asp_saturn_venus_trine_orb3,3,7,-0.2709417010084228,-0.16594170100842282,0.3444157985593483,0.5106766897774129,0.6156766897774129,1.0081171186755378,0.39244042889812486,0.5106766897774129,4,133,18,0.798852855752975,-0.2044341522827901,False,-0.8602880872991424,-0.7552880872991424,0.0,0.7552880872991424,,,validation,,0.2649531359077409,0.6712456947572293,0.4062925588494884,-0.8178278663975544,0.0,0.8178278663975544,True,post_nasdaq
~asp_mars_pluto_sextile_orb3 & ~asp_mercury_neptune_square_orb3 & asp_neptune_uranus_conj_orb5,3,7,-0.3297488409037575,-0.22474884090375752,0.2856086586640136,0.5106637486585754,0.6156637486585754,1.0081041775567003,0.39244042889812486,0.5106637486585754,5,133,20,0.7988344453826892,-0.2044341522827901,False,-0.8602880872991424,-0.7552880872991424,0.0,0.7552880872991424,,,validation,,0.31455762548765015,0.7208501843371385,0.4062925588494884,-0.8178278663975544,0.0,0.8178278663975544,True,post_nasdaq
asp_pluto_uranus_sextile_orb3 & ~asp_saturn_sun_square_orb5 & ~asp_saturn_venus_trine_orb5,3,7,-0.689228342797902,-0.584228342797902,-0.0738708432301309,0.5105717544082695,0.6155717544082695,1.0080121833063944,0.39244042889812486,0.5105717544082695,15,130,19,0.7987035720662039,-0.2044341522827901,False,-0.8602880872991424,-0.7552880872991424,0.0,0.7552880872991424,,,validation,,0.5086579902439419,0.9149505490934302,0.4062925588494884,-0.8178278663975544,0.0,0.8178278663975544,True,post_nasdaq
~asp_mars_pluto_sextile_orb3 & asp_neptune_uranus_conj_orb5 & ~mercury_sign_virgo,3,7,-0.35298694057861146,-0.24798694057861148,0.2623705589891596,0.5103147884161354,0.6153147884161354,1.0077552173142603,0.39244042889812486,0.5103147884161354,4,133,13,0.7983380066010932,-0.2044341522827901,False,-0.8602880872991424,-0.7552880872991424,0.0,0.7552880872991424,,,validation,,0.31578925389435036,0.7220818127438388,0.4062925588494884,-0.8178278663975544,0.0,0.8178278663975544,True,post_nasdaq
~asp_mars_pluto_sextile_orb3 & ~asp_mars_venus_sextile_orb1 & asp_neptune_uranus_conj_orb5,3,7,-0.3166566118287881,-0.21165661182878814,0.29870088773898296,0.5102813030108111,0.6152813030108111,1.007721731908936,0.39244042889812486,0.5102813030108111,4,133,13,0.7982903696112753,-0.2044341522827901,False,-0.8602880872991424,-0.7552880872991424,0.0,0.7552880872991424,,,validation,,0.3044571048703317,0.7107496637198201,0.4062925588494884,-0.8178278663975544,0.0,0.8178278663975544,True,post_nasdaq
asp_neptune_uranus_conj_orb5 & ~asp_neptune_venus_conj_orb5 & ~mars_ingress_3d,3,7,-0.4412726258175011,-0.3362726258175011,0.17408487375026999,0.5102749314894437,0.6152749314894437,1.0077153603875686,0.39244042889812486,0.5102749314894437,10,56,43,0.7982813053630553,-0.2044341522827901,False,-0.8602880872991424,-0.7552880872991424,0.0,0.7552880872991424,,,validation,,0.2994681984132063,0.7057607572626947,0.4062925588494884,-0.8178278663975544,0.0,0.8178278663975544,True,post_nasdaq
~asp_jupiter_sun_sextile_orb5 & ~asp_mercury_uranus_square_orb5 & asp_pluto_uranus_sextile_orb3,3,7,-0.6248466377978843,-0.5198466377978843,-0.009489138230113223,0.5102661363312577,0.6152661363312577,1.0077065652293826,0.39244042889812486,0.5102661363312577,14,136,18,0.7982687932038619,-0.2044341522827901,False,-0.8602880872991424,-0.7552880872991424,0.0,0.7552880872991424,,,validation,,0.5733901642913468,0.9796827231408352,0.4062925588494884,-0.8178278663975544,0.0,0.8178278663975544,True,post_nasdaq
~asp_mars_pluto_sextile_orb3 & asp_neptune_uranus_conj_orb5 & ~asp_sun_venus_conj_orb1,3,7,-0.2686842218795553,-0.16368422187955534,0.34667327768821576,0.5100547548573102,0.6150547548573102,1.0074951837554351,0.39244042889812486,0.5100547548573102,4,133,13,0.7979680783004104,-0.2044341522827901,False,-0.8602880872991424,-0.7552880872991424,0.0,0.7552880872991424,,,validation,,0.3303754971694122,0.7366680560189006,0.4062925588494884,-0.8178278663975544,0.0,0.8178278663975544,True,post_nasdaq
~asp_mars_neptune_trine_orb1 & ~asp_moon_saturn_trine_orb1 & asp_pluto_uranus_sextile_orb3,3,7,-0.5775148543597449,-0.4725148543597449,0.037842645208026215,0.5100411338806989,0.6150411338806989,1.0074815627788238,0.39244042889812486,0.5100411338806989,16,129,23,0.7979487008921682,-0.2044341522827901,False,-0.8602880872991424,-0.7552880872991424,0.0,0.7552880872991424,,,validation,,0.4975557061518033,0.9038482650012917,0.4062925588494884,-0.8178278663975544,0.0,0.8178278663975544,True,post_nasdaq
asp_neptune_uranus_conj_orb5 & ~asp_pluto_sun_sextile_orb3 & ~asp_saturn_sun_sextile_orb5,3,7,-0.27586892105191096,-0.17086892105191098,0.3394885785158601,0.5099910966800942,0.6149910966800942,1.0074315255782191,0.39244042889812486,0.5099910966800942,5,84,22,0.7978775172377697,-0.2044341522827901,False,-0.8602880872991424,-0.7552880872991424,0.0,0.7552880872991424,,,validation,,0.2384468738040239,0.6447394326535123,0.4062925588494884,-0.8178278663975544,0.0,0.8178278663975544,True,post_nasdaq
asp_neptune_uranus_conj_orb5 & ~asp_neptune_venus_conj_orb3 & ~sun_sign_capricorn,3,7,-0.34520291610012804,-0.24020291610012806,0.27015458346764304,0.5099183994084553,0.6149183994084553,1.0073588283065802,0.39244042889812486,0.5099183994084553,3,202,11,0.7977740971108944,-0.2044341522827901,False,-0.8602880872991424,-0.7552880872991424,0.0,0.7552880872991424,,,validation,,0.2622447567382247,0.6685373155877131,0.4062925588494884,-0.8178278663975544,0.0,0.8178278663975544,True,post_nasdaq
~asp_mars_neptune_trine_orb3 & asp_pluto_uranus_sextile_orb3 & ~asp_saturn_venus_trine_orb3,3,7,-0.594423161337929,-0.489423161337929,0.020934338229842083,0.5098967031233141,0.6148967031233141,1.007337132021439,0.39244042889812486,0.5098967031233141,14,126,18,0.7977432316982609,-0.2044341522827901,False,-0.8602880872991424,-0.7552880872991424,0.0,0.7552880872991424,,,validation,,0.47246436746321857,0.878756926312707,0.4062925588494884,-0.8178278663975544,0.0,0.8178278663975544,True,post_nasdaq
~asp_mercury_uranus_square_orb5 & asp_pluto_uranus_sextile_orb3 & ~venus_sign_aries,3,7,-0.448767003247471,-0.343767003247471,0.16659049632030012,0.5098528984166575,0.6148528984166575,1.0072933273147824,0.39244042889812486,0.5098528984166575,12,136,16,0.7976809145870973,-0.2044341522827901,False,-0.8602880872991424,-0.7552880872991424,0.0,0.7552880872991424,,,validation,,0.4390289337230187,0.8453214925725071,0.4062925588494884,-0.8178278663975544,0.0,0.8178278663975544,True,post_nasdaq
~asp_mars_pluto_sextile_orb3 & ~asp_mercury_pluto_conj_orb3 & asp_neptune_uranus_conj_orb5,3,7,-0.33461245524539446,-0.22961245524539448,0.2807450443223766,0.5096975367982259,0.6146975367982259,1.0071379656963508,0.39244042889812486,0.5096975367982259,4,133,15,0.797459895514619,-0.2044341522827901,False,-0.8602880872991424,-0.7552880872991424,0.0,0.7552880872991424,,,validation,,0.3021110343362871,0.7084035931857755,0.4062925588494884,-0.8178278663975544,0.0,0.8178278663975544,True,post_nasdaq
asp_neptune_uranus_conj_orb5 & ~asp_pluto_sun_opp_orb5 & ~asp_saturn_sun_sextile_orb3,3,7,-0.3229050194514152,-0.21790501945141522,0.2924524801163559,0.5095872895598348,0.6145872895598348,1.0070277184579597,0.39244042889812486,0.5095872895598348,3,155,16,0.797303056884513,-0.2044341522827901,False,-0.8602880872991424,-0.7552880872991424,0.0,0.7552880872991424,,,validation,,0.19497706042281865,0.601269619272307,0.4062925588494884,-0.8178278663975544,0.0,0.8178278663975544,True,post_nasdaq
~asp_mars_pluto_sextile_orb3 & ~asp_moon_sun_conj_orb3 & asp_neptune_uranus_conj_orb5,3,7,-0.34116084390978435,-0.23616084390978437,0.27419665565798673,0.5094759774103332,0.6144759774103332,1.0069164063084581,0.39244042889812486,0.5094759774103332,6,92,27,0.7971447035142938,-0.2044341522827901,False,-0.8602880872991424,-0.7552880872991424,0.0,0.7552880872991424,,,validation,,0.2905921052656035,0.6968846641150919,0.4062925588494884,-0.8178278663975544,0.0,0.8178278663975544,True,post_nasdaq
~asp_mercury_moon_square_orb1 & asp_neptune_uranus_conj_orb5 & ~asp_saturn_sun_sextile_orb5,3,7,-0.32382173779731843,-0.21882173779731845,0.29153576177045265,0.5093400735660705,0.6143400735660705,1.0067805024641954,0.39244042889812486,0.5093400735660705,7,93,28,0.7969513661307595,-0.2044341522827901,False,-0.8602880872991424,-0.7552880872991424,0.0,0.7552880872991424,,,validation,,0.2639166671775322,0.6702092260270206,0.4062925588494884,-0.8178278663975544,0.0,0.8178278663975544,True,post_nasdaq
~asp_moon_saturn_trine_orb1 & asp_pluto_uranus_sextile_orb3 & ~asp_saturn_sun_sextile_orb3,3,7,-0.6029455199703383,-0.4979455199703383,0.012411979597432787,0.5092044398139921,0.6142044398139921,1.006644868712117,0.39244042889812486,0.5092044398139921,16,147,24,0.7967584132968435,-0.2044341522827901,False,-0.8602880872991424,-0.7552880872991424,0.0,0.7552880872991424,,,validation,,0.4849713062806756,0.891263865130164,0.4062925588494884,-0.8178278663975544,0.0,0.8178278663975544,True,post_nasdaq
~asp_mercury_moon_trine_orb1 & ~asp_mercury_pluto_sextile_orb3 & asp_neptune_uranus_conj_orb5,3,7,-0.33431020630278624,-0.22931020630278626,0.28104729326498484,0.5091744713472044,0.6141744713472044,1.0066149002453293,0.39244042889812486,0.5091744713472044,6,73,20,0.7967157801414273,-0.2044341522827901,False,-0.8602880872991424,-0.7552880872991424,0.0,0.7552880872991424,,,validation,,0.3062793835814939,0.7125719424309823,0.4062925588494884,-0.8178278663975544,0.0,0.8178278663975544,True,post_nasdaq
~asp_mars_pluto_sextile_orb3 & ~asp_mercury_moon_sextile_orb3 & asp_neptune_uranus_conj_orb5,3,7,-0.32868162648804466,-0.22368162648804468,0.2866758730797264,0.5090858414514072,0.6140858414514072,1.0065262703495321,0.39244042889812486,0.5090858414514072,10,47,45,0.7965896952985754,-0.2044341522827901,False,-0.8602880872991424,-0.7552880872991424,0.0,0.7552880872991424,,,validation,,0.2700163777070366,0.676308936556525,0.4062925588494884,-0.8178278663975544,0.0,0.8178278663975544,True,post_nasdaq
~asp_mars_moon_trine_orb3 & ~asp_mars_pluto_sextile_orb3 & asp_neptune_uranus_conj_orb5,3,7,-0.3604553270920021,-0.25545532709200214,0.25490217247576896,0.5090165787024763,0.6140165787024763,1.0064570076006012,0.39244042889812486,0.5090165787024763,11,87,52,0.7964911622422159,-0.2044341522827901,False,-0.8602880872991424,-0.7552880872991424,0.0,0.7552880872991424,,,validation,,0.3316447114043813,0.7379372702538697,0.4062925588494884,-0.8178278663975544,0.0,0.8178278663975544,True,post_nasdaq
~asp_neptune_sun_square_orb5 & asp_pluto_uranus_sextile_orb3 & ~mars_ingress_3d,3,7,-0.6335726974162553,-0.5285726974162553,-0.018215197848484212,0.5089910963899991,0.613991096389999,1.006431525288124,0.39244042889812486,0.5089910963899991,30,47,38,0.7964549111730779,-0.2044341522827901,False,-0.8602880872991424,-0.7552880872991424,0.0,0.7552880872991424,,,validation,,0.534968677960318,0.9412612368098063,0.4062925588494884,-0.8178278663975544,0.0,0.8178278663975544,True,post_nasdaq
~asp_mars_pluto_sextile_orb3 & ~asp_moon_saturn_sextile_orb1 & asp_neptune_uranus_conj_orb5,3,7,-0.32332115517151455,-0.21832115517151457,0.29203634439625653,0.508918430668444,0.613918430668444,1.006358859566569,0.39244042889812486,0.508918430668444,4,133,18,0.7963515371742342,-0.2044341522827901,False,-0.8602880872991424,-0.7552880872991424,0.0,0.7552880872991424,,,validation,,0.3221760075563543,0.7284685664058427,0.4062925588494884,-0.8178278663975544,0.0,0.8178278663975544,True,post_nasdaq
~asp_jupiter_sun_conj_orb5 & ~asp_mercury_pluto_sextile_orb5 & asp_neptune_uranus_conj_orb5,3,7,-0.3336739740758226,-0.22867397407582263,0.28168352549194847,0.5088378387448791,0.6138378387448791,1.006278267643004,0.39244042889812486,0.5088378387448791,4,158,16,0.796236887494111,-0.2044341522827901,False,-0.8602880872991424,-0.7552880872991424,0.0,0.7552880872991424,,,validation,,0.3073177296147424,0.7136102884642308,0.4062925588494884,-0.8178278663975544,0.0,0.8178278663975544,True,post_nasdaq
~asp_mars_neptune_square_orb5 & ~asp_mercury_uranus_square_orb5 & asp_pluto_uranus_sextile_orb3,3,7,-0.7270118225707506,-0.6220118225707506,-0.11165432300297948,0.5088292662373026,0.6138292662373026,1.0062696951354275,0.39244042889812486,0.5088292662373026,12,121,17,0.7962246922928944,-0.2044341522827901,False,-0.8602880872991424,-0.7552880872991424,0.0,0.7552880872991424,,,validation,,0.5023033885922661,0.9085959474417544,0.4062925588494884,-0.8178278663975544,0.0,0.8178278663975544,True,post_nasdaq
~asp_moon_saturn_trine_orb3 & asp_pluto_uranus_sextile_orb3 & ~venus_sign_aries,3,7,-0.43443150826764365,-0.32943150826764367,0.18092599130012743,0.5085375384536797,0.6135375384536796,1.0059779673518046,0.39244042889812486,0.5085375384536797,27,74,33,0.795809682733098,-0.2044341522827901,False,-0.8602880872991424,-0.7552880872991424,0.0,0.7552880872991424,,,validation,,0.38840401620533666,0.794696575054825,0.4062925588494884,-0.8178278663975544,0.0,0.8178278663975544,True,post_nasdaq
~asp_mars_pluto_sextile_orb3 & asp_neptune_uranus_conj_orb5 & ~asp_pluto_sun_trine_orb1,3,7,-0.2809972455325586,-0.17599724553255863,0.33436025403521247,0.5084978125755872,0.6134978125755872,1.0059382414737121,0.39244042889812486,0.5084978125755872,4,116,16,0.7957531691363815,-0.2044341522827901,False,-0.8602880872991424,-0.7552880872991424,0.0,0.7552880872991424,,,validation,,0.30444417462747436,0.7107367334769628,0.4062925588494884,-0.8178278663975544,0.0,0.8178278663975544,True,post_nasdaq
~asp_moon_saturn_trine_orb1 & asp_pluto_uranus_sextile_orb3 & ~asp_saturn_sun_square_orb5,3,7,-0.6952302482094165,-0.5902302482094165,-0.07987274864164538,0.5084637737537636,0.6134637737537636,1.0059042026518885,0.39244042889812486,0.5084637737537636,18,115,26,0.795704745904767,-0.2044341522827901,False,-0.8602880872991424,-0.7552880872991424,0.0,0.7552880872991424,,,validation,,0.5243353017298777,0.9306278605793661,0.4062925588494884,-0.8178278663975544,0.0,0.8178278663975544,True,post_nasdaq
asp_neptune_uranus_conj_orb5 & ~asp_saturn_sun_sextile_orb5 & ~venus_sign_leo,3,7,-0.20322066119409843,-0.09822066119409845,0.41213683837367265,0.5083694234546341,0.6133694234546341,1.005809852352759,0.39244042889812486,0.5083694234546341,4,94,18,0.7955705243713627,-0.2044341522827901,False,-0.8602880872991424,-0.7552880872991424,0.0,0.7552880872991424,,,validation,,0.149470672086864,0.5557632309363524,0.4062925588494884,-0.8178278663975544,0.0,0.8178278663975544,True,post_nasdaq
~asp_mercury_pluto_sextile_orb3 & ~asp_neptune_sun_opp_orb3 & asp_neptune_uranus_conj_orb5,3,7,-0.3396704162235414,-0.2346704162235414,0.2756870833442297,0.508327587640786,0.613327587640786,1.005768016538911,0.39244042889812486,0.508327587640786,4,130,17,0.7955110093243554,-0.2044341522827901,False,-0.8602880872991424,-0.7552880872991424,0.0,0.7552880872991424,,,validation,,0.3932158490298899,0.7995084078793783,0.4062925588494884,-0.8178278663975544,0.0,0.8178278663975544,True,post_nasdaq
~asp_mars_sun_square_orb5 & asp_neptune_uranus_conj_orb5 & ~asp_saturn_sun_sextile_orb3,3,7,-0.2991025950968306,-0.19410259509683064,0.31625490447094046,0.5082549388748758,0.6132549388748758,1.0056953677730007,0.39244042889812486,0.5082549388748758,3,154,15,0.7954076602713711,-0.2044341522827901,False,-0.8602880872991424,-0.7552880872991424,0.0,0.7552880872991424,,,validation,,0.23013535412132707,0.6364279129708155,0.4062925588494884,-0.8178278663975544,0.0,0.8178278663975544,True,post_nasdaq
asp_neptune_uranus_conj_orb5 & ~asp_neptune_venus_conj_orb5 & ~asp_saturn_sun_trine_orb3,3,7,-0.33379397232220487,-0.22879397232220489,0.2815635272455662,0.5081434860411138,0.6131434860411138,1.0055839149392387,0.39244042889812486,0.5081434860411138,5,93,18,0.7952491093045562,-0.2044341522827901,False,-0.8602880872991424,-0.7552880872991424,0.0,0.7552880872991424,,,validation,,0.300748275884643,0.7070408347341314,0.4062925588494884,-0.8178278663975544,0.0,0.8178278663975544,True,post_nasdaq
~asp_jupiter_mercury_opp_orb5 & asp_neptune_uranus_conj_orb5 & ~asp_saturn_sun_sextile_orb3,3,7,-0.3369885632848026,-0.2319885632848026,0.2783689362829685,0.5080175339540247,0.6130175339540247,1.0054579628521496,0.39244042889812486,0.5080175339540247,4,135,15,0.7950699321943198,-0.2044341522827901,False,-0.8602880872991424,-0.7552880872991424,0.0,0.7552880872991424,,,validation,,0.12627774590992474,0.5325703047594131,0.4062925588494884,-0.8178278663975544,0.0,0.8178278663975544,True,post_nasdaq
~asp_mars_pluto_sextile_orb3 & ~asp_mercury_sun_conj_orb1 & asp_neptune_uranus_conj_orb5,3,7,-0.2829917075379063,-0.17799170753790633,0.33236579202986477,0.507966651757864,0.612966651757864,1.005407080655989,0.39244042889812486,0.507966651757864,7,106,26,0.7949975481998117,-0.2044341522827901,False,-0.8602880872991424,-0.7552880872991424,0.0,0.7552880872991424,,,validation,,0.3209743332926019,0.7272668921420903,0.4062925588494884,-0.8178278663975544,0.0,0.8178278663975544,True,post_nasdaq
~asp_mars_neptune_trine_orb1 & ~asp_mars_pluto_sextile_orb3 & asp_neptune_uranus_conj_orb5,3,7,-0.28688343256081583,-0.18188343256081585,0.32847406700695525,0.5079438782136496,0.6129438782136496,1.0053843071117745,0.39244042889812486,0.5079438782136496,3,130,10,0.7949651510256726,-0.2044341522827901,False,-0.8602880872991424,-0.7552880872991424,0.0,0.7552880872991424,,,validation,,0.28482063554861065,0.691113194398099,0.4062925588494884,-0.8178278663975544,0.0,0.8178278663975544,True,post_nasdaq
asp_neptune_uranus_conj_orb5 & ~asp_saturn_sun_sextile_orb3 & ~venus_sign_taurus,3,7,-0.3534806718189362,-0.24848067181893624,0.26187682774883486,0.5075488932060517,0.6125488932060517,1.0049893221041766,0.39244042889812486,0.5075488932060517,3,145,15,0.7944032549137603,-0.2044341522827901,False,-0.8602880872991424,-0.7552880872991424,0.0,0.7552880872991424,,,validation,,0.16826357798817843,0.5745561368376668,0.4062925588494884,-0.8178278663975544,0.0,0.8178278663975544,True,post_nasdaq
~asp_mars_pluto_sextile_orb3 & ~asp_moon_uranus_trine_orb1 & asp_neptune_uranus_conj_orb5,3,7,-0.3332673702146941,-0.22826737021469412,0.282090129353077,0.5075263285500964,0.6125263285500964,1.0049667574482213,0.39244042889812486,0.5075263285500964,5,116,22,0.794371155060869,-0.2044341522827901,False,-0.8602880872991424,-0.7552880872991424,0.0,0.7552880872991424,,,validation,,0.2939019448541424,0.7001945037036308,0.4062925588494884,-0.8178278663975544,0.0,0.8178278663975544,True,post_nasdaq
~asp_mars_neptune_square_orb1 & ~asp_mars_pluto_sextile_orb3 & asp_neptune_uranus_conj_orb5,3,7,-0.31685892991319986,-0.21185892991319988,0.2984985696545712,0.5074932818955677,0.6124932818955677,1.0049337107936926,0.39244042889812486,0.5074932818955677,4,133,12,0.7943241438236206,-0.2044341522827901,False,-0.8602880872991424,-0.7552880872991424,0.0,0.7552880872991424,,,validation,,0.317773786889663,0.7240663457391514,0.4062925588494884,-0.8178278663975544,0.0,0.8178278663975544,True,post_nasdaq
~asp_mars_pluto_sextile_orb3 & asp_neptune_uranus_conj_orb5 & ~asp_neptune_venus_square_orb5,3,7,-0.27285648824689585,-0.16785648824689586,0.34250101132087524,0.5072187445870366,0.6122187445870366,1.0046591734851615,0.39244042889812486,0.5072187445870366,5,88,19,0.7939335955250815,-0.2044341522827901,False,-0.8602880872991424,-0.7552880872991424,0.0,0.7552880872991424,,,validation,,0.3659771899673862,0.7722697488168746,0.4062925588494884,-0.8178278663975544,0.0,0.8178278663975544,True,post_nasdaq
~asp_mars_sun_sextile_orb5 & ~asp_mercury_pluto_sextile_orb3 & asp_neptune_uranus_conj_orb5,3,7,-0.34369515503356174,-0.23869515503356176,0.27166234453420934,0.5071662924101168,0.6121662924101168,1.0046067213082417,0.39244042889812486,0.5071662924101168,4,129,15,0.793858978824246,-0.2044341522827901,False,-0.8602880872991424,-0.7552880872991424,0.0,0.7552880872991424,,,validation,,0.3236908698093734,0.7299834286588618,0.4062925588494884,-0.8178278663975544,0.0,0.8178278663975544,True,post_nasdaq
~asp_mars_neptune_trine_orb1 & ~asp_mercury_uranus_square_orb5 & asp_pluto_uranus_sextile_orb3,3,7,-0.6322122811840117,-0.5272122811840118,-0.016854781616240672,0.5068996437964144,0.6118996437964144,1.0043400726945393,0.39244042889812486,0.5068996437964144,14,136,19,0.793479654211247,-0.2044341522827901,False,-0.8602880872991424,-0.7552880872991424,0.0,0.7552880872991424,,,validation,,0.49190676047567855,0.898199319325167,0.4062925588494884,-0.8178278663975544,0.0,0.8178278663975544,True,post_nasdaq
~asp_moon_saturn_trine_orb1 & asp_neptune_uranus_conj_orb5 & ~asp_saturn_sun_sextile_orb5,3,7,-0.26481676749593386,-0.15981676749593388,0.3505407320718372,0.5068733748234855,0.6118733748234855,1.0043138037216104,0.39244042889812486,0.5068733748234855,4,110,23,0.7934422849921592,-0.2044341522827901,False,-0.8602880872991424,-0.7552880872991424,0.0,0.7552880872991424,,,validation,,0.20771596468725156,0.61400852353674,0.4062925588494884,-0.8178278663975544,0.0,0.8178278663975544,True,post_nasdaq
~asp_moon_saturn_trine_orb1 & asp_pluto_uranus_sextile_orb3 & ~asp_pluto_venus_sextile_orb1,3,7,-0.5983671132552082,-0.4933671132552082,0.01699038631256289,0.5068627338522889,0.6118627338522888,1.0043031627504138,0.39244042889812486,0.5068627338522889,18,134,25,0.7934271475637975,-0.2044341522827901,False,-0.8602880872991424,-0.7552880872991424,0.0,0.7552880872991424,,,validation,,0.5540770993524897,0.9603696582019782,0.4062925588494884,-0.8178278663975544,0.0,0.8178278663975544,True,post_nasdaq
~asp_moon_saturn_trine_orb1 & ~asp_moon_venus_square_orb3 & asp_pluto_uranus_sextile_orb3,3,7,-0.725994026942332,-0.620994026942332,-0.11063652737456084,0.5068011479170806,0.6118011479170806,1.0042415768152055,0.39244042889812486,0.5068011479170806,39,73,50,0.7933395378653199,-0.2044341522827901,False,-0.8602880872991424,-0.7552880872991424,0.0,0.7552880872991424,,,validation,,0.5632270712436547,0.9695196300931431,0.4062925588494884,-0.8178278663975544,0.0,0.8178278663975544,True,post_nasdaq
asp_pluto_uranus_sextile_orb3 & ~asp_saturn_venus_trine_orb3,2,4,-0.5651375435909597,-0.5251375435909597,-0.014780044023188575,0.5068003994624946,0.5468003994624946,0.9392408283606195,0.39244042889812486,0.5068003994624946,10,192,13,0.7009073850910179,-0.2044341522827901,False,-0.7952880872991425,-0.7552880872991424,0.0,0.7552880872991424,,,validation,,0.45026013964870176,0.8565526984981902,0.4062925588494884,-0.8178278663975544,0.0,0.8178278663975544,True,post_nasdaq
~asp_mars_pluto_sextile_orb3 & asp_neptune_uranus_conj_orb5 & ~asp_neptune_venus_square_orb3,3,7,-0.29457852231268694,-0.18957852231268696,0.32077897725508414,0.5067292154139917,0.6117292154139917,1.0041696443121166,0.39244042889812486,0.5067292154139917,5,90,19,0.7932372096334965,-0.2044341522827901,False,-0.8602880872991424,-0.7552880872991424,0.0,0.7552880872991424,,,validation,,0.3878514184512399,0.7941439773007283,0.4062925588494884,-0.8178278663975544,0.0,0.8178278663975544,True,post_nasdaq
asp_pluto_uranus_sextile_orb3 & saturn_retro & ~venus_sign_sagittarius,3,6,-0.34895212629412375,-0.2589521262941238,0.2514053732736473,0.5066500501592183,0.5966500501592182,0.989090479057343,0.39244042889812486,0.5066500501592183,6,96,8,0.7717881479721116,-0.2044341522827901,False,-0.8452880872991424,-0.7552880872991424,0.0,0.7552880872991424,,,validation,,0.3936602859759076,0.799952844825396,0.4062925588494884,-0.8178278663975544,0.0,0.8178278663975544,True,post_nasdaq
~asp_moon_saturn_trine_orb3 & asp_pluto_uranus_sextile_orb3 & ~sun_sign_cancer,3,7,-0.6488402436029403,-0.5438402436029404,-0.03348274403516927,0.5066255742711603,0.6116255742711603,1.0040660031692852,0.39244042889812486,0.5066255742711603,28,74,36,0.7930897741452618,-0.2044341522827901,False,-0.8602880872991424,-0.7552880872991424,0.0,0.7552880872991424,,,validation,,0.514367799340063,0.9206603581895515,0.4062925588494884,-0.8178278663975544,0.0,0.8178278663975544,True,post_nasdaq
~asp_neptune_sun_square_orb5 & asp_pluto_uranus_sextile_orb3 & ~sun_sign_cancer,3,7,-0.6111496789361927,-0.5061496789361927,0.004207820631578378,0.5065975011345236,0.6115975011345236,1.0040379300326485,0.39244042889812486,0.5065975011345236,12,118,17,0.7930498385248994,-0.2044341522827901,False,-0.8602880872991424,-0.7552880872991424,0.0,0.7552880872991424,,,validation,,0.5200635112661154,0.9263560701156037,0.4062925588494884,-0.8178278663975544,0.0,0.8178278663975544,True,post_nasdaq
asp_neptune_uranus_conj_orb5 & ~asp_saturn_sun_sextile_orb5 & ~mercury_sign_capricorn,3,7,-0.44619485718248225,-0.34119485718248227,0.16916264238528883,0.5065914208952316,0.6115914208952316,1.0040318497933565,0.39244042889812486,0.5065914208952316,4,143,17,0.7930411890433169,-0.2044341522827901,False,-0.8602880872991424,-0.7552880872991424,0.0,0.7552880872991424,,,validation,,0.19597930418708348,0.6022718630365719,0.4062925588494884,-0.8178278663975544,0.0,0.8178278663975544,True,post_nasdaq
~asp_mars_moon_square_orb3 & ~asp_mars_pluto_sextile_orb3 & asp_neptune_uranus_conj_orb5,3,7,-0.30294749179796376,-0.19794749179796378,0.3124100077698073,0.5065741511127866,0.6115741511127866,1.0040145800109115,0.39244042889812486,0.5065741511127866,14,57,52,0.7930166218121464,-0.2044341522827901,False,-0.8602880872991424,-0.7552880872991424,0.0,0.7552880872991424,,,validation,,0.30623711255831626,0.7125296714078047,0.4062925588494884,-0.8178278663975544,0.0,0.8178278663975544,True,post_nasdaq
~asp_mars_pluto_sextile_orb3 & ~asp_mars_venus_square_orb3 & asp_neptune_uranus_conj_orb5,3,7,-0.30938742799845004,-0.20438742799845006,0.30597007156932104,0.506349116404023,0.611349116404023,1.003789545302148,0.39244042889812486,0.506349116404023,5,116,16,0.7926964978215993,-0.2044341522827901,False,-0.8602880872991424,-0.7552880872991424,0.0,0.7552880872991424,,,validation,,0.2754599864041652,0.6817525452536536,0.4062925588494884,-0.8178278663975544,0.0,0.8178278663975544,True,post_nasdaq
~asp_mars_pluto_sextile_orb5 & ~asp_moon_venus_trine_orb3 & asp_neptune_uranus_conj_orb5,3,7,-0.4147833860781243,-0.30978338607812433,0.20057411348964677,0.5061303588755468,0.6111303588755468,1.0035707877736717,0.39244042889812486,0.5061303588755468,8,75,49,0.7923853042867217,-0.2044341522827901,False,-0.8602880872991424,-0.7552880872991424,0.0,0.7552880872991424,,,validation,,0.29078111881642627,0.6970736776659147,0.4062925588494884,-0.8178278663975544,0.0,0.8178278663975544,True,post_nasdaq
~asp_moon_saturn_trine_orb1 & asp_pluto_uranus_sextile_orb3 & ~asp_saturn_venus_sextile_orb5,3,7,-0.618562957490834,-0.513562957490834,-0.0032054579230629356,0.5061054978151349,0.6111054978151349,1.0035459267132598,0.39244042889812486,0.5061054978151349,19,139,26,0.7923499382354755,-0.2044341522827901,False,-0.8602880872991424,-0.7552880872991424,0.0,0.7552880872991424,,,validation,,0.5098355741401677,0.916128132989656,0.4062925588494884,-0.8178278663975544,0.0,0.8178278663975544,True,post_nasdaq
~asp_mars_pluto_sextile_orb3 & asp_neptune_uranus_conj_orb5 & ~asp_pluto_sun_sextile_orb1,3,7,-0.30080462060139146,-0.19580462060139148,0.3145528789663796,0.5059061416946471,0.6109061416946471,1.003346570592772,0.39244042889812486,0.5059061416946471,5,119,17,0.7920663449706025,-0.2044341522827901,False,-0.8602880872991424,-0.7552880872991424,0.0,0.7552880872991424,,,validation,,0.33594318537929463,0.742235744228783,0.4062925588494884,-0.8178278663975544,0.0,0.8178278663975544,True,post_nasdaq
~asp_mercury_uranus_square_orb5 & asp_pluto_uranus_sextile_orb3 & ~asp_saturn_sun_square_orb5,3,7,-0.7492914768692053,-0.6442914768692053,-0.13393397730143422,0.5058800530923517,0.6108800530923517,1.0033204819904766,0.39244042889812486,0.5058800530923517,16,91,22,0.7920292327822329,-0.2044341522827901,False,-0.8602880872991424,-0.7552880872991424,0.0,0.7552880872991424,,,validation,,0.519556059814634,0.9258486186641225,0.4062925588494884,-0.8178278663975544,0.0,0.8178278663975544,True,post_nasdaq
asp_pluto_uranus_sextile_orb3 & ~asp_saturn_venus_trine_orb5,2,4,-0.5541228280155533,-0.5141228280155533,-0.003765328447782214,0.5057890562957685,0.5457890562957686,0.9382294851938935,0.39244042889812486,0.5057890562957685,10,192,13,0.6994697830531564,-0.2044341522827901,False,-0.7952880872991425,-0.7552880872991424,0.0,0.7552880872991424,,,validation,,0.4466063924718137,0.8528989513213021,0.4062925588494884,-0.8178278663975544,0.0,0.8178278663975544,True,post_nasdaq
~asp_mars_pluto_sextile_orb3 & ~asp_mercury_uranus_square_orb1 & asp_neptune_uranus_conj_orb5,3,7,-0.30010205528546874,-0.19510205528546876,0.31525544428230234,0.5057031088713568,0.6107031088713568,1.0031435377694817,0.39244042889812486,0.5057031088713568,5,72,17,0.7917775221236876,-0.2044341522827901,False,-0.8602880872991424,-0.7552880872991424,0.0,0.7552880872991424,,,validation,,0.3017486907969094,0.7080412496463978,0.4062925588494884,-0.8178278663975544,0.0,0.8178278663975544,True,post_nasdaq
~asp_mars_neptune_trine_orb3 & asp_pluto_uranus_sextile_orb3 & ~asp_saturn_venus_trine_orb5,3,7,-0.5828777437156004,-0.47787774371560043,0.03247975585217065,0.505655582591346,0.610655582591346,1.003096011489471,0.39244042889812486,0.505655582591346,14,126,18,0.7917099140657979,-0.2044341522827901,False,-0.8602880872991424,-0.7552880872991424,0.0,0.7552880872991424,,,validation,,0.4623564312792627,0.8686489901287511,0.4062925588494884,-0.8178278663975544,0.0,0.8178278663975544,True,post_nasdaq
~asp_mars_pluto_sextile_orb3 & ~asp_mars_saturn_trine_orb5 & asp_neptune_uranus_conj_orb5,3,7,-0.3336064491332564,-0.2286064491332564,0.2817510504345147,0.50564068647033,0.61064068647033,1.003081115368455,0.39244042889812486,0.50564068647033,4,133,14,0.791688723738367,-0.2044341522827901,False,-0.8602880872991424,-0.7552880872991424,0.0,0.7552880872991424,,,validation,,0.3675961409651786,0.773888699814667,0.4062925588494884,-0.8178278663975544,0.0,0.8178278663975544,True,post_nasdaq
asp_neptune_uranus_conj_orb5 & ~asp_neptune_venus_conj_orb5 & ~sun_sign_capricorn,3,7,-0.3494713743623859,-0.24447137436238592,0.2658861252053852,0.505494086693512,0.610494086693512,1.002934515591637,0.39244042889812486,0.505494086693512,3,198,11,0.7914801798992919,-0.2044341522827901,False,-0.8602880872991424,-0.7552880872991424,0.0,0.7552880872991424,,,validation,,0.2695720261127124,0.6758645849622008,0.4062925588494884,-0.8178278663975544,0.0,0.8178278663975544,True,post_nasdaq
~asp_mars_pluto_sextile_orb3 & ~asp_mercury_saturn_sextile_orb1 & asp_neptune_uranus_conj_orb5,3,7,-0.3144718100152319,-0.2094718100152319,0.3008856895525392,0.505450381881744,0.6104503818817439,1.0028908107798689,0.39244042889812486,0.505450381881744,4,116,15,0.7914180081891391,-0.2044341522827901,False,-0.8602880872991424,-0.7552880872991424,0.0,0.7552880872991424,,,validation,,0.30076601350693394,0.7070585723564223,0.4062925588494884,-0.8178278663975544,0.0,0.8178278663975544,True,post_nasdaq
~asp_jupiter_sun_trine_orb1 & ~asp_mars_pluto_sextile_orb3 & asp_neptune_uranus_conj_orb5,3,7,-0.3366644057003542,-0.23166440570035424,0.27869309386741686,0.5052393215559408,0.6102393215559407,1.0026797504540657,0.39244042889812486,0.5052393215559408,5,111,18,0.7911177675330392,-0.2044341522827901,False,-0.8602880872991424,-0.7552880872991424,0.0,0.7552880872991424,,,validation,,0.31652836527110334,0.7228209241205917,0.4062925588494884,-0.8178278663975544,0.0,0.8178278663975544,True,post_nasdaq
~asp_mars_pluto_sextile_orb3 & ~asp_neptune_sun_trine_orb5 & asp_neptune_uranus_conj_orb5,3,7,-0.3218201688674135,-0.2168201688674135,0.2935373307003576,0.5049321494396657,0.6099321494396657,1.0023725783377906,0.39244042889812486,0.5049321494396657,5,91,18,0.7906808058685766,-0.2044341522827901,False,-0.8602880872991424,-0.7552880872991424,0.0,0.7552880872991424,,,validation,,0.30319701458058496,0.7094895734300734,0.4062925588494884,-0.8178278663975544,0.0,0.8178278663975544,True,post_nasdaq
asp_neptune_uranus_conj_orb5 & ~asp_saturn_venus_sextile_orb5 & ~mars_ingress_3d,3,7,-0.45877996411490674,-0.35377996411490675,0.15657753545286437,0.5049193247110355,0.6099193247110355,1.0023597536091604,0.39244042889812486,0.5049193247110355,11,64,46,0.7906625623375869,-0.2044341522827901,False,-0.8602880872991424,-0.7552880872991424,0.0,0.7552880872991424,,,validation,,0.3692526373718957,0.7755451962213841,0.4062925588494884,-0.8178278663975544,0.0,0.8178278663975544,True,post_nasdaq
~asp_mars_pluto_sextile_orb3 & asp_neptune_uranus_conj_orb5 & ~asp_pluto_sun_conj_orb1,3,7,-0.2761448728770748,-0.1711448728770748,0.3392126266906963,0.5048976681951565,0.6098976681951565,1.0023380970932814,0.39244042889812486,0.5048976681951565,4,133,12,0.7906317553514641,-0.2044341522827901,False,-0.8602880872991424,-0.7552880872991424,0.0,0.7552880872991424,,,validation,,0.29180814849720343,0.6981007073466918,0.4062925588494884,-0.8178278663975544,0.0,0.8178278663975544,True,post_nasdaq
~asp_mars_neptune_square_orb3 & ~asp_moon_saturn_trine_orb1 & asp_pluto_uranus_sextile_orb3,3,7,-0.6950344045469392,-0.5900344045469392,-0.07967690497916809,0.5046421936246264,0.6096421936246263,1.0020826225227513,0.39244042889812486,0.5046421936246264,13,150,20,0.790268336391313,-0.2044341522827901,False,-0.8602880872991424,-0.7552880872991424,0.0,0.7552880872991424,,,validation,,0.5263488185753635,0.932641377424852,0.4062925588494884,-0.8178278663975544,0.0,0.8178278663975544,True,post_nasdaq
asp_pluto_sun_trine_orb5 & venus_ingress_5d & ~venus_sign_aries,3,6,-0.2125083790934503,-0.1225083790934503,0.3878491204743208,0.5046362974990944,0.5946362974990944,0.9870767263972193,0.39244042889812486,0.5046362974990944,18,6,43,0.48434347985825,0.7493434991131305,True,-1.0971654468093601,-1.00716544680936,-0.25187735951021756,0.7552880872991424,,,validation,,0.14348874449644972,0.5497813033459381,0.4062925588494884,-0.8513961367367744,-0.03356827033921994,0.8178278663975544,True,post_nasdaq
~asp_mercury_moon_trine_orb1 & asp_neptune_uranus_conj_orb5 & ~asp_saturn_sun_sextile_orb3,3,7,-0.348757619438934,-0.24375761943893404,0.26659988012883706,0.5045992858409052,0.6095992858409052,1.00203971473903,0.39244042889812486,0.5045992858409052,6,130,20,0.7902072991059326,-0.2044341522827901,False,-0.8602880872991424,-0.7552880872991424,0.0,0.7552880872991424,,,validation,,0.21338700990416232,0.6196795687536507,0.4062925588494884,-0.8178278663975544,0.0,0.8178278663975544,True,post_nasdaq
~asp_mercury_pluto_sextile_orb3 & asp_neptune_uranus_conj_orb5 & ~venus_sign_taurus,3,7,-0.34313437394478885,-0.23813437394478887,0.27222312562298223,0.5043053417274792,0.6093053417274792,1.001745770625604,0.39244042889812486,0.5043053417274792,4,90,17,0.7897891578508296,-0.2044341522827901,False,-0.8602880872991424,-0.7552880872991424,0.0,0.7552880872991424,,,validation,,0.25749946386407546,0.6637920227135639,0.4062925588494884,-0.8178278663975544,0.0,0.8178278663975544,True,post_nasdaq
~asp_mars_pluto_sextile_orb3 & asp_neptune_uranus_conj_orb5 & ~asp_pluto_sun_square_orb1,3,7,-0.28910469703902697,-0.184104697039027,0.3262528025287441,0.5041483411437799,0.6091483411437799,1.0015887700419048,0.39244042889812486,0.5041483411437799,4,133,13,0.7895658220504518,-0.2044341522827901,False,-0.8602880872991424,-0.7552880872991424,0.0,0.7552880872991424,,,validation,,0.2975748881427394,0.7038674469922278,0.4062925588494884,-0.8178278663975544,0.0,0.8178278663975544,True,post_nasdaq
~asp_neptune_sun_square_orb5 & asp_pluto_uranus_sextile_orb3 & ~mercury_sign_cancer,3,7,-0.5881889524444253,-0.4831889524444252,0.027168547123345894,0.5039166209655372,0.6089166209655372,1.0013570498636621,0.39244042889812486,0.5039166209655372,12,118,17,0.789236197218425,-0.2044341522827901,False,-0.8602880872991424,-0.7552880872991424,0.0,0.7552880872991424,,,validation,,0.5160936046761253,0.9223861635256136,0.4062925588494884,-0.8178278663975544,0.0,0.8178278663975544,True,post_nasdaq
~asp_mercury_sun_conj_orb1 & asp_pluto_uranus_sextile_orb3 & ~asp_saturn_venus_trine_orb3,3,7,-0.6126832970489432,-0.5076832970489432,0.0026742025188279213,0.5037558384829979,0.6087558384829979,1.0011962673811228,0.39244042889812486,0.5037558384829979,24,84,29,0.7890074826771099,-0.2044341522827901,False,-0.8602880872991424,-0.7552880872991424,0.0,0.7552880872991424,,,validation,,0.5049602575699663,0.9112528164194548,0.4062925588494884,-0.8178278663975544,0.0,0.8178278663975544,True,post_nasdaq
asp_neptune_uranus_conj_orb5 & ~asp_neptune_venus_conj_orb3 & ~asp_uranus_venus_square_orb3,3,7,-0.2731498185277199,-0.16814981852771993,0.34220768104005117,0.5037467406123923,0.6087467406123923,1.0011871695105172,0.39244042889812486,0.5037467406123923,5,95,19,0.7889945408867234,-0.2044341522827901,False,-0.8602880872991424,-0.7552880872991424,0.0,0.7552880872991424,,,validation,,0.20947129939261028,0.6157638582420987,0.4062925588494884,-0.8178278663975544,0.0,0.8178278663975544,True,post_nasdaq
~asp_moon_venus_trine_orb3 & asp_neptune_uranus_conj_orb5 & ~asp_saturn_sun_sextile_orb3,3,7,-0.4435887516885,-0.3385887516885,0.17176874787927107,0.5037273354128258,0.6087273354128258,1.0011677643109507,0.39244042889812486,0.5037273354128258,8,75,56,0.788966936846917,-0.2044341522827901,False,-0.8602880872991424,-0.7552880872991424,0.0,0.7552880872991424,,,validation,,0.24670846348564274,0.6530010223351311,0.4062925588494884,-0.8178278663975544,0.0,0.8178278663975544,True,post_nasdaq
~asp_mars_pluto_sextile_orb3 & ~asp_mercury_moon_square_orb1 & asp_neptune_uranus_conj_orb5,3,7,-0.32281290587708095,-0.21781290587708096,0.29254459369069014,0.5035884014060248,0.6085884014060248,1.0010288303041497,0.39244042889812486,0.5035884014060248,6,90,23,0.7887693023826599,-0.2044341522827901,False,-0.8602880872991424,-0.7552880872991424,0.0,0.7552880872991424,,,validation,,0.2913574665023881,0.6976500253518765,0.4062925588494884,-0.8178278663975544,0.0,0.8178278663975544,True,post_nasdaq
~asp_neptune_sun_opp_orb3 & asp_neptune_uranus_conj_orb5 & ~asp_saturn_sun_sextile_orb3,3,7,-0.3542221126280964,-0.2492221126280964,0.2611353869396747,0.5035078234525259,0.6085078234525259,1.0009482523506508,0.39244042889812486,0.5035078234525259,4,118,17,0.7886546799074359,-0.2044341522827901,False,-0.8602880872991424,-0.7552880872991424,0.0,0.7552880872991424,,,validation,,0.2943720341933657,0.7006645930428541,0.4062925588494884,-0.8178278663975544,0.0,0.8178278663975544,True,post_nasdaq
asp_neptune_uranus_conj_orb5 & ~asp_saturn_sun_trine_orb3 & ~asp_saturn_venus_sextile_orb5,3,7,-0.3496173215616896,-0.24461732156168964,0.26574017800608146,0.5034935010567061,0.6084935010567061,1.000933929954831,0.39244042889812486,0.5034935010567061,6,77,23,0.7886343062511627,-0.2044341522827901,False,-0.8602880872991424,-0.7552880872991424,0.0,0.7552880872991424,,,validation,,0.36713692580469576,0.7734294846541842,0.4062925588494884,-0.8178278663975544,0.0,0.8178278663975544,True,post_nasdaq
asp_pluto_uranus_sextile_orb3 & ~asp_saturn_venus_trine_orb3 & ~mercury_sign_aries,3,7,-0.6257228317827442,-0.5207228317827443,-0.010365332214973157,0.5033912875655842,0.6083912875655841,1.000831716463709,0.39244042889812486,0.5033912875655842,13,107,18,0.7884889073172954,-0.2044341522827901,False,-0.8602880872991424,-0.7552880872991424,0.0,0.7552880872991424,,,validation,,0.4587407591401909,0.8650333179896793,0.4062925588494884,-0.8178278663975544,0.0,0.8178278663975544,True,post_nasdaq
~asp_moon_venus_conj_orb3 & asp_neptune_uranus_conj_orb5 & ~asp_saturn_sun_sextile_orb5,3,7,-0.32228230701882277,-0.21728230701882278,0.2930751925489483,0.5033423577617684,0.6083423577617684,1.0007827866598933,0.39244042889812486,0.5033423577617684,8,68,32,0.788419304618103,-0.2044341522827901,False,-0.8602880872991424,-0.7552880872991424,0.0,0.7552880872991424,,,validation,,0.24640125104329452,0.6526938098927829,0.4062925588494884,-0.8178278663975544,0.0,0.8178278663975544,True,post_nasdaq
~asp_moon_venus_conj_orb5 & asp_neptune_uranus_conj_orb5 & ~asp_saturn_sun_sextile_orb5,3,7,-0.36594183552779336,-0.2609418355277934,0.2494156640399777,0.5033423577617684,0.6083423577617684,1.0007827866598933,0.39244042889812486,0.5033423577617684,8,68,48,0.788419304618103,-0.2044341522827901,False,-0.8602880872991424,-0.7552880872991424,0.0,0.7552880872991424,,,validation,,0.24640125104329452,0.6526938098927829,0.4062925588494884,-0.8178278663975544,0.0,0.8178278663975544,True,post_nasdaq
~asp_mars_neptune_trine_orb3 & ~asp_mars_pluto_sextile_orb3 & asp_neptune_uranus_conj_orb5,3,7,-0.2875431311727991,-0.18254313117279913,0.32781436839497197,0.5032719735578779,0.6082719735578779,1.0007124024560028,0.39244042889812486,0.5032719735578779,3,129,10,0.7883191830829148,-0.2044341522827901,False,-0.8602880872991424,-0.7552880872991424,0.0,0.7552880872991424,,,validation,,0.27137393975042395,0.6776664985999123,0.4062925588494884,-0.8178278663975544,0.0,0.8178278663975544,True,post_nasdaq
~asp_mars_saturn_sextile_orb3 & ~asp_moon_saturn_trine_orb1 & asp_pluto_uranus_sextile_orb3,3,7,-0.6290295805689184,-0.5240295805689185,-0.013672081001147324,0.5032277806892331,0.6082277806892331,1.000668209587358,0.39244042889812486,0.5032277806892331,14,184,21,0.788256318767119,-0.2044341522827901,False,-0.8602880872991424,-0.7552880872991424,0.0,0.7552880872991424,,,validation,,0.509686126657215,0.9159786855067035,0.4062925588494884,-0.8178278663975544,0.0,0.8178278663975544,True,post_nasdaq
asp_neptune_uranus_conj_orb5 & ~asp_saturn_sun_sextile_orb5 & ~asp_sun_uranus_conj_orb3,3,7,-0.2618512790371687,-0.15685127903716872,0.3535062205306024,0.503080864390445,0.608080864390445,1.0005212932885699,0.39244042889812486,0.503080864390445,4,160,17,0.7880473307034741,-0.2044341522827901,False,-0.8602880872991424,-0.7552880872991424,0.0,0.7552880872991424,,,validation,,0.2067130803925012,0.6130056392419896,0.4062925588494884,-0.8178278663975544,0.0,0.8178278663975544,True,post_nasdaq
asp_neptune_uranus_conj_orb5 & ~asp_pluto_venus_square_orb3 & ~asp_saturn_sun_sextile_orb5,3,7,-0.3313692870827882,-0.2263692870827882,0.2839882124849829,0.5029116336512678,0.6079116336512678,1.0003520625493927,0.39244042889812486,0.5029116336512678,4,93,22,0.7878066008599569,-0.2044341522827901,False,-0.8602880872991424,-0.7552880872991424,0.0,0.7552880872991424,,,validation,,0.1981636620992398,0.6044562209487282,0.4062925588494884,-0.8178278663975544,0.0,0.8178278663975544,True,post_nasdaq
asp_neptune_uranus_conj_orb5 & ~asp_neptune_venus_conj_orb3,2,4,-0.24610577214739773,-0.20610577214739773,0.3042517274203734,0.5028688596688469,0.5428688596688469,0.9353092885669717,0.39244042889812486,0.5028688596688469,3,202,8,0.6953188792832024,-0.2044341522827901,False,-0.7952880872991425,-0.7552880872991424,0.0,0.7552880872991424,,,validation,,0.16141308723999864,0.567705646089487,0.4062925588494884,-0.8178278663975544,0.0,0.8178278663975544,True,post_nasdaq
asp_neptune_uranus_conj_orb5 & ~asp_saturn_sun_sextile_orb5 & ~asp_saturn_sun_square_orb5,3,7,-0.295074257175615,-0.190074257175615,0.3202832423921561,0.5028385095505026,0.6078385095505026,1.0002789384486275,0.39244042889812486,0.5028385095505026,5,117,22,0.7877025823588961,-0.2044341522827901,False,-0.8602880872991424,-0.7552880872991424,0.0,0.7552880872991424,,,validation,,0.24076379365815953,0.6470563525076479,0.4062925588494884,-0.8178278663975544,0.0,0.8178278663975544,True,post_nasdaq
~asp_jupiter_venus_sextile_orb5 & ~asp_moon_saturn_trine_orb1 & asp_pluto_uranus_sextile_orb3,3,7,-0.6249490030468378,-0.5199490030468378,-0.009591503479066659,0.5027990340780313,0.6077990340780313,1.0002394629761562,0.39244042889812486,0.5027990340780313,18,127,24,0.7876464288244587,-0.2044341522827901,False,-0.8602880872991424,-0.7552880872991424,0.0,0.7552880872991424,,,validation,,0.48583972305516104,0.8921322819046494,0.4062925588494884,-0.8178278663975544,0.0,0.8178278663975544,True,post_nasdaq
~asp_mars_pluto_sextile_orb3 & asp_neptune_uranus_conj_orb5 & ~jupiter_ingress_5d,3,7,-0.2773559494978271,-0.17235594949782712,0.338001550069944,0.5024389280702719,0.6074389280702719,0.9998793569683968,0.39244042889812486,0.5024389280702719,4,133,13,0.7871341822182583,-0.2044341522827901,False,-0.8602880872991424,-0.7552880872991424,0.0,0.7552880872991424,,,validation,,0.358386796725139,0.7646793555746274,0.4062925588494884,-0.8178278663975544,0.0,0.8178278663975544,True,post_nasdaq
asp_pluto_uranus_sextile_orb3 & ~asp_saturn_venus_trine_orb5 & ~mercury_sign_aries,3,7,-0.6139672466429092,-0.5089672466429093,0.0013902529248618256,0.5023975674491554,0.6073975674491554,0.9998379963472803,0.39244042889812486,0.5023975674491554,13,107,18,0.7870753473571437,-0.2044341522827901,False,-0.8602880872991424,-0.7552880872991424,0.0,0.7552880872991424,,,validation,,0.4550802081574636,0.861372767006952,0.4062925588494884,-0.8178278663975544,0.0,0.8178278663975544,True,post_nasdaq
