rule,length,complexity,train_fitness,train_excess_sharpe,train_sharpe,val_fitness,val_excess_sharpe,val_sharpe,val_sharpe_bh,val_fitness_raw,n_episodes_val,max_episode_val,n_episodes_train_val,val_half1_excess_sharpe,val_half2_excess_sharpe,stable,holdout_fitness,holdout_excess_sharpe,holdout_sharpe,holdout_sharpe_bh,null_pvalue,null_n,selected_on,drop_reason,nasdaq_val_excess_sharpe,nasdaq_val_sharpe,nasdaq_val_sharpe_bh,nasdaq_holdout_excess_sharpe,nasdaq_holdout_sharpe,nasdaq_holdout_sharpe_bh,cross_asset
~asp_mars_pluto_sextile_orb3 & asp_neptune_uranus_conj_orb5 & ~asp_neptune_venus_conj_orb3 & ~asp_uranus_venus_square_orb3,4,10,-0.3012126460426312,-0.15121264604263118,0.3591448535251399,0.6628044844960109,0.812804484496011,1.2052449133941359,0.39244042889812486,0.6628044844960109,7,52,24,1.0796473633793835,-0.2044341522827901,False,-0.9052880872991425,-0.7552880872991424,0.0,0.7552880872991424,1.999960000799984e-05,50000.0,validation,,0.4104534881974922,0.8167460470469806,0.4062925588494884,-0.8178278663975544,0.0,0.8178278663975544,True
~asp_mars_pluto_sextile_orb3 & asp_neptune_uranus_conj_orb5 & ~asp_neptune_venus_conj_orb5 & ~asp_uranus_venus_square_orb3,4,10,-0.2980616947119855,-0.14806169471198555,0.36229580485578555,0.6608909592591808,0.8108909592591809,1.2033313881573058,0.39244042889812486,0.6608909592591808,7,52,24,1.0769180544364452,-0.2044341522827901,False,-0.9052880872991425,-0.7552880872991424,0.0,0.7552880872991424,1.999960000799984e-05,50000.0,validation,,0.4228657279963594,0.8291582868458478,0.4062925588494884,-0.8178278663975544,0.0,0.8178278663975544,True
~asp_mars_pluto_sextile_orb3 & asp_neptune_uranus_conj_orb5 & ~asp_neptune_venus_conj_orb3 & ~asp_sun_uranus_trine_orb5,4,10,-0.357079031696531,-0.20707903169653097,0.30327846787124013,0.6592685480284134,0.8092685480284134,1.2017089769265383,0.39244042889812486,0.6592685480284134,7,58,23,1.0746040276541484,-0.2044341522827901,False,-0.9052880872991425,-0.7552880872991424,0.0,0.7552880872991424,1.999960000799984e-05,50000.0,validation,,0.4001475059549557,0.8064400648044441,0.4062925588494884,-0.8178278663975544,0.0,0.8178278663975544,True
~asp_mars_pluto_sextile_orb3 & asp_neptune_uranus_conj_orb5 & ~asp_neptune_venus_conj_orb5 & ~asp_sun_uranus_trine_orb5,4,10,-0.35403849859589287,-0.20403849859589285,0.30631900097187825,0.6575628516369522,0.8075628516369522,1.200003280535077,0.39244042889812486,0.6575628516369522,7,56,23,1.072171270452435,-0.2044341522827901,False,-0.9052880872991425,-0.7552880872991424,0.0,0.7552880872991424,1.999960000799984e-05,50000.0,validation,,0.41202906846402026,0.8183216273135087,0.4062925588494884,-0.8178278663975544,0.0,0.8178278663975544,True
~asp_mars_pluto_sextile_orb3 & asp_neptune_uranus_conj_orb5 & ~asp_neptune_venus_conj_orb3 & ~venus_sign_taurus,4,10,-0.37651778203452824,-0.22651778203452821,0.2838397175332429,0.6560381064549333,0.8060381064549333,1.1984785353530583,0.39244042889812486,0.6560381064549333,6,102,18,1.069996646216207,-0.2044341522827901,False,-0.9052880872991425,-0.7552880872991424,0.0,0.7552880872991424,1.999960000799984e-05,50000.0,validation,,0.32328968502997685,0.7295822438794652,0.4062925588494884,-0.8178278663975544,0.0,0.8178278663975544,True
~asp_mars_pluto_sextile_orb3 & asp_neptune_uranus_conj_orb5 & ~asp_neptune_venus_conj_orb5 & ~venus_sign_taurus,4,10,-0.37345373507084134,-0.22345373507084137,0.2869037644969297,0.6549076261028784,0.8049076261028785,1.1973480550010034,0.39244042889812486,0.6549076261028784,6,100,18,1.0683843616516164,-0.2044341522827901,False,-0.9052880872991425,-0.7552880872991424,0.0,0.7552880872991424,0.00023999520009599807,50000.0,validation,,0.33349873229501176,0.7397912911445002,0.4062925588494884,-0.8178278663975544,0.0,0.8178278663975544,True
~asp_mars_pluto_sextile_orb3 & asp_neptune_uranus_conj_orb5 & ~asp_saturn_venus_sextile_orb5 & ~asp_uranus_venus_square_orb3,4,10,-0.3028464427483558,-0.1528464427483558,0.3575110568194153,0.6535181615904334,0.8035181615904334,1.1959585904885583,0.39244042889812486,0.6535181615904334,8,58,26,1.0664027511699163,-0.2044341522827901,False,-0.9052880872991425,-0.7552880872991424,0.0,0.7552880872991424,1.999960000799984e-05,50000.0,validation,,0.49175222450095074,0.8980447833504391,0.4062925588494884,-0.8178278663975544,0.0,0.8178278663975544,True
~asp_mars_pluto_sextile_orb3 & asp_neptune_uranus_conj_orb5 & ~asp_neptune_venus_conj_orb3 & ~asp_pluto_sun_opp_orb5,4,10,-0.3419267823816622,-0.19192678238166222,0.3184307171861089,0.6525936967789437,0.8025936967789438,1.1950341256770687,0.39244042889812486,0.6525936967789437,6,102,18,1.0650843304519717,-0.2044341522827901,False,-0.9052880872991425,-0.7552880872991424,0.0,0.7552880872991424,1.999960000799984e-05,50000.0,validation,,0.3402413070981469,0.7465338659476353,0.4062925588494884,-0.8178278663975544,0.0,0.8178278663975544,True
~asp_mars_pluto_sextile_orb3 & asp_neptune_uranus_conj_orb5 & ~asp_neptune_venus_conj_orb5 & ~asp_pluto_sun_opp_orb5,4,10,-0.3388852626978759,-0.18888526269787592,0.3214722368698952,0.6506749124531318,0.8006749124531318,1.1931153413512567,0.39244042889812486,0.6506749124531318,6,100,18,1.0623479217509575,-0.2044341522827901,False,-0.9052880872991425,-0.7552880872991424,0.0,0.7552880872991424,1.999960000799984e-05,50000.0,validation,,0.3503080918124886,0.756600650661977,0.4062925588494884,-0.8178278663975544,0.0,0.8178278663975544,True
~asp_mars_pluto_sextile_orb3 & asp_neptune_uranus_conj_orb5 & ~asp_saturn_venus_sextile_orb5 & ~asp_sun_uranus_trine_orb5,4,10,-0.37063104658927004,-0.22063104658927007,0.289726452978501,0.6498823203435883,0.7998823203435883,1.1923227492417132,0.39244042889812486,0.6498823203435883,8,60,29,1.0612176154986672,-0.2044341522827901,False,-0.9052880872991425,-0.7552880872991424,0.0,0.7552880872991424,1.999960000799984e-05,50000.0,validation,,0.48065812519200807,0.8869506840414965,0.4062925588494884,-0.8178278663975544,0.0,0.8178278663975544,True
~asp_mars_pluto_sextile_orb3 & ~asp_neptune_sun_trine_orb1 & asp_neptune_uranus_conj_orb5 & ~asp_neptune_venus_conj_orb3,4,10,-0.3904318220728905,-0.24043182207289054,0.26992567749488056,0.649803742674827,0.799803742674827,1.192244171572952,0.39244042889812486,0.649803742674827,7,63,23,1.0611055575098112,-0.2044341522827901,False,-0.9052880872991425,-0.7552880872991424,0.0,0.7552880872991424,,,validation,,0.35352592929840226,0.7598184881478907,0.4062925588494884,-0.8178278663975544,0.0,0.8178278663975544,True
~asp_mars_pluto_sextile_orb3 & ~asp_neptune_sun_trine_orb1 & asp_neptune_uranus_conj_orb5 & ~asp_neptune_venus_conj_orb5,4,10,-0.38750564267817655,-0.2375056426781766,0.2728518568895945,0.6475659921507652,0.7975659921507652,1.19000642104889,0.39244042889812486,0.6475659921507652,7,61,23,1.0579144004888936,-0.2044341522827901,False,-0.9052880872991425,-0.7552880872991424,0.0,0.7552880872991424,,,validation,,0.3637477557611231,0.7700403146106115,0.4062925588494884,-0.8178278663975544,0.0,0.8178278663975544,True
~asp_mars_pluto_sextile_orb3 & asp_neptune_uranus_conj_orb5 & ~asp_pluto_sun_opp_orb5 & ~asp_saturn_venus_sextile_orb5,4,10,-0.3550736567122207,-0.20507365671222072,0.3052838428555504,0.6432259797925904,0.7932259797925905,1.1856664086907154,0.39244042889812486,0.6432259797925904,7,97,24,1.051725590767276,-0.2044341522827901,False,-0.9052880872991425,-0.7552880872991424,0.0,0.7552880872991424,,,validation,,0.41929579905830944,0.8255883579077978,0.4062925588494884,-0.8178278663975544,0.0,0.8178278663975544,True
~asp_mars_pluto_sextile_orb3 & ~asp_mercury_moon_trine_orb1 & asp_neptune_uranus_conj_orb5 & ~asp_neptune_venus_conj_orb3,4,10,-0.36815566059945926,-0.21815566059945923,0.29220183896831187,0.6417810171821011,0.7917810171821011,1.184221446080226,0.39244042889812486,0.6417810171821011,8,100,21,1.049665174721036,-0.2044341522827901,False,-0.9052880872991425,-0.7552880872991424,0.0,0.7552880872991424,,,validation,,0.3746069823685609,0.7808995412180493,0.4062925588494884,-0.8178278663975544,0.0,0.8178278663975544,True
~asp_mars_pluto_sextile_orb3 & ~asp_neptune_sun_trine_orb1 & asp_neptune_uranus_conj_orb5 & ~asp_saturn_venus_sextile_orb5,4,10,-0.4046324530719755,-0.2546324530719755,0.2557250464957956,0.6405322272158659,0.7905322272158659,1.1829726561139908,0.39244042889812486,0.6405322272158659,8,59,29,1.0478845212145107,-0.2044341522827901,False,-0.9052880872991425,-0.7552880872991424,0.0,0.7552880872991424,,,validation,,0.4322120650501004,0.8385046238995888,0.4062925588494884,-0.8178278663975544,0.0,0.8178278663975544,True
~asp_jupiter_mercury_opp_orb5 & ~asp_mars_pluto_sextile_orb3 & asp_neptune_uranus_conj_orb5 & ~asp_neptune_venus_conj_orb3,4,10,-0.3599017195832195,-0.20990171958321946,0.30045577998455164,0.6368614240711096,0.7868614240711096,1.1793018529692345,0.39244042889812486,0.6368614240711096,7,102,19,1.0426504938165506,-0.2044341522827901,False,-0.9052880872991425,-0.7552880872991424,0.0,0.7552880872991424,,,validation,,0.21864123639476823,0.6249337952442566,0.4062925588494884,-0.8178278663975544,0.0,0.8178278663975544,True
~asp_mars_pluto_sextile_orb3 & ~asp_mars_sun_square_orb1 & asp_neptune_uranus_conj_orb5 & ~asp_neptune_venus_conj_orb3,4,10,-0.3350495473641165,-0.18504954736411655,0.32530795220365455,0.6356765246253119,0.7856765246253119,1.1781169535234368,0.39244042889812486,0.6356765246253119,6,102,18,1.0409610587936309,-0.2044341522827901,False,-0.9052880872991425,-0.7552880872991424,0.0,0.7552880872991424,,,validation,,0.3398509520236049,0.7461435108730933,0.4062925588494884,-0.8178278663975544,0.0,0.8178278663975544,True
~asp_jupiter_mercury_opp_orb5 & ~asp_mars_pluto_sextile_orb3 & asp_neptune_uranus_conj_orb5 & ~asp_neptune_venus_conj_orb5,4,10,-0.35690287264443166,-0.20690287264443163,0.30345462692333947,0.6352929533052786,0.7852929533052786,1.1777333822034035,0.39244042889812486,0.6352929533052786,7,100,19,1.0404141671113367,-0.2044341522827901,False,-0.9052880872991425,-0.7552880872991424,0.0,0.7552880872991424,,,validation,,0.22665610517381213,0.6329486640233005,0.4062925588494884,-0.8178278663975544,0.0,0.8178278663975544,True
~asp_mars_pluto_sextile_orb3 & ~asp_moon_venus_trine_orb3 & asp_neptune_uranus_conj_orb5 & ~asp_neptune_venus_conj_orb3,4,10,-0.4502839768533978,-0.3002839768533978,0.2100735227143733,0.6336141711763218,0.7836141711763218,1.1760546000744467,0.39244042889812486,0.6336141711763218,11,64,57,1.038020613190673,-0.2044341522827901,False,-0.9052880872991425,-0.7552880872991424,0.0,0.7552880872991424,,,validation,,0.41051563627717785,0.8168081951266662,0.4062925588494884,-0.8178278663975544,0.0,0.8178278663975544,True
~asp_mars_pluto_sextile_orb3 & ~asp_mars_sun_square_orb1 & asp_neptune_uranus_conj_orb5 & ~asp_neptune_venus_conj_orb5,4,10,-0.3320622386129707,-0.18206223861297072,0.3282952609548004,0.6333689146445559,0.7833689146445559,1.1758093435426809,0.39244042889812486,0.6333689146445559,6,100,18,1.037670939002842,-0.2044341522827901,False,-0.9052880872991425,-0.7552880872991424,0.0,0.7552880872991424,,,validation,,0.3498278734851806,0.756120432334669,0.4062925588494884,-0.8178278663975544,0.0,0.8178278663975544,True
~asp_jupiter_sun_conj_orb5 & ~asp_mars_pluto_sextile_orb3 & asp_neptune_uranus_conj_orb5 & ~asp_uranus_venus_square_orb3,4,10,-0.32094437201519255,-0.17094437201519258,0.3394131275525785,0.6322318479738561,0.7822318479738561,1.174672276871981,0.39244042889812486,0.6322318479738561,6,92,22,1.0360497834160778,-0.2044341522827901,False,-0.9052880872991425,-0.7552880872991424,0.0,0.7552880872991424,,,validation,,0.4318605784838631,0.8381531373333515,0.4062925588494884,-0.8178278663975544,0.0,0.8178278663975544,True
~asp_mars_pluto_sextile_orb3 & ~asp_moon_venus_trine_orb3 & asp_neptune_uranus_conj_orb5 & ~asp_neptune_venus_conj_orb5,4,10,-0.44737617633402504,-0.2973761763340251,0.21298132323374602,0.6312275591126749,0.7812275591126749,1.1736679880107999,0.39244042889812486,0.6312275591126749,11,62,57,1.034617955343434,-0.2044341522827901,False,-0.9052880872991425,-0.7552880872991424,0.0,0.7552880872991424,,,validation,,0.4226714648424717,0.8289640236919601,0.4062925588494884,-0.8178278663975544,0.0,0.8178278663975544,True
~asp_mars_pluto_sextile_orb3 & asp_neptune_uranus_conj_orb5 & ~asp_neptune_venus_conj_orb3 & ~venus_sign_libra,4,10,-0.3109953663324041,-0.16099536633240408,0.349362133235367,0.6303599345103558,0.7803599345103558,1.1728003634084807,0.39244042889812486,0.6303599345103558,6,93,18,1.0333809876043387,-0.2044341522827901,False,-0.9052880872991425,-0.7552880872991424,0.0,0.7552880872991424,,,validation,,0.5588142467833213,0.9651068056328097,0.4062925588494884,-0.8178278663975544,0.0,0.8178278663975544,True
~asp_mars_pluto_sextile_orb3 & ~asp_mars_sun_square_orb5 & asp_neptune_uranus_conj_orb5 & ~asp_neptune_venus_conj_orb3,4,10,-0.3096761698947015,-0.15967616989470151,0.3506813296730696,0.628691938073708,0.7786919380737081,1.171132366971833,0.39244042889812486,0.628691938073708,6,102,18,1.0310029763627264,-0.2044341522827901,False,-0.9052880872991425,-0.7552880872991424,0.0,0.7552880872991424,,,validation,,0.3330655984674546,0.739358157316943,0.4062925588494884,-0.8178278663975544,0.0,0.8178278663975544,True
~asp_jupiter_sun_conj_orb5 & ~asp_mars_pluto_sextile_orb3 & asp_neptune_uranus_conj_orb5 & ~asp_sun_uranus_trine_orb5,4,10,-0.36445503474122964,-0.21445503474122968,0.2959024648265414,0.6280853380375145,0.7780853380375146,1.1705257669356395,0.39244042889812486,0.6280853380375145,6,94,21,1.030138179134941,-0.2044341522827901,False,-0.9052880872991425,-0.7552880872991424,0.0,0.7552880872991424,,,validation,,0.4211077226902829,0.8274002815397713,0.4062925588494884,-0.8178278663975544,0.0,0.8178278663975544,True
~asp_mars_pluto_sextile_orb3 & asp_neptune_uranus_conj_orb5 & ~asp_neptune_venus_conj_orb5 & ~venus_sign_libra,4,10,-0.3078237335153533,-0.15782373351535328,0.3525337660524178,0.6279195269032741,0.7779195269032741,1.170359955801399,0.39244042889812486,0.6279195269032741,6,91,18,1.0299017923488378,-0.2044341522827901,False,-0.9052880872991425,-0.7552880872991424,0.0,0.7552880872991424,,,validation,,0.5768306105773051,0.9831231694267936,0.4062925588494884,-0.8178278663975544,0.0,0.8178278663975544,True
~asp_mars_pluto_sextile_orb3 & asp_neptune_uranus_conj_orb5 & ~asp_neptune_venus_conj_orb3,3,7,-0.2953258597306031,-0.19032585973060312,0.320031639837168,0.6278533291816435,0.7328533291816435,1.1252937580797684,0.39244042889812486,0.6278533291816435,5,102,13,0.9656737660872772,-0.2044341522827901,False,-0.8602880872991424,-0.7552880872991424,0.0,0.7552880872991424,,,validation,,0.3469972998546212,0.7532898587041096,0.4062925588494884,-0.8178278663975544,0.0,0.8178278663975544,True
~asp_mars_pluto_sextile_orb3 & asp_neptune_uranus_conj_orb5 & ~asp_neptune_venus_conj_orb3 & ~asp_uranus_venus_square_orb5,4,10,-0.31389475249902477,-0.16389475249902474,0.34646274706874636,0.6275155986403725,0.7775155986403726,1.1699560275384975,0.39244042889812486,0.6275155986403725,7,52,24,1.0293259388442026,-0.2044341522827901,False,-0.9052880872991425,-0.7552880872991424,0.0,0.7552880872991424,,,validation,,0.33030563236787097,0.7365981912173594,0.4062925588494884,-0.8178278663975544,0.0,0.8178278663975544,True
~asp_mars_pluto_sextile_orb3 & ~asp_mars_sun_square_orb5 & asp_neptune_uranus_conj_orb5 & ~asp_neptune_venus_conj_orb5,4,10,-0.30657676024979486,-0.15657676024979483,0.35378073931797627,0.6265520647195039,0.7765520647195039,1.1689924936176288,0.39244042889812486,0.6265520647195039,6,100,18,1.027952306140477,-0.2044341522827901,False,-0.9052880872991425,-0.7552880872991424,0.0,0.7552880872991424,,,validation,,0.34337612834623427,0.7496686871957227,0.4062925588494884,-0.8178278663975544,0.0,0.8178278663975544,True
~asp_mars_pluto_sextile_orb3 & ~asp_mars_sun_square_orb1 & asp_neptune_uranus_conj_orb5 & ~asp_saturn_venus_sextile_orb5,4,10,-0.3479265846346642,-0.19792658463466423,0.3124309149331069,0.6263135844789113,0.7763135844789113,1.1687540133770362,0.39244042889812486,0.6263135844789113,7,97,24,1.0276123269301616,-0.2044341522827901,False,-0.9052880872991425,-0.7552880872991424,0.0,0.7552880872991424,,,validation,,0.41866416926062694,0.8249567281101153,0.4062925588494884,-0.8178278663975544,0.0,0.8178278663975544,True
~asp_mars_pluto_sextile_orb3 & asp_neptune_uranus_conj_orb5 & ~asp_neptune_venus_conj_orb5 & ~asp_uranus_venus_square_orb5,4,10,-0.31073694796330764,-0.16073694796330762,0.3496205516044635,0.6252321788731457,0.7752321788731458,1.1676726077712707,0.39244042889812486,0.6252321788731457,7,51,24,1.0260706812634413,-0.2044341522827901,False,-0.9052880872991425,-0.7552880872991424,0.0,0.7552880872991424,,,validation,,0.34155091002948074,0.7478434688789691,0.4062925588494884,-0.8178278663975544,0.0,0.8178278663975544,True
~asp_mars_pluto_sextile_orb3 & asp_neptune_uranus_conj_orb5 & ~asp_neptune_venus_conj_orb5,3,7,-0.29235166949847385,-0.18735166949847387,0.32300583006929723,0.6246403546718549,0.7296403546718548,1.1220807835699798,0.39244042889812486,0.6246403546718549,5,100,13,0.9610961646907368,-0.2044341522827901,False,-0.8602880872991424,-0.7552880872991424,0.0,0.7552880872991424,,,validation,,0.35696913163050575,0.7632616904799941,0.4062925588494884,-0.8178278663975544,0.0,0.8178278663975544,True
~asp_mars_pluto_sextile_orb3 & ~asp_moon_venus_trine_orb3 & asp_neptune_uranus_conj_orb5 & ~asp_saturn_venus_sextile_orb5,4,10,-0.4511715058422534,-0.3011715058422534,0.20918599372551772,0.6242656751511554,0.7742656751511554,1.1667061040492803,0.39244042889812486,0.6242656751511554,12,59,62,1.0246928587916602,-0.2044341522827901,False,-0.9052880872991425,-0.7552880872991424,0.0,0.7552880872991424,,,validation,,0.49114989225678535,0.8974424511062737,0.4062925588494884,-0.8178278663975544,0.0,0.8178278663975544,True
~asp_jupiter_mercury_opp_orb5 & ~asp_mars_pluto_sextile_orb3 & asp_neptune_uranus_conj_orb5 & ~asp_saturn_sun_square_orb5,4,10,-0.3596140611188261,-0.20961406111882613,0.30074343844894497,0.6241121274305271,0.7741121274305272,1.166552556328652,0.39244042889812486,0.6241121274305271,6,95,23,1.0244739668828262,-0.2044341522827901,False,-0.9052880872991425,-0.7552880872991424,0.0,0.7552880872991424,,,validation,,0.33611638865745025,0.7424089475069386,0.4062925588494884,-0.8178278663975544,0.0,0.8178278663975544,True
~asp_mars_pluto_sextile_orb3 & asp_neptune_uranus_conj_orb5 & ~asp_neptune_venus_conj_orb3 & ~asp_pluto_sun_sextile_orb3,4,10,-0.3204915602839319,-0.17049156028393192,0.3398659392838392,0.6240101500361467,0.7740101500361467,1.1664505789342716,0.39244042889812486,0.6240101500361467,7,93,21,1.024328591968824,-0.2044341522827901,False,-0.9052880872991425,-0.7552880872991424,0.0,0.7552880872991424,,,validation,,0.39862280363507024,0.8049153624845586,0.4062925588494884,-0.8178278663975544,0.0,0.8178278663975544,True
asp_neptune_uranus_conj_orb5 & ~asp_neptune_venus_conj_orb3 & ~asp_saturn_sun_sextile_orb5 & ~asp_saturn_sun_trine_orb3,4,10,-0.36700396870252905,-0.21700396870252908,0.293353530865242,0.623723192488355,0.773723192488355,1.1661636213864799,0.39244042889812486,0.623723192488355,7,77,27,1.02391951782256,-0.2044341522827901,False,-0.9052880872991425,-0.7552880872991424,0.0,0.7552880872991424,,,validation,,0.36873476140530664,0.775027320254795,0.4062925588494884,-0.8178278663975544,0.0,0.8178278663975544,True
~asp_jupiter_sun_conj_orb5 & ~asp_mars_pluto_sextile_orb3 & asp_neptune_uranus_conj_orb5 & ~venus_sign_taurus,4,10,-0.39944463182261425,-0.24944463182261428,0.2609128677451568,0.6234353732519077,0.7734353732519077,1.1658758021500326,0.39244042889812486,0.6234353732519077,5,100,17,1.0235092169369213,-0.2044341522827901,False,-0.9052880872991425,-0.7552880872991424,0.0,0.7552880872991424,,,validation,,0.34328724039470243,0.7495797992441908,0.4062925588494884,-0.8178278663975544,0.0,0.8178278663975544,True
~asp_mars_pluto_sextile_orb3 & asp_neptune_uranus_conj_orb5 & ~asp_neptune_venus_conj_orb3 & ~venus_sign_leo,4,10,-0.25310413094730355,-0.10310413094730358,0.4072533686204675,0.623076212008317,0.773076212008317,1.165516640906442,0.39244042889812486,0.623076212008317,6,93,19,1.0229972167219434,-0.2044341522827901,False,-0.9052880872991425,-0.7552880872991424,0.0,0.7552880872991424,,,validation,,0.30374189019856773,0.7100344490480561,0.4062925588494884,-0.8178278663975544,0.0,0.8178278663975544,True
~asp_jupiter_sun_conj_orb5 & ~asp_mars_pluto_sextile_orb3 & asp_neptune_uranus_conj_orb5 & ~asp_pluto_sun_opp_orb5,4,10,-0.36367132082245124,-0.21367132082245122,0.2966861787453199,0.6217428206828383,0.7717428206828383,1.1641832495809632,0.39244042889812486,0.6217428206828383,5,100,17,1.0210964309389112,-0.2044341522827901,False,-0.9052880872991425,-0.7552880872991424,0.0,0.7552880872991424,,,validation,,0.3598908309606877,0.7661833898101761,0.4062925588494884,-0.8178278663975544,0.0,0.8178278663975544,True
asp_neptune_uranus_conj_orb5 & ~asp_neptune_venus_conj_orb5 & ~asp_saturn_sun_sextile_orb5 & ~asp_saturn_sun_trine_orb3,4,10,-0.36675994411516133,-0.21675994411516136,0.29359755545260974,0.6213912738065727,0.7713912738065727,1.1638317027046976,0.39244042889812486,0.6213912738065727,7,77,27,1.0205952971433627,-0.2044341522827901,False,-0.9052880872991425,-0.7552880872991424,0.0,0.7552880872991424,,,validation,,0.37970502761819286,0.7859975864676813,0.4062925588494884,-0.8178278663975544,0.0,0.8178278663975544,True
~asp_mars_pluto_sextile_orb3 & asp_neptune_uranus_conj_orb5 & ~asp_neptune_venus_conj_orb5 & ~asp_pluto_sun_sextile_orb3,4,10,-0.31742999446420095,-0.16742999446420093,0.3429275051035702,0.6213881395749387,0.7713881395749387,1.1638285684730636,0.39244042889812486,0.6213881395749387,7,91,21,1.0205908292740127,-0.2044341522827901,False,-0.9052880872991425,-0.7552880872991424,0.0,0.7552880872991424,,,validation,,0.40995110838122645,0.8162436672307148,0.4062925588494884,-0.8178278663975544,0.0,0.8178278663975544,True
~asp_mars_pluto_sextile_orb3 & asp_neptune_uranus_conj_orb5 & ~asp_saturn_venus_sextile_orb5 & ~venus_sign_libra,4,10,-0.32349358381635407,-0.1734935838163541,0.336863915751417,0.6210057164946784,0.7710057164946784,1.1634461453928033,0.39244042889812486,0.6210057164946784,7,70,24,1.0200456839340106,-0.2044341522827901,False,-0.9052880872991425,-0.7552880872991424,0.0,0.7552880872991424,,,validation,,0.6449082328107891,1.0512007916602775,0.4062925588494884,-0.8178278663975544,0.0,0.8178278663975544,True
~asp_mars_pluto_sextile_orb3 & asp_neptune_uranus_conj_orb5 & ~asp_neptune_venus_conj_orb5 & ~venus_sign_leo,4,10,-0.24984024980332784,-0.09984024980332784,0.41051724976444326,0.6204861036514974,0.7704861036514974,1.1629265325496223,0.39244042889812486,0.6204861036514974,6,91,19,1.019304978795582,-0.2044341522827901,False,-0.9052880872991425,-0.7552880872991424,0.0,0.7552880872991424,,,validation,,0.313451625431211,0.7197441842806994,0.4062925588494884,-0.8178278663975544,0.0,0.8178278663975544,True
~asp_mars_pluto_sextile_orb3 & ~asp_moon_saturn_trine_orb1 & asp_neptune_uranus_conj_orb5 & ~asp_neptune_venus_conj_orb3,4,10,-0.31521554576593624,-0.16521554576593628,0.3451419538018348,0.6203754158359284,0.7703754158359284,1.1628158447340533,0.39244042889812486,0.6203754158359284,6,93,25,1.01914719463946,-0.2044341522827901,False,-0.9052880872991425,-0.7552880872991424,0.0,0.7552880872991424,,,validation,,0.36348377820789207,0.7697763370573805,0.4062925588494884,-0.8178278663975544,0.0,0.8178278663975544,True
~asp_jupiter_sun_conj_orb5 & ~asp_mars_pluto_sextile_orb3 & ~asp_neptune_sun_trine_orb1 & asp_neptune_uranus_conj_orb5,4,10,-0.4131055873581686,-0.2631055873581686,0.2472519122096025,0.6196908370334645,0.7696908370334645,1.1621312659315894,0.39244042889812486,0.6196908370334645,6,93,22,1.0181713411522635,-0.2044341522827901,False,-0.9052880872991425,-0.7552880872991424,0.0,0.7552880872991424,,,validation,,0.37320066987997763,0.779493228729466,0.4062925588494884,-0.8178278663975544,0.0,0.8178278663975544,True
~asp_mars_pluto_sextile_orb3 & asp_neptune_uranus_conj_orb5 & ~asp_neptune_venus_conj_orb3 & ~asp_saturn_venus_sextile_orb5,4,10,-0.35705716552434486,-0.2070571655243449,0.3033003340434262,0.619618615350639,0.769618615350639,1.162059044248764,0.39244042889812486,0.619618615350639,7,97,23,1.0180683911198192,-0.2044341522827901,False,-0.9052880872991425,-0.7552880872991424,0.0,0.7552880872991424,,,validation,,0.3913641980446793,0.7976567568941677,0.4062925588494884,-0.8178278663975544,0.0,0.8178278663975544,True
~asp_mars_pluto_sextile_orb3 & ~asp_mars_sun_square_orb5 & asp_neptune_uranus_conj_orb5 & ~asp_saturn_venus_sextile_orb5,4,10,-0.32196045024681796,-0.17196045024681794,0.33839704932095316,0.6192039085560427,0.7692039085560427,1.1616443374541676,0.39244042889812486,0.6192039085560427,7,97,23,1.0174772399351322,-0.2044341522827901,False,-0.9052880872991425,-0.7552880872991424,0.0,0.7552880872991424,,,validation,,0.4132914043830886,0.819583963232577,0.4062925588494884,-0.8178278663975544,0.0,0.8178278663975544,True
~asp_mars_pluto_sextile_orb3 & asp_neptune_uranus_conj_orb5 & ~asp_saturn_venus_sextile_orb5,3,7,-0.30831523054267984,-0.20331523054267986,0.30704226902509124,0.6184328626475402,0.7234328626475401,1.115873291545665,0.39244042889812486,0.6184328626475402,6,97,19,0.9522527616689582,-0.2044341522827901,False,-0.8602880872991424,-0.7552880872991424,0.0,0.7552880872991424,,,validation,,0.4253515531526911,0.8316441120021795,0.4062925588494884,-0.8178278663975544,0.0,0.8178278663975544,True
~asp_mars_pluto_sextile_orb3 & asp_neptune_uranus_conj_orb5 & ~asp_saturn_venus_sextile_orb5 & ~asp_uranus_venus_square_orb5,4,10,-0.32007355011231986,-0.1700735501123199,0.3402839494554512,0.6180728108776715,0.7680728108776715,1.1605132397757965,0.39244042889812486,0.6180728108776715,8,58,26,1.0158649139362896,-0.2044341522827901,False,-0.9052880872991425,-0.7552880872991424,0.0,0.7552880872991424,,,validation,,0.41339049348340146,0.8196830523328898,0.4062925588494884,-0.8178278663975544,0.0,0.8178278663975544,True
~asp_mars_pluto_sextile_orb3 & ~asp_moon_saturn_trine_orb1 & asp_neptune_uranus_conj_orb5 & ~asp_neptune_venus_conj_orb5,4,10,-0.31217757860734385,-0.1621775786073439,0.3481799209604272,0.6176895201091342,0.7676895201091343,1.1601299490072592,0.39244042889812486,0.6176895201091342,6,91,25,1.015318556906005,-0.2044341522827901,False,-0.9052880872991425,-0.7552880872991424,0.0,0.7552880872991424,,,validation,,0.3738970293255905,0.7801895881750789,0.4062925588494884,-0.8178278663975544,0.0,0.8178278663975544,True
~asp_mars_pluto_sextile_orb3 & ~asp_moon_venus_conj_orb3 & asp_neptune_uranus_conj_orb5 & ~asp_neptune_venus_conj_orb3,4,10,-0.36164055306358156,-0.21164055306358154,0.29871694650418956,0.6176650089932759,0.7676650089932759,1.1601054378914009,0.39244042889812486,0.6176650089932759,10,81,36,1.0152836179415443,-0.2044341522827901,False,-0.9052880872991425,-0.7552880872991424,0.0,0.7552880872991424,,,validation,,0.4081144637978315,0.8144070226473199,0.4062925588494884,-0.8178278663975544,0.0,0.8178278663975544,True
~asp_mars_pluto_sextile_orb3 & ~asp_moon_venus_conj_orb5 & asp_neptune_uranus_conj_orb5 & ~asp_neptune_venus_conj_orb3,4,10,-0.397045582241768,-0.24704558224176798,0.2633119173260031,0.6176650089932759,0.7676650089932759,1.1601054378914009,0.39244042889812486,0.6176650089932759,10,81,52,1.0152836179415443,-0.2044341522827901,False,-0.9052880872991425,-0.7552880872991424,0.0,0.7552880872991424,,,validation,,0.4081144637978315,0.8144070226473199,0.4062925588494884,-0.8178278663975544,0.0,0.8178278663975544,True
~asp_mars_pluto_sextile_orb3 & asp_neptune_uranus_conj_orb5 & ~asp_neptune_venus_conj_orb3 & ~asp_saturn_venus_sextile_orb3,4,10,-0.36072402966795447,-0.2107240296679545,0.2996334698998166,0.6162593528389101,0.7662593528389101,1.158699781737035,0.39244042889812486,0.6162593528389101,7,98,22,1.0132799685301628,-0.2044341522827901,False,-0.9052880872991425,-0.7552880872991424,0.0,0.7552880872991424,,,validation,,0.42366523448519805,0.8299577933346864,0.4062925588494884,-0.8178278663975544,0.0,0.8178278663975544,True
~asp_mars_pluto_sextile_orb3 & asp_neptune_uranus_conj_orb5 & ~asp_neptune_venus_conj_orb3 & ~asp_sun_uranus_conj_orb3,4,10,-0.31266599401353534,-0.16266599401353532,0.3476915055542358,0.6156566853748432,0.7656566853748432,1.1580971142729681,0.39244042889812486,0.6156566853748432,6,102,17,1.0124209266642776,-0.2044341522827901,False,-0.9052880872991425,-0.7552880872991424,0.0,0.7552880872991424,,,validation,,0.3625588272984451,0.7688513861479335,0.4062925588494884,-0.8178278663975544,0.0,0.8178278663975544,True
~asp_mars_pluto_sextile_orb3 & ~asp_moon_venus_conj_orb3 & asp_neptune_uranus_conj_orb5 & ~asp_neptune_venus_conj_orb5,4,10,-0.3567645597511112,-0.20676455975111124,0.30359293981665986,0.6150018077041092,0.7650018077041092,1.157442236602234,0.39244042889812486,0.6150018077041092,10,79,35,1.011487472536344,-0.2044341522827901,False,-0.9052880872991425,-0.7552880872991424,0.0,0.7552880872991424,,,validation,,0.4197434132331829,0.8260359720826713,0.4062925588494884,-0.8178278663975544,0.0,0.8178278663975544,True
~asp_mars_pluto_sextile_orb3 & ~asp_moon_venus_conj_orb5 & asp_neptune_uranus_conj_orb5 & ~asp_neptune_venus_conj_orb5,4,10,-0.392178786899526,-0.242178786899526,0.2681787126682451,0.6150018077041092,0.7650018077041092,1.157442236602234,0.39244042889812486,0.6150018077041092,10,79,51,1.011487472536344,-0.2044341522827901,False,-0.9052880872991425,-0.7552880872991424,0.0,0.7552880872991424,,,validation,,0.4197434132331829,0.8260359720826713,0.4062925588494884,-0.8178278663975544,0.0,0.8178278663975544,True
~asp_mars_pluto_sextile_orb3 & asp_neptune_uranus_conj_orb5 & ~asp_pluto_sun_sextile_orb3 & ~asp_saturn_venus_sextile_orb5,4,10,-0.3350055933719144,-0.1850055933719144,0.3253519061958567,0.6146790508524912,0.7646790508524912,1.1571194797506161,0.39244042889812486,0.6146790508524912,8,70,27,1.011027422227564,-0.2044341522827901,False,-0.9052880872991425,-0.7552880872991424,0.0,0.7552880872991424,,,validation,,0.477745501020385,0.8840380598698734,0.4062925588494884,-0.8178278663975544,0.0,0.8178278663975544,True
~asp_mars_pluto_sextile_orb3 & asp_neptune_uranus_conj_orb5 & ~asp_saturn_venus_sextile_orb5 & ~venus_sign_taurus,4,10,-0.3720369687972569,-0.22203696879725687,0.2883205307705142,0.6145964342390137,0.7645964342390137,1.1570368631371386,0.39244042889812486,0.6145964342390137,6,97,21,1.0109096627078893,-0.2044341522827901,False,-0.9052880872991425,-0.7552880872991424,0.0,0.7552880872991424,,,validation,,0.44920406926648987,0.8554966281159783,0.4062925588494884,-0.8178278663975544,0.0,0.8178278663975544,True
asp_neptune_uranus_conj_orb5 & ~asp_saturn_sun_sextile_orb5 & ~asp_saturn_sun_trine_orb3 & ~asp_saturn_venus_sextile_orb5,4,10,-0.37613761979241944,-0.22613761979241948,0.2842198797753516,0.6142667605209241,0.7642667605209241,1.156707189419049,0.39244042889812486,0.6142667605209241,8,77,32,1.010439755915395,-0.2044341522827901,False,-0.9052880872991425,-0.7552880872991424,0.0,0.7552880872991424,,,validation,,0.4486276480221833,0.8549202068716717,0.4062925588494884,-0.8178278663975544,0.0,0.8178278663975544,True
~asp_mars_pluto_sextile_orb3 & ~asp_mercury_moon_trine_orb1 & asp_neptune_uranus_conj_orb5 & ~asp_neptune_venus_conj_orb5,4,10,-0.36521445358884863,-0.21521445358884866,0.29514304597892244,0.6137984044953694,0.7637984044953694,1.1562388333934943,0.39244042889812486,0.6137984044953694,7,100,20,1.0097721793096541,-0.2044341522827901,False,-0.9052880872991425,-0.7552880872991424,0.0,0.7552880872991424,,,validation,,0.3440829534999947,0.7503755123494831,0.4062925588494884,-0.8178278663975544,0.0,0.8178278663975544,True
~asp_mars_pluto_sextile_orb3 & asp_neptune_uranus_conj_orb5 & ~asp_saturn_venus_sextile_orb5 & ~venus_sign_leo,4,10,-0.26413153944481704,-0.11413153944481708,0.396225960122954,0.613722713974049,0.763722713974049,1.156163142872174,0.39244042889812486,0.613722713974049,7,75,25,1.0096642933676068,-0.2044341522827901,False,-0.9052880872991425,-0.7552880872991424,0.0,0.7552880872991424,,,validation,,0.3840989135101179,0.7903914723596063,0.4062925588494884,-0.8178278663975544,0.0,0.8178278663975544,True
~asp_mars_pluto_sextile_orb3 & asp_neptune_uranus_conj_orb5 & ~asp_neptune_venus_conj_orb5 & ~asp_sun_uranus_conj_orb3,4,10,-0.3096382086315528,-0.15963820863155276,0.35071929093621834,0.612873818177932,0.762873818177932,1.155314247076057,0.39244042889812486,0.612873818177932,6,100,17,1.0084543223541294,-0.2044341522827901,False,-0.9052880872991425,-0.7552880872991424,0.0,0.7552880872991424,,,validation,,0.37297609128976555,0.779268650139254,0.4062925588494884,-0.8178278663975544,0.0,0.8178278663975544,True
~asp_mars_pluto_sextile_orb3 & ~asp_moon_saturn_trine_orb1 & asp_neptune_uranus_conj_orb5 & ~asp_saturn_venus_sextile_orb5,4,10,-0.3237047513738408,-0.17370475137384078,0.3366527481939303,0.6110409776526794,0.7610409776526794,1.1534814065508043,0.39244042889812486,0.6110409776526794,7,70,29,1.005841937179049,-0.2044341522827901,False,-0.9052880872991425,-0.7552880872991424,0.0,0.7552880872991424,,,validation,,0.4421189681533287,0.8484115270028171,0.4062925588494884,-0.8178278663975544,0.0,0.8178278663975544,True
~asp_mars_pluto_sextile_orb3 & ~asp_mars_venus_sextile_orb5 & asp_neptune_uranus_conj_orb5 & ~asp_neptune_venus_conj_orb3,4,10,-0.39070492439560334,-0.24070492439560331,0.2696525751721678,0.6108192950016499,0.7608192950016499,1.1532597238997748,0.39244042889812486,0.6108192950016499,6,93,18,1.0055259728359756,-0.2044341522827901,False,-0.9052880872991425,-0.7552880872991424,0.0,0.7552880872991424,,,validation,,0.3297856491999955,0.7360782080494839,0.4062925588494884,-0.8178278663975544,0.0,0.8178278663975544,True
~asp_mars_pluto_sextile_orb1 & asp_neptune_uranus_conj_orb5 & ~asp_neptune_venus_conj_orb3 & ~asp_saturn_sun_sextile_orb5,4,10,-0.36496255467687555,-0.21496255467687558,0.2953949448908955,0.6106282309330285,0.7606282309330286,1.1530686598311535,0.39244042889812486,0.6106282309330285,6,104,21,1.00525364994267,-0.2044341522827901,False,-0.9052880872991425,-0.7552880872991424,0.0,0.7552880872991424,,,validation,,0.34485133285340946,0.7511438917028979,0.4062925588494884,-0.8178278663975544,0.0,0.8178278663975544,True
~asp_mars_pluto_sextile_orb3 & asp_neptune_uranus_conj_orb5 & ~asp_neptune_venus_conj_orb3 & ~mercury_sign_leo,4,10,-0.4267812095938146,-0.2767812095938146,0.23357628997395652,0.610473811438755,0.760473811438755,1.15291424033688,0.39244042889812486,0.610473811438755,6,93,19,1.0050335569471867,-0.2044341522827901,False,-0.9052880872991425,-0.7552880872991424,0.0,0.7552880872991424,,,validation,,0.3541216876158612,0.7604142464653496,0.4062925588494884,-0.8178278663975544,0.0,0.8178278663975544,True
~asp_mercury_uranus_square_orb5 & asp_pluto_uranus_sextile_orb3 & ~mars_ingress_3d & ~sun_sign_cancer,4,10,-0.7445729107111866,-0.5945729107111866,-0.08421541114341546,0.6090919266112361,0.7590919266112361,1.151532355509361,0.39244042889812486,0.6090919266112361,30,50,39,1.0030639873066325,-0.2044341522827901,False,-0.9052880872991425,-0.7552880872991424,0.0,0.7552880872991424,,,validation,,0.7134200615650026,1.119712620414491,0.4062925588494884,-0.8178278663975544,0.0,0.8178278663975544,True
~asp_jupiter_sun_sextile_orb5 & ~asp_moon_saturn_trine_orb1 & asp_pluto_uranus_sextile_orb3 & ~mars_ingress_3d,4,10,-0.6038379073302904,-0.45383790733029045,0.056519592237480654,0.609077266490971,0.7590772664909711,1.151517695389096,0.39244042889812486,0.609077266490971,35,74,46,1.003043092765218,-0.2044341522827901,False,-0.9052880872991425,-0.7552880872991424,0.0,0.7552880872991424,,,validation,,0.7662224181185366,1.172514976968025,0.4062925588494884,-0.8178278663975544,0.0,0.8178278663975544,True
~asp_mars_pluto_sextile_orb5 & asp_neptune_uranus_conj_orb5 & ~asp_neptune_venus_conj_orb3 & ~asp_uranus_venus_square_orb3,4,10,-0.343169459519987,-0.19316945951998704,0.31718804004778406,0.6088365507510168,0.7588365507510169,1.1512769796491418,0.39244042889812486,0.6088365507510168,6,52,23,1.0027000098945131,-0.2044341522827901,False,-0.9052880872991425,-0.7552880872991424,0.0,0.7552880872991424,,,validation,,0.3279677201949291,0.7342602790444175,0.4062925588494884,-0.8178278663975544,0.0,0.8178278663975544,True
~asp_mars_pluto_sextile_orb3 & ~asp_moon_venus_conj_orb3 & asp_neptune_uranus_conj_orb5 & ~asp_saturn_venus_sextile_orb5,4,10,-0.37152855432639953,-0.2215285543263995,0.2888289452413716,0.6082961131876544,0.7582961131876544,1.1507365420857794,0.39244042889812486,0.6082961131876544,11,70,41,1.001929749201384,-0.2044341522827901,False,-0.9052880872991425,-0.7552880872991424,0.0,0.7552880872991424,,,validation,,0.4875034301298676,0.893795988979356,0.4062925588494884,-0.8178278663975544,0.0,0.8178278663975544,True
~asp_mars_pluto_sextile_orb3 & ~asp_moon_venus_conj_orb5 & asp_neptune_uranus_conj_orb5 & ~asp_saturn_venus_sextile_orb5,4,10,-0.4154429502937169,-0.2654429502937169,0.24491454927405423,0.6082961131876544,0.7582961131876544,1.1507365420857794,0.39244042889812486,0.6082961131876544,11,70,58,1.001929749201384,-0.2044341522827901,False,-0.9052880872991425,-0.7552880872991424,0.0,0.7552880872991424,,,validation,,0.4875034301298676,0.893795988979356,0.4062925588494884,-0.8178278663975544,0.0,0.8178278663975544,True
~asp_mars_sun_square_orb3 & asp_pluto_uranus_sextile_orb3 & ~asp_saturn_venus_trine_orb5 & ~mars_ingress_3d,4,10,-0.6807116006952778,-0.5307116006952778,-0.020354101127506675,0.6081796081840959,0.7581796081840959,1.1506200370822208,0.39244042889812486,0.6081796081840959,28,70,37,1.0017637007532794,-0.2044341522827901,False,-0.9052880872991425,-0.7552880872991424,0.0,0.7552880872991424,,,validation,,0.6690684338991739,1.0753609927486623,0.4062925588494884,-0.8178278663975544,0.0,0.8178278663975544,True
~asp_mars_pluto_sextile_orb1 & asp_neptune_uranus_conj_orb5 & ~asp_neptune_venus_conj_orb5 & ~asp_saturn_sun_sextile_orb5,4,10,-0.36472374167087795,-0.214723741670878,0.2956337578968931,0.6080722772122708,0.7580722772122708,1.1505127061103957,0.39244042889812486,0.6080722772122708,6,102,21,1.0016107278054474,-0.2044341522827901,False,-0.9052880872991425,-0.7552880872991424,0.0,0.7552880872991424,,,validation,,0.35469168253612154,0.7609842413856099,0.4062925588494884,-0.8178278663975544,0.0,0.8178278663975544,True
~asp_mars_pluto_sextile_orb3 & ~asp_mars_venus_sextile_orb5 & asp_neptune_uranus_conj_orb5 & ~asp_neptune_venus_conj_orb5,4,10,-0.38772317782075305,-0.23772317782075303,0.27263432174701807,0.6080526076879339,0.7580526076879339,1.1504930365860588,0.39244042889812486,0.6080526076879339,6,91,18,1.0015826939356562,-0.2044341522827901,False,-0.9052880872991425,-0.7552880872991424,0.0,0.7552880872991424,,,validation,,0.3397877488104985,0.7460803076599869,0.4062925588494884,-0.8178278663975544,0.0,0.8178278663975544,True
~asp_mars_pluto_sextile_orb3 & asp_neptune_uranus_conj_orb5 & ~asp_neptune_venus_conj_orb5 & ~mercury_sign_leo,4,10,-0.42379593800176074,-0.2737959380017607,0.23656156156601035,0.6076605414838249,0.7576605414838249,1.1501009703819498,0.39244042889812486,0.6076605414838249,6,91,19,1.0010239055497336,-0.2044341522827901,False,-0.9052880872991425,-0.7552880872991424,0.0,0.7552880872991424,,,validation,,0.36472186275990454,0.7710144216093929,0.4062925588494884,-0.8178278663975544,0.0,0.8178278663975544,True
~asp_jupiter_sun_sextile_orb5 & asp_pluto_uranus_sextile_orb3 & ~asp_saturn_venus_trine_orb5 & ~mars_ingress_3d,4,10,-0.651303058247119,-0.501303058247119,0.00905444132065213,0.607394162030568,0.757394162030568,1.149834590928693,0.39244042889812486,0.607394162030568,30,74,39,1.0006442526531873,-0.2044341522827901,False,-0.9052880872991425,-0.7552880872991424,0.0,0.7552880872991424,,,validation,,0.775630900545561,1.1819234593950494,0.4062925588494884,-0.8178278663975544,0.0,0.8178278663975544,True
~asp_mars_pluto_sextile_orb3 & ~asp_mars_sun_square_orb3 & asp_neptune_uranus_conj_orb5 & ~asp_neptune_venus_conj_orb3,4,10,-0.3449976756177201,-0.19499767561772013,0.31535982395005097,0.60694120609636,0.7569412060963601,1.149381634994485,0.39244042889812486,0.60694120609636,6,102,18,0.9999986879182137,-0.2044341522827901,False,-0.9052880872991425,-0.7552880872991424,0.0,0.7552880872991424,,,validation,,0.3130549729621807,0.7193475318116691,0.4062925588494884,-0.8178278663975544,0.0,0.8178278663975544,True
~asp_mars_pluto_sextile_orb5 & asp_neptune_uranus_conj_orb5 & ~asp_neptune_venus_conj_orb5 & ~asp_uranus_venus_square_orb3,4,10,-0.3400409168382924,-0.19004091683829244,0.32031658272947866,0.6067422768272778,0.7567422768272778,1.1491827057254027,0.39244042889812486,0.6067422768272778,6,50,23,0.9997151699527509,-0.2044341522827901,False,-0.9052880872991425,-0.7552880872991424,0.0,0.7552880872991424,,,validation,,0.3392814686493822,0.7455740274988706,0.4062925588494884,-0.8178278663975544,0.0,0.8178278663975544,True
~asp_mars_pluto_sextile_orb3 & asp_neptune_uranus_conj_orb5 & ~asp_neptune_venus_conj_orb3 & ~sun_sign_leo,4,10,-0.4406395992834886,-0.29063959928348865,0.21971790028428245,0.6065142060921828,0.7565142060921828,1.1489546349903077,0.39244042889812486,0.6065142060921828,5,93,15,0.9993901199428517,-0.2044341522827901,False,-0.9052880872991425,-0.7552880872991424,0.0,0.7552880872991424,,,validation,,0.2847886748656872,0.6910812337151756,0.4062925588494884,-0.8178278663975544,0.0,0.8178278663975544,True
~asp_mars_pluto_sextile_orb3 & asp_neptune_uranus_conj_orb5 & ~asp_saturn_venus_sextile_orb5 & ~asp_sun_uranus_conj_orb3,4,10,-0.31900215926437114,-0.16900215926437118,0.3413553403033999,0.6063250386602633,0.7563250386602633,1.1487654675583883,0.39244042889812486,0.6063250386602633,7,97,23,0.9991205163079915,-0.2044341522827901,False,-0.9052880872991425,-0.7552880872991424,0.0,0.7552880872991424,,,validation,,0.4412611620699421,0.8475537209194305,0.4062925588494884,-0.8178278663975544,0.0,0.8178278663975544,True
~asp_mars_pluto_sextile_orb3 & asp_neptune_uranus_conj_orb5 & ~asp_neptune_venus_conj_orb3 & ~asp_saturn_sun_conj_orb1,4,10,-0.35593003682892954,-0.20593003682892957,0.3044274627388415,0.6060990315944824,0.7560990315944824,1.1485394604926074,0.39244042889812486,0.6060990315944824,6,102,18,0.998798409315875,-0.2044341522827901,False,-0.9052880872991425,-0.7552880872991424,0.0,0.7552880872991424,,,validation,,0.361834647686926,0.7681272065364144,0.4062925588494884,-0.8178278663975544,0.0,0.8178278663975544,True
~asp_jupiter_sun_conj_orb5 & ~asp_mars_pluto_sextile_orb3 & ~asp_mars_sun_square_orb1 & asp_neptune_uranus_conj_orb5,4,10,-0.3469500764113441,-0.19695007641134415,0.31340742315642695,0.6053312277866932,0.7553312277866933,1.1477716566848182,0.39244042889812486,0.6053312277866932,5,100,16,0.997704136953742,-0.2044341522827901,False,-0.9052880872991425,-0.7552880872991424,0.0,0.7552880872991424,,,validation,,0.35940575207290876,0.7656983109223972,0.4062925588494884,-0.8178278663975544,0.0,0.8178278663975544,True
~asp_mars_pluto_sextile_orb5 & asp_neptune_uranus_conj_orb5 & ~asp_neptune_venus_conj_orb3 & ~asp_sun_uranus_trine_orb5,4,10,-0.39965514938487123,-0.2496551493848712,0.2607023501828999,0.6050016467820415,0.7550016467820415,1.1474420756801664,0.39244042889812486,0.6050016467820415,6,58,22,0.9972344223448424,-0.2044341522827901,False,-0.9052880872991425,-0.7552880872991424,0.0,0.7552880872991424,,,validation,,0.3179641871387306,0.724256745988219,0.4062925588494884,-0.8178278663975544,0.0,0.8178278663975544,True
~asp_jupiter_mercury_opp_orb5 & ~asp_jupiter_sun_conj_orb5 & ~asp_mars_pluto_sextile_orb3 & asp_neptune_uranus_conj_orb5,4,10,-0.38200149955621376,-0.2320014995562138,0.2783560000115573,0.6047066260139525,0.7547066260139526,1.1471470549120775,0.39244042889812486,0.6047066260139525,6,100,18,0.9968139643442058,-0.2044341522827901,False,-0.9052880872991425,-0.7552880872991424,0.0,0.7552880872991424,,,validation,,0.23744977061322675,0.6437423294627151,0.4062925588494884,-0.8178278663975544,0.0,0.8178278663975544,True
~asp_mars_pluto_sextile_orb3 & ~asp_mars_sun_square_orb3 & asp_neptune_uranus_conj_orb5 & ~asp_neptune_venus_conj_orb5,4,10,-0.34196660824195846,-0.19196660824195844,0.31839089132581266,0.6043622365987052,0.7543622365987053,1.1468026654968302,0.39244042889812486,0.6043622365987052,6,100,18,0.9963231492391358,-0.2044341522827901,False,-0.9052880872991425,-0.7552880872991424,0.0,0.7552880872991424,,,validation,,0.3225441212142193,0.7288366800637077,0.4062925588494884,-0.8178278663975544,0.0,0.8178278663975544,True
~asp_mars_pluto_sextile_orb3 & asp_neptune_uranus_conj_orb5 & ~asp_neptune_venus_conj_orb5 & ~asp_saturn_sun_conj_orb3,4,10,-0.33342332946200404,-0.18342332946200407,0.32693417010576703,0.6040328111994301,0.7540328111994301,1.146473240097555,0.39244042889812486,0.6040328111994301,5,100,17,0.9958536626434322,-0.2044341522827901,False,-0.9052880872991425,-0.7552880872991424,0.0,0.7552880872991424,,,validation,,0.36698627665554334,0.7732788355050317,0.4062925588494884,-0.8178278663975544,0.0,0.8178278663975544,True
~asp_mars_pluto_sextile_orb3 & asp_neptune_uranus_conj_orb5 & ~asp_neptune_venus_conj_orb3 & ~asp_pluto_sun_sextile_orb5,4,10,-0.3244310049785014,-0.17443100497850145,0.33592649458926965,0.6040080146643084,0.7540080146643084,1.1464484435624334,0.39244042889812486,0.6040080146643084,7,93,21,0.9958183234965838,-0.2044341522827901,False,-0.9052880872991425,-0.7552880872991424,0.0,0.7552880872991424,,,validation,,0.43388130954751797,0.8401738683970064,0.4062925588494884,-0.8178278663975544,0.0,0.8178278663975544,True
~asp_mars_pluto_sextile_orb3 & asp_neptune_uranus_conj_orb5 & ~asp_neptune_venus_conj_orb5 & ~sun_sign_leo,4,10,-0.4377070442803329,-0.2877070442803329,0.22265045528743818,0.6038490704880751,0.7538490704880751,1.1462894993862,0.39244042889812486,0.6038490704880751,5,91,15,0.9955918021509345,-0.2044341522827901,False,-0.9052880872991425,-0.7552880872991424,0.0,0.7552880872991424,,,validation,,0.29451175197876706,0.7008043108282555,0.4062925588494884,-0.8178278663975544,0.0,0.8178278663975544,True
~asp_jupiter_sun_conj_orb5 & ~asp_mars_pluto_sextile_orb3 & ~asp_moon_venus_trine_orb3 & asp_neptune_uranus_conj_orb5,4,10,-0.4526184872572081,-0.3026184872572081,0.20773901231056302,0.6034188959934,0.7534188959934001,1.145859324891525,0.39244042889812486,0.6034188959934,10,62,53,0.9949787358914948,-0.2044341522827901,False,-0.9052880872991425,-0.7552880872991424,0.0,0.7552880872991424,,,validation,,0.4316569115981686,0.837949470447657,0.4062925588494884,-0.8178278663975544,0.0,0.8178278663975544,True
~asp_mars_pluto_sextile_orb3 & asp_neptune_uranus_conj_orb5 & ~asp_neptune_venus_conj_orb5 & ~asp_saturn_sun_conj_orb1,4,10,-0.352969784345343,-0.20296978434534302,0.3073877152224281,0.6031999469113393,0.7531999469113393,1.1456403758094642,0.39244042889812486,0.6031999469113393,6,100,18,0.9946667004295862,-0.2044341522827901,False,-0.9052880872991425,-0.7552880872991424,0.0,0.7552880872991424,,,validation,,0.3721983144027223,0.7784908732522107,0.4062925588494884,-0.8178278663975544,0.0,0.8178278663975544,True
~asp_mars_pluto_sextile_orb5 & asp_neptune_uranus_conj_orb5 & ~asp_neptune_venus_conj_orb5 & ~asp_sun_uranus_trine_orb5,4,10,-0.3966410181262381,-0.24664101812623807,0.26371648144153303,0.603134953012194,0.753134953012194,1.145575381910319,0.39244042889812486,0.603134953012194,6,56,22,0.9945740745018425,-0.2044341522827901,False,-0.9052880872991425,-0.7552880872991424,0.0,0.7552880872991424,,,validation,,0.3287439387405365,0.7350364975900249,0.4062925588494884,-0.8178278663975544,0.0,0.8178278663975544,True
~asp_mars_pluto_sextile_orb3 & ~asp_moon_saturn_opp_orb5 & asp_neptune_uranus_conj_orb5 & ~asp_neptune_venus_conj_orb3,4,10,-0.409614118959836,-0.25961411895983605,0.25074338060793505,0.6029182259478917,0.7529182259478917,1.1453586548460166,0.39244042889812486,0.6029182259478917,11,77,44,0.994265206948304,-0.2044341522827901,False,-0.9052880872991425,-0.7552880872991424,0.0,0.7552880872991424,,,validation,,0.41533522386426464,0.821627782713753,0.4062925588494884,-0.8178278663975544,0.0,0.8178278663975544,True
~asp_mars_sun_square_orb3 & asp_pluto_uranus_sextile_orb3 & ~asp_saturn_venus_trine_orb3 & ~mars_ingress_3d,4,10,-0.6922354433652456,-0.5422354433652455,-0.031877943797474446,0.6028115833521696,0.7528115833521696,1.1452520122502945,0.39244042889812486,0.6028115833521696,28,70,37,0.9941132260928831,-0.2044341522827901,False,-0.9052880872991425,-0.7552880872991424,0.0,0.7552880872991424,,,validation,,0.6578831590508534,1.0641757179003417,0.4062925588494884,-0.8178278663975544,0.0,0.8178278663975544,True
~asp_mars_pluto_sextile_orb3 & ~asp_mercury_moon_trine_orb1 & asp_neptune_uranus_conj_orb5 & ~asp_uranus_venus_square_orb3,4,10,-0.32620767704979003,-0.17620767704979,0.3341498225179811,0.6026336458347671,0.7526336458347671,1.145074074732892,0.39244042889812486,0.6026336458347671,8,68,27,0.9938596403359636,-0.2044341522827901,False,-0.9052880872991425,-0.7552880872991424,0.0,0.7552880872991424,,,validation,,0.39700410433550465,0.803296663184993,0.4062925588494884,-0.8178278663975544,0.0,0.8178278663975544,True
~asp_mars_pluto_sextile_orb3 & asp_neptune_uranus_conj_orb5 & ~asp_neptune_venus_conj_orb3 & ~asp_sun_uranus_square_orb5,4,10,-0.3511408536090095,-0.20114085360900952,0.3092166459587616,0.6024100183564384,0.7524100183564384,1.1448504472545633,0.39244042889812486,0.6024100183564384,7,59,23,0.9935409408951539,-0.2044341522827901,False,-0.9052880872991425,-0.7552880872991424,0.0,0.7552880872991424,,,validation,,0.3487620052089166,0.755054564058405,0.4062925588494884,-0.8178278663975544,0.0,0.8178278663975544,True
~asp_mars_pluto_sextile_orb3 & asp_neptune_uranus_conj_orb5 & ~asp_neptune_venus_conj_orb3 & ~asp_pluto_venus_opp_orb3,4,10,-0.34017180080881515,-0.19017180080881518,0.3201856987589559,0.6021288416795002,0.7521288416795002,1.1445692705776251,0.39244042889812486,0.6021288416795002,6,102,18,0.9931402274388916,-0.2044341522827901,False,-0.9052880872991425,-0.7552880872991424,0.0,0.7552880872991424,,,validation,,0.3287943862320573,0.7350869450815457,0.4062925588494884,-0.8178278663975544,0.0,0.8178278663975544,True
~asp_jupiter_sun_sextile_orb5 & asp_pluto_uranus_sextile_orb3 & ~asp_saturn_venus_trine_orb3 & ~mars_ingress_3d,4,10,-0.6630321580138298,-0.5130321580138297,-0.0026746584460585776,0.6018344848727676,0.7518344848727676,1.1442749137708925,0.39244042889812486,0.6018344848727676,30,74,39,0.9927207322316536,-0.2044341522827901,False,-0.9052880872991425,-0.7552880872991424,0.0,0.7552880872991424,,,validation,,0.7638659933047587,1.170158552154247,0.4062925588494884,-0.8178278663975544,0.0,0.8178278663975544,True
~asp_mercury_pluto_sextile_orb3 & asp_neptune_uranus_conj_orb5 & ~asp_neptune_venus_conj_orb3 & ~asp_saturn_sun_trine_orb3,4,10,-0.377750593573115,-0.227750593573115,0.2826069059946561,0.60182657864358,0.75182657864358,1.144267007541705,0.39244042889812486,0.60182657864358,7,95,26,0.9927094648911015,-0.2044341522827901,False,-0.9052880872991425,-0.7552880872991424,0.0,0.7552880872991424,,,validation,,0.4730749156050675,0.8793674744545559,0.4062925588494884,-0.8178278663975544,0.0,0.8178278663975544,True
~asp_mars_pluto_sextile_orb3 & ~asp_neptune_sun_trine_orb3 & asp_neptune_uranus_conj_orb5 & ~asp_neptune_venus_conj_orb3,4,10,-0.38032314269709433,-0.23032314269709436,0.28003435687067674,0.6016917250652832,0.7516917250652833,1.1441321539634082,0.39244042889812486,0.6016917250652832,7,62,23,0.9925172822880157,-0.2044341522827901,False,-0.9052880872991425,-0.7552880872991424,0.0,0.7552880872991424,,,validation,,0.3458582506731613,0.7521508095226497,0.4062925588494884,-0.8178278663975544,0.0,0.8178278663975544,True
~asp_mercury_uranus_square_orb5 & asp_pluto_uranus_sextile_orb3 & ~mars_ingress_3d & ~mercury_sign_cancer,4,10,-0.7080372589614854,-0.5580372589614854,-0.04767975939371426,0.6014578670091152,0.7514578670091152,1.1438982959072401,0.39244042889812486,0.6014578670091152,31,50,40,0.9921840072123096,-0.2044341522827901,False,-0.9052880872991425,-0.7552880872991424,0.0,0.7552880872991424,,,validation,,0.6993031785983526,1.105595737447841,0.4062925588494884,-0.8178278663975544,0.0,0.8178278663975544,True
~asp_mars_pluto_sextile_orb3 & ~asp_mars_venus_sextile_orb5 & asp_neptune_uranus_conj_orb5 & ~asp_saturn_venus_sextile_orb5,4,10,-0.4050523044541311,-0.25505230445413113,0.25530519511363997,0.6014363239708481,0.7514363239708481,1.143876752868973,0.39244042889812486,0.6014363239708481,7,81,24,0.9921533059173782,-0.2044341522827901,False,-0.9052880872991425,-0.7552880872991424,0.0,0.7552880872991424,,,validation,,0.4093113569683861,0.8156039158178745,0.4062925588494884,-0.8178278663975544,0.0,0.8178278663975544,True
~asp_mercury_uranus_square_orb5 & asp_pluto_uranus_sextile_orb3 & ~mars_ingress_3d & ~mercury_sign_aries,4,10,-0.6753673240235162,-0.5253673240235162,-0.015009824455745094,0.6014186713461293,0.7514186713461293,1.1438591002442542,0.39244042889812486,0.6014186713461293,30,41,38,0.9921281489137255,-0.2044341522827901,False,-0.9052880872991425,-0.7552880872991424,0.0,0.7552880872991424,,,validation,,0.6159077881124091,1.0222003469618974,0.4062925588494884,-0.8178278663975544,0.0,0.8178278663975544,True
~asp_mars_pluto_sextile_orb5 & asp_neptune_uranus_conj_orb5 & ~asp_neptune_venus_conj_orb3 & ~venus_sign_taurus,4,10,-0.42000699260215757,-0.27000699260215755,0.24035050696561353,0.6013878937893141,0.7513878937893141,1.143828322687439,0.39244042889812486,0.6013878937893141,5,100,17,0.9920842873993705,-0.2044341522827901,False,-0.9052880872991425,-0.7552880872991424,0.0,0.7552880872991424,,,validation,,0.2388178949264707,0.6451104537759591,0.4062925588494884,-0.8178278663975544,0.0,0.8178278663975544,True
~asp_mars_pluto_sextile_orb3 & asp_neptune_uranus_conj_orb5 & ~asp_neptune_venus_conj_orb5 & ~asp_pluto_sun_sextile_orb5,4,10,-0.32134813456636613,-0.1713481345663661,0.339009365001405,0.6011951947114224,0.7511951947114224,1.1436356236095473,0.39244042889812486,0.6011951947114224,7,91,21,0.9918096697456111,-0.2044341522827901,False,-0.9052880872991425,-0.7552880872991424,0.0,0.7552880872991424,,,validation,,0.44642877992775326,0.8527213387772417,0.4062925588494884,-0.8178278663975544,0.0,0.8178278663975544,True
~asp_mars_pluto_sextile_orb1 & asp_neptune_uranus_conj_orb5 & ~asp_saturn_sun_sextile_orb5 & ~asp_saturn_venus_sextile_orb5,4,10,-0.37402194818708423,-0.22402194818708426,0.28633555138068684,0.6011489899508574,0.7511489899508574,1.1435894188489824,0.39244042889812486,0.6011489899508574,7,99,26,0.9917438229220139,-0.2044341522827901,False,-0.9052880872991425,-0.7552880872991424,0.0,0.7552880872991424,,,validation,,0.42294811421785233,0.8292406730673407,0.4062925588494884,-0.8178278663975544,0.0,0.8178278663975544,True
~asp_mars_pluto_sextile_orb3 & asp_neptune_uranus_conj_orb5 & ~asp_saturn_venus_sextile_orb5 & ~mercury_sign_leo,4,10,-0.44217189231504883,-0.29217189231504886,0.21818560725272224,0.6011096610892771,0.7511096610892771,1.143550089987402,0.39244042889812486,0.6011096610892771,7,84,25,0.9916877750372721,-0.2044341522827901,False,-0.9052880872991425,-0.7552880872991424,0.0,0.7552880872991424,,,validation,,0.43386126391700325,0.8401538227664916,0.4062925588494884,-0.8178278663975544,0.0,0.8178278663975544,True
~asp_jupiter_sun_conj_orb5 & ~asp_mars_pluto_sextile_orb3 & asp_neptune_uranus_conj_orb5 & ~venus_sign_libra,4,10,-0.342046573053022,-0.19204657305302203,0.31831092651474907,0.6002123227151471,0.7502123227151472,1.142652751613272,0.39244042889812486,0.6002123227151471,5,133,15,0.9904089789213966,-0.2044341522827901,False,-0.9052880872991425,-0.7552880872991424,0.0,0.7552880872991424,,,validation,,0.5843155584960402,0.9906081173455286,0.4062925588494884,-0.8178278663975544,0.0,0.8178278663975544,True
~asp_mars_pluto_sextile_orb5 & asp_neptune_uranus_conj_orb5 & ~asp_neptune_venus_conj_orb5 & ~venus_sign_taurus,4,10,-0.41697099032997353,-0.26697099032997357,0.24338650923779753,0.6001637014381968,0.7501637014381968,1.1426041303363217,0.39244042889812486,0.6001637014381968,5,98,17,0.990339689231382,-0.2044341522827901,False,-0.9052880872991425,-0.7552880872991424,0.0,0.7552880872991424,,,validation,,0.24776635556636856,0.654058914415857,0.4062925588494884,-0.8178278663975544,0.0,0.8178278663975544,True
~asp_mars_pluto_sextile_orb3 & asp_neptune_uranus_conj_orb5 & ~asp_neptune_venus_conj_orb3 & ~asp_saturn_sun_conj_orb3,4,10,-0.3365108877464449,-0.18651088774644492,0.3238466118213262,0.599911784485441,0.749911784485441,1.142352213383566,0.39244042889812486,0.599911784485441,6,102,18,0.9899806856677489,-0.2044341522827901,False,-0.9052880872991425,-0.7552880872991424,0.0,0.7552880872991424,,,validation,,0.35231029240913697,0.7586028512586254,0.4062925588494884,-0.8178278663975544,0.0,0.8178278663975544,True
~asp_mars_pluto_sextile_orb3 & asp_neptune_uranus_conj_orb5 & ~asp_neptune_venus_conj_orb5 & ~asp_sun_uranus_square_orb5,4,10,-0.34803671389168656,-0.1980367138916866,0.3123207856760845,0.5998119608745413,0.7498119608745413,1.1422523897726662,0.39244042889812486,0.5998119608745413,7,59,23,0.9898384286839681,-0.2044341522827901,False,-0.9052880872991425,-0.7552880872991424,0.0,0.7552880872991424,,,validation,,0.35974761956736284,0.7660401784168512,0.4062925588494884,-0.8178278663975544,0.0,0.8178278663975544,True
~asp_mars_sun_square_orb5 & asp_pluto_uranus_sextile_orb3 & ~asp_saturn_venus_trine_orb5 & ~mars_ingress_3d,4,10,-0.6150586145363056,-0.46505861453630565,0.045298885031465445,0.5994932786072434,0.7494932786072435,1.1419337075053684,0.39244042889812486,0.5994932786072434,28,66,36,0.9893842811328497,-0.2044341522827901,False,-0.9052880872991425,-0.7552880872991424,0.0,0.7552880872991424,,,validation,,0.6236982394455441,1.0299907982950325,0.4062925588494884,-0.8178278663975544,0.0,0.8178278663975544,True
~asp_mars_pluto_sextile_orb3 & asp_neptune_uranus_conj_orb5 & ~asp_neptune_venus_conj_orb5 & ~asp_pluto_venus_opp_orb3,4,10,-0.33717983520145656,-0.18717983520145653,0.32317766436631457,0.5992435762620917,0.7492435762620917,1.1416840051602166,0.39244042889812486,0.5992435762620917,6,100,18,0.9890284368337734,-0.2044341522827901,False,-0.9052880872991425,-0.7552880872991424,0.0,0.7552880872991424,,,validation,,0.33842383092708045,0.7447163897765688,0.4062925588494884,-0.8178278663975544,0.0,0.8178278663975544,True
~asp_mars_pluto_sextile_orb5 & asp_neptune_uranus_conj_orb5 & ~asp_saturn_venus_sextile_orb5 & ~asp_uranus_venus_square_orb3,4,10,-0.3454740381022018,-0.19547403810220176,0.31488346146556934,0.5991579183014676,0.7491579183014676,1.1415983471995925,0.39244042889812486,0.5991579183014676,7,58,25,0.9889063681880415,-0.2044341522827901,False,-0.9052880872991425,-0.7552880872991424,0.0,0.7552880872991424,,,validation,,0.41139950459705593,0.8176920634465443,0.4062925588494884,-0.8178278663975544,0.0,0.8178278663975544,True
~asp_mars_pluto_sextile_orb3 & ~asp_neptune_sun_trine_orb3 & asp_neptune_uranus_conj_orb5 & ~asp_neptune_venus_conj_orb5,4,10,-0.3773423582553851,-0.22734235825538507,0.28301514131238603,0.5990634994153546,0.7490634994153547,1.1415039283134796,0.39244042889812486,0.5990634994153546,7,60,23,0.9887718147700642,-0.2044341522827901,False,-0.9052880872991425,-0.7552880872991424,0.0,0.7552880872991424,,,validation,,0.35631049301865086,0.7626030518681393,0.4062925588494884,-0.8178278663975544,0.0,0.8178278663975544,True
~asp_mercury_pluto_sextile_orb3 & asp_neptune_uranus_conj_orb5 & ~asp_neptune_venus_conj_orb5 & ~asp_saturn_sun_trine_orb3,4,10,-0.3743173505101758,-0.22431735051017576,0.28604014905759534,0.5990472742577503,0.7490472742577503,1.1414877031558752,0.39244042889812486,0.5990472742577503,7,93,26,0.9887486928200768,-0.2044341522827901,False,-0.9052880872991425,-0.7552880872991424,0.0,0.7552880872991424,,,validation,,0.48692986525782905,0.8932224241073174,0.4062925588494884,-0.8178278663975544,0.0,0.8178278663975544,True
~asp_moon_saturn_trine_orb1 & asp_pluto_uranus_sextile_orb3 & ~mars_ingress_3d & ~sun_sign_cancer,4,10,-0.66304633021511,-0.5130463302151099,-0.0026888306473388615,0.5986415870343543,0.7486415870343543,1.1410820159324793,0.39244042889812486,0.5986415870343543,33,76,43,0.988170562678947,-0.2044341522827901,False,-0.9052880872991425,-0.7552880872991424,0.0,0.7552880872991424,,,validation,,0.7134093000668296,1.119701858916318,0.4062925588494884,-0.8178278663975544,0.0,0.8178278663975544,True
~asp_jupiter_sun_conj_orb5 & ~asp_mars_pluto_sextile_orb3 & asp_neptune_uranus_conj_orb5,3,7,-0.31673366608912595,-0.21173366608912597,0.29862383347864513,0.5984469139435518,0.7034469139435517,1.0958873428416767,0.39244042889812486,0.5984469139435518,4,133,12,0.9237850617726999,-0.2044341522827901,False,-0.8602880872991424,-0.7552880872991424,0.0,0.7552880872991424,,,validation,,0.3664683013400118,0.7727608601895002,0.4062925588494884,-0.8178278663975544,0.0,0.8178278663975544,True
asp_pluto_uranus_sextile_orb3 & ~asp_saturn_venus_trine_orb5 & ~mars_ingress_3d & ~mercury_sign_cancer,4,10,-0.6495327680268207,-0.49953276802682073,0.010824731540950367,0.5984098401842503,0.7484098401842503,1.1408502690823752,0.39244042889812486,0.5984098401842503,29,76,37,0.9878403100898556,-0.2044341522827901,False,-0.9052880872991425,-0.7552880872991424,0.0,0.7552880872991424,,,validation,,0.7253542680608243,1.1316468269103126,0.4062925588494884,-0.8178278663975544,0.0,0.8178278663975544,True
~asp_mars_pluto_sextile_orb5 & asp_neptune_uranus_conj_orb5 & ~asp_neptune_venus_conj_orb3 & ~asp_pluto_sun_opp_orb5,4,10,-0.3840259684461619,-0.23402596844616186,0.27633153112160924,0.5981472977532619,0.7481472977532619,1.1405877266513869,0.39244042889812486,0.5981472977532619,5,100,17,0.9874661732896364,-0.2044341522827901,False,-0.9052880872991425,-0.7552880872991424,0.0,0.7552880872991424,,,validation,,0.25750402233138586,0.6637965811808743,0.4062925588494884,-0.8178278663975544,0.0,0.8178278663975544,True
~asp_mars_pluto_sextile_orb3 & asp_neptune_uranus_conj_orb5 & ~asp_neptune_venus_conj_orb3 & ~asp_saturn_venus_square_orb3,4,10,-0.3460300071097111,-0.19603000710971108,0.31432749245806,0.5979140041051222,0.7479140041051222,1.1403544330032471,0.39244042889812486,0.5979140041051222,8,83,23,0.987133718671668,-0.2044341522827901,False,-0.9052880872991425,-0.7552880872991424,0.0,0.7552880872991424,,,validation,,0.3608330700830617,0.7671256289325501,0.4062925588494884,-0.8178278663975544,0.0,0.8178278663975544,True
~asp_mars_sun_sextile_orb5 & asp_neptune_uranus_conj_orb5 & ~asp_neptune_venus_conj_orb3 & ~asp_saturn_sun_sextile_orb5,4,10,-0.37172795353870236,-0.22172795353870234,0.28862954602906876,0.597834030635921,0.747834030635921,1.140274459534046,0.39244042889812486,0.597834030635921,6,89,21,0.9870197528928475,-0.2044341522827901,False,-0.9052880872991425,-0.7552880872991424,0.0,0.7552880872991424,,,validation,,0.25852100341406686,0.6648135622635553,0.4062925588494884,-0.8178278663975544,0.0,0.8178278663975544,True
~asp_jupiter_sun_conj_orb5 & ~asp_mars_pluto_sextile_orb3 & ~asp_mars_sun_square_orb5 & asp_neptune_uranus_conj_orb5,4,10,-0.33775393256960196,-0.18775393256960193,0.32260356699816917,0.597697857601258,0.7476978576012581,1.140138286499383,0.39244042889812486,0.597697857601258,5,100,16,0.986825700500054,-0.2044341522827901,False,-0.9052880872991425,-0.7552880872991424,0.0,0.7552880872991424,,,validation,,0.35306312842770865,0.759355687277197,0.4062925588494884,-0.8178278663975544,0.0,0.8178278663975544,True
~asp_mars_sun_square_orb5 & asp_pluto_uranus_sextile_orb3 & ~asp_saturn_venus_trine_orb3 & ~mars_ingress_3d,4,10,-0.6268071437538246,-0.4768071437538246,0.03355035581394652,0.5976225233338529,0.7476225233338529,1.1400629522319778,0.39244042889812486,0.5976225233338529,28,66,36,0.9867183461050599,-0.2044341522827901,False,-0.9052880872991425,-0.7552880872991424,0.0,0.7552880872991424,,,validation,,0.6197618188002025,1.0260543776496909,0.4062925588494884,-0.8178278663975544,0.0,0.8178278663975544,True
~asp_mercury_uranus_square_orb5 & ~asp_pluto_sun_trine_orb5 & asp_pluto_uranus_sextile_orb3 & ~mars_ingress_3d,4,10,-0.7398261866914826,-0.5898261866914826,-0.07946868712371147,0.5974691089234448,0.7474691089234449,1.1399095378215698,0.39244042889812486,0.5974691089234448,32,41,44,0.9864997246718781,-0.2044341522827901,False,-0.9052880872991425,-0.7552880872991424,0.0,0.7552880872991424,,,validation,,0.6742864084130289,1.0805789672625172,0.4062925588494884,-0.8178278663975544,0.0,0.8178278663975544,True
~asp_mars_pluto_sextile_orb3 & asp_neptune_uranus_conj_orb5 & ~asp_neptune_venus_conj_orb3 & ~asp_neptune_venus_trine_orb3,4,10,-0.4035274770404901,-0.25352747704049006,0.25683002252728104,0.5974508813480978,0.7474508813480978,1.1398913102462227,0.39244042889812486,0.5974508813480978,7,66,23,0.9864737497066265,-0.2044341522827901,False,-0.9052880872991425,-0.7552880872991424,0.0,0.7552880872991424,,,validation,,0.3224638339453489,0.7287563927948373,0.4062925588494884,-0.8178278663975544,0.0,0.8178278663975544,True
~asp_mars_pluto_sextile_orb3 & ~asp_mars_sun_square_orb3 & asp_neptune_uranus_conj_orb5 & ~asp_saturn_venus_sextile_orb5,4,10,-0.35820813487089176,-0.20820813487089174,0.30214936469687936,0.5974386429207853,0.7474386429207853,1.1398790718189102,0.39244042889812486,0.5974386429207853,7,97,24,0.9864563095012209,-0.2044341522827901,False,-0.9052880872991425,-0.7552880872991424,0.0,0.7552880872991424,,,validation,,0.39211315945382846,0.7984057183033169,0.4062925588494884,-0.8178278663975544,0.0,0.8178278663975544,True
~asp_mars_pluto_sextile_orb3 & ~asp_mercury_moon_trine_orb1 & asp_neptune_uranus_conj_orb5 & ~asp_sun_uranus_trine_orb5,4,10,-0.3818710087115418,-0.23187100871154176,0.27848649085622934,0.5973633127566887,0.7473633127566888,1.1398037416548137,0.39244042889812486,0.5973633127566887,8,68,26,0.9863489613332967,-0.2044341522827901,False,-0.9052880872991425,-0.7552880872991424,0.0,0.7552880872991424,,,validation,,0.3875266216826461,0.7938191805321345,0.4062925588494884,-0.8178278663975544,0.0,0.8178278663975544,True
~asp_mars_pluto_sextile_orb3 & asp_neptune_uranus_conj_orb5 & ~asp_saturn_venus_sextile_orb5 & ~sun_sign_leo,4,10,-0.4562702947393076,-0.30627029473930756,0.20408720482846354,0.5970457110585389,0.7470457110585389,1.1394861399566638,0.39244042889812486,0.5970457110585389,6,74,21,0.985896368810018,-0.2044341522827901,False,-0.9052880872991425,-0.7552880872991424,0.0,0.7552880872991424,,,validation,,0.3664976041095786,0.772790162959067,0.4062925588494884,-0.8178278663975544,0.0,0.8178278663975544,True
~asp_jupiter_sun_conj_orb5 & ~asp_mars_pluto_sextile_orb3 & asp_neptune_uranus_conj_orb5 & ~asp_uranus_venus_square_orb5,4,10,-0.33362298105298593,-0.1836229810529859,0.3267345185147852,0.5968602493139467,0.7468602493139467,1.1393006782120716,0.39244042889812486,0.5968602493139467,6,92,22,0.9856320808308681,-0.2044341522827901,False,-0.9052880872991425,-0.7552880872991424,0.0,0.7552880872991424,,,validation,,0.35134994997149177,0.7576425088209802,0.4062925588494884,-0.8178278663975544,0.0,0.8178278663975544,True
~asp_mars_pluto_sextile_orb3 & asp_neptune_uranus_conj_orb5 & ~asp_saturn_sun_conj_orb1 & ~asp_saturn_venus_sextile_orb5,4,10,-0.369295379817393,-0.219295379817393,0.2910621197503781,0.5967362967720523,0.7467362967720523,1.1391767256701772,0.39244042889812486,0.5967362967720523,7,97,24,0.9854554454942095,-0.2044341522827901,False,-0.9052880872991425,-0.7552880872991424,0.0,0.7552880872991424,,,validation,,0.44042672704348235,0.8467192858929707,0.4062925588494884,-0.8178278663975544,0.0,0.8178278663975544,True
~asp_mars_pluto_sextile_orb3 & ~asp_moon_saturn_opp_orb5 & asp_neptune_uranus_conj_orb5 & ~asp_neptune_venus_conj_orb5,4,10,-0.40669746481852787,-0.2566974648185279,0.2536600347492432,0.5966644285487502,0.7466644285487503,1.1391048574468752,0.39244042889812486,0.5966644285487502,11,77,44,0.9853530316939278,-0.2044341522827901,False,-0.9052880872991425,-0.7552880872991424,0.0,0.7552880872991424,,,validation,,0.40925039085139864,0.815542949700887,0.4062925588494884,-0.8178278663975544,0.0,0.8178278663975544,True
~asp_mars_pluto_sextile_orb3 & ~asp_moon_saturn_trine_orb3 & asp_neptune_uranus_conj_orb5 & ~asp_saturn_venus_sextile_orb5,4,10,-0.3114339840903996,-0.16143398409039955,0.34892351547737155,0.5963314712114772,0.7463314712114772,1.1387719001096022,0.39244042889812486,0.5963314712114772,12,59,56,0.9848785614680831,-0.2044341522827901,False,-0.9052880872991425,-0.7552880872991424,0.0,0.7552880872991424,,,validation,,0.38999451973913796,0.7962870785886264,0.4062925588494884,-0.8178278663975544,0.0,0.8178278663975544,True
~asp_mars_pluto_sextile_orb5 & asp_neptune_uranus_conj_orb5 & ~asp_neptune_venus_conj_orb5 & ~asp_pluto_sun_opp_orb5,4,10,-0.38100972707633984,-0.23100972707633982,0.2793477724914313,0.5960438528787465,0.7460438528787465,1.1384842817768714,0.39244042889812486,0.5960438528787465,5,98,17,0.9844687018769753,-0.2044341522827901,False,-0.9052880872991425,-0.7552880872991424,0.0,0.7552880872991424,,,validation,,0.2663899969908264,0.6726825558403148,0.4062925588494884,-0.8178278663975544,0.0,0.8178278663975544,True
~asp_mars_pluto_sextile_orb3 & asp_neptune_uranus_conj_orb5 & ~asp_neptune_venus_conj_orb3 & ~asp_saturn_venus_trine_orb1,4,10,-0.3343932258338522,-0.1843932258338522,0.3259642737339189,0.5958330051431026,0.7458330051431026,1.1382734340412275,0.39244042889812486,0.5958330051431026,6,93,21,0.9841682423325941,-0.2044341522827901,False,-0.9052880872991425,-0.7552880872991424,0.0,0.7552880872991424,,,validation,,0.32340108423044994,0.7296936430799383,0.4062925588494884,-0.8178278663975544,0.0,0.8178278663975544,True
asp_pluto_uranus_sextile_orb3 & ~asp_saturn_venus_trine_orb5 & ~mars_ingress_3d & ~sun_sign_cancer,4,10,-0.7102776963447809,-0.5602776963447809,-0.049920196777009734,0.595824816919926,0.745824816919926,1.1382652458180509,0.39244042889812486,0.595824816919926,28,76,37,0.9841565740729077,-0.2044341522827901,False,-0.9052880872991425,-0.7552880872991424,0.0,0.7552880872991424,,,validation,,0.7209393711627268,1.127231930012215,0.4062925588494884,-0.8178278663975544,0.0,0.8178278663975544,True
~asp_jupiter_sun_conj_orb3 & ~asp_mars_pluto_sextile_orb3 & asp_neptune_uranus_conj_orb5 & ~asp_uranus_venus_square_orb3,4,10,-0.2799438974229784,-0.1299438974229784,0.3804136021447927,0.59574044413582,0.74574044413582,1.1381808730339449,0.39244042889812486,0.59574044413582,6,92,22,0.9840363425021006,-0.2044341522827901,False,-0.9052880872991425,-0.7552880872991424,0.0,0.7552880872991424,,,validation,,0.3663958202143745,0.7726883790638629,0.4062925588494884,-0.8178278663975544,0.0,0.8178278663975544,True
~asp_mars_pluto_sextile_orb3 & asp_neptune_uranus_conj_orb5 & ~asp_neptune_venus_conj_orb3 & ~jupiter_ingress_1d,4,10,-0.3715967763283654,-0.22159677632836544,0.28876072323940566,0.5955779214909657,0.7455779214909657,1.1380183503890906,0.39244042889812486,0.5955779214909657,6,102,18,0.983804747441823,-0.2044341522827901,False,-0.9052880872991425,-0.7552880872991424,0.0,0.7552880872991424,,,validation,,0.4118285861405015,0.8181211449899899,0.4062925588494884,-0.8178278663975544,0.0,0.8178278663975544,True
~asp_mars_pluto_sextile_orb3 & ~asp_mars_pluto_square_orb3 & asp_neptune_uranus_conj_orb5 & ~asp_neptune_venus_conj_orb3,4,10,-0.3867962757964264,-0.23679627579642637,0.27356122377134473,0.5955232067948298,0.7455232067948299,1.1379636356929548,0.39244042889812486,0.5955232067948298,7,102,21,0.9837267790171023,-0.2044341522827901,False,-0.9052880872991425,-0.7552880872991424,0.0,0.7552880872991424,,,validation,,0.361483227503757,0.7677757863532454,0.4062925588494884,-0.8178278663975544,0.0,0.8178278663975544,True
~asp_neptune_sun_opp_orb3 & asp_neptune_uranus_conj_orb5 & ~asp_neptune_venus_conj_orb3 & ~asp_saturn_sun_sextile_orb5,4,10,-0.37414800446692764,-0.22414800446692767,0.2862094951008434,0.5955194545129577,0.7455194545129578,1.1379598834110827,0.39244042889812486,0.5955194545129577,6,104,22,0.9837214320187482,-0.2044341522827901,False,-0.9052880872991425,-0.7552880872991424,0.0,0.7552880872991424,,,validation,,0.33201239977431823,0.7383049586238066,0.4062925588494884,-0.8178278663975544,0.0,0.8178278663975544,True
~asp_mars_pluto_sextile_orb5 & ~asp_neptune_sun_trine_orb1 & asp_neptune_uranus_conj_orb5 & ~asp_neptune_venus_conj_orb3,4,10,-0.4327699890235781,-0.28276998902357814,0.22758751054419296,0.5954866249169398,0.7454866249169398,1.1379270538150648,0.39244042889812486,0.5954866249169398,6,63,22,0.9836746498850695,-0.2044341522827901,False,-0.9052880872991425,-0.7552880872991424,0.0,0.7552880872991424,,,validation,,0.27146453420722044,0.6777570930567088,0.4062925588494884,-0.8178278663975544,0.0,0.8178278663975544,True
~asp_mars_sun_sextile_orb5 & asp_neptune_uranus_conj_orb5 & ~asp_neptune_venus_conj_orb5 & ~asp_saturn_sun_sextile_orb5,4,10,-0.3714579536657755,-0.22145795366577553,0.28889954590199557,0.5953627567107417,0.7453627567107417,1.1378031856088666,0.39244042889812486,0.5953627567107417,6,87,21,0.9834981380329579,-0.2044341522827901,False,-0.9052880872991425,-0.7552880872991424,0.0,0.7552880872991424,,,validation,,0.267468571413289,0.6737611302627774,0.4062925588494884,-0.8178278663975544,0.0,0.8178278663975544,True
~asp_mars_moon_trine_orb3 & ~asp_mars_pluto_sextile_orb3 & asp_neptune_uranus_conj_orb5 & ~asp_neptune_venus_conj_orb5,4,10,-0.4062899120499379,-0.2562899120499379,0.2540675875178332,0.5952586223258737,0.7452586223258737,1.1376990512239986,0.39244042889812486,0.5952586223258737,11,86,55,0.9833497470521897,-0.2044341522827901,False,-0.9052880872991425,-0.7552880872991424,0.0,0.7552880872991424,,,validation,,0.3719879241348288,0.7782804829843172,0.4062925588494884,-0.8178278663975544,0.0,0.8178278663975544,True
~asp_mars_pluto_sextile_orb5 & asp_neptune_uranus_conj_orb5 & ~asp_saturn_venus_sextile_orb5 & ~asp_sun_uranus_trine_orb5,4,10,-0.41439760009861404,-0.264397600098614,0.24595989946915706,0.5952086159910753,0.7452086159910754,1.1376490448892003,0.39244042889812486,0.5952086159910753,7,60,28,0.9832784883484798,-0.2044341522827901,False,-0.9052880872991425,-0.7552880872991424,0.0,0.7552880872991424,,,validation,,0.4005449020681095,0.8068374609175979,0.4062925588494884,-0.8178278663975544,0.0,0.8178278663975544,True
~asp_mars_pluto_sextile_orb3 & asp_neptune_uranus_conj_orb5 & ~asp_neptune_venus_conj_orb5 & ~asp_saturn_venus_square_orb3,4,10,-0.3430296876003224,-0.19302968760032235,0.31732781196744875,0.5950011842107511,0.7450011842107511,1.137441613108876,0.39244042889812486,0.5950011842107511,8,82,23,0.9829828999209966,-0.2044341522827901,False,-0.9052880872991425,-0.7552880872991424,0.0,0.7552880872991424,,,validation,,0.37152730461310085,0.7778198634625892,0.4062925588494884,-0.8178278663975544,0.0,0.8178278663975544,True
~asp_mars_pluto_sextile_orb3 & asp_neptune_uranus_conj_orb5 & ~asp_neptune_venus_conj_orb3 & ~asp_saturn_sun_trine_orb3,4,10,-0.3664948853856689,-0.21649488538566886,0.29386261418210224,0.5946608864391757,0.7446608864391757,1.1371013153373006,0.39244042889812486,0.5946608864391757,6,93,22,0.982497980454996,-0.2044341522827901,False,-0.9052880872991425,-0.7552880872991424,0.0,0.7552880872991424,,,validation,,0.37284192766091256,0.779134486510401,0.4062925588494884,-0.8178278663975544,0.0,0.8178278663975544,True
~asp_mars_pluto_sextile_orb3 & asp_neptune_uranus_conj_orb5 & ~asp_pluto_sun_sextile_orb5 & ~asp_saturn_venus_sextile_orb5,4,10,-0.34792151844242447,-0.1979215184424245,0.3124359811253466,0.5945845189364166,0.7445845189364166,1.1370249478345416,0.39244042889812486,0.5945845189364166,8,70,27,0.982389158162466,-0.2044341522827901,False,-0.9052880872991425,-0.7552880872991424,0.0,0.7552880872991424,,,validation,,0.5142151343876558,0.9205076932371442,0.4062925588494884,-0.8178278663975544,0.0,0.8178278663975544,True
~asp_mars_pluto_sextile_orb3 & asp_neptune_uranus_conj_orb5 & ~asp_neptune_venus_conj_orb5 & ~asp_neptune_venus_trine_orb3,4,10,-0.40057808067938105,-0.25057808067938103,0.25977941888839007,0.5945449956113255,0.7445449956113255,1.1369854245094504,0.39244042889812486,0.5945449956113255,7,64,23,0.9823328381926144,-0.2044341522827901,False,-0.9052880872991425,-0.7552880872991424,0.0,0.7552880872991424,,,validation,,0.3319918692577574,0.7382844281072458,0.4062925588494884,-0.8178278663975544,0.0,0.8178278663975544,True
~asp_jupiter_sun_conj_orb1 & ~asp_mars_pluto_sextile_orb3 & asp_neptune_uranus_conj_orb5 & ~asp_saturn_venus_sextile_orb5,4,10,-0.34807147836675756,-0.1980714783667576,0.3122860212010135,0.5945054817284382,0.7445054817284382,1.1369459106265631,0.39244042889812486,0.5945054817284382,6,97,22,0.9822765317080027,-0.2044341522827901,False,-0.9052880872991425,-0.7552880872991424,0.0,0.7552880872991424,,,validation,,0.3920332268711378,0.7983257857206262,0.4062925588494884,-0.8178278663975544,0.0,0.8178278663975544,True
~asp_pluto_sun_trine_orb5 & asp_pluto_uranus_sextile_orb3 & ~asp_saturn_venus_trine_orb5 & ~mars_ingress_3d,4,10,-0.7081428199701928,-0.5581428199701928,-0.04778532040242162,0.5944137642133657,0.7444137642133657,1.1368541931114906,0.39244042889812486,0.5944137642133657,30,41,42,0.9821458362191648,-0.2044341522827901,False,-0.9052880872991425,-0.7552880872991424,0.0,0.7552880872991424,,,validation,,0.7000472806460754,1.1063398394955637,0.4062925588494884,-0.8178278663975544,0.0,0.8178278663975544,True
~asp_jupiter_sun_conj_orb5 & ~asp_mars_pluto_sextile_orb3 & asp_neptune_uranus_conj_orb5 & ~asp_pluto_sun_sextile_orb3,4,10,-0.34197904263744905,-0.19197904263744908,0.318378456930322,0.5941722859197577,0.7441722859197577,1.1366127148178826,0.39244042889812486,0.5941722859197577,6,118,20,0.9818017356178828,-0.2044341522827901,False,-0.9052880872991425,-0.7552880872991424,0.0,0.7552880872991424,,,validation,,0.41901739722821824,0.8253099560777066,0.4062925588494884,-0.8178278663975544,0.0,0.8178278663975544,True
~asp_mercury_moon_trine_orb1 & asp_neptune_uranus_conj_orb5 & ~asp_neptune_venus_conj_orb3 & ~asp_saturn_sun_sextile_orb5,4,10,-0.3687382951582098,-0.21873829515820975,0.29161920440956135,0.5940439032675252,0.7440439032675252,1.1364843321656501,0.39244042889812486,0.5940439032675252,8,130,25,0.981618793971158,-0.2044341522827901,False,-0.9052880872991425,-0.7552880872991424,0.0,0.7552880872991424,,,validation,,0.2436798038286307,0.6499723626781191,0.4062925588494884,-0.8178278663975544,0.0,0.8178278663975544,True
~asp_mars_pluto_sextile_orb3 & asp_neptune_uranus_conj_orb5 & ~asp_neptune_venus_conj_orb3 & ~asp_saturn_venus_conj_orb5,4,10,-0.31574966107473235,-0.16574966107473232,0.3446078384930388,0.5939494376374864,0.7439494376374864,1.1363898665356114,0.39244042889812486,0.5939494376374864,6,102,18,0.9814841833253753,-0.2044341522827901,False,-0.9052880872991425,-0.7552880872991424,0.0,0.7552880872991424,,,validation,,0.3331092526937643,0.7394018115432527,0.4062925588494884,-0.8178278663975544,0.0,0.8178278663975544,True
~asp_mars_moon_trine_orb3 & ~asp_mars_pluto_sextile_orb3 & asp_neptune_uranus_conj_orb5 & ~asp_neptune_venus_conj_orb3,4,10,-0.4092909015175932,-0.25929090151759315,0.25106659805017795,0.5935203307014966,0.7435203307014966,1.1359607595996215,0.39244042889812486,0.5935203307014966,11,87,55,0.9808727211874217,-0.2044341522827901,False,-0.9052880872991425,-0.7552880872991424,0.0,0.7552880872991424,,,validation,,0.3795380142222277,0.7858305730717161,0.4062925588494884,-0.8178278663975544,0.0,0.8178278663975544,True
~asp_mars_pluto_sextile_orb3 & ~asp_mars_pluto_square_orb3 & asp_neptune_uranus_conj_orb5 & ~asp_neptune_venus_conj_orb5,4,10,-0.38381372866567653,-0.23381372866567657,0.27654377090209453,0.5932742550669684,0.7432742550669684,1.1357146839650933,0.39244042889812486,0.5932742550669684,7,100,21,0.9805220737606843,-0.2044341522827901,False,-0.9052880872991425,-0.7552880872991424,0.0,0.7552880872991424,,,validation,,0.3728158749071519,0.7791084337566403,0.4062925588494884,-0.8178278663975544,0.0,0.8178278663975544,True
~asp_mars_pluto_sextile_orb3 & asp_neptune_uranus_conj_orb5 & ~asp_neptune_venus_conj_orb3 & ~mars_ingress_3d,4,10,-0.4497431743089958,-0.29974317430899583,0.21061432525877527,0.5931757735957187,0.7431757735957187,1.1356162024938437,0.39244042889812486,0.5931757735957187,10,58,45,0.98038174213595,-0.2044341522827901,False,-0.9052880872991425,-0.7552880872991424,0.0,0.7552880872991424,,,validation,,0.35822234116018686,0.7645149000096753,0.4062925588494884,-0.8178278663975544,0.0,0.8178278663975544,True
~asp_jupiter_sun_conj_orb5 & ~asp_mars_pluto_sextile_orb3 & asp_neptune_uranus_conj_orb5 & ~venus_sign_leo,4,10,-0.26466494445376454,-0.11466494445376457,0.39569255511400653,0.5931196220215841,0.7431196220215841,1.135560050919709,0.39244042889812486,0.5931196220215841,5,133,17,0.9803017287765983,-0.2044341522827901,False,-0.9052880872991425,-0.7552880872991424,0.0,0.7552880872991424,,,validation,,0.3234136073512924,0.7297061662007808,0.4062925588494884,-0.8178278663975544,0.0,0.8178278663975544,True
~asp_mars_pluto_sextile_orb3 & ~asp_moon_saturn_opp_orb3 & asp_neptune_uranus_conj_orb5 & ~asp_neptune_venus_conj_orb3,4,10,-0.36043984112377536,-0.21043984112377534,0.29991765844399576,0.5931121638652951,0.7431121638652951,1.13555259276342,0.39244042889812486,0.5931121638652951,9,77,31,0.9802911012583055,-0.2044341522827901,False,-0.9052880872991425,-0.7552880872991424,0.0,0.7552880872991424,,,validation,,0.37988268360984095,0.7861752424593293,0.4062925588494884,-0.8178278663975544,0.0,0.8178278663975544,True
asp_pluto_uranus_sextile_orb3 & ~asp_saturn_venus_trine_orb3 & ~mars_ingress_3d & ~mercury_sign_cancer,4,10,-0.6550500600144913,-0.5050500600144913,0.005307439553279867,0.5930969554259456,0.7430969554259457,1.1355373843240706,0.39244042889812486,0.5930969554259456,29,76,37,0.9802694299582912,-0.2044341522827901,False,-0.9052880872991425,-0.7552880872991424,0.0,0.7552880872991424,,,validation,,0.7141585638592316,1.12045112270872,0.4062925588494884,-0.8178278663975544,0.0,0.8178278663975544,True
~asp_jupiter_sun_conj_orb5 & asp_neptune_uranus_conj_orb5 & ~asp_saturn_sun_sextile_orb5 & ~asp_saturn_sun_trine_orb3,4,10,-0.35974196267678493,-0.2097419626767849,0.3006155368909862,0.5930810477171681,0.7430810477171681,1.135521476615293,0.39244042889812486,0.5930810477171681,6,86,26,0.9802467622375184,-0.2044341522827901,False,-0.9052880872991425,-0.7552880872991424,0.0,0.7552880872991424,,,validation,,0.38905687678252293,0.7953494356320113,0.4062925588494884,-0.8178278663975544,0.0,0.8178278663975544,True
~asp_mars_pluto_sextile_orb5 & ~asp_neptune_sun_trine_orb1 & asp_neptune_uranus_conj_orb5 & ~asp_neptune_venus_conj_orb5,4,10,-0.4298721071294638,-0.27987210712946375,0.23048539243830732,0.5930343361876113,0.7430343361876113,1.1354747650857362,0.39244042889812486,0.5930343361876113,6,61,22,0.9801802005803311,-0.2044341522827901,False,-0.9052880872991425,-0.7552880872991424,0.0,0.7552880872991424,,,validation,,0.2805413472554505,0.6868339061049389,0.4062925588494884,-0.8178278663975544,0.0,0.8178278663975544,True
~asp_mars_pluto_sextile_orb3 & asp_neptune_uranus_conj_orb5 & ~asp_neptune_venus_conj_orb3 & ~asp_neptune_venus_trine_orb1,4,10,-0.3485167506826303,-0.1985167506826303,0.3118407488851408,0.5929632476955652,0.7429632476955652,1.1354036765936901,0.39244042889812486,0.5929632476955652,6,102,19,0.9800789030185788,-0.2044341522827901,False,-0.9052880872991425,-0.7552880872991424,0.0,0.7552880872991424,,,validation,,0.33784213216303255,0.7441346910125209,0.4062925588494884,-0.8178278663975544,0.0,0.8178278663975544,True
~asp_mars_pluto_sextile_orb3 & asp_neptune_uranus_conj_orb5 & ~asp_neptune_venus_conj_orb5 & ~asp_saturn_venus_trine_orb1,4,10,-0.33138080038479545,-0.18138080038479548,0.3289766991829756,0.5929197554587625,0.7429197554587625,1.1353601843568875,0.39244042889812486,0.5929197554587625,6,91,21,0.9800169287948142,-0.2044341522827901,False,-0.9052880872991425,-0.7552880872991424,0.0,0.7552880872991424,,,validation,,0.33318583808027585,0.7394783969297642,0.4062925588494884,-0.8178278663975544,0.0,0.8178278663975544,True
~asp_mars_pluto_sextile_orb3 & asp_neptune_uranus_conj_orb5 & ~asp_saturn_venus_sextile_orb5 & ~asp_sun_uranus_square_orb5,4,10,-0.37082332227661474,-0.22082332227661472,0.2895341772911564,0.5928745383931268,0.7428745383931268,1.1353149672912517,0.39244042889812486,0.5928745383931268,8,59,28,0.9799524968165891,-0.2044341522827901,False,-0.9052880872991425,-0.7552880872991424,0.0,0.7552880872991424,,,validation,,0.429927618501083,0.8362201773505714,0.4062925588494884,-0.8178278663975544,0.0,0.8178278663975544,True
~asp_jupiter_mercury_conj_orb3 & ~asp_mars_pluto_sextile_orb3 & asp_neptune_uranus_conj_orb5 & ~asp_saturn_venus_sextile_orb5,4,10,-0.37856339652101545,-0.22856339652101543,0.2817941030467557,0.5928706933940516,0.7428706933940517,1.1353111222921766,0.39244042889812486,0.5928706933940516,6,95,25,0.9799470178937397,-0.2044341522827901,False,-0.9052880872991425,-0.7552880872991424,0.0,0.7552880872991424,,,validation,,0.4278540698378432,0.8341466286873316,0.4062925588494884,-0.8178278663975544,0.0,0.8178278663975544,True
~asp_neptune_sun_opp_orb3 & asp_neptune_uranus_conj_orb5 & ~asp_neptune_venus_conj_orb5 & ~asp_saturn_sun_sextile_orb5,4,10,-0.3739281499763004,-0.2239281499763004,0.2864293495914707,0.5928066027847033,0.7428066027847033,1.1352470316828283,0.39244042889812486,0.5928066027847033,6,102,22,0.9798556921651624,-0.2044341522827901,False,-0.9052880872991425,-0.7552880872991424,0.0,0.7552880872991424,,,validation,,0.3416138985490624,0.7479064573985508,0.4062925588494884,-0.8178278663975544,0.0,0.8178278663975544,True
asp_neptune_uranus_conj_orb5 & ~asp_neptune_venus_conj_orb3 & ~asp_saturn_sun_sextile_orb3 & ~asp_saturn_sun_trine_orb3,4,10,-0.3976205746095164,-0.24762057460951642,0.2627369249582547,0.5926644558587882,0.7426644558587883,1.1351048847569132,0.39244042889812486,0.5926644558587882,7,77,28,0.9796531405976683,-0.2044341522827901,False,-0.9052880872991425,-0.7552880872991424,0.0,0.7552880872991424,,,validation,,0.3643547507885528,0.7706473096380412,0.4062925588494884,-0.8178278663975544,0.0,0.8178278663975544,True
~asp_mercury_pluto_sextile_orb3 & asp_neptune_uranus_conj_orb5 & ~asp_neptune_venus_conj_orb3 & ~asp_uranus_venus_square_orb3,4,10,-0.33180376877450035,-0.18180376877450033,0.32855373079327077,0.5926030042737697,0.7426030042737697,1.1350434331718946,0.39244042889812486,0.5926030042737697,7,67,26,0.9795655755829851,-0.2044341522827901,False,-0.9052880872991425,-0.7552880872991424,0.0,0.7552880872991424,,,validation,,0.371505815329875,0.7777983741793634,0.4062925588494884,-0.8178278663975544,0.0,0.8178278663975544,True
~asp_mars_pluto_sextile_orb3 & asp_neptune_uranus_conj_orb5 & ~asp_neptune_venus_conj_orb5 & ~jupiter_ingress_1d,4,10,-0.3686498041388785,-0.21864980413887852,0.2917076954288926,0.5925358124476868,0.7425358124476868,1.1349762413458118,0.39244042889812486,0.5925358124476868,6,100,18,0.9794698311348253,-0.2044341522827901,False,-0.9052880872991425,-0.7552880872991424,0.0,0.7552880872991424,,,validation,,0.42361150057850055,0.829904059427989,0.4062925588494884,-0.8178278663975544,0.0,0.8178278663975544,True
~asp_mars_pluto_sextile_orb3 & asp_neptune_uranus_conj_orb5 & ~asp_neptune_venus_conj_orb5 & ~asp_saturn_venus_sextile_orb1,4,10,-0.3386810021562917,-0.1886810021562917,0.3216764974114794,0.5924016127457871,0.7424016127457871,1.134842041643912,0.39244042889812486,0.5924016127457871,7,99,21,0.9792786046185229,-0.2044341522827901,False,-0.9052880872991425,-0.7552880872991424,0.0,0.7552880872991424,,,validation,,0.36891156527290164,0.77520412412239,0.4062925588494884,-0.8178278663975544,0.0,0.8178278663975544,True
~asp_mercury_pluto_sextile_orb3 & asp_neptune_uranus_conj_orb5 & ~asp_saturn_sun_trine_orb3 & ~asp_saturn_venus_sextile_orb5,4,10,-0.3935763898037784,-0.24357638980377838,0.2667811097639927,0.5923672858196992,0.7423672858196992,1.1348077147178242,0.39244042889812486,0.5923672858196992,8,70,32,0.9792296908662201,-0.2044341522827901,False,-0.9052880872991425,-0.7552880872991424,0.0,0.7552880872991424,,,validation,,0.5545012740215614,0.9607938328710497,0.4062925588494884,-0.8178278663975544,0.0,0.8178278663975544,True
~asp_mars_pluto_sextile_orb3 & ~asp_neptune_sun_trine_orb3 & asp_neptune_uranus_conj_orb5 & ~asp_saturn_venus_sextile_orb5,4,10,-0.39438232193244405,-0.24438232193244402,0.2659751776353271,0.59216286573927,0.74216286573927,1.134603294637395,0.39244042889812486,0.59216286573927,8,58,29,0.9789384053330292,-0.2044341522827901,False,-0.9052880872991425,-0.7552880872991424,0.0,0.7552880872991424,,,validation,,0.42568602538909467,0.8319785842385831,0.4062925588494884,-0.8178278663975544,0.0,0.8178278663975544,True
~asp_mars_pluto_sextile_orb3 & ~asp_mercury_moon_trine_orb1 & asp_neptune_uranus_conj_orb5 & ~asp_pluto_sun_opp_orb5,4,10,-0.3665722737933409,-0.21657227379334093,0.29378522577443017,0.5918985131549525,0.7418985131549525,1.1343389420530774,0.39244042889812486,0.5918985131549525,7,100,21,0.9785617210160156,-0.2044341522827901,False,-0.9052880872991425,-0.7552880872991424,0.0,0.7552880872991424,,,validation,,0.33066777095572825,0.7369603298052166,0.4062925588494884,-0.8178278663975544,0.0,0.8178278663975544,True
~asp_mars_pluto_sextile_orb3 & ~asp_mars_sun_sextile_orb5 & asp_neptune_uranus_conj_orb5 & ~asp_neptune_venus_conj_orb3,4,10,-0.3713050237162182,-0.22130502371621824,0.28905247585155286,0.5917239458672156,0.7417239458672156,1.1341643747653405,0.39244042889812486,0.5917239458672156,5,93,16,0.9783129753349766,-0.2044341522827901,False,-0.9052880872991425,-0.7552880872991424,0.0,0.7552880872991424,,,validation,,0.31735823751722464,0.723650796366713,0.4062925588494884,-0.8178278663975544,0.0,0.8178278663975544,True
~asp_mars_pluto_sextile_orb3 & asp_neptune_uranus_conj_orb5 & ~asp_neptune_venus_conj_orb5 & ~asp_saturn_sun_trine_orb3,4,10,-0.36351707192082905,-0.21351707192082903,0.2968404276469421,0.5916243424033149,0.7416243424033149,1.1340647713014398,0.39244042889812486,0.5916243424033149,6,91,22,0.9781710479115964,-0.2044341522827901,False,-0.9052880872991425,-0.7552880872991424,0.0,0.7552880872991424,,,validation,,0.3839670643568364,0.7902596232063248,0.4062925588494884,-0.8178278663975544,0.0,0.8178278663975544,True
~asp_moon_saturn_trine_orb1 & asp_pluto_uranus_sextile_orb3 & ~mars_ingress_3d & ~mercury_sign_cancer,4,10,-0.6030926371722548,-0.4530926371722548,0.05726486239551631,0.5915505105457747,0.7415505105457747,1.1339909394438996,0.39244042889812486,0.5915505105457747,34,76,43,0.9780658432072682,-0.2044341522827901,False,-0.9052880872991425,-0.7552880872991424,0.0,0.7552880872991424,,,validation,,0.7001941092518207,1.106486668101309,0.4062925588494884,-0.8178278663975544,0.0,0.8178278663975544,True
~asp_mars_sun_square_orb3 & asp_pluto_uranus_sextile_orb3 & ~asp_saturn_venus_trine_orb5 & ~mars_ingress_5d,4,10,-0.675914794041015,-0.5259147940410149,-0.01555729447324388,0.5915380867952479,0.7415380867952479,1.1339785156933728,0.39244042889812486,0.5915380867952479,28,70,37,0.9780481403310404,-0.2044341522827901,False,-0.9052880872991425,-0.7552880872991424,0.0,0.7552880872991424,,,validation,,0.7198158084562822,1.1261083673057706,0.4062925588494884,-0.8178278663975544,0.0,0.8178278663975544,True
~asp_mars_pluto_sextile_orb3 & ~asp_mercury_moon_trine_orb1 & ~asp_neptune_sun_trine_orb1 & asp_neptune_uranus_conj_orb5,4,10,-0.4147369455436444,-0.26473694554364435,0.24562055402412677,0.5913948503496568,0.7413948503496568,1.1338352792477817,0.39244042889812486,0.5913948503496568,8,68,26,0.9778440397751207,-0.2044341522827901,False,-0.9052880872991425,-0.7552880872991424,0.0,0.7552880872991424,,,validation,,0.3436164350486744,0.7499089938981628,0.4062925588494884,-0.8178278663975544,0.0,0.8178278663975544,True
~asp_mars_pluto_sextile_orb3 & asp_neptune_uranus_conj_orb5 & ~asp_neptune_venus_conj_orb3 & ~asp_pluto_venus_opp_orb5,4,10,-0.35356585958285736,-0.20356585958285733,0.30679163998491377,0.5913585121201675,0.7413585121201676,1.1337989410182925,0.39244042889812486,0.5913585121201675,6,102,18,0.9777922607479894,-0.2044341522827901,False,-0.9052880872991425,-0.7552880872991424,0.0,0.7552880872991424,,,validation,,0.30643271884645223,0.7127252776959406,0.4062925588494884,-0.8178278663975544,0.0,0.8178278663975544,True
~asp_mars_pluto_sextile_orb3 & asp_neptune_uranus_conj_orb5 & ~asp_neptune_venus_conj_orb5 & ~asp_saturn_venus_conj_orb5,4,10,-0.3126974474225238,-0.16269744742252384,0.34766005214524726,0.590925358548774,0.7409253585487741,1.133365787446899,0.39244042889812486,0.590925358548774,6,100,18,0.9771750540375472,-0.2044341522827901,False,-0.9052880872991425,-0.7552880872991424,0.0,0.7552880872991424,,,validation,,0.34285276857121466,0.749145327420703,0.4062925588494884,-0.8178278663975544,0.0,0.8178278663975544,True
~asp_jupiter_sun_conj_orb3 & ~asp_mars_pluto_sextile_orb3 & asp_neptune_uranus_conj_orb5 & ~asp_sun_uranus_trine_orb5,4,10,-0.3235860229935206,-0.17358602299352055,0.33677147657425055,0.5908140654341084,0.7408140654341084,1.1332544943322334,0.39244042889812486,0.5908140654341084,6,94,21,0.9770164714745688,-0.2044341522827901,False,-0.9052880872991425,-0.7552880872991424,0.0,0.7552880872991424,,,validation,,0.35648625072132106,0.7627788095708095,0.4062925588494884,-0.8178278663975544,0.0,0.8178278663975544,True
~asp_moon_saturn_trine_orb1 & asp_pluto_uranus_sextile_orb3 & ~mars_ingress_3d & ~mercury_sign_aries,4,10,-0.6413968648634776,-0.49139686486347756,0.018960634704293523,0.5908102487607793,0.7408102487607793,1.1332506776589042,0.39244042889812486,0.5908102487607793,33,41,44,0.9770110330665605,-0.2044341522827901,False,-0.9052880872991425,-0.7552880872991424,0.0,0.7552880872991424,,,validation,,0.6297871656407958,1.0360797244902842,0.4062925588494884,-0.8178278663975544,0.0,0.8178278663975544,True
~asp_mars_sun_square_orb5 & asp_pluto_uranus_sextile_orb3 & ~asp_saturn_venus_trine_orb3 & ~asp_uranus_venus_sextile_orb5,4,10,-0.613330028219175,-0.463330028219175,0.047027471348596056,0.5907119154371411,0.7407119154371411,1.133152344335266,0.39244042889812486,0.5907119154371411,17,142,20,0.97687091723317,-0.2044341522827901,False,-0.9052880872991425,-0.7552880872991424,0.0,0.7552880872991424,,,validation,,0.530443050377881,0.9367356092273694,0.4062925588494884,-0.8178278663975544,0.0,0.8178278663975544,True
~asp_mars_pluto_sextile_orb3 & asp_neptune_uranus_conj_orb5 & ~asp_neptune_venus_conj_orb5 & ~mars_ingress_3d,4,10,-0.44668417160368523,-0.2966841716036852,0.21367332796408586,0.590649002916766,0.740649002916766,1.133089431814891,0.39244042889812486,0.590649002916766,10,56,45,0.9767812728455105,-0.2044341522827901,False,-0.9052880872991425,-0.7552880872991424,0.0,0.7552880872991424,,,validation,,0.3699733827448573,0.7762659415943457,0.4062925588494884,-0.8178278663975544,0.0,0.8178278663975544,True
~asp_jupiter_sun_conj_orb5 & ~asp_mars_pluto_sextile_orb3 & ~asp_moon_saturn_trine_orb1 & asp_neptune_uranus_conj_orb5,4,10,-0.3361557962927735,-0.18615579629277346,0.32420170327499764,0.5906063361738655,0.7406063361738655,1.1330467650719904,0.39244042889812486,0.5906063361738655,5,133,24,0.9767204768182709,-0.2044341522827901,False,-0.9052880872991425,-0.7552880872991424,0.0,0.7552880872991424,,,validation,,0.38326079785118855,0.789553356700677,0.4062925588494884,-0.8178278663975544,0.0,0.8178278663975544,True
asp_pluto_uranus_sextile_orb3 & ~asp_saturn_sun_square_orb5 & ~asp_saturn_venus_trine_orb5 & ~mars_ingress_3d,4,10,-0.760661368292781,-0.610661368292781,-0.10030386872500983,0.5905717804830334,0.7405717804830334,1.1330122093811583,0.39244042889812486,0.5905717804830334,31,76,41,0.9766712382901284,-0.2044341522827901,False,-0.9052880872991425,-0.7552880872991424,0.0,0.7552880872991424,,,validation,,0.6970220555017079,1.1033146143511963,0.4062925588494884,-0.8178278663975544,0.0,0.8178278663975544,True
~asp_mars_pluto_sextile_orb3 & asp_neptune_uranus_conj_orb5 & ~asp_saturn_sun_conj_orb3 & ~asp_saturn_venus_sextile_orb5,4,10,-0.34958726077555613,-0.19958726077555616,0.31077023879221494,0.5905148256403462,0.7405148256403462,1.1329552545384711,0.39244042889812486,0.5905148256403462,7,97,24,0.9765900831803063,-0.2044341522827901,False,-0.9052880872991425,-0.7552880872991424,0.0,0.7552880872991424,,,validation,,0.4309810820759283,0.8372736409254167,0.4062925588494884,-0.8178278663975544,0.0,0.8178278663975544,True
~asp_mars_pluto_sextile_orb3 & asp_neptune_uranus_conj_orb5 & ~asp_uranus_venus_square_orb3,3,7,-0.2524889936242403,-0.14748899362424034,0.36286850594353076,0.5904772881016214,0.6954772881016213,1.0879177169997463,0.39244042889812486,0.5904772881016214,5,92,19,0.9124353286220861,-0.2044341522827901,False,-0.8602880872991424,-0.7552880872991424,0.0,0.7552880872991424,,,validation,,0.3698199639204199,0.7761125227699083,0.4062925588494884,-0.8178278663975544,0.0,0.8178278663975544,True
~asp_jupiter_mercury_trine_orb3 & ~asp_mars_pluto_sextile_orb3 & asp_neptune_uranus_conj_orb5 & ~asp_neptune_venus_conj_orb3,4,10,-0.28856049039988474,-0.13856049039988472,0.3717970091678864,0.5904589960298748,0.7404589960298749,1.1328994249279998,0.39244042889812486,0.5904589960298748,7,97,24,0.9765105314777531,-0.2044341522827901,False,-0.9052880872991425,-0.7552880872991424,0.0,0.7552880872991424,,,validation,,0.34139600655348973,0.7476885654029781,0.4062925588494884,-0.8178278663975544,0.0,0.8178278663975544,True
asp_pluto_uranus_sextile_orb3 & ~asp_saturn_venus_trine_orb3 & ~mars_ingress_3d & ~sun_sign_cancer,4,10,-0.7230442406348183,-0.5730442406348183,-0.06268674106704723,0.5904476671638014,0.7404476671638014,1.1328880960619263,0.39244042889812486,0.5904476671638014,28,76,37,0.9764943889654518,-0.2044341522827901,False,-0.9052880872991425,-0.7552880872991424,0.0,0.7552880872991424,,,validation,,0.7093733876931776,1.115665946542666,0.4062925588494884,-0.8178278663975544,0.0,0.8178278663975544,True
~asp_mars_sun_square_orb5 & asp_pluto_uranus_sextile_orb3 & ~asp_saturn_venus_trine_orb5 & ~mercury_sign_cancer,4,10,-0.5727487517969763,-0.42274875179697624,0.08760874777079485,0.590301571389879,0.7403015713898791,1.132742000288004,0.39244042889812486,0.590301571389879,13,145,17,0.9762862171770827,-0.2044341522827901,False,-0.9052880872991425,-0.7552880872991424,0.0,0.7552880872991424,,,validation,,0.6106014825954427,1.016894041444931,0.4062925588494884,-0.8178278663975544,0.0,0.8178278663975544,True
~asp_mars_pluto_sextile_orb3 & ~asp_moon_saturn_opp_orb3 & asp_neptune_uranus_conj_orb5 & ~asp_neptune_venus_conj_orb5,4,10,-0.35746272380765,-0.20746272380765002,0.3028947757601211,0.5900639012508321,0.7400639012508321,1.132504330148957,0.39244042889812486,0.5900639012508321,9,77,31,0.9759475620069069,-0.2044341522827901,False,-0.9052880872991425,-0.7552880872991424,0.0,0.7552880872991424,,,validation,,0.3909277771023106,0.797220335951799,0.4062925588494884,-0.8178278663975544,0.0,0.8178278663975544,True
~asp_mars_pluto_sextile_orb3 & asp_neptune_uranus_conj_orb5 & ~asp_neptune_venus_conj_orb5 & ~asp_neptune_venus_trine_orb1,4,10,-0.34551634217633775,-0.19551634217633773,0.31484115739143337,0.5898788598438623,0.7398788598438624,1.1323192887419873,0.39244042889812486,0.5898788598438623,6,100,19,0.9756838980485851,-0.2044341522827901,False,-0.9052880872991425,-0.7552880872991424,0.0,0.7552880872991424,,,validation,,0.3476283314009932,0.7539208902504816,0.4062925588494884,-0.8178278663975544,0.0,0.8178278663975544,True
~asp_mercury_pluto_sextile_orb3 & asp_neptune_uranus_conj_orb5 & ~asp_neptune_venus_conj_orb5 & ~asp_uranus_venus_square_orb3,4,10,-0.3281600821611482,-0.17816008216114826,0.33219741740662284,0.5897534525648508,0.7397534525648508,1.1321938814629757,0.39244042889812486,0.5897534525648508,7,67,26,0.9755052066380099,-0.2044341522827901,False,-0.9052880872991425,-0.7552880872991424,0.0,0.7552880872991424,,,validation,,0.3816875723911885,0.7879801312406769,0.4062925588494884,-0.8178278663975544,0.0,0.8178278663975544,True
asp_neptune_uranus_conj_orb5 & ~asp_neptune_venus_conj_orb5 & ~asp_saturn_sun_sextile_orb3 & ~asp_saturn_sun_trine_orb3,4,10,-0.3941949351633879,-0.24419493516338786,0.26616256440438324,0.5895468837620793,0.7395468837620793,1.1319873126602042,0.39244042889812486,0.5895468837620793,7,77,28,0.9752108697541013,-0.2044341522827901,False,-0.9052880872991425,-0.7552880872991424,0.0,0.7552880872991424,,,validation,,0.37506121941957365,0.781353778269062,0.4062925588494884,-0.8178278663975544,0.0,0.8178278663975544,True
~asp_mars_pluto_sextile_orb1 & ~asp_mercury_pluto_sextile_orb3 & asp_neptune_uranus_conj_orb5 & ~asp_neptune_venus_conj_orb3,4,10,-0.3774312081119261,-0.22743120811192613,0.28292629145584497,0.5891474275549725,0.7391474275549725,1.1315878564530975,0.39244042889812486,0.5891474275549725,6,95,21,0.9746416927485646,-0.2044341522827901,False,-0.9052880872991425,-0.7552880872991424,0.0,0.7552880872991424,,,validation,,0.44627338492869634,0.8525659437781847,0.4062925588494884,-0.8178278663975544,0.0,0.8178278663975544,True
~asp_pluto_sun_trine_orb5 & asp_pluto_uranus_sextile_orb3 & ~asp_saturn_venus_trine_orb3 & ~mars_ingress_3d,4,10,-0.7199880989868759,-0.5699880989868759,-0.059630599419104764,0.5891154998651505,0.7391154998651506,1.1315559287632755,0.39244042889812486,0.5891154998651505,30,41,42,0.9745961997671795,-0.2044341522827901,False,-0.9052880872991425,-0.7552880872991424,0.0,0.7552880872991424,,,validation,,0.6889555145825772,1.0952480734320655,0.4062925588494884,-0.8178278663975544,0.0,0.8178278663975544,True
~asp_jupiter_moon_square_orb1 & ~asp_mars_pluto_sextile_orb3 & asp_neptune_uranus_conj_orb5 & ~asp_uranus_venus_square_orb3,4,10,-0.37365698447511875,-0.22365698447511873,0.2867005150926524,0.5890442695880044,0.7390442695880044,1.1314846984861293,0.39244042889812486,0.5890442695880044,8,92,31,0.9744947055649138,-0.2044341522827901,False,-0.9052880872991425,-0.7552880872991424,0.0,0.7552880872991424,,,validation,,0.43217783974361684,0.8384703985931052,0.4062925588494884,-0.8178278663975544,0.0,0.8178278663975544,True
~asp_mars_pluto_sextile_orb3 & ~asp_mars_sun_sextile_orb5 & asp_neptune_uranus_conj_orb5 & ~asp_neptune_venus_conj_orb5,4,10,-0.3682097799680978,-0.21820977996809782,0.2921477195996733,0.5887401627850944,0.7387401627850945,1.1311805916832194,0.39244042889812486,0.5887401627850944,5,91,16,0.9740613926513082,-0.2044341522827901,False,-0.9052880872991425,-0.7552880872991424,0.0,0.7552880872991424,,,validation,,0.3273735331786161,0.7336660920281045,0.4062925588494884,-0.8178278663975544,0.0,0.8178278663975544,True
asp_pluto_uranus_sextile_orb3 & ~asp_saturn_sun_square_orb5 & ~asp_saturn_venus_trine_orb3 & ~mars_ingress_3d,4,10,-0.7654785669502662,-0.6154785669502661,-0.10512106738249503,0.588677980450521,0.738677980450521,1.131118409348646,0.39244042889812486,0.588677980450521,31,76,41,0.97397279107615,-0.2044341522827901,False,-0.9052880872991425,-0.7552880872991424,0.0,0.7552880872991424,,,validation,,0.6930192718203119,1.0993118306698002,0.4062925588494884,-0.8178278663975544,0.0,0.8178278663975544,True
~asp_mars_sun_square_orb5 & asp_pluto_uranus_sextile_orb3 & ~asp_saturn_venus_trine_orb3 & ~mercury_sign_cancer,4,10,-0.5781381179611825,-0.4281381179611825,0.0822193816065886,0.5885060645844881,0.7385060645844881,1.130946493482613,0.39244042889812486,0.5885060645844881,13,145,17,0.9737278341684745,-0.2044341522827901,False,-0.9052880872991425,-0.7552880872991424,0.0,0.7552880872991424,,,validation,,0.60692700841314,1.0132195672626283,0.4062925588494884,-0.8178278663975544,0.0,0.8178278663975544,True
asp_neptune_uranus_conj_orb5 & ~asp_neptune_venus_conj_orb3 & ~asp_saturn_sun_sextile_orb3 & ~asp_uranus_venus_square_orb3,4,10,-0.33283778879698633,-0.18283778879698637,0.32751971077078473,0.5884978303563358,0.7384978303563359,1.1309382592544608,0.39244042889812486,0.5884978303563358,6,95,27,0.9737161015189388,-0.2044341522827901,False,-0.9052880872991425,-0.7552880872991424,0.0,0.7552880872991424,,,validation,,0.29466396515258014,0.7009565240020685,0.4062925588494884,-0.8178278663975544,0.0,0.8178278663975544,True
~asp_mars_pluto_sextile_orb3 & asp_neptune_uranus_conj_orb5 & ~asp_saturn_venus_sextile_orb5 & ~asp_saturn_venus_square_orb3,4,10,-0.35921323741856326,-0.20921323741856324,0.30114426214920786,0.5884821308340203,0.7384821308340204,1.1309225597321453,0.39244042889812486,0.5884821308340203,9,82,29,0.9736937318493142,-0.2044341522827901,False,-0.9052880872991425,-0.7552880872991424,0.0,0.7552880872991424,,,validation,,0.4404290999211718,0.8467216587706602,0.4062925588494884,-0.8178278663975544,0.0,0.8178278663975544,True
~asp_mars_pluto_sextile_orb3 & asp_neptune_uranus_conj_orb5 & ~asp_neptune_venus_conj_orb5 & ~asp_pluto_venus_opp_orb5,4,10,-0.35054386394972614,-0.20054386394972612,0.309813635618045,0.5884401341380047,0.7384401341380047,1.1308805630361296,0.39244042889812486,0.5884401341380047,6,100,18,0.9736338923313039,-0.2044341522827901,False,-0.9052880872991425,-0.7552880872991424,0.0,0.7552880872991424,,,validation,,0.3156267749540462,0.7219193338035346,0.4062925588494884,-0.8178278663975544,0.0,0.8178278663975544,True
~asp_mars_pluto_sextile_orb5 & asp_neptune_uranus_conj_orb5 & ~asp_pluto_sun_opp_orb5 & ~asp_saturn_venus_sextile_orb5,4,10,-0.3983244577191949,-0.24832445771919492,0.2620330418485762,0.5883761014435748,0.7383761014435748,1.1308165303416997,0.39244042889812486,0.5883761014435748,6,95,23,0.9735426546105859,-0.2044341522827901,False,-0.9052880872991425,-0.7552880872991424,0.0,0.7552880872991424,,,validation,,0.338519415823929,0.7448119746734174,0.4062925588494884,-0.8178278663975544,0.0,0.8178278663975544,True
~asp_mars_sun_sextile_orb5 & asp_neptune_uranus_conj_orb5 & ~asp_saturn_sun_sextile_orb5 & ~asp_saturn_venus_sextile_orb5,4,10,-0.37915054350661337,-0.22915054350661335,0.28120695606115775,0.5882029309462141,0.7382029309462141,1.130643359844339,0.39244042889812486,0.5882029309462141,7,84,25,0.9732959110328767,-0.2044341522827901,False,-0.9052880872991425,-0.7552880872991424,0.0,0.7552880872991424,,,validation,,0.3396630773551587,0.7459556362046471,0.4062925588494884,-0.8178278663975544,0.0,0.8178278663975544,True
asp_neptune_uranus_conj_orb5 & ~asp_neptune_venus_conj_orb3 & ~asp_saturn_sun_sextile_orb3 & ~asp_sun_uranus_trine_orb5,4,10,-0.3885844913649493,-0.23858449136494936,0.27177300820282174,0.5880658735986225,0.7380658735986225,1.1305063024967474,0.39244042889812486,0.5880658735986225,6,76,27,0.9731006240190652,-0.2044341522827901,False,-0.9052880872991425,-0.7552880872991424,0.0,0.7552880872991424,,,validation,,0.26660147896557024,0.6728940378150586,0.4062925588494884,-0.8178278663975544,0.0,0.8178278663975544,True
~asp_moon_saturn_trine_orb1 & asp_pluto_uranus_sextile_orb3 & ~mars_ingress_3d & ~sun_sign_aries,4,10,-0.5195472045249657,-0.3695472045249657,0.14081029504280537,0.5880152174004466,0.7380152174004466,1.1304556462985715,0.39244042889812486,0.5880152174004466,34,40,44,0.9730284463118244,-0.2044341522827901,False,-0.9052880872991425,-0.7552880872991424,0.0,0.7552880872991424,,,validation,,0.5819387295044314,0.9882312883539198,0.4062925588494884,-0.8178278663975544,0.0,0.8178278663975544,True
~asp_mars_pluto_sextile_orb3 & asp_neptune_uranus_conj_orb5 & ~asp_neptune_venus_conj_orb3 & ~asp_saturn_sun_sextile_orb5,4,10,-0.323915139485188,-0.17391513948518805,0.33644236008258305,0.5879665211766841,0.7379665211766842,1.130406950074809,0.39244042889812486,0.5879665211766841,6,102,21,0.9729590613294004,-0.2044341522827901,False,-0.9052880872991425,-0.7552880872991424,0.0,0.7552880872991424,,,validation,,0.2897902489552097,0.6960828078046981,0.4062925588494884,-0.8178278663975544,0.0,0.8178278663975544,True
~asp_mars_pluto_sextile_orb3 & ~asp_mercury_venus_conj_orb1 & asp_neptune_uranus_conj_orb5 & ~asp_neptune_venus_conj_orb3,4,10,-0.34121757656599183,-0.19121757656599186,0.31913992300177924,0.5879580592171024,0.7379580592171024,1.1303984881152274,0.39244042889812486,0.5879580592171024,7,76,21,0.9729470042817596,-0.2044341522827901,False,-0.9052880872991425,-0.7552880872991424,0.0,0.7552880872991424,,,validation,,0.36059672861968434,0.7668892874691727,0.4062925588494884,-0.8178278663975544,0.0,0.8178278663975544,True
asp_pluto_uranus_sextile_orb3 & ~asp_saturn_venus_trine_orb5 & ~asp_uranus_venus_sextile_orb5 & ~mercury_sign_cancer,4,10,-0.649300116882191,-0.499300116882191,0.011057382685580089,0.5878400339768214,0.7378400339768214,1.1302804628749463,0.39244042889812486,0.5878400339768214,16,95,20,0.9727788358198843,-0.2044341522827901,False,-0.9052880872991425,-0.7552880872991424,0.0,0.7552880872991424,,,validation,,0.6366801338923549,1.0429726927418432,0.4062925588494884,-0.8178278663975544,0.0,0.8178278663975544,True
~asp_jupiter_sun_conj_orb5 & ~asp_mars_pluto_sextile_orb3 & ~asp_moon_venus_conj_orb3 & asp_neptune_uranus_conj_orb5,4,10,-0.38366976641730743,-0.23366976641730747,0.27668773315046363,0.5877464971528125,0.7377464971528125,1.1301869260509374,0.39244042889812486,0.5877464971528125,9,102,35,0.972645559909789,-0.2044341522827901,False,-0.9052880872991425,-0.7552880872991424,0.0,0.7552880872991424,,,validation,,0.4287305981638421,0.8350231570133305,0.4062925588494884,-0.8178278663975544,0.0,0.8178278663975544,True
~asp_jupiter_sun_conj_orb5 & ~asp_mars_pluto_sextile_orb3 & ~asp_moon_venus_conj_orb5 & asp_neptune_uranus_conj_orb5,4,10,-0.413905289246872,-0.26390528924687195,0.24645221032089912,0.5877464971528125,0.7377464971528125,1.1301869260509374,0.39244042889812486,0.5877464971528125,9,102,52,0.972645559909789,-0.2044341522827901,False,-0.9052880872991425,-0.7552880872991424,0.0,0.7552880872991424,,,validation,,0.4287305981638421,0.8350231570133305,0.4062925588494884,-0.8178278663975544,0.0,0.8178278663975544,True
~asp_moon_saturn_trine_orb1 & ~asp_pluto_sun_trine_orb5 & asp_pluto_uranus_sextile_orb3 & ~mars_ingress_3d,4,10,-0.6608606923391375,-0.5108606923391374,-0.0005031927713663187,0.5877298910542595,0.7377298910542596,1.1301703199523845,0.39244042889812486,0.5877298910542595,35,40,49,0.9726218987338566,-0.2044341522827901,False,-0.9052880872991425,-0.7552880872991424,0.0,0.7552880872991424,,,validation,,0.6758014868750115,1.0820940457244999,0.4062925588494884,-0.8178278663975544,0.0,0.8178278663975544,True
~asp_mars_pluto_sextile_orb3 & ~asp_mercury_uranus_sextile_orb1 & asp_neptune_uranus_conj_orb5 & ~asp_neptune_venus_conj_orb3,4,10,-0.3744549747829451,-0.22445497478294513,0.285902524784826,0.5877211717928229,0.7377211717928229,1.1301616006909478,0.39244042889812486,0.5877211717928229,6,93,22,0.9726094751087127,-0.2044341522827901,False,-0.9052880872991425,-0.7552880872991424,0.0,0.7552880872991424,,,validation,,0.3512598853009105,0.7575524441503989,0.4062925588494884,-0.8178278663975544,0.0,0.8178278663975544,True
~asp_mars_pluto_sextile_orb3 & asp_neptune_uranus_conj_orb5 & ~asp_neptune_venus_conj_orb5 & ~asp_pluto_sun_square_orb5,4,10,-0.38198872195969524,-0.23198872195969528,0.2783687776080758,0.5876514499221855,0.7376514499221856,1.1300918788203105,0.39244042889812486,0.5876514499221855,6,91,20,0.9725101320700997,-0.2044341522827901,False,-0.9052880872991425,-0.7552880872991424,0.0,0.7552880872991424,,,validation,,0.4241717165688364,0.8304642754183248,0.4062925588494884,-0.8178278663975544,0.0,0.8178278663975544,True
~asp_mercury_pluto_sextile_orb3 & asp_neptune_uranus_conj_orb5 & ~asp_neptune_venus_conj_orb3 & ~asp_sun_uranus_trine_orb5,4,10,-0.36877782404010995,-0.21877782404010993,0.2915796755276612,0.5876131388732603,0.7376131388732603,1.1300535677713852,0.39244042889812486,0.5876131388732603,7,62,25,0.9724555447046543,-0.2044341522827901,False,-0.9052880872991425,-0.7552880872991424,0.0,0.7552880872991424,,,validation,,0.3622990781866184,0.7685916370361068,0.4062925588494884,-0.8178278663975544,0.0,0.8178278663975544,True
~asp_jupiter_mercury_trine_orb3 & ~asp_mars_pluto_sextile_orb3 & asp_neptune_uranus_conj_orb5 & ~asp_neptune_venus_conj_orb5,4,10,-0.2854274369104852,-0.1354274369104852,0.3749300626572859,0.5873614894624634,0.7373614894624634,1.1298019183605883,0.39244042889812486,0.5873614894624634,7,95,24,0.9720969836158275,-0.2044341522827901,False,-0.9052880872991425,-0.7552880872991424,0.0,0.7552880872991424,,,validation,,0.35130933150667626,0.7576018903561647,0.4062925588494884,-0.8178278663975544,0.0,0.8178278663975544,True
~asp_neptune_sun_opp_orb5 & asp_neptune_uranus_conj_orb5 & ~asp_neptune_venus_conj_orb3 & ~asp_saturn_sun_sextile_orb5,4,10,-0.39049850042631995,-0.24049850042631998,0.2698589991414511,0.5872760827494851,0.7372760827494851,1.12971651164761,0.39244042889812486,0.5872760827494851,6,102,22,0.9719752926724161,-0.2044341522827901,False,-0.9052880872991425,-0.7552880872991424,0.0,0.7552880872991424,,,validation,,0.27853985455381364,0.684832413403302,0.4062925588494884,-0.8178278663975544,0.0,0.8178278663975544,True
~asp_mars_pluto_sextile_orb5 & ~asp_mercury_moon_trine_orb1 & asp_neptune_uranus_conj_orb5 & ~asp_neptune_venus_conj_orb3,4,10,-0.40996063971153185,-0.2599606397115318,0.2503968598562393,0.5872335045980722,0.7372335045980722,1.1296739334961972,0.39244042889812486,0.5872335045980722,7,98,20,0.9719146256504669,-0.2044341522827901,False,-0.9052880872991425,-0.7552880872991424,0.0,0.7552880872991424,,,validation,,0.2926420143747747,0.6989345732242631,0.4062925588494884,-0.8178278663975544,0.0,0.8178278663975544,True
~asp_mars_pluto_sextile_orb3 & ~asp_moon_sun_conj_orb1 & asp_neptune_uranus_conj_orb5 & ~asp_neptune_venus_conj_orb3,4,10,-0.35731929075304036,-0.20731929075304034,0.30303820881473076,0.5869421800770916,0.7369421800770917,1.1293826089752166,0.39244042889812486,0.5869421800770916,5,102,20,0.9714995359711169,-0.2044341522827901,False,-0.9052880872991425,-0.7552880872991424,0.0,0.7552880872991424,,,validation,,0.34248142600875114,0.7487739848582395,0.4062925588494884,-0.8178278663975544,0.0,0.8178278663975544,True
~asp_jupiter_sun_conj_orb5 & ~asp_mars_pluto_sextile_orb3 & ~asp_mercury_moon_trine_orb1 & asp_neptune_uranus_conj_orb5,4,10,-0.3815738636492664,-0.23157386364926635,0.27878363591850475,0.5868231856925815,0.7368231856925815,1.1292636145907065,0.39244042889812486,0.5868231856925815,6,100,18,0.9713299889526825,-0.2044341522827901,False,-0.9052880872991425,-0.7552880872991424,0.0,0.7552880872991424,,,validation,,0.3536951274079346,0.759987686257423,0.4062925588494884,-0.8178278663975544,0.0,0.8178278663975544,True
~asp_mars_pluto_sextile_orb3 & asp_neptune_uranus_conj_orb5 & ~asp_neptune_venus_conj_orb3 & ~asp_saturn_venus_sextile_orb1,4,10,-0.3416622234801453,-0.19166222348014528,0.3186952760876258,0.5868086011756178,0.7368086011756179,1.1292490300737428,0.39244042889812486,0.5868086011756178,8,99,22,0.9713092084835502,-0.2044341522827901,False,-0.9052880872991425,-0.7552880872991424,0.0,0.7552880872991424,,,validation,,0.3533690882945047,0.7596616471439931,0.4062925588494884,-0.8178278663975544,0.0,0.8178278663975544,True
~asp_jupiter_moon_square_orb3 & ~asp_mars_sun_square_orb5 & asp_pluto_uranus_sextile_orb3 & ~asp_saturn_venus_trine_orb3,4,10,-0.6091737775053407,-0.4591737775053408,0.051183722062430326,0.5867968862700156,0.7367968862700156,1.1292373151681405,0.39244042889812486,0.5867968862700156,34,62,40,0.9712925167280677,-0.2044341522827901,False,-0.9052880872991425,-0.7552880872991424,0.0,0.7552880872991424,,,validation,,0.5298873869901868,0.9361799458396751,0.4062925588494884,-0.8178278663975544,0.0,0.8178278663975544,True
~asp_mars_pluto_sextile_orb3 & ~asp_moon_sun_conj_orb5 & asp_neptune_uranus_conj_orb5 & ~asp_neptune_venus_conj_orb3,4,10,-0.4325144653596784,-0.28251446535967845,0.22784303420809265,0.5866682428098627,0.7366682428098628,1.1291086717079877,0.39244042889812486,0.5866682428098627,9,70,43,0.9711092217688391,-0.2044341522827901,False,-0.9052880872991425,-0.7552880872991424,0.0,0.7552880872991424,,,validation,,0.3475293402171587,0.7538218990666471,0.4062925588494884,-0.8178278663975544,0.0,0.8178278663975544,True
~asp_mars_pluto_sextile_orb3 & asp_neptune_uranus_conj_orb5 & ~asp_saturn_venus_sextile_orb5 & ~asp_saturn_venus_trine_orb1,4,10,-0.3472946850637688,-0.1972946850637688,0.3130628145040023,0.58638188387202,0.73638188387202,1.1288223127701449,0.39244042889812486,0.58638188387202,7,70,27,0.9707012103347648,-0.2044341522827901,False,-0.9052880872991425,-0.7552880872991424,0.0,0.7552880872991424,,,validation,,0.40268635439688566,0.808978913246374,0.4062925588494884,-0.8178278663975544,0.0,0.8178278663975544,True
~asp_mars_sun_square_orb5 & asp_pluto_uranus_sextile_orb3 & ~asp_saturn_venus_trine_orb5 & ~asp_uranus_venus_sextile_orb5,4,10,-0.6021305709763036,-0.45213057097630366,0.05822692859146746,0.5863805929152058,0.7363805929152059,1.1288210218133308,0.39244042889812486,0.5863805929152058,17,142,20,0.9706993709505245,-0.2044341522827901,False,-0.9052880872991425,-0.7552880872991424,0.0,0.7552880872991424,,,validation,,0.5201643051368907,0.926456863986379,0.4062925588494884,-0.8178278663975544,0.0,0.8178278663975544,True
~asp_mars_pluto_sextile_orb3 & asp_neptune_uranus_conj_orb5 & ~asp_saturn_venus_sextile_orb5 & ~jupiter_ingress_1d,4,10,-0.3853446110984179,-0.23534461109841792,0.2750128884693532,0.586188962107059,0.736188962107059,1.128629391005184,0.39244042889812486,0.586188962107059,7,97,24,0.9704263314302455,-0.2044341522827901,False,-0.9052880872991425,-0.7552880872991424,0.0,0.7552880872991424,,,validation,,0.4914152874603864,0.8977078463098748,0.4062925588494884,-0.8178278663975544,0.0,0.8178278663975544,True
~asp_mars_pluto_sextile_orb1 & ~asp_mercury_pluto_sextile_orb3 & asp_neptune_uranus_conj_orb5 & ~asp_neptune_venus_conj_orb5,4,10,-0.3740384593044298,-0.22403845930442978,0.2863190402633413,0.5861621704582479,0.7361621704582479,1.1286025993563729,0.39244042889812486,0.5861621704582479,6,93,21,0.9703881581938147,-0.2044341522827901,False,-0.9052880872991425,-0.7552880872991424,0.0,0.7552880872991424,,,validation,,0.4587662276745756,0.865058786524064,0.4062925588494884,-0.8178278663975544,0.0,0.8178278663975544,True
~asp_mars_pluto_sextile_orb3 & ~asp_neptune_sun_trine_orb1 & asp_neptune_uranus_conj_orb5 & ~venus_sign_libra,4,10,-0.34457215427477283,-0.19457215427477287,0.31578534529299823,0.5861618927241764,0.7361618927241764,1.1286023216223013,0.39244042889812486,0.5861618927241764,5,93,21,0.9703877624732484,-0.2044341522827901,False,-0.9052880872991425,-0.7552880872991424,0.0,0.7552880872991424,,,validation,,0.5169509483689192,0.9232435072184076,0.4062925588494884,-0.8178278663975544,0.0,0.8178278663975544,True
asp_pluto_uranus_sextile_orb3 & ~asp_saturn_venus_trine_orb3 & ~asp_uranus_venus_sextile_orb5 & ~mercury_sign_cancer,4,10,-0.6545788079903333,-0.5045788079903333,0.005778691577437866,0.5860544383583132,0.7360544383583132,1.128494867256438,0.39244042889812486,0.5860544383583132,16,95,20,0.9702346596460121,-0.2044341522827901,False,-0.9052880872991425,-0.7552880872991424,0.0,0.7552880872991424,,,validation,,0.6330388958007005,1.0393314546501888,0.4062925588494884,-0.8178278663975544,0.0,0.8178278663975544,True
~asp_mars_sun_square_orb3 & asp_pluto_uranus_sextile_orb3 & ~asp_saturn_venus_trine_orb3 & ~mars_ingress_5d,4,10,-0.6879305812773941,-0.5379305812773941,-0.02757308170962299,0.5860475784757005,0.7360475784757006,1.1284880073738255,0.39244042889812486,0.5860475784757005,28,70,37,0.9702248855749145,-0.2044341522827901,False,-0.9052880872991425,-0.7552880872991424,0.0,0.7552880872991424,,,validation,,0.708272102778047,1.1145646616275353,0.4062925588494884,-0.8178278663975544,0.0,0.8178278663975544,True
~asp_jupiter_sun_conj_orb5 & ~asp_mars_pluto_sextile_orb3 & asp_neptune_uranus_conj_orb5 & ~asp_sun_uranus_conj_orb3,4,10,-0.33122460302856904,-0.18122460302856902,0.3291328965392021,0.5860196142238895,0.7360196142238895,1.1284600431220144,0.39244042889812486,0.5860196142238895,5,120,17,0.970185041668459,-0.2044341522827901,False,-0.9052880872991425,-0.7552880872991424,0.0,0.7552880872991424,,,validation,,0.38235000037274475,0.7886425592222331,0.4062925588494884,-0.8178278663975544,0.0,0.8178278663975544,True
~asp_jupiter_mercury_opp_orb5 & ~asp_mars_pluto_sextile_orb3 & asp_neptune_uranus_conj_orb5 & ~asp_saturn_venus_sextile_orb5,4,10,-0.3734485754460364,-0.2234485754460364,0.2869089241217347,0.586008879103206,0.736008879103206,1.128449308001331,0.39244042889812486,0.586008879103206,7,97,24,0.9701697461034138,-0.2044341522827901,False,-0.9052880872991425,-0.7552880872991424,0.0,0.7552880872991424,,,validation,,0.3148582629797872,0.7211508218292756,0.4062925588494884,-0.8178278663975544,0.0,0.8178278663975544,True
~asp_neptune_sun_opp_orb3 & asp_neptune_uranus_conj_orb5 & ~asp_saturn_sun_sextile_orb5 & ~asp_saturn_venus_sextile_orb5,4,10,-0.3834274973915882,-0.2334274973915882,0.2769300021761829,0.5859713887146453,0.7359713887146453,1.1284118176127702,0.39244042889812486,0.5859713887146453,7,99,27,0.9701163292386228,-0.2044341522827901,False,-0.9052880872991425,-0.7552880872991424,0.0,0.7552880872991424,,,validation,,0.41019283785379185,0.8164853967032802,0.4062925588494884,-0.8178278663975544,0.0,0.8178278663975544,True
~asp_mars_pluto_sextile_orb5 & ~asp_neptune_sun_trine_orb1 & asp_neptune_uranus_conj_orb5 & ~asp_saturn_venus_sextile_orb5,4,10,-0.448134429899122,-0.298134429899122,0.21222306966864912,0.5858261664928895,0.7358261664928896,1.1282665953910145,0.39244042889812486,0.5858261664928895,7,59,28,0.9699094147063565,-0.2044341522827901,False,-0.9052880872991425,-0.7552880872991424,0.0,0.7552880872991424,,,validation,,0.35208204072269406,0.7583745995721825,0.4062925588494884,-0.8178278663975544,0.0,0.8178278663975544,True
~asp_mars_pluto_sextile_orb3 & ~asp_mars_pluto_square_orb3 & asp_neptune_uranus_conj_orb5 & ~asp_saturn_venus_sextile_orb5,4,10,-0.39917959390767066,-0.2491795939076707,0.2611779056601004,0.5857825299426808,0.7357825299426808,1.1282229588408057,0.39244042889812486,0.5857825299426808,8,97,26,0.9698472408547687,-0.2044341522827901,False,-0.9052880872991425,-0.7552880872991424,0.0,0.7552880872991424,,,validation,,0.44282141377499123,0.8491139726244796,0.4062925588494884,-0.8178278663975544,0.0,0.8178278663975544,True
asp_neptune_uranus_conj_orb5 & ~asp_neptune_venus_conj_orb5 & ~asp_saturn_sun_sextile_orb3 & ~asp_uranus_venus_square_orb3,4,10,-0.329136843643826,-0.17913684364382598,0.3312206559239451,0.5853891694563121,0.7353891694563122,1.127829598354437,0.39244042889812486,0.5853891694563121,6,95,27,0.969286778026391,-0.2044341522827901,False,-0.9052880872991425,-0.7552880872991424,0.0,0.7552880872991424,,,validation,,0.3027428107901647,0.7090353696396531,0.4062925588494884,-0.8178278663975544,0.0,0.8178278663975544,True
~asp_mars_sun_square_orb5 & ~asp_mercury_uranus_square_orb5 & asp_pluto_uranus_sextile_orb3 & ~asp_uranus_venus_sextile_orb5,4,10,-0.6407498087831144,-0.49074980878311436,0.01960769078465676,0.5853202957037124,0.7353202957037124,1.1277607246018373,0.39244042889812486,0.5853202957037124,17,136,21,0.9691886465183062,-0.2044341522827901,False,-0.9052880872991425,-0.7552880872991424,0.0,0.7552880872991424,,,validation,,0.5385799989291051,0.9448725577785935,0.4062925588494884,-0.8178278663975544,0.0,0.8178278663975544,True
~asp_mars_pluto_sextile_orb3 & asp_neptune_uranus_conj_orb5 & ~asp_pluto_sun_sextile_orb3 & ~asp_uranus_venus_square_orb3,4,10,-0.2777488951525581,-0.12774889515255805,0.38260860441521305,0.5852745419980027,0.7352745419980027,1.1277149708961276,0.39244042889812486,0.5852745419980027,7,77,27,0.9691234565656908,-0.2044341522827901,False,-0.9052880872991425,-0.7552880872991424,0.0,0.7552880872991424,,,validation,,0.42055365672513195,0.8268462155746203,0.4062925588494884,-0.8178278663975544,0.0,0.8178278663975544,True
~asp_mars_pluto_sextile_orb3 & asp_neptune_uranus_conj_orb5 & ~asp_saturn_sun_trine_orb3 & ~asp_saturn_venus_sextile_orb5,4,10,-0.3801743755260103,-0.23017437552601028,0.2801831240417608,0.5852604080228744,0.7352604080228744,1.1277008369209993,0.39244042889812486,0.5852604080228744,7,76,28,0.9691033184636022,-0.2044341522827901,False,-0.9052880872991425,-0.7552880872991424,0.0,0.7552880872991424,,,validation,,0.4529174530435603,0.8592100118930487,0.4062925588494884,-0.8178278663975544,0.0,0.8178278663975544,True
~asp_mars_pluto_sextile_orb3 & asp_neptune_uranus_conj_orb5 & ~asp_neptune_venus_conj_orb5 & ~asp_saturn_sun_sextile_orb5,4,10,-0.3241297791339429,-0.17412977913394295,0.33622772043382815,0.5852128270441338,0.7352128270441338,1.1276532559422587,0.39244042889812486,0.5852128270441338,6,100,21,0.9690355250651015,-0.2044341522827901,False,-0.9052880872991425,-0.7552880872991424,0.0,0.7552880872991424,,,validation,,0.29878398312921556,0.705076541978704,0.4062925588494884,-0.8178278663975544,0.0,0.8178278663975544,True
asp_pluto_uranus_sextile_orb3 & ~asp_saturn_venus_trine_orb5 & ~mars_ingress_3d & ~sun_sign_aries,4,10,-0.5326965217953634,-0.3826965217953634,0.12766097777240767,0.5851600412787238,0.7351600412787238,1.1276004701768487,0.39244042889812486,0.5851600412787238,29,41,38,0.968960315935304,-0.2044341522827901,False,-0.9052880872991425,-0.7552880872991424,0.0,0.7552880872991424,,,validation,,0.585236431917175,0.9915289907666633,0.4062925588494884,-0.8178278663975544,0.0,0.8178278663975544,True
asp_neptune_uranus_conj_orb5 & ~asp_neptune_venus_conj_orb5 & ~asp_saturn_sun_sextile_orb3 & ~asp_sun_uranus_trine_orb5,4,10,-0.38507338308684147,-0.2350733830868415,0.2752841164809296,0.5851423815032594,0.7351423815032594,1.1275828104013843,0.39244042889812486,0.5851423815032594,6,76,27,0.9689351543088043,-0.2044341522827901,False,-0.9052880872991425,-0.7552880872991424,0.0,0.7552880872991424,,,validation,,0.27397303932897826,0.6802655981784667,0.4062925588494884,-0.8178278663975544,0.0,0.8178278663975544,True
~asp_jupiter_sun_sextile_orb5 & ~asp_mercury_uranus_square_orb5 & asp_pluto_uranus_sextile_orb3 & ~mars_ingress_3d,4,10,-0.6819420579428639,-0.5319420579428639,-0.02158455837509274,0.5850665037477564,0.7350665037477564,1.1275069326458813,0.39244042889812486,0.5850665037477564,32,48,41,0.9688270438437281,-0.2044341522827901,False,-0.9052880872991425,-0.7552880872991424,0.0,0.7552880872991424,,,validation,,0.743811550021513,1.1501041088710013,0.4062925588494884,-0.8178278663975544,0.0,0.8178278663975544,True
~asp_jupiter_sun_sextile_orb5 & ~asp_mercury_sun_conj_orb3 & ~asp_moon_saturn_trine_orb1 & asp_pluto_uranus_sextile_orb3,4,10,-0.7143624368378678,-0.5643624368378678,-0.05400493727009666,0.5850565530305424,0.7350565530305424,1.1274969819286673,0.39244042889812486,0.5850565530305424,31,46,42,0.968812866091161,-0.2044341522827901,False,-0.9052880872991425,-0.7552880872991424,0.0,0.7552880872991424,,,validation,,0.6937673287760875,1.1000598876255758,0.4062925588494884,-0.8178278663975544,0.0,0.8178278663975544,True
~asp_mars_neptune_sextile_orb3 & ~asp_mars_pluto_sextile_orb3 & asp_neptune_uranus_conj_orb5 & ~asp_neptune_venus_conj_orb3,4,10,-0.3749346093463014,-0.22493460934630144,0.28542289022146966,0.5849963536699362,0.7349963536699362,1.1274367825680611,0.39244042889812486,0.5849963536699362,6,93,18,0.968727094260142,-0.2044341522827901,False,-0.9052880872991425,-0.7552880872991424,0.0,0.7552880872991424,,,validation,,0.3632558416441692,0.7695484004936576,0.4062925588494884,-0.8178278663975544,0.0,0.8178278663975544,True
~asp_mars_pluto_sextile_orb3 & ~asp_neptune_sun_square_orb3 & asp_neptune_uranus_conj_orb5 & ~asp_neptune_venus_conj_orb3,4,10,-0.3700649695281304,-0.22006496952813043,0.2902925300396407,0.5849727182127665,0.7349727182127666,1.1274131471108915,0.39244042889812486,0.5849727182127665,7,59,24,0.9686934185653939,-0.2044341522827901,False,-0.9052880872991425,-0.7552880872991424,0.0,0.7552880872991424,,,validation,,0.3505097065396922,0.7568022653891806,0.4062925588494884,-0.8178278663975544,0.0,0.8178278663975544,True
~asp_jupiter_sun_conj_orb3 & ~asp_mars_pluto_sextile_orb3 & asp_neptune_uranus_conj_orb5 & ~asp_pluto_sun_opp_orb5,4,10,-0.31044199401582306,-0.1604419940158231,0.349915505551948,0.5849235523786308,0.7349235523786308,1.1273639812767557,0.39244042889812486,0.5849235523786308,5,102,17,0.9686233673369677,-0.2044341522827901,False,-0.9052880872991425,-0.7552880872991424,0.0,0.7552880872991424,,,validation,,0.29725061671497705,0.7035431755644654,0.4062925588494884,-0.8178278663975544,0.0,0.8178278663975544,True
~asp_mercury_pluto_sextile_orb3 & asp_neptune_uranus_conj_orb5 & ~asp_neptune_venus_conj_orb5 & ~asp_sun_uranus_trine_orb5,4,10,-0.3652605299501527,-0.2152605299501527,0.2950969696176184,0.5849113585924356,0.7349113585924356,1.1273517874905605,0.39244042889812486,0.5849113585924356,7,62,25,0.9686059937001008,-0.2044341522827901,False,-0.9052880872991425,-0.7552880872991424,0.0,0.7552880872991424,,,validation,,0.3720610943753892,0.7783536532248776,0.4062925588494884,-0.8178278663975544,0.0,0.8178278663975544,True
~asp_jupiter_mercury_trine_orb1 & ~asp_mars_pluto_sextile_orb3 & asp_neptune_uranus_conj_orb5 & ~asp_neptune_venus_conj_orb3,4,10,-0.3077879253208313,-0.15778792532083136,0.35256957424693974,0.5849037121486308,0.7349037121486308,1.1273441410467557,0.39244042889812486,0.5849037121486308,7,97,23,0.9685950990921353,-0.2044341522827901,False,-0.9052880872991425,-0.7552880872991424,0.0,0.7552880872991424,,,validation,,0.3383672176666845,0.7446597765161729,0.4062925588494884,-0.8178278663975544,0.0,0.8178278663975544,True
~asp_mars_sun_square_orb5 & asp_pluto_uranus_sextile_orb3 & ~asp_saturn_venus_trine_orb5 & ~sun_sign_cancer,4,10,-0.619649497636099,-0.469649497636099,0.04070800193167214,0.5848999489191035,0.7348999489191035,1.1273403778172284,0.39244042889812486,0.5848999489191035,13,138,18,0.9685897372653469,-0.2044341522827901,False,-0.9052880872991425,-0.7552880872991424,0.0,0.7552880872991424,,,validation,,0.5993321901801227,1.005624749029611,0.4062925588494884,-0.8178278663975544,0.0,0.8178278663975544,True
~asp_mercury_uranus_square_orb5 & asp_pluto_uranus_sextile_orb3 & ~mars_ingress_5d & ~mercury_sign_aries,4,10,-0.7252312045173571,-0.5752312045173571,-0.06487370494958597,0.5848932955610632,0.7348932955610632,1.1273337244591881,0.39244042889812486,0.5848932955610632,30,41,38,0.9685802576015088,-0.2044341522827901,False,-0.9052880872991425,-0.7552880872991424,0.0,0.7552880872991424,,,validation,,0.6800886092883303,1.0863811681378186,0.4062925588494884,-0.8178278663975544,0.0,0.8178278663975544,True
~asp_mars_pluto_sextile_orb3 & ~asp_mercury_venus_conj_orb1 & asp_neptune_uranus_conj_orb5 & ~asp_neptune_venus_conj_orb5,4,10,-0.3363179354318744,-0.18631793543187442,0.3240395641358967,0.5848167882425633,0.7348167882425634,1.1272572171406883,0.39244042889812486,0.5848167882425633,7,74,20,0.9684712505032456,-0.2044341522827901,False,-0.9052880872991425,-0.7552880872991424,0.0,0.7552880872991424,,,validation,,0.3711351210564346,0.777427679905923,0.4062925588494884,-0.8178278663975544,0.0,0.8178278663975544,True
~asp_mars_pluto_sextile_orb3 & ~asp_mercury_neptune_sextile_orb3 & asp_neptune_uranus_conj_orb5 & ~asp_neptune_venus_conj_orb3,4,10,-0.4465027620224086,-0.2965027620224086,0.2138547375453625,0.5847257962605285,0.7347257962605285,1.1271662251586534,0.39244042889812486,0.5847257962605285,7,83,27,0.9683416059030396,-0.2044341522827901,False,-0.9052880872991425,-0.7552880872991424,0.0,0.7552880872991424,,,validation,,0.38839471885003635,0.7946872776995247,0.4062925588494884,-0.8178278663975544,0.0,0.8178278663975544,True
~asp_jupiter_mercury_conj_orb3 & ~asp_mars_pluto_sextile_orb3 & asp_neptune_uranus_conj_orb5 & ~asp_neptune_venus_conj_orb3,4,10,-0.3649431421835754,-0.21494314218357535,0.29541435738419575,0.5847210306262952,0.7347210306262952,1.1271614595244202,0.39244042889812486,0.5847210306262952,6,95,20,0.9683348158724017,-0.2044341522827901,False,-0.9052880872991425,-0.7552880872991424,0.0,0.7552880872991424,,,validation,,0.34618094318992215,0.7524735020394105,0.4062925588494884,-0.8178278663975544,0.0,0.8178278663975544,True
~asp_mars_pluto_sextile_orb3 & asp_neptune_uranus_conj_orb5 & ~asp_saturn_sun_square_orb5 & ~asp_uranus_venus_square_orb3,4,10,-0.28716215115359245,-0.13716215115359248,0.3731953484141786,0.5846541893074474,0.7346541893074474,1.1270946182055723,0.39244042889812486,0.5846541893074474,7,92,28,0.9682395810387068,-0.2044341522827901,False,-0.9052880872991425,-0.7552880872991424,0.0,0.7552880872991424,,,validation,,0.4367021358165742,0.8429946946660626,0.4062925588494884,-0.8178278663975544,0.0,0.8178278663975544,True
~asp_mars_pluto_sextile_orb3 & ~asp_mercury_uranus_sextile_orb1 & asp_neptune_uranus_conj_orb5 & ~asp_neptune_venus_conj_orb5,4,10,-0.3714925254577335,-0.22149252545773346,0.28886497411003764,0.5845744522950734,0.7345744522950735,1.1270148811931984,0.39244042889812486,0.5845744522950734,6,91,22,0.9681259726638822,-0.2044341522827901,False,-0.9052880872991425,-0.7552880872991424,0.0,0.7552880872991424,,,validation,,0.3613507383292072,0.7676432971786956,0.4062925588494884,-0.8178278663975544,0.0,0.8178278663975544,True
~asp_mars_pluto_sextile_orb3 & asp_neptune_uranus_conj_orb5 & ~asp_saturn_venus_conj_orb5 & ~asp_saturn_venus_sextile_orb5,4,10,-0.3282295742248035,-0.17822957422480346,0.33212792534296764,0.5845358628308223,0.7345358628308223,1.1269762917289472,0.39244042889812486,0.5845358628308223,7,97,24,0.9680709908845329,-0.2044341522827901,False,-0.9052880872991425,-0.7552880872991424,0.0,0.7552880872991424,,,validation,,0.41164948457504486,0.8179420434245332,0.4062925588494884,-0.8178278663975544,0.0,0.8178278663975544,True
~asp_neptune_sun_opp_orb5 & asp_neptune_uranus_conj_orb5 & ~asp_neptune_venus_conj_orb5 & ~asp_saturn_sun_sextile_orb5,4,10,-0.39031597314248734,-0.24031597314248732,0.2700415264252838,0.5845139289667297,0.7345139289667297,1.1269543578648547,0.39244042889812486,0.5845139289667297,6,100,22,0.9680397398058516,-0.2044341522827901,False,-0.9052880872991425,-0.7552880872991424,0.0,0.7552880872991424,,,validation,,0.2873107478564188,0.6936033067059072,0.4062925588494884,-0.8178278663975544,0.0,0.8178278663975544,True
~asp_mars_sun_square_orb5 & asp_pluto_uranus_sextile_orb3 & ~asp_saturn_venus_trine_orb3 & ~venus_sign_aries,4,10,-0.49815071846092507,-0.34815071846092505,0.16220678110684603,0.5844384409113469,0.7344384409113469,1.1268788698094718,0.39244042889812486,0.5844384409113469,13,129,17,0.9679321854962959,-0.2044341522827901,False,-0.9052880872991425,-0.7552880872991424,0.0,0.7552880872991424,,,validation,,0.4962024959557793,0.9024950548052677,0.4062925588494884,-0.8178278663975544,0.0,0.8178278663975544,True
~asp_jupiter_sun_conj_orb3 & ~asp_mars_pluto_sextile_orb3 & asp_neptune_uranus_conj_orb5 & ~venus_sign_taurus,4,10,-0.3449082268818924,-0.19490822688189235,0.31544927268587875,0.5843297972102574,0.7343297972102574,1.1267702261083823,0.39244042889812486,0.5843297972102574,5,102,17,0.9677773916856705,-0.2044341522827901,False,-0.9052880872991425,-0.7552880872991424,0.0,0.7552880872991424,,,validation,,0.2794772690914636,0.685769827940952,0.4062925588494884,-0.8178278663975544,0.0,0.8178278663975544,True
~asp_mars_pluto_sextile_orb3 & asp_neptune_uranus_conj_orb5,2,4,-0.2266809661230312,-0.1866809661230312,0.3236765334447399,0.584195412748514,0.6241954127485141,1.016635841646639,0.39244042889812486,0.584195412748514,3,133,8,0.810972436233824,-0.2044341522827901,False,-0.7952880872991425,-0.7552880872991424,0.0,0.7552880872991424,,,validation,,0.3119782135664175,0.7182707724159059,0.4062925588494884,-0.8178278663975544,0.0,0.8178278663975544,True
~asp_mars_pluto_sextile_orb3 & asp_neptune_uranus_conj_orb5 & ~asp_uranus_venus_square_orb3 & ~venus_sign_leo,4,10,-0.20421672997238935,-0.054216729972389355,0.45614076959538175,0.5841379739819698,0.7341379739819698,1.1265784028800947,0.39244042889812486,0.5841379739819698,6,92,25,0.9675040855664965,-0.2044341522827901,False,-0.9052880872991425,-0.7552880872991424,0.0,0.7552880872991424,,,validation,,0.32760545551488035,0.7338980143643687,0.4062925588494884,-0.8178278663975544,0.0,0.8178278663975544,True
~asp_jupiter_sun_sextile_orb5 & ~asp_moon_saturn_trine_orb1 & asp_pluto_uranus_sextile_orb3 & ~mars_ingress_5d,4,10,-0.5954256894534491,-0.44542568945344907,0.06493181011432202,0.5841132894475133,0.7341132894475133,1.1265537183456382,0.39244042889812486,0.5841132894475133,34,72,45,0.9674689155585225,-0.2044341522827901,False,-0.9052880872991425,-0.7552880872991424,0.0,0.7552880872991424,,,validation,,0.7911459001463568,1.1974384589958451,0.4062925588494884,-0.8178278663975544,0.0,0.8178278663975544,True
~asp_mars_pluto_sextile_orb3 & asp_neptune_uranus_conj_orb5 & ~asp_sun_uranus_trine_orb5,3,7,-0.30833025347056653,-0.20333025347056655,0.30702724609720455,0.5840478297633018,0.6890478297633018,1.0814882586614267,0.39244042889812486,0.5840478297633018,5,94,18,0.9032798429390885,-0.2044341522827901,False,-0.8602880872991424,-0.7552880872991424,0.0,0.7552880872991424,,,validation,,0.36073600304086323,0.7670285618903516,0.4062925588494884,-0.8178278663975544,0.0,0.8178278663975544,True
~asp_jupiter_sun_sextile_orb5 & ~asp_moon_saturn_trine_orb1 & asp_pluto_uranus_sextile_orb3 & ~sun_sign_cancer,4,10,-0.6401795084043633,-0.49017950840436336,0.020177991163407755,0.5839549563555898,0.7339549563555898,1.1263953852537147,0.39244042889812486,0.5839549563555898,19,95,26,0.96724332616185,-0.2044341522827901,False,-0.9052880872991425,-0.7552880872991424,0.0,0.7552880872991424,,,validation,,0.7181014070528211,1.1243939659023094,0.4062925588494884,-0.8178278663975544,0.0,0.8178278663975544,True
~asp_jupiter_sun_conj_orb3 & ~asp_mars_pluto_sextile_orb3 & ~asp_neptune_sun_trine_orb1 & asp_neptune_uranus_conj_orb5,4,10,-0.36039319887217036,-0.21039319887217034,0.29996430069560076,0.5838337761494475,0.7338337761494476,1.1262742050475725,0.39244042889812486,0.5838337761494475,6,93,22,0.9670706716791042,-0.2044341522827901,False,-0.9052880872991425,-0.7552880872991424,0.0,0.7552880872991424,,,validation,,0.31075032038980693,0.7170428792392953,0.4062925588494884,-0.8178278663975544,0.0,0.8178278663975544,True
~asp_jupiter_moon_square_orb1 & ~asp_mars_pluto_sextile_orb3 & asp_neptune_uranus_conj_orb5 & ~asp_sun_uranus_trine_orb5,4,10,-0.42469924613873344,-0.2746992461387335,0.23565825342903762,0.5837260923302744,0.7337260923302744,1.1261665212283993,0.39244042889812486,0.5837260923302744,8,94,31,0.9669172467426945,-0.2044341522827901,False,-0.9052880872991425,-0.7552880872991424,0.0,0.7552880872991424,,,validation,,0.42209848239667874,0.8283910412461671,0.4062925588494884,-0.8178278663975544,0.0,0.8178278663975544,True
~asp_mars_pluto_sextile_orb3 & ~asp_moon_saturn_opp_orb3 & asp_neptune_uranus_conj_orb5 & ~asp_saturn_venus_sextile_orb5,4,10,-0.3739572241684519,-0.22395722416845187,0.2864002753993192,0.5837030443988075,0.7337030443988075,1.1261434732969324,0.39244042889812486,0.5837030443988075,10,77,37,0.9668844087143691,-0.2044341522827901,False,-0.9052880872991425,-0.7552880872991424,0.0,0.7552880872991424,,,validation,,0.45931886709520214,0.8656114259446905,0.4062925588494884,-0.8178278663975544,0.0,0.8178278663975544,True
~asp_mercury_uranus_square_orb3 & ~asp_moon_saturn_trine_orb1 & asp_pluto_uranus_sextile_orb3 & ~mars_ingress_3d,4,10,-0.6957076815650314,-0.5457076815650314,-0.03535018199726022,0.5835416070304676,0.7335416070304677,1.1259820359285926,0.39244042889812486,0.5835416070304676,37,50,49,0.9666543976918383,-0.2044341522827901,False,-0.9052880872991425,-0.7552880872991424,0.0,0.7552880872991424,,,validation,,0.6594707898538517,1.06576334870334,0.4062925588494884,-0.8178278663975544,0.0,0.8178278663975544,True
~asp_mars_pluto_sextile_orb3 & asp_neptune_uranus_conj_orb5 & ~asp_saturn_venus_sextile_orb5 & ~mars_ingress_3d,4,10,-0.4713278131492,-0.32132781314920006,0.18902968641857104,0.5835249477283472,0.7335249477283472,1.1259653766264721,0.39244042889812486,0.5835249477283472,11,64,48,0.9666306620564253,-0.2044341522827901,False,-0.9052880872991425,-0.7552880872991424,0.0,0.7552880872991424,,,validation,,0.4409052022450978,0.8471977610945862,0.4062925588494884,-0.8178278663975544,0.0,0.8178278663975544,True
~asp_mars_sun_square_orb3 & asp_pluto_uranus_sextile_orb3 & ~asp_saturn_venus_trine_orb3 & ~asp_uranus_venus_sextile_orb5,4,10,-0.6710182339472375,-0.5210182339472375,-0.010660734379466363,0.5834952841852438,0.7334952841852438,1.1259357130833687,0.39244042889812486,0.5834952841852438,17,142,20,0.9665883984118067,-0.2044341522827901,False,-0.9052880872991425,-0.7552880872991424,0.0,0.7552880872991424,,,validation,,0.5603750549667339,0.9666676138162222,0.4062925588494884,-0.8178278663975544,0.0,0.8178278663975544,True
~asp_mars_pluto_sextile_orb3 & asp_neptune_uranus_conj_orb5 & ~asp_neptune_venus_conj_orb3 & ~asp_saturn_venus_trine_orb5,4,10,-0.286147333345078,-0.13614733334507806,0.37421016622269304,0.583349083627892,0.733349083627892,1.1257895125260169,0.39244042889812486,0.583349083627892,6,93,22,0.9663800968931358,-0.2044341522827901,False,-0.9052880872991425,-0.7552880872991424,0.0,0.7552880872991424,,,validation,,0.30852865879296304,0.7148212176424514,0.4062925588494884,-0.8178278663975544,0.0,0.8178278663975544,True
~asp_mars_sun_square_orb3 & ~asp_mercury_uranus_square_orb5 & asp_pluto_uranus_sextile_orb3 & ~mars_ingress_3d,4,10,-0.7111628885666555,-0.5611628885666555,-0.05080538899888447,0.5833364569858907,0.7333364569858907,1.1257768858840156,0.39244042889812486,0.5833364569858907,31,50,40,0.9663621069077495,-0.2044341522827901,False,-0.9052880872991425,-0.7552880872991424,0.0,0.7552880872991424,,,validation,,0.6361764688493992,1.0424690276988875,0.4062925588494884,-0.8178278663975544,0.0,0.8178278663975544,True
~asp_mars_pluto_sextile_orb3 & asp_neptune_uranus_conj_orb5 & ~asp_neptune_venus_conj_orb3 & ~asp_pluto_venus_square_orb3,4,10,-0.3790211052382332,-0.22902110523823316,0.28133639432953794,0.583291296407117,0.733291296407117,1.125731725305242,0.39244042889812486,0.583291296407117,6,79,23,0.9662977637644321,-0.2044341522827901,False,-0.9052880872991425,-0.7552880872991424,0.0,0.7552880872991424,,,validation,,0.3389444757902342,0.7452370346397226,0.4062925588494884,-0.8178278663975544,0.0,0.8178278663975544,True
asp_neptune_uranus_conj_orb5 & ~asp_saturn_sun_sextile_orb3 & ~asp_saturn_sun_trine_orb3 & ~asp_saturn_venus_sextile_orb5,4,10,-0.4097429680993351,-0.2597429680993351,0.250614531468436,0.583287249692174,0.7332872496921741,1.125727678590299,0.39244042889812486,0.583287249692174,8,77,32,0.9662919981546829,-0.2044341522827901,False,-0.9052880872991425,-0.7552880872991424,0.0,0.7552880872991424,,,validation,,0.44377183023379646,0.8500643890832849,0.4062925588494884,-0.8178278663975544,0.0,0.8178278663975544,True
~asp_mars_pluto_sextile_orb3 & ~asp_mercury_saturn_opp_orb3 & asp_neptune_uranus_conj_orb5 & ~asp_neptune_venus_conj_orb3,4,10,-0.4035912508417797,-0.25359125084177975,0.25676624872599135,0.5832796045490477,0.7332796045490477,1.1257200334471726,0.39244042889812486,0.5832796045490477,6,93,19,0.9662811056384353,-0.2044341522827901,False,-0.9052880872991425,-0.7552880872991424,0.0,0.7552880872991424,,,validation,,0.38323476217902913,0.7895273210285175,0.4062925588494884,-0.8178278663975544,0.0,0.8178278663975544,True
~asp_moon_saturn_trine_orb1 & asp_pluto_uranus_sextile_orb3 & ~sun_sign_cancer & ~venus_sign_aries,4,10,-0.4647236225795409,-0.3147236225795409,0.1956338769882302,0.5832752704961578,0.7332752704961578,1.1257156993942827,0.39244042889812486,0.5832752704961578,16,128,21,0.9662749306411946,-0.2044341522827901,False,-0.9052880872991425,-0.7552880872991424,0.0,0.7552880872991424,,,validation,,0.572088289071256,0.9783808479207443,0.4062925588494884,-0.8178278663975544,0.0,0.8178278663975544,True
~asp_mars_sun_square_orb3 & asp_pluto_uranus_sextile_orb3 & ~asp_saturn_venus_trine_orb5 & ~mercury_sign_cancer,4,10,-0.6424662809432569,-0.49246628094325684,0.01789121862451425,0.5831915394838668,0.7331915394838668,1.1256319683819918,0.39244042889812486,0.5831915394838668,13,145,17,0.966155633882178,-0.2044341522827901,False,-0.9052880872991425,-0.7552880872991424,0.0,0.7552880872991424,,,validation,,0.639983776998263,1.0462763358477514,0.4062925588494884,-0.8178278663975544,0.0,0.8178278663975544,True
asp_pluto_uranus_sextile_orb3 & ~asp_saturn_venus_trine_orb5 & ~mars_ingress_3d & ~mercury_sign_aries,4,10,-0.6898999717658351,-0.539899971765835,-0.029542472198063968,0.5831310554345964,0.7331310554345964,1.1255714843327214,0.39244042889812486,0.5831310554345964,30,41,39,0.9660694585948695,-0.2044341522827901,False,-0.9052880872991425,-0.7552880872991424,0.0,0.7552880872991424,,,validation,,0.6186087100172781,1.0249012688667665,0.4062925588494884,-0.8178278663975544,0.0,0.8178278663975544,True
~asp_mercury_pluto_sextile_orb3 & asp_neptune_uranus_conj_orb5 & ~asp_saturn_venus_sextile_orb5 & ~asp_uranus_venus_square_orb3,4,10,-0.33598674442827126,-0.1859867444282713,0.3243707551394998,0.5830909547017743,0.7330909547017743,1.1255313835998992,0.39244042889812486,0.5830909547017743,8,58,28,0.9660123246914234,-0.2044341522827901,False,-0.9052880872991425,-0.7552880872991424,0.0,0.7552880872991424,,,validation,,0.44899879853335817,0.8552913573828466,0.4062925588494884,-0.8178278663975544,0.0,0.8178278663975544,True
~asp_mars_sun_square_orb5 & asp_pluto_uranus_sextile_orb3 & ~asp_saturn_venus_trine_orb3 & ~sun_sign_cancer,4,10,-0.6321900431840973,-0.48219004318409736,0.028167456383673715,0.5830850596631055,0.7330850596631056,1.1255254885612305,0.39244042889812486,0.5830850596631055,13,138,18,0.9660039256811792,-0.2044341522827901,False,-0.9052880872991425,-0.7552880872991424,0.0,0.7552880872991424,,,validation,,0.5955553673681766,1.001847926217665,0.4062925588494884,-0.8178278663975544,0.0,0.8178278663975544,True
~asp_mercury_sun_conj_orb1 & ~asp_mercury_uranus_square_orb5 & asp_pluto_uranus_sextile_orb3 & ~mars_ingress_3d,4,10,-0.6968860880278045,-0.5468860880278045,-0.03652858846003339,0.5828682326551443,0.7328682326551443,1.1253086615532693,0.39244042889812486,0.5828682326551443,42,50,52,0.9656949998824298,-0.2044341522827901,False,-0.9052880872991425,-0.7552880872991424,0.0,0.7552880872991424,,,validation,,0.6523147014586177,1.058607260308106,0.4062925588494884,-0.8178278663975544,0.0,0.8178278663975544,True
~asp_mars_sun_square_orb5 & asp_pluto_uranus_sextile_orb3 & ~asp_saturn_venus_trine_orb5 & ~mars_ingress_5d,4,10,-0.6477423348867225,-0.49774233488672254,0.012615164681048566,0.5826927520506745,0.7326927520506745,1.1251331809487994,0.39244042889812486,0.5826927520506745,28,66,36,0.9654449833222307,-0.2044341522827901,False,-0.9052880872991425,-0.7552880872991424,0.0,0.7552880872991424,,,validation,,0.6737660582615499,1.0800586171110382,0.4062925588494884,-0.8178278663975544,0.0,0.8178278663975544,True
~asp_mars_pluto_sextile_orb3 & asp_neptune_uranus_conj_orb5 & ~asp_pluto_sun_square_orb5 & ~asp_saturn_venus_sextile_orb5,4,10,-0.3993008453791256,-0.2493008453791256,0.2610566541886455,0.5825033114986472,0.7325033114986472,1.1249437403967721,0.39244042889812486,0.5825033114986472,7,72,26,0.9651750779446286,-0.2044341522827901,False,-0.9052880872991425,-0.7552880872991424,0.0,0.7552880872991424,,,validation,,0.47202017706440663,0.878312735913895,0.4062925588494884,-0.8178278663975544,0.0,0.8178278663975544,True
~asp_jupiter_moon_square_orb3 & ~asp_mars_sun_square_orb5 & asp_pluto_uranus_sextile_orb3 & ~asp_saturn_venus_trine_orb5,4,10,-0.5979245144731976,-0.44792451447319764,0.06243298509457348,0.5823934672754744,0.7323934672754744,1.1248338961735993,0.39244042889812486,0.5823934672754744,34,62,40,0.9650185777313232,-0.2044341522827901,False,-0.9052880872991425,-0.7552880872991424,0.0,0.7552880872991424,,,validation,,0.5195539634773547,0.9258465223268432,0.4062925588494884,-0.8178278663975544,0.0,0.8178278663975544,True
asp_pluto_uranus_sextile_orb3 & ~asp_saturn_venus_trine_orb5 & ~asp_uranus_venus_sextile_orb5 & ~sun_sign_cancer,4,10,-0.6905886252667494,-0.5405886252667493,-0.030231125698978286,0.5823719538847415,0.7323719538847415,1.1248123827828664,0.39244042889812486,0.5823719538847415,16,94,21,0.9649879266222852,-0.2044341522827901,False,-0.9052880872991425,-0.7552880872991424,0.0,0.7552880872991424,,,validation,,0.6259583194880902,1.0322508783375786,0.4062925588494884,-0.8178278663975544,0.0,0.8178278663975544,True
~asp_mars_pluto_sextile_orb3 & ~asp_mars_sun_sextile_orb5 & asp_neptune_uranus_conj_orb5 & ~asp_saturn_venus_sextile_orb5,4,10,-0.3834684245966389,-0.23346842459663886,0.27688907497113224,0.5822689761310388,0.7322689761310388,1.1247094050291637,0.39244042889812486,0.5822689761310388,6,84,21,0.9648412096425376,-0.2044341522827901,False,-0.9052880872991425,-0.7552880872991424,0.0,0.7552880872991424,,,validation,,0.3977315725118969,0.8040241313613853,0.4062925588494884,-0.8178278663975544,0.0,0.8178278663975544,True
asp_neptune_uranus_conj_orb5 & ~asp_neptune_venus_conj_orb3 & ~asp_saturn_sun_sextile_orb5 & ~venus_sign_libra,4,10,-0.30255549920888836,-0.1525554992088884,0.3578020003588827,0.5822348452656104,0.7322348452656104,1.1246752741637354,0.39244042889812486,0.5822348452656104,6,83,21,0.9647925819274168,-0.2044341522827901,False,-0.9052880872991425,-0.7552880872991424,0.0,0.7552880872991424,,,validation,,0.4037197510422548,0.8100123098917432,0.4062925588494884,-0.8178278663975544,0.0,0.8178278663975544,True
~asp_mars_pluto_sextile_orb3 & ~asp_neptune_sun_opp_orb5 & asp_neptune_uranus_conj_orb5 & ~asp_neptune_venus_conj_orb3,4,10,-0.3895911461118352,-0.23959114611183518,0.2707663534559359,0.582188325038531,0.732188325038531,1.124628753936656,0.39244042889812486,0.582188325038531,5,102,17,0.9647263025907076,-0.2044341522827901,False,-0.9052880872991425,-0.7552880872991424,0.0,0.7552880872991424,,,validation,,0.33591238900476755,0.742204947854256,0.4062925588494884,-0.8178278663975544,0.0,0.8178278663975544,True
~asp_mars_neptune_sextile_orb3 & ~asp_mars_pluto_sextile_orb3 & asp_neptune_uranus_conj_orb5 & ~asp_neptune_venus_conj_orb5,4,10,-0.37197585194471616,-0.2219758519447162,0.2883816476230549,0.5819176446403401,0.7319176446403401,1.124358073538465,0.39244042889812486,0.5819176446403401,6,91,18,0.9643406535927599,-0.2044341522827901,False,-0.9052880872991425,-0.7552880872991424,0.0,0.7552880872991424,,,validation,,0.37492933493387265,0.781221893783361,0.4062925588494884,-0.8178278663975544,0.0,0.8178278663975544,True
~asp_mars_pluto_sextile_orb3 & ~asp_neptune_sun_square_orb3 & asp_neptune_uranus_conj_orb5 & ~asp_neptune_venus_conj_orb5,4,10,-0.3670315240866615,-0.21703152408666154,0.29332597548110956,0.581898403471023,0.731898403471023,1.124338832369148,0.39244042889812486,0.581898403471023,7,59,24,0.9643132399963537,-0.2044341522827901,False,-0.9052880872991425,-0.7552880872991424,0.0,0.7552880872991424,,,validation,,0.3611295431094412,0.7674221019589296,0.4062925588494884,-0.8178278663975544,0.0,0.8178278663975544,True
~asp_mars_pluto_sextile_orb3 & ~asp_moon_saturn_trine_orb1 & asp_neptune_uranus_conj_orb5 & ~asp_uranus_venus_square_orb3,4,10,-0.2811373114791882,-0.13113731147918822,0.3792201880885829,0.581816694714275,0.731816694714275,1.1242571236124,0.39244042889812486,0.581816694714275,6,92,28,0.9641968266265581,-0.2044341522827901,False,-0.9052880872991425,-0.7552880872991424,0.0,0.7552880872991424,,,validation,,0.3860284957486994,0.7923210545981878,0.4062925588494884,-0.8178278663975544,0.0,0.8178278663975544,True
~asp_mercury_pluto_sextile_orb3 & asp_neptune_uranus_conj_orb5 & ~asp_neptune_venus_conj_orb3 & ~asp_pluto_sun_opp_orb5,4,10,-0.3552963162177655,-0.20529631621776545,0.30506118335000565,0.5817581980007344,0.7317581980007344,1.1241986268988593,0.39244042889812486,0.5817581980007344,6,75,22,0.9641134843583241,-0.2044341522827901,False,-0.9052880872991425,-0.7552880872991424,0.0,0.7552880872991424,,,validation,,0.30604522848057375,0.7123377873300621,0.4062925588494884,-0.8178278663975544,0.0,0.8178278663975544,True
~asp_jupiter_mercury_trine_orb1 & ~asp_mars_pluto_sextile_orb3 & asp_neptune_uranus_conj_orb5 & ~asp_neptune_venus_conj_orb5,4,10,-0.3047349444198145,-0.15473494441981456,0.35562255514795654,0.5817181494371436,0.7317181494371436,1.1241585783352686,0.39244042889812486,0.5817181494371436,7,95,23,0.9640564258380344,-0.2044341522827901,False,-0.9052880872991425,-0.7552880872991424,0.0,0.7552880872991424,,,validation,,0.3481698732191953,0.7544624320686837,0.4062925588494884,-0.8178278663975544,0.0,0.8178278663975544,True
~asp_mars_pluto_sextile_orb3 & ~asp_mercury_neptune_sextile_orb3 & asp_neptune_uranus_conj_orb5 & ~asp_neptune_venus_conj_orb5,4,10,-0.44357874264732156,-0.29357874264732153,0.21677875692044957,0.5816047567130452,0.7316047567130453,1.1240451856111702,0.39244042889812486,0.5816047567130452,7,83,27,0.9638948716200928,-0.2044341522827901,False,-0.9052880872991425,-0.7552880872991424,0.0,0.7552880872991424,,,validation,,0.3994905108737166,0.805783069723205,0.4062925588494884,-0.8178278663975544,0.0,0.8178278663975544,True
~asp_mars_pluto_sextile_orb3 & ~asp_mercury_venus_sextile_orb1 & asp_neptune_uranus_conj_orb5 & ~asp_neptune_venus_conj_orb3,4,10,-0.3871074081929291,-0.23710740819292914,0.27325009137484196,0.5815898225590549,0.7315898225590549,1.1240302514571798,0.39244042889812486,0.5815898225590549,7,102,23,0.963873594474622,-0.2044341522827901,False,-0.9052880872991425,-0.7552880872991424,0.0,0.7552880872991424,,,validation,,0.34366353935314137,0.7499560982026298,0.4062925588494884,-0.8178278663975544,0.0,0.8178278663975544,True
~asp_mars_pluto_sextile_orb3 & ~asp_mars_sun_sextile_orb3 & asp_neptune_uranus_conj_orb5 & ~asp_neptune_venus_conj_orb3,4,10,-0.30938169000398685,-0.1593816900039869,0.3509758095637842,0.5815790620800311,0.7315790620800311,1.124019490978156,0.39244042889812486,0.5815790620800311,5,93,17,0.9638582636940434,-0.2044341522827901,False,-0.9052880872991425,-0.7552880872991424,0.0,0.7552880872991424,,,validation,,0.335591516436801,0.7418840752862894,0.4062925588494884,-0.8178278663975544,0.0,0.8178278663975544,True
~asp_jupiter_mercury_conj_orb3 & ~asp_mars_pluto_sextile_orb3 & asp_neptune_uranus_conj_orb5 & ~asp_neptune_venus_conj_orb5,4,10,-0.36197385058677045,-0.21197385058677048,0.2983836489810006,0.5815745914226605,0.7315745914226606,1.1240150203207855,0.39244042889812486,0.5815745914226605,6,95,20,0.96385189421365,-0.2044341522827901,False,-0.9052880872991425,-0.7552880872991424,0.0,0.7552880872991424,,,validation,,0.3562478852980155,0.7625404441475039,0.4062925588494884,-0.8178278663975544,0.0,0.8178278663975544,True
~asp_jupiter_mercury_opp_orb5 & ~asp_mars_pluto_sextile_orb5 & asp_neptune_uranus_conj_orb5 & ~asp_neptune_venus_conj_orb3,4,10,-0.40210119113098053,-0.25210119113098056,0.25825630843679054,0.5814512420412187,0.7314512420412187,1.1238916709393436,0.39244042889812486,0.5814512420412187,6,100,18,0.9636761547806969,-0.2044341522827901,False,-0.9052880872991425,-0.7552880872991424,0.0,0.7552880872991424,,,validation,,0.1306333102515284,0.5369258691010168,0.4062925588494884,-0.8178278663975544,0.0,0.8178278663975544,True
~asp_jupiter_mercury_trine_orb3 & ~asp_mars_pluto_sextile_orb3 & asp_neptune_uranus_conj_orb5 & ~asp_saturn_venus_sextile_orb5,4,10,-0.29862921942618736,-0.1486292194261874,0.3617282801415837,0.5810501863520131,0.7310501863520131,1.123490615250138,0.39244042889812486,0.5810501863520131,8,92,29,0.9631047611504429,-0.2044341522827901,False,-0.9052880872991425,-0.7552880872991424,0.0,0.7552880872991424,,,validation,,0.4199240064780641,0.8262165653275525,0.4062925588494884,-0.8178278663975544,0.0,0.8178278663975544,True
~asp_jupiter_sun_conj_orb5 & ~asp_mars_pluto_sextile_orb3 & ~asp_mars_venus_sextile_orb5 & asp_neptune_uranus_conj_orb5,4,10,-0.4136755695147366,-0.2636755695147366,0.24668193005303454,0.5809817970893775,0.7309817970893775,1.1234222259875024,0.39244042889812486,0.5809817970893775,5,133,17,0.963007325640217,-0.2044341522827901,False,-0.9052880872991425,-0.7552880872991424,0.0,0.7552880872991424,,,validation,,0.34948062004450026,0.7557731788939887,0.4062925588494884,-0.8178278663975544,0.0,0.8178278663975544,True
~asp_mercury_pluto_sextile_orb3 & asp_neptune_uranus_conj_orb5 & ~asp_neptune_venus_conj_orb3 & ~venus_sign_taurus,4,10,-0.3900189743141893,-0.24001897431418928,0.2703385252535818,0.5809807186677499,0.7309807186677499,1.1234211475658749,0.39244042889812486,0.5809807186677499,6,75,22,0.9630057891927042,-0.2044341522827901,False,-0.9052880872991425,-0.7552880872991424,0.0,0.7552880872991424,,,validation,,0.28865154711281454,0.6949441059623029,0.4062925588494884,-0.8178278663975544,0.0,0.8178278663975544,True
~asp_mars_sun_square_orb5 & asp_pluto_uranus_sextile_orb3 & ~asp_saturn_venus_trine_orb3 & ~mars_ingress_5d,4,10,-0.6598421187302015,-0.5098421187302015,0.000515380837569612,0.5807799984200174,0.7307799984200174,1.1232204273181423,0.39244042889812486,0.5807799984200174,28,66,36,0.9627198196803279,-0.2044341522827901,False,-0.9052880872991425,-0.7552880872991424,0.0,0.7552880872991424,,,validation,,0.6697155105272106,1.076008069376699,0.4062925588494884,-0.8178278663975544,0.0,0.8178278663975544,True
~asp_jupiter_sun_conj_orb5 & ~asp_mars_pluto_sextile_orb3 & asp_neptune_uranus_conj_orb5 & ~mercury_sign_leo,4,10,-0.4138592115823212,-0.2638592115823212,0.24649828798544993,0.5807610317585089,0.7307610317585089,1.1232014606566338,0.39244042889812486,0.5807610317585089,5,133,17,0.9626927975986241,-0.2044341522827901,False,-0.9052880872991425,-0.7552880872991424,0.0,0.7552880872991424,,,validation,,0.37420180007821296,0.7804943589277014,0.4062925588494884,-0.8178278663975544,0.0,0.8178278663975544,True
~asp_mercury_pluto_sextile_orb3 & ~asp_neptune_sun_trine_orb1 & asp_neptune_uranus_conj_orb5 & ~asp_neptune_venus_conj_orb3,4,10,-0.4033607681910856,-0.25336076819108555,0.25699673137668555,0.580745931374867,0.730745931374867,1.123186360272992,0.39244042889812486,0.580745931374867,7,69,27,0.9626712838648073,-0.2044341522827901,False,-0.9052880872991425,-0.7552880872991424,0.0,0.7552880872991424,,,validation,,0.3190723009107869,0.7253648597602753,0.4062925588494884,-0.8178278663975544,0.0,0.8178278663975544,True
~asp_mars_pluto_sextile_orb5 & ~asp_mars_sun_square_orb1 & asp_neptune_uranus_conj_orb5 & ~asp_neptune_venus_conj_orb3,4,10,-0.37634349465401074,-0.2263434946540107,0.2840140049137604,0.5807361691608973,0.7307361691608973,1.1231765980590223,0.39244042889812486,0.5807361691608973,5,100,17,0.9626573755004442,-0.2044341522827901,False,-0.9052880872991425,-0.7552880872991424,0.0,0.7552880872991424,,,validation,,0.2573018923609321,0.6635944512104205,0.4062925588494884,-0.8178278663975544,0.0,0.8178278663975544,True
~asp_mercury_uranus_square_orb5 & asp_pluto_uranus_sextile_orb3 & ~mars_ingress_5d & ~mercury_sign_cancer,4,10,-0.7279655494557343,-0.5779655494557343,-0.06760804988796325,0.580648050811244,0.7306480508112441,1.123088479709369,0.39244042889812486,0.580648050811244,31,50,40,0.9625318321235388,-0.2044341522827901,False,-0.9052880872991425,-0.7552880872991424,0.0,0.7552880872991424,,,validation,,0.7543371242230321,1.1606296830725205,0.4062925588494884,-0.8178278663975544,0.0,0.8178278663975544,True
~asp_mars_pluto_sextile_orb3 & ~asp_mars_pluto_square_orb1 & asp_neptune_uranus_conj_orb5 & ~asp_neptune_venus_conj_orb3,4,10,-0.35756953977173156,-0.2075695397717316,0.3027879597960395,0.5806406404478982,0.7306406404478982,1.1230810693460231,0.39244042889812486,0.5806406404478982,7,102,21,0.9625212744877574,-0.2044341522827901,False,-0.9052880872991425,-0.7552880872991424,0.0,0.7552880872991424,,,validation,,0.37350512819584986,0.7797976870453383,0.4062925588494884,-0.8178278663975544,0.0,0.8178278663975544,True
asp_neptune_uranus_conj_orb5 & ~asp_neptune_venus_conj_orb3 & ~asp_saturn_sun_sextile_orb3 & ~venus_sign_taurus,4,10,-0.40388496743060875,-0.25388496743060873,0.25647253213716237,0.5806137033258928,0.7306137033258928,1.1230541322240177,0.39244042889812486,0.5806137033258928,5,131,21,0.9624828968476611,-0.2044341522827901,False,-0.9052880872991425,-0.7552880872991424,0.0,0.7552880872991424,,,validation,,0.19405561733652893,0.6003481761860173,0.4062925588494884,-0.8178278663975544,0.0,0.8178278663975544,True
~asp_jupiter_mercury_conj_orb5 & ~asp_mars_pluto_sextile_orb3 & asp_neptune_uranus_conj_orb5 & ~asp_saturn_venus_sextile_orb5,4,10,-0.39700202133310114,-0.24700202133310117,0.2633554782346699,0.580574656208431,0.730574656208431,1.123015085106556,0.39244042889812486,0.580574656208431,6,94,24,0.962427265976777,-0.2044341522827901,False,-0.9052880872991425,-0.7552880872991424,0.0,0.7552880872991424,,,validation,,0.4366483597109771,0.8429409185604655,0.4062925588494884,-0.8178278663975544,0.0,0.8178278663975544,True
asp_pluto_uranus_sextile_orb3 & ~asp_saturn_venus_trine_orb3 & ~asp_uranus_venus_sextile_orb5 & ~sun_sign_cancer,4,10,-0.7028738137215601,-0.5528738137215601,-0.04251631415378896,0.5805672998171653,0.7305672998171653,1.1230077287152902,0.39244042889812486,0.5805672998171653,16,94,21,0.962416785246017,-0.2044341522827901,False,-0.9052880872991425,-0.7552880872991424,0.0,0.7552880872991424,,,validation,,0.6222176245246414,1.0285101833741297,0.4062925588494884,-0.8178278663975544,0.0,0.8178278663975544,True
~asp_mars_uranus_trine_orb3 & asp_neptune_uranus_conj_orb5 & ~asp_neptune_venus_conj_orb3 & ~asp_saturn_sun_sextile_orb5,4,10,-0.3705122837880249,-0.2205122837880249,0.2898452157797462,0.5805501802924692,0.7305501802924692,1.1229906091905941,0.39244042889812486,0.5805501802924692,6,102,22,0.9623923948767337,-0.2044341522827901,False,-0.9052880872991425,-0.7552880872991424,0.0,0.7552880872991424,,,validation,,0.3003161421023624,0.7066087009518508,0.4062925588494884,-0.8178278663975544,0.0,0.8178278663975544,True
~asp_mars_pluto_sextile_orb3 & ~asp_moon_venus_conj_orb3 & asp_neptune_uranus_conj_orb5 & ~asp_sun_uranus_trine_orb5,4,10,-0.3725942940782697,-0.2225942940782697,0.2877632054895014,0.5804574568422677,0.7304574568422677,1.1228978857403926,0.39244042889812486,0.5804574568422677,9,75,39,0.9622602908865538,-0.2044341522827901,False,-0.9052880872991425,-0.7552880872991424,0.0,0.7552880872991424,,,validation,,0.4247866867848374,0.8310792456343258,0.4062925588494884,-0.8178278663975544,0.0,0.8178278663975544,True
~asp_mars_pluto_sextile_orb3 & ~asp_moon_venus_conj_orb5 & asp_neptune_uranus_conj_orb5 & ~asp_sun_uranus_trine_orb5,4,10,-0.411941101935157,-0.26194110193515696,0.2484163976326141,0.5804574568422677,0.7304574568422677,1.1228978857403926,0.39244042889812486,0.5804574568422677,9,75,55,0.9622602908865538,-0.2044341522827901,False,-0.9052880872991425,-0.7552880872991424,0.0,0.7552880872991424,,,validation,,0.4247866867848374,0.8310792456343258,0.4062925588494884,-0.8178278663975544,0.0,0.8178278663975544,True
~asp_mercury_sun_conj_orb3 & ~asp_mercury_uranus_square_orb5 & asp_pluto_uranus_sextile_orb3 & ~mars_ingress_3d,4,10,-0.799811201726359,-0.649811201726359,-0.13945370215858788,0.5804341913265324,0.7304341913265324,1.1228746202246573,0.39244042889812486,0.5804341913265324,40,46,53,0.9622271443086372,-0.2044341522827901,False,-0.9052880872991425,-0.7552880872991424,0.0,0.7552880872991424,,,validation,,0.6700976836271808,1.0763902424766691,0.4062925588494884,-0.8178278663975544,0.0,0.8178278663975544,True
~asp_mars_pluto_sextile_orb1 & asp_neptune_uranus_conj_orb5 & ~asp_neptune_venus_conj_orb3 & ~asp_saturn_sun_sextile_orb3,4,10,-0.3952561007440124,-0.24525610074401238,0.2651013988237587,0.5804336794254955,0.7304336794254955,1.1228741083236204,0.39244042889812486,0.5804336794254955,6,104,22,0.9622264149989976,-0.2044341522827901,False,-0.9052880872991425,-0.7552880872991424,0.0,0.7552880872991424,,,validation,,0.3407866109600622,0.7470791698095506,0.4062925588494884,-0.8178278663975544,0.0,0.8178278663975544,True
~asp_mars_pluto_sextile_orb3 & asp_neptune_uranus_conj_orb5 & ~asp_neptune_venus_conj_orb5 & ~asp_saturn_venus_trine_orb5,4,10,-0.28289961925511564,-0.13289961925511562,0.3774578803126555,0.5804231925154909,0.7304231925154909,1.1228636214136158,0.39244042889812486,0.5804231925154909,6,91,22,0.962211474212715,-0.2044341522827901,False,-0.9052880872991425,-0.7552880872991424,0.0,0.7552880872991424,,,validation,,0.3184485632797401,0.7247411221292285,0.4062925588494884,-0.8178278663975544,0.0,0.8178278663975544,True
~asp_mars_pluto_sextile_orb3 & asp_neptune_uranus_conj_orb5 & ~asp_neptune_venus_conj_orb5 & ~asp_pluto_venus_square_orb3,4,10,-0.37604803639618944,-0.22604803639618948,0.2843094631715816,0.5803006657633248,0.7303006657633249,1.1227410946614498,0.39244042889812486,0.5803006657633248,6,77,23,0.962036909504796,-0.2044341522827901,False,-0.9052880872991425,-0.7552880872991424,0.0,0.7552880872991424,,,validation,,0.3489513026869507,0.7552438615364391,0.4062925588494884,-0.8178278663975544,0.0,0.8178278663975544,True
~asp_mars_pluto_sextile_orb3 & ~asp_neptune_sun_trine_orb1 & asp_neptune_uranus_conj_orb5,3,7,-0.34172091008104943,-0.23672091008104945,0.27363658948672165,0.5802409949236904,0.6852409949236904,1.0776814238218153,0.39244042889812486,0.5802409949236904,5,93,18,0.897859306679204,-0.2044341522827901,False,-0.8602880872991424,-0.7552880872991424,0.0,0.7552880872991424,,,validation,,0.31792527034456936,0.7242178291940577,0.4062925588494884,-0.8178278663975544,0.0,0.8178278663975544,True
~asp_mars_pluto_sextile_orb3 & asp_neptune_uranus_conj_orb5 & ~asp_neptune_venus_conj_orb5 & ~asp_saturn_venus_sextile_orb5,4,10,-0.35402348099507785,-0.2040234809950779,0.3063340185726932,0.5802083353918498,0.7302083353918498,1.1226487642899747,0.39244042889812486,0.5802083353918498,7,97,23,0.9619053659783583,-0.2044341522827901,False,-0.9052880872991425,-0.7552880872991424,0.0,0.7552880872991424,,,validation,,0.33784548594887837,0.7441380447983668,0.4062925588494884,-0.8178278663975544,0.0,0.8178278663975544,True
~asp_jupiter_sun_conj_orb5 & ~asp_mars_pluto_sextile_orb1 & asp_neptune_uranus_conj_orb5 & ~asp_saturn_sun_sextile_orb5,4,10,-0.3513159601042529,-0.20131596010425296,0.30904153946351814,0.5801879681962953,0.7301879681962953,1.1226283970944202,0.39244042889812486,0.5801879681962953,5,102,20,0.9618763487583941,-0.2044341522827901,False,-0.9052880872991425,-0.7552880872991424,0.0,0.7552880872991424,,,validation,,0.3642005686480602,0.7704931274975486,0.4062925588494884,-0.8178278663975544,0.0,0.8178278663975544,True
~asp_mars_pluto_sextile_orb3 & ~asp_moon_sun_conj_orb3 & asp_neptune_uranus_conj_orb5 & ~asp_neptune_venus_conj_orb3,4,10,-0.3879955579928176,-0.23799555799281757,0.2723619415749535,0.580177307911334,0.7301773079113341,1.122617736809459,0.39244042889812486,0.580177307911334,7,92,30,0.961861161013557,-0.2044341522827901,False,-0.9052880872991425,-0.7552880872991424,0.0,0.7552880872991424,,,validation,,0.32896693592128506,0.7352594947707735,0.4062925588494884,-0.8178278663975544,0.0,0.8178278663975544,True
asp_neptune_uranus_conj_orb5 & ~asp_neptune_venus_conj_orb3 & ~asp_saturn_sun_sextile_orb5,3,7,-0.29545113984135934,-0.19045113984135936,0.31990635972641174,0.5801751209269186,0.6851751209269186,1.0776155498250435,0.39244042889812486,0.5801751209269186,5,146,17,0.8977655113140861,-0.2044341522827901,False,-0.8602880872991424,-0.7552880872991424,0.0,0.7552880872991424,,,validation,,0.2193087745814017,0.6256013334308901,0.4062925588494884,-0.8178278663975544,0.0,0.8178278663975544,True
~asp_mars_pluto_sextile_orb3 & ~asp_mars_venus_sextile_orb3 & asp_neptune_uranus_conj_orb5 & ~asp_neptune_venus_conj_orb3,4,10,-0.38280451720830766,-0.2328045172083077,0.2775529823594634,0.5801543801345798,0.7301543801345798,1.1225948090327047,0.39244042889812486,0.5801543801345798,6,93,18,0.9618284957381238,-0.2044341522827901,False,-0.9052880872991425,-0.7552880872991424,0.0,0.7552880872991424,,,validation,,0.28745589837093016,0.6937484572204186,0.4062925588494884,-0.8178278663975544,0.0,0.8178278663975544,True
~asp_mars_pluto_sextile_orb3 & asp_neptune_uranus_conj_orb5 & ~asp_neptune_venus_conj_orb3 & ~sun_sign_libra,4,10,-0.34011337117298557,-0.1901133711729856,0.3202441283947855,0.5801513111269382,0.7301513111269382,1.1225917400250631,0.39244042889812486,0.5801513111269382,6,93,18,0.9618241233140774,-0.2044341522827901,False,-0.9052880872991425,-0.7552880872991424,0.0,0.7552880872991424,,,validation,,0.4455703494548385,0.8518629083043269,0.4062925588494884,-0.8178278663975544,0.0,0.8178278663975544,True
~asp_mars_pluto_sextile_orb3 & asp_neptune_uranus_conj_orb5 & ~asp_pluto_sun_opp_orb5 & ~venus_sign_libra,4,10,-0.3078608845749973,-0.1578608845749973,0.3524966149927738,0.5801255446376054,0.7301255446376054,1.1225659735357303,0.39244042889812486,0.5801255446376054,5,93,18,0.9617874137294535,-0.2044341522827901,False,-0.9052880872991425,-0.7552880872991424,0.0,0.7552880872991424,,,validation,,0.5004084890056337,0.9067010478551222,0.4062925588494884,-0.8178278663975544,0.0,0.8178278663975544,True
~asp_mars_pluto_sextile_orb3 & ~asp_mercury_saturn_opp_orb3 & asp_neptune_uranus_conj_orb5 & ~asp_neptune_venus_conj_orb5,4,10,-0.40067011076781855,-0.2506701107678186,0.2596873887999525,0.5801104689956976,0.7301104689956976,1.1225508978938226,0.39244042889812486,0.5801104689956976,6,91,19,0.9617659354289614,-0.2044341522827901,False,-0.9052880872991425,-0.7552880872991424,0.0,0.7552880872991424,,,validation,,0.39417118805174317,0.8004637469012316,0.4062925588494884,-0.8178278663975544,0.0,0.8178278663975544,True
~asp_mars_pluto_sextile_orb3 & asp_neptune_uranus_conj_orb5 & ~asp_sun_uranus_trine_orb5 & ~venus_sign_libra,4,10,-0.3005529063497263,-0.1505529063497263,0.3598045932180448,0.5801056586297545,0.7301056586297545,1.1225460875278794,0.39244042889812486,0.5801056586297545,5,94,21,0.9617590820908388,-0.2044341522827901,False,-0.9052880872991425,-0.7552880872991424,0.0,0.7552880872991424,,,validation,,0.5539763269735192,0.9602688858230075,0.4062925588494884,-0.8178278663975544,0.0,0.8178278663975544,True
~asp_mars_sun_square_orb5 & asp_pluto_uranus_sextile_orb3 & ~asp_saturn_venus_trine_orb5 & ~venus_sign_aries,4,10,-0.4843917204486159,-0.33439172044861587,0.1759657791191552,0.5800662746485389,0.7300662746485389,1.1225067035466638,0.39244042889812486,0.5800662746485389,13,129,17,0.961702971669524,-0.2044341522827901,False,-0.9052880872991425,-0.7552880872991424,0.0,0.7552880872991424,,,validation,,0.4858848416938318,0.8921774005433202,0.4062925588494884,-0.8178278663975544,0.0,0.8178278663975544,True
~asp_mercury_moon_square_orb3 & asp_neptune_uranus_conj_orb5 & ~asp_neptune_venus_conj_orb3 & ~asp_saturn_sun_sextile_orb5,4,10,-0.39871533790735125,-0.24871533790735123,0.26164216166041987,0.5799841340046338,0.7299841340046338,1.1224245629027587,0.39244042889812486,0.5799841340046338,11,93,51,0.9615859458577027,-0.2044341522827901,False,-0.9052880872991425,-0.7552880872991424,0.0,0.7552880872991424,,,validation,,0.27704677178400156,0.68333933063349,0.4062925588494884,-0.8178278663975544,0.0,0.8178278663975544,True
~asp_jupiter_sun_sextile_orb5 & asp_pluto_uranus_sextile_orb3 & ~asp_saturn_venus_trine_orb5 & ~mars_ingress_5d,4,10,-0.6451533229356924,-0.49515332293569236,0.015204176632078743,0.5798502626670688,0.7298502626670689,1.1222906915651938,0.39244042889812486,0.5798502626670688,30,72,39,0.9613952195803768,-0.2044341522827901,False,-0.9052880872991425,-0.7552880872991424,0.0,0.7552880872991424,,,validation,,0.8004006949799818,1.2066932538294701,0.4062925588494884,-0.8178278663975544,0.0,0.8178278663975544,True
~asp_mars_pluto_sextile_orb3 & asp_neptune_uranus_conj_orb5 & ~asp_saturn_sun_square_orb5 & ~asp_sun_uranus_trine_orb5,4,10,-0.33835589029638846,-0.18835589029638844,0.32200160927138266,0.5797700433032508,0.7297700433032508,1.1222104722013757,0.39244042889812486,0.5797700433032508,7,94,25,0.9612809313472808,-0.2044341522827901,False,-0.9052880872991425,-0.7552880872991424,0.0,0.7552880872991424,,,validation,,0.42595514382536065,0.832247702674849,0.4062925588494884,-0.8178278663975544,0.0,0.8178278663975544,True
asp_pluto_uranus_sextile_orb3 & ~asp_saturn_venus_trine_orb3 & ~mars_ingress_3d & ~sun_sign_aries,4,10,-0.5461664066629883,-0.3961664066629883,0.11419109290478277,0.5797346150968975,0.7297346150968975,1.1221750439950224,0.39244042889812486,0.5797346150968975,29,41,38,0.9612304569509675,-0.2044341522827901,False,-0.9052880872991425,-0.7552880872991424,0.0,0.7552880872991424,,,validation,,0.5741131571631346,0.9804057160126229,0.4062925588494884,-0.8178278663975544,0.0,0.8178278663975544,True
~asp_jupiter_mercury_opp_orb5 & ~asp_mars_pluto_sextile_orb5 & asp_neptune_uranus_conj_orb5 & ~asp_neptune_venus_conj_orb5,4,10,-0.3991287911852819,-0.24912879118528192,0.2612287083824892,0.5797309936363816,0.7297309936363816,1.1221714225345065,0.39244042889812486,0.5797309936363816,6,98,18,0.961225297474827,-0.2044341522827901,False,-0.9052880872991425,-0.7552880872991424,0.0,0.7552880872991424,,,validation,,0.1371472558522832,0.5434398147017716,0.4062925588494884,-0.8178278663975544,0.0,0.8178278663975544,True
~asp_mars_pluto_sextile_orb1 & ~asp_mercury_pluto_sextile_orb3 & asp_neptune_uranus_conj_orb5 & ~asp_saturn_venus_sextile_orb5,4,10,-0.3931505050603751,-0.24315050506037506,0.26720699450739605,0.5796687516336266,0.7296687516336267,1.1221091805317516,0.39244042889812486,0.5796687516336266,7,70,27,0.9611366216533674,-0.2044341522827901,False,-0.9052880872991425,-0.7552880872991424,0.0,0.7552880872991424,,,validation,,0.5258009607231162,0.9320935195726047,0.4062925588494884,-0.8178278663975544,0.0,0.8178278663975544,True
~asp_mars_pluto_sextile_orb3 & asp_neptune_uranus_conj_orb5 & ~asp_neptune_venus_conj_orb3 & ~asp_neptune_venus_conj_orb5,4,10,-0.33735166949847384,-0.18735166949847387,0.32300583006929723,0.5796403546718548,0.7296403546718548,1.1220807835699798,0.39244042889812486,0.5796403546718548,5,100,13,0.9610961646907368,-0.2044341522827901,False,-0.9052880872991425,-0.7552880872991424,0.0,0.7552880872991424,,,validation,,0.35696913163050575,0.7632616904799941,0.4062925588494884,-0.8178278663975544,0.0,0.8178278663975544,True
~asp_jupiter_sun_sextile_orb5 & ~asp_moon_saturn_trine_orb1 & asp_pluto_uranus_sextile_orb3 & ~mercury_sign_cancer,4,10,-0.5984741865258362,-0.44847418652583615,0.061883313041934965,0.5795071185107666,0.7295071185107667,1.1219475474088916,0.39244042889812486,0.5795071185107666,19,107,25,0.9609063442238932,-0.2044341522827901,False,-0.9052880872991425,-0.7552880872991424,0.0,0.7552880872991424,,,validation,,0.7079863882255129,1.1142789470750012,0.4062925588494884,-0.8178278663975544,0.0,0.8178278663975544,True
~asp_mars_pluto_sextile_orb3 & ~asp_moon_pluto_sextile_orb1 & asp_neptune_uranus_conj_orb5 & ~asp_neptune_venus_conj_orb3,4,10,-0.3721574414626039,-0.22215744146260386,0.28820005810516724,0.5794324104389986,0.7294324104389986,1.1218728393371236,0.39244042889812486,0.5794324104389986,6,102,28,0.960799908394864,-0.2044341522827901,False,-0.9052880872991425,-0.7552880872991424,0.0,0.7552880872991424,,,validation,,0.3322948068081288,0.7385873656576172,0.4062925588494884,-0.8178278663975544,0.0,0.8178278663975544,True
~asp_mars_pluto_sextile_orb3 & ~asp_moon_sun_conj_orb5 & asp_neptune_uranus_conj_orb5 & ~asp_neptune_venus_conj_orb5,4,10,-0.42415368104478124,-0.2741536810447812,0.23620381852298988,0.5793926099089538,0.7293926099089538,1.1218330388070787,0.39244042889812486,0.5793926099089538,9,70,42,0.960743205028622,-0.2044341522827901,False,-0.9052880872991425,-0.7552880872991424,0.0,0.7552880872991424,,,validation,,0.36235197718139106,0.7686445360308795,0.4062925588494884,-0.8178278663975544,0.0,0.8178278663975544,True
~asp_jupiter_moon_square_orb3 & ~asp_mars_pluto_sextile_orb3 & asp_neptune_uranus_conj_orb5 & ~asp_sun_uranus_trine_orb5,4,10,-0.472127097477951,-0.322127097477951,0.1882304020898201,0.5793657879431501,0.7293657879431501,1.121806216841275,0.39244042889812486,0.5793657879431501,13,39,52,0.9607049920935584,-0.2044341522827901,False,-0.9052880872991425,-0.7552880872991424,0.0,0.7552880872991424,,,validation,,0.4235436231751189,0.8298361820246073,0.4062925588494884,-0.8178278663975544,0.0,0.8178278663975544,True
asp_neptune_uranus_conj_orb5 & ~asp_neptune_venus_conj_orb5 & ~asp_saturn_sun_sextile_orb5 & ~venus_sign_libra,4,10,-0.3021071898596893,-0.1521071898596893,0.3582503097080818,0.5793108455577879,0.7293108455577879,1.1217512744559128,0.39244042889812486,0.5793108455577879,6,83,21,0.9606267163748015,-0.2044341522827901,False,-0.9052880872991425,-0.7552880872991424,0.0,0.7552880872991424,,,validation,,0.41551141990414237,0.8218039787536308,0.4062925588494884,-0.8178278663975544,0.0,0.8178278663975544,True
~asp_mars_pluto_sextile_orb3 & asp_neptune_uranus_conj_orb5 & ~asp_pluto_sun_opp_orb5,3,7,-0.29321249041520614,-0.18821249041520616,0.32214500915256494,0.5792858058422823,0.6842858058422823,1.0767262347404072,0.39244042889812486,0.5792858058422823,4,116,13,0.8964992587149312,-0.2044341522827901,False,-0.8602880872991424,-0.7552880872991424,0.0,0.7552880872991424,,,validation,,0.3049584605427402,0.7112510193922286,0.4062925588494884,-0.8178278663975544,0.0,0.8178278663975544,True
~asp_mars_sun_square_orb3 & asp_pluto_uranus_sextile_orb3 & ~asp_saturn_venus_trine_orb5 & ~asp_uranus_venus_sextile_orb5,4,10,-0.6599952690198865,-0.5099952690198865,0.0003622305478846318,0.5791890943237977,0.7291890943237977,1.1216295232219227,0.39244042889812486,0.5791890943237977,17,142,20,0.960453259143478,-0.2044341522827901,False,-0.9052880872991425,-0.7552880872991424,0.0,0.7552880872991424,,,validation,,0.5502256679626087,0.9565182268120972,0.4062925588494884,-0.8178278663975544,0.0,0.8178278663975544,True
~asp_moon_saturn_trine_orb1 & asp_pluto_uranus_sextile_orb3 & ~mercury_sign_cancer & ~venus_sign_aries,4,10,-0.4428158634941154,-0.29281586349411537,0.21754163607365576,0.5791386279308958,0.7291386279308958,1.1215790568290207,0.39244042889812486,0.5791386279308958,16,133,20,0.9603813604827218,-0.2044341522827901,False,-0.9052880872991425,-0.7552880872991424,0.0,0.7552880872991424,,,validation,,0.5668754878285798,0.9731680466780681,0.4062925588494884,-0.8178278663975544,0.0,0.8178278663975544,True
~asp_mars_pluto_sextile_orb3 & asp_neptune_uranus_conj_orb5 & ~asp_neptune_venus_conj_orb3 & ~asp_neptune_venus_sextile_orb1,4,10,-0.3471554784848595,-0.19715547848485954,0.31320202108291156,0.5790943052273395,0.7290943052273395,1.1215347341254644,0.39244042889812486,0.5790943052273395,6,102,21,0.9603182146778355,-0.2044341522827901,False,-0.9052880872991425,-0.7552880872991424,0.0,0.7552880872991424,,,validation,,0.3697541029491432,0.7760466617986316,0.4062925588494884,-0.8178278663975544,0.0,0.8178278663975544,True
asp_neptune_uranus_conj_orb5 & ~asp_saturn_sun_sextile_orb3 & ~asp_saturn_venus_sextile_orb5 & ~asp_uranus_venus_square_orb3,4,10,-0.3327158166410068,-0.18271581664100683,0.32764168292676427,0.5790761022603331,0.7290761022603331,1.121516531158458,0.39244042889812486,0.5790761022603331,7,81,27,0.9602922812300001,-0.2044341522827901,False,-0.9052880872991425,-0.7552880872991424,0.0,0.7552880872991424,,,validation,,0.37039367463575384,0.7766862334852422,0.4062925588494884,-0.8178278663975544,0.0,0.8178278663975544,True
~asp_mars_moon_square_orb3 & ~asp_mars_pluto_sextile_orb3 & asp_neptune_uranus_conj_orb5 & ~asp_neptune_venus_conj_orb5,4,10,-0.34864308938017974,-0.19864308938017977,0.31171441018759133,0.5790453964544414,0.7290453964544414,1.1214858253525664,0.39244042889812486,0.5790453964544414,15,57,56,0.9602485352212482,-0.2044341522827901,False,-0.9052880872991425,-0.7552880872991424,0.0,0.7552880872991424,,,validation,,0.3574389640749555,0.7637315229244439,0.4062925588494884,-0.8178278663975544,0.0,0.8178278663975544,True
~asp_mars_neptune_trine_orb3 & asp_pluto_uranus_sextile_orb3 & ~asp_saturn_venus_trine_orb5 & ~mercury_sign_cancer,4,10,-0.6483524583725713,-0.49835245837257125,0.012005041195199854,0.578982877393141,0.728982877393141,1.121423306291266,0.39244042889812486,0.578982877393141,14,126,18,0.9601594654960808,-0.2044341522827901,False,-0.9052880872991425,-0.7552880872991424,0.0,0.7552880872991424,,,validation,,0.6348092595852637,1.041101818434752,0.4062925588494884,-0.8178278663975544,0.0,0.8178278663975544,True
~asp_mars_pluto_sextile_orb3 & ~asp_neptune_sun_opp_orb5 & asp_neptune_uranus_conj_orb5 & ~asp_neptune_venus_conj_orb5,4,10,-0.3866493599585805,-0.23664935995858055,0.27370813960919055,0.5789678065916838,0.7289678065916838,1.1214082354898087,0.39244042889812486,0.5789678065916838,5,100,17,0.9601379944212272,-0.2044341522827901,False,-0.9052880872991425,-0.7552880872991424,0.0,0.7552880872991424,,,validation,,0.3456716693158884,0.7519642281653768,0.4062925588494884,-0.8178278663975544,0.0,0.8178278663975544,True
~asp_mars_pluto_sextile_orb3 & asp_neptune_uranus_conj_orb5 & ~asp_saturn_sun_square_orb5 & ~venus_sign_taurus,4,10,-0.38394546462186896,-0.233945464621869,0.2764120349459021,0.5789654908640632,0.7289654908640633,1.1214059197621882,0.39244042889812486,0.5789654908640632,5,95,21,0.9601346952499508,-0.2044341522827901,False,-0.9052880872991425,-0.7552880872991424,0.0,0.7552880872991424,,,validation,,0.3524395767432171,0.7587321355927055,0.4062925588494884,-0.8178278663975544,0.0,0.8178278663975544,True
~asp_mercury_pluto_sextile_orb3 & asp_neptune_uranus_conj_orb5 & ~asp_neptune_venus_conj_orb5 & ~asp_pluto_sun_opp_orb5,4,10,-0.3517680958356466,-0.2017680958356466,0.3085894037321245,0.5788771190388896,0.7288771190388896,1.1213175479370145,0.39244042889812486,0.5788771190388896,6,73,22,0.9600087937375077,-0.2044341522827901,False,-0.9052880872991425,-0.7552880872991424,0.0,0.7552880872991424,,,validation,,0.3142902749203535,0.7205828337698419,0.4062925588494884,-0.8178278663975544,0.0,0.8178278663975544,True
~asp_mars_pluto_sextile_orb3 & ~asp_moon_venus_conj_orb3 & asp_neptune_uranus_conj_orb5 & ~asp_uranus_venus_square_orb3,4,10,-0.31909487765788513,-0.1690948776578851,0.341262621909886,0.5788740169530365,0.7288740169530366,1.1213144458511615,0.39244042889812486,0.5788740169530365,10,73,42,0.9600043742626334,-0.2044341522827901,False,-0.9052880872991425,-0.7552880872991424,0.0,0.7552880872991424,,,validation,,0.4298869382893474,0.8361794971388358,0.4062925588494884,-0.8178278663975544,0.0,0.8178278663975544,True
~asp_mars_pluto_sextile_orb3 & ~asp_moon_venus_conj_orb5 & asp_neptune_uranus_conj_orb5 & ~asp_uranus_venus_square_orb3,4,10,-0.362111585647624,-0.21211158564762406,0.29824591392014704,0.5788740169530365,0.7288740169530366,1.1213144458511615,0.39244042889812486,0.5788740169530365,10,73,60,0.9600043742626334,-0.2044341522827901,False,-0.9052880872991425,-0.7552880872991424,0.0,0.7552880872991424,,,validation,,0.4298869382893474,0.8361794971388358,0.4062925588494884,-0.8178278663975544,0.0,0.8178278663975544,True
~asp_jupiter_mercury_opp_orb5 & asp_neptune_uranus_conj_orb5 & ~asp_neptune_venus_conj_orb3 & ~asp_saturn_sun_sextile_orb3,4,10,-0.38725722266458473,-0.2372572226645847,0.2731002769031864,0.5788295325453449,0.7288295325453449,1.1212699614434698,0.39244042889812486,0.5788295325453449,6,121,21,0.9599409983057416,-0.2044341522827901,False,-0.9052880872991425,-0.7552880872991424,0.0,0.7552880872991424,,,validation,,0.15020659488692228,0.5564991537364107,0.4062925588494884,-0.8178278663975544,0.0,0.8178278663975544,True
~asp_mercury_pluto_sextile_orb5 & asp_neptune_uranus_conj_orb5 & ~asp_neptune_venus_conj_orb3 & ~asp_saturn_sun_trine_orb3,4,10,-0.41310527948289066,-0.26310527948289064,0.24725222008488043,0.5787040128460014,0.7287040128460014,1.1211444417441263,0.39244042889812486,0.5787040128460014,7,95,26,0.9597621733557411,-0.2044341522827901,False,-0.9052880872991425,-0.7552880872991424,0.0,0.7552880872991424,,,validation,,0.4482890132597081,0.8545815721091965,0.4062925588494884,-0.8178278663975544,0.0,0.8178278663975544,True
~asp_mercury_pluto_sextile_orb3 & asp_neptune_uranus_conj_orb5 & ~asp_neptune_venus_conj_orb5 & ~venus_sign_taurus,4,10,-0.3864954989108058,-0.23649549891080585,0.27386200065696525,0.5787039158682247,0.7287039158682247,1.1211443447663496,0.39244042889812486,0.5787039158682247,6,73,22,0.9597620351939096,-0.2044341522827901,False,-0.9052880872991425,-0.7552880872991424,0.0,0.7552880872991424,,,validation,,0.29694538311529645,0.7032379419647848,0.4062925588494884,-0.8178278663975544,0.0,0.8178278663975544,True
~asp_mars_pluto_sextile_orb5 & ~asp_moon_venus_trine_orb3 & asp_neptune_uranus_conj_orb5 & ~asp_neptune_venus_conj_orb3,4,10,-0.4636591837263685,-0.31365918372636853,0.19669831584140257,0.578651818443877,0.728651818443877,1.121092247342002,0.39244042889812486,0.578651818443877,10,64,54,0.9596878133128877,-0.2044341522827901,False,-0.9052880872991425,-0.7552880872991424,0.0,0.7552880872991424,,,validation,,0.3285390579272223,0.7348316167767107,0.4062925588494884,-0.8178278663975544,0.0,0.8178278663975544,True
~asp_mars_pluto_sextile_orb3 & asp_neptune_uranus_conj_orb5 & ~asp_sun_uranus_trine_orb5 & ~venus_sign_leo,4,10,-0.27924250928336025,-0.12924250928336023,0.38111499028441087,0.5785745612553174,0.7285745612553174,1.1210149901534423,0.39244042889812486,0.5785745612553174,6,94,22,0.9595777470485125,-0.2044341522827901,False,-0.9052880872991425,-0.7552880872991424,0.0,0.7552880872991424,,,validation,,0.31849834039957275,0.7247908992490611,0.4062925588494884,-0.8178278663975544,0.0,0.8178278663975544,True
~asp_mars_pluto_sextile_orb3 & ~asp_mercury_venus_conj_orb1 & asp_neptune_uranus_conj_orb5 & ~asp_saturn_venus_sextile_orb5,4,10,-0.34499364445187186,-0.1949936444518719,0.3153638551158992,0.5785483795254948,0.7285483795254948,1.1209888084236197,0.39244042889812486,0.5785483795254948,8,70,26,0.959540446659376,-0.2044341522827901,False,-0.9052880872991425,-0.7552880872991424,0.0,0.7552880872991424,,,validation,,0.4397640837111189,0.8460566425606073,0.4062925588494884,-0.8178278663975544,0.0,0.8178278663975544,True
asp_neptune_uranus_conj_orb5 & ~asp_saturn_sun_sextile_orb3 & ~asp_saturn_venus_sextile_orb5 & ~asp_sun_uranus_trine_orb5,4,10,-0.40058990524196514,-0.2505899052419651,0.259767594325806,0.578546503863839,0.728546503863839,1.120986932761964,0.39244042889812486,0.578546503863839,7,67,31,0.9595377744563944,-0.2044341522827901,False,-0.9052880872991425,-0.7552880872991424,0.0,0.7552880872991424,,,validation,,0.3417773057537326,0.748069864603221,0.4062925588494884,-0.8178278663975544,0.0,0.8178278663975544,True
~asp_mars_pluto_sextile_orb3 & ~asp_moon_uranus_square_orb1 & asp_neptune_uranus_conj_orb5 & ~asp_neptune_venus_conj_orb3,4,10,-0.3546828721086399,-0.20468287210863995,0.30567462745913115,0.5785414124634415,0.7285414124634415,1.1209818413615664,0.39244042889812486,0.5785414124634415,8,79,28,0.9595305208802272,-0.2044341522827901,False,-0.9052880872991425,-0.7552880872991424,0.0,0.7552880872991424,,,validation,,0.3678055869270039,0.7740981457764923,0.4062925588494884,-0.8178278663975544,0.0,0.8178278663975544,True
~asp_mars_pluto_sextile_orb3 & ~asp_mars_sun_sextile_orb3 & asp_neptune_uranus_conj_orb5 & ~asp_neptune_venus_conj_orb5,4,10,-0.3062632579044523,-0.15626325790445234,0.35409424166331877,0.5784679682366524,0.7284679682366524,1.1209083971347773,0.39244042889812486,0.5784679682366524,5,91,17,0.9594258869935077,-0.2044341522827901,False,-0.9052880872991425,-0.7552880872991424,0.0,0.7552880872991424,,,validation,,0.34592112684467485,0.7522136856941632,0.4062925588494884,-0.8178278663975544,0.0,0.8178278663975544,True
~asp_mars_pluto_sextile_orb3 & ~asp_mercury_venus_sextile_orb1 & asp_neptune_uranus_conj_orb5 & ~asp_neptune_venus_conj_orb5,4,10,-0.3842400857698073,-0.23424008576980732,0.2761174137979638,0.5783831020883071,0.7283831020883071,1.120823530986432,0.39244042889812486,0.5783831020883071,7,100,22,0.959304980750614,-0.2044341522827901,False,-0.9052880872991425,-0.7552880872991424,0.0,0.7552880872991424,,,validation,,0.3536941385453874,0.7599866973948758,0.4062925588494884,-0.8178278663975544,0.0,0.8178278663975544,True
~asp_mars_pluto_sextile_orb3 & asp_neptune_uranus_conj_orb5 & ~asp_saturn_sun_sextile_orb5 & ~asp_saturn_venus_sextile_orb5,4,10,-0.3335506548132372,-0.18355065481323718,0.3268068447545339,0.5783663522196937,0.7283663522196937,1.1208067811178186,0.39244042889812486,0.5783663522196937,7,97,27,0.9592811177340606,-0.2044341522827901,False,-0.9052880872991425,-0.7552880872991424,0.0,0.7552880872991424,,,validation,,0.3688533956067826,0.775145954456271,0.4062925588494884,-0.8178278663975544,0.0,0.8178278663975544,True
~asp_mars_pluto_sextile_orb3 & ~asp_mercury_uranus_sextile_orb1 & asp_neptune_uranus_conj_orb5 & ~asp_saturn_venus_sextile_orb5,4,10,-0.3752923543355544,-0.2252923543355544,0.2850651452322167,0.5783121146008295,0.7283121146008296,1.1207525434989545,0.39244042889812486,0.5783121146008295,7,85,26,0.9592038471231397,-0.2044341522827901,False,-0.9052880872991425,-0.7552880872991424,0.0,0.7552880872991424,,,validation,,0.42970240927432285,0.8359949681238112,0.4062925588494884,-0.8178278663975544,0.0,0.8178278663975544,True
~asp_mars_pluto_sextile_orb3 & asp_neptune_uranus_conj_orb5 & ~asp_neptune_venus_conj_orb3 & ~asp_saturn_venus_trine_orb3,4,10,-0.31964934586885174,-0.16964934586885178,0.3407081536989193,0.578252916850914,0.728252916850914,1.120693345749039,0.39244042889812486,0.578252916850914,6,93,23,0.9591195100353935,-0.2044341522827901,False,-0.9052880872991425,-0.7552880872991424,0.0,0.7552880872991424,,,validation,,0.2995588986497642,0.7058514574992526,0.4062925588494884,-0.8178278663975544,0.0,0.8178278663975544,True
~asp_mars_pluto_sextile_orb5 & ~asp_mars_sun_square_orb1 & asp_neptune_uranus_conj_orb5 & ~asp_neptune_venus_conj_orb5,4,10,-0.3733808417260287,-0.22338084172602868,0.2869766578417424,0.578202065917604,0.7282020659176041,1.120642494815729,0.39244042889812486,0.578202065917604,5,98,17,0.9590470644362659,-0.2044341522827901,False,-0.9052880872991425,-0.7552880872991424,0.0,0.7552880872991424,,,validation,,0.2661044473711884,0.6723970062206768,0.4062925588494884,-0.8178278663975544,0.0,0.8178278663975544,True
~asp_jupiter_moon_square_orb1 & ~asp_mars_pluto_sextile_orb3 & asp_neptune_uranus_conj_orb5 & ~asp_pluto_sun_opp_orb5,4,10,-0.40899586072748784,-0.2589958607274878,0.2513616388402833,0.5781808762225052,0.7281808762225053,1.1206213051206302,0.39244042889812486,0.5781808762225052,7,93,26,0.9590168762112865,-0.2044341522827901,False,-0.9052880872991425,-0.7552880872991424,0.0,0.7552880872991424,,,validation,,0.3635128179187553,0.7698053767682437,0.4062925588494884,-0.8178278663975544,0.0,0.8178278663975544,True
~asp_mercury_uranus_square_orb5 & asp_pluto_uranus_sextile_orb3 & ~asp_saturn_venus_sextile_orb5 & ~mars_ingress_3d,4,10,-0.7428880896870279,-0.5928880896870279,-0.08253059011925677,0.578117518734837,0.728117518734837,1.120557947632962,0.39244042889812486,0.578117518734837,35,40,45,0.9589266130433363,-0.2044341522827901,False,-0.9052880872991425,-0.7552880872991424,0.0,0.7552880872991424,,,validation,,0.67329528130597,1.0795878401554584,0.4062925588494884,-0.8178278663975544,0.0,0.8178278663975544,True
~asp_mars_sun_square_orb3 & ~asp_mercury_uranus_square_orb5 & asp_pluto_uranus_sextile_orb3 & ~asp_uranus_venus_sextile_orb5,4,10,-0.6987226966358875,-0.5487226966358875,-0.03836519706811639,0.5781149635204962,0.7281149635204962,1.1205553924186211,0.39244042889812486,0.5781149635204962,17,136,21,0.9589229727216042,-0.2044341522827901,False,-0.9052880872991425,-0.7552880872991424,0.0,0.7552880872991424,,,validation,,0.5683806565433385,0.9746732153928269,0.4062925588494884,-0.8178278663975544,0.0,0.8178278663975544,True
~asp_mars_sun_square_orb3 & asp_pluto_uranus_sextile_orb3 & ~asp_saturn_venus_trine_orb3 & ~mercury_sign_cancer,4,10,-0.6477479529666903,-0.4977479529666903,0.012609546601080839,0.5780752325052664,0.7280752325052664,1.1205156614033913,0.39244042889812486,0.5780752325052664,13,145,17,0.9588663693929258,-0.2044341522827901,False,-0.9052880872991425,-0.7552880872991424,0.0,0.7552880872991424,,,validation,,0.6296112489185532,1.0359038077680416,0.4062925588494884,-0.8178278663975544,0.0,0.8178278663975544,True
asp_neptune_uranus_conj_orb5 & ~asp_neptune_venus_conj_orb5 & ~asp_saturn_sun_sextile_orb3 & ~venus_sign_taurus,4,10,-0.4003748395071357,-0.2503748395071357,0.2599826600606354,0.5780520063082301,0.7280520063082301,1.120492435206355,0.39244042889812486,0.5780520063082301,5,129,21,0.958833279890877,-0.2044341522827901,False,-0.9052880872991425,-0.7552880872991424,0.0,0.7552880872991424,,,validation,,0.20002409424064233,0.6063166530901307,0.4062925588494884,-0.8178278663975544,0.0,0.8178278663975544,True
~asp_mars_mercury_sextile_orb3 & ~asp_mars_pluto_sextile_orb3 & asp_neptune_uranus_conj_orb5 & ~asp_neptune_venus_conj_orb3,4,10,-0.3863532802707792,-0.23635328027077918,0.2740042192969919,0.5779985272573657,0.7279985272573657,1.1204389561554906,0.39244042889812486,0.5779985272573657,6,97,22,0.958757090308473,-0.2044341522827901,False,-0.9052880872991425,-0.7552880872991424,0.0,0.7552880872991424,,,validation,,0.34374982181357444,0.7500423806630628,0.4062925588494884,-0.8178278663975544,0.0,0.8178278663975544,True
~asp_mercury_pluto_sextile_orb3 & asp_neptune_uranus_conj_orb5 & ~asp_saturn_venus_sextile_orb5 & ~asp_sun_uranus_trine_orb5,4,10,-0.38453611463300463,-0.2345361146330046,0.2758213849347665,0.5779862512049961,0.7279862512049962,1.120426680103121,0.39244042889812486,0.5779862512049961,8,60,31,0.9587396010883733,-0.2044341522827901,False,-0.9052880872991425,-0.7552880872991424,0.0,0.7552880872991424,,,validation,,0.4391084287468728,0.8454009875963612,0.4062925588494884,-0.8178278663975544,0.0,0.8178278663975544,True
~asp_mars_pluto_sextile_orb3 & asp_neptune_uranus_conj_orb5 & ~venus_sign_libra & ~venus_sign_taurus,4,10,-0.3430180278736874,-0.19301802787368738,0.3173394716940837,0.5779710252161766,0.7279710252161766,1.1204114541143015,0.39244042889812486,0.5779710252161766,5,94,18,0.9587179092111651,-0.2044341522827901,False,-0.9052880872991425,-0.7552880872991424,0.0,0.7552880872991424,,,validation,,0.486614649246166,0.8929072080956544,0.4062925588494884,-0.8178278663975544,0.0,0.8178278663975544,True
~asp_mars_pluto_sextile_orb3 & asp_neptune_uranus_conj_orb5 & ~asp_neptune_venus_conj_orb3 & ~asp_pluto_venus_square_orb1,4,10,-0.35032148689466747,-0.20032148689466744,0.31003601267310366,0.5778904877555088,0.7278904877555088,1.1203309166536337,0.39244042889812486,0.5778904877555088,7,81,22,0.9586031706804505,-0.2044341522827901,False,-0.9052880872991425,-0.7552880872991424,0.0,0.7552880872991424,,,validation,,0.34223104266662213,0.7485236015161105,0.4062925588494884,-0.8178278663975544,0.0,0.8178278663975544,True
~asp_mars_pluto_sextile_orb3 & ~asp_mercury_moon_trine_orb1 & asp_neptune_uranus_conj_orb5 & ~asp_saturn_venus_sextile_orb5,4,10,-0.3818001807968934,-0.2318001807968934,0.2785573187708777,0.5778465884032286,0.7278465884032286,1.1202870173013535,0.39244042889812486,0.5778465884032286,7,97,25,0.9585406290639611,-0.2044341522827901,False,-0.9052880872991425,-0.7552880872991424,0.0,0.7552880872991424,,,validation,,0.4125479508992366,0.818840509748725,0.4062925588494884,-0.8178278663975544,0.0,0.8178278663975544,True
~asp_jupiter_mercury_conj_orb5 & ~asp_mars_pluto_sextile_orb3 & asp_neptune_uranus_conj_orb5 & ~asp_neptune_venus_conj_orb3,4,10,-0.38283494039867627,-0.2328349403986763,0.2775225591690948,0.5778403232795702,0.7278403232795703,1.1202807521776952,0.39244042889812486,0.5778403232795702,6,94,19,0.9585317034008483,-0.2044341522827901,False,-0.9052880872991425,-0.7552880872991424,0.0,0.7552880872991424,,,validation,,0.3766830476186183,0.7829756064681067,0.4062925588494884,-0.8178278663975544,0.0,0.8178278663975544,True
asp_pluto_uranus_sextile_orb3 & ~asp_saturn_venus_trine_orb3 & ~mars_ingress_3d & ~mercury_sign_aries,4,10,-0.7019887291544546,-0.5519887291544546,-0.04163122958668352,0.5777986568601016,0.7277986568601016,1.1202390857582265,0.39244042889812486,0.5777986568601016,30,41,39,0.9584723429916868,-0.2044341522827901,False,-0.9052880872991425,-0.7552880872991424,0.0,0.7552880872991424,,,validation,,0.6076114542903062,1.0139040131397945,0.4062925588494884,-0.8178278663975544,0.0,0.8178278663975544,True
~asp_mars_uranus_trine_orb3 & asp_neptune_uranus_conj_orb5 & ~asp_neptune_venus_conj_orb5 & ~asp_saturn_sun_sextile_orb5,4,10,-0.37027644782469116,-0.2202764478246912,0.2900810517430799,0.5777011306644958,0.7277011306644958,1.1201415595626207,0.39244042889812486,0.5777011306644958,6,100,22,0.958333401620014,-0.2044341522827901,False,-0.9052880872991425,-0.7552880872991424,0.0,0.7552880872991424,,,validation,,0.30951928443426774,0.7158118432837561,0.4062925588494884,-0.8178278663975544,0.0,0.8178278663975544,True
~asp_neptune_sun_opp_orb5 & asp_neptune_uranus_conj_orb5 & ~asp_saturn_sun_sextile_orb5 & ~asp_saturn_venus_sextile_orb5,4,10,-0.4001671824012547,-0.25016718240125474,0.26019031716651636,0.577673262143722,0.7276732621437221,1.120113691041847,0.39244042889812486,0.577673262143722,7,97,27,0.9582936985717792,-0.2044341522827901,False,-0.9052880872991425,-0.7552880872991424,0.0,0.7552880872991424,,,validation,,0.35766192917020573,0.7639544880196941,0.4062925588494884,-0.8178278663975544,0.0,0.8178278663975544,True
~asp_mars_sun_square_orb3 & asp_pluto_uranus_sextile_orb3 & ~asp_saturn_venus_trine_orb5 & ~sun_sign_cancer,4,10,-0.6841957330666502,-0.5341957330666501,-0.023838233498879063,0.577667104374998,0.727667104374998,1.120107533273123,0.39244042889812486,0.577667104374998,13,138,18,0.9582849258731883,-0.2044341522827901,False,-0.9052880872991425,-0.7552880872991424,0.0,0.7552880872991424,,,validation,,0.6293547804825523,1.0356473393320407,0.4062925588494884,-0.8178278663975544,0.0,0.8178278663975544,True
~asp_jupiter_moon_square_orb1 & ~asp_mars_pluto_sextile_orb3 & ~asp_neptune_sun_trine_orb1 & asp_neptune_uranus_conj_orb5,4,10,-0.4571050827044114,-0.3071050827044114,0.20325241686335974,0.5776589086426763,0.7276589086426763,1.1200993375408013,0.39244042889812486,0.5776589086426763,8,93,31,0.958273249779835,-0.2044341522827901,False,-0.9052880872991425,-0.7552880872991424,0.0,0.7552880872991424,,,validation,,0.376470962741522,0.7827635215910104,0.4062925588494884,-0.8178278663975544,0.0,0.8178278663975544,True
~asp_mercury_pluto_sextile_orb3 & ~asp_neptune_sun_trine_orb1 & asp_neptune_uranus_conj_orb5 & ~asp_neptune_venus_conj_orb5,4,10,-0.4000156526607739,-0.2500156526607739,0.2603418469069972,0.577617019034215,0.727617019034215,1.12005744793234,0.39244042889812486,0.577617019034215,7,69,27,0.9582135715478541,-0.2044341522827901,False,-0.9052880872991425,-0.7552880872991424,0.0,0.7552880872991424,,,validation,,0.32747224939262404,0.7337648082421124,0.4062925588494884,-0.8178278663975544,0.0,0.8178278663975544,True
~asp_mars_pluto_sextile_orb3 & asp_neptune_uranus_conj_orb5 & ~asp_neptune_venus_conj_orb3 & ~asp_saturn_venus_conj_orb3,4,10,-0.31151869475805516,-0.16151869475805514,0.34883880480971596,0.5776056760264997,0.7276056760264997,1.1200461049246246,0.39244042889812486,0.5776056760264997,6,102,18,0.9581974116831731,-0.2044341522827901,False,-0.9052880872991425,-0.7552880872991424,0.0,0.7552880872991424,,,validation,,0.3281926783832508,0.7344852372327392,0.4062925588494884,-0.8178278663975544,0.0,0.8178278663975544,True
~asp_mars_pluto_sextile_orb3 & ~asp_mars_pluto_square_orb1 & asp_neptune_uranus_conj_orb5 & ~asp_neptune_venus_conj_orb5,4,10,-0.3546057414293302,-0.2046057414293302,0.3057517581384409,0.5775994729497745,0.7275994729497746,1.1200399018478995,0.39244042889812486,0.5775994729497745,7,100,21,0.9581885744443022,-0.2044341522827901,False,-0.9052880872991425,-0.7552880872991424,0.0,0.7552880872991424,,,validation,,0.38428570167502213,0.7905782605245105,0.4062925588494884,-0.8178278663975544,0.0,0.8178278663975544,True
~asp_mars_pluto_sextile_orb3 & ~asp_mercury_neptune_trine_orb3 & asp_neptune_uranus_conj_orb5 & ~asp_neptune_venus_conj_orb3,4,10,-0.3067484680575193,-0.15674846805751935,0.35360903151025175,0.5775731175935589,0.7275731175935589,1.1200135464916838,0.39244042889812486,0.5775731175935589,7,77,23,0.9581510271854323,-0.2044341522827901,False,-0.9052880872991425,-0.7552880872991424,0.0,0.7552880872991424,,,validation,,0.3852065148401969,0.7914990736896853,0.4062925588494884,-0.8178278663975544,0.0,0.8178278663975544,True
asp_pluto_uranus_sextile_orb3 & ~asp_saturn_venus_trine_orb5 & ~mars_ingress_5d & ~mercury_sign_cancer,4,10,-0.6665034124759006,-0.5165034124759006,-0.006145912908129508,0.5775404382313142,0.7275404382313142,1.1199808671294391,0.39244042889812486,0.5775404382313142,29,74,37,0.9581044704256452,-0.2044341522827901,False,-0.9052880872991425,-0.7552880872991424,0.0,0.7552880872991424,,,validation,,0.7815102520731045,1.1878028109225929,0.4062925588494884,-0.8178278663975544,0.0,0.8178278663975544,True
~asp_mars_pluto_sextile_orb3 & asp_neptune_uranus_conj_orb5 & ~asp_neptune_venus_conj_orb3 & ~asp_sun_uranus_conj_orb5,4,10,-0.30486604268258954,-0.15486604268258958,0.3554914568851815,0.5775278410770063,0.7275278410770063,1.1199682699751312,0.39244042889812486,0.5775278410770063,6,102,16,0.9580865238542045,-0.2044341522827901,False,-0.9052880872991425,-0.7552880872991424,0.0,0.7552880872991424,,,validation,,0.33555593719094584,0.7418484960404342,0.4062925588494884,-0.8178278663975544,0.0,0.8178278663975544,True
~asp_mars_pluto_sextile_orb3 & asp_neptune_uranus_conj_orb5 & ~asp_sun_uranus_conj_orb3 & ~asp_uranus_venus_square_orb3,4,10,-0.26625345299075154,-0.11625345299075152,0.3941040465770196,0.5774040186625199,0.7274040186625199,1.1198444475606448,0.39244042889812486,0.5774040186625199,6,79,24,0.9579101200631821,-0.2044341522827901,False,-0.9052880872991425,-0.7552880872991424,0.0,0.7552880872991424,,,validation,,0.3851271690870029,0.7914197279364913,0.4062925588494884,-0.8178278663975544,0.0,0.8178278663975544,True
~asp_mars_pluto_sextile_orb3 & asp_neptune_uranus_conj_orb5 & ~asp_uranus_venus_square_orb3 & ~venus_sign_capricorn,4,10,-0.27834987146619194,-0.12834987146619198,0.3820076281015791,0.5773674772924055,0.7273674772924055,1.1198079061905304,0.39244042889812486,0.5773674772924055,7,52,24,0.9578580614006438,-0.2044341522827901,False,-0.9052880872991425,-0.7552880872991424,0.0,0.7552880872991424,,,validation,,0.39239898904416787,0.7986915478936563,0.4062925588494884,-0.8178278663975544,0.0,0.8178278663975544,True
~asp_mars_pluto_sextile_orb3 & asp_neptune_uranus_conj_orb5 & ~asp_neptune_venus_conj_orb5 & ~asp_saturn_venus_sextile_orb3,4,10,-0.35774672018732545,-0.20774672018732543,0.30261077938044567,0.5773586039957944,0.7273586039957944,1.1197990328939194,0.39244042889812486,0.5773586039957944,7,98,22,0.9578454200625695,-0.2044341522827901,False,-0.9052880872991425,-0.7552880872991424,0.0,0.7552880872991424,,,validation,,0.3707493589889393,0.7770419178384277,0.4062925588494884,-0.8178278663975544,0.0,0.8178278663975544,True
~asp_mars_moon_square_orb3 & ~asp_mars_pluto_sextile_orb3 & asp_neptune_uranus_conj_orb5 & ~asp_saturn_venus_sextile_orb5,4,10,-0.3630210802069834,-0.2130210802069834,0.2973364193607877,0.5773219942466145,0.7273219942466145,1.1197624231447394,0.39244042889812486,0.5773219942466145,15,50,60,0.9577932640155629,-0.2044341522827901,False,-0.9052880872991425,-0.7552880872991424,0.0,0.7552880872991424,,,validation,,0.4310834352588013,0.8373759941082897,0.4062925588494884,-0.8178278663975544,0.0,0.8178278663975544,True
~asp_jupiter_moon_square_orb1 & ~asp_mercury_uranus_square_orb5 & asp_pluto_uranus_sextile_orb3 & ~mars_ingress_3d,4,10,-0.7212209361474777,-0.5712209361474777,-0.06086343657970664,0.5772959881247629,0.7272959881247629,1.1197364170228878,0.39244042889812486,0.5772959881247629,36,50,45,0.9577562144324585,-0.2044341522827901,False,-0.9052880872991425,-0.7552880872991424,0.0,0.7552880872991424,,,validation,,0.6416215949432427,1.047914153792731,0.4062925588494884,-0.8178278663975544,0.0,0.8178278663975544,True
~asp_jupiter_sun_conj_orb5 & ~asp_mars_pluto_sextile_orb3 & asp_neptune_uranus_conj_orb5 & ~asp_neptune_venus_conj_orb3,4,10,-0.36548413776618327,-0.2154841377661833,0.2948733618015878,0.5772547425932865,0.7272547425932865,1.1196951714914114,0.39244042889812486,0.5772547425932865,5,100,16,0.9576974540734062,-0.2044341522827901,False,-0.9052880872991425,-0.7552880872991424,0.0,0.7552880872991424,,,validation,,0.3655646047669125,0.7718571636164009,0.4062925588494884,-0.8178278663975544,0.0,0.8178278663975544,True
~asp_mars_pluto_sextile_orb3 & asp_neptune_uranus_conj_orb5 & ~asp_neptune_venus_conj_orb5 & ~sun_sign_libra,4,10,-0.33702001224645617,-0.1870200122464562,0.3233374873213149,0.5772062430712573,0.7272062430712574,1.1196466719693823,0.39244042889812486,0.5772062430712573,6,91,18,0.9576283593736241,-0.2044341522827901,False,-0.9052880872991425,-0.7552880872991424,0.0,0.7552880872991424,,,validation,,0.46179833876880655,0.8680908976182949,0.4062925588494884,-0.8178278663975544,0.0,0.8178278663975544,True
~asp_mars_neptune_trine_orb3 & asp_pluto_uranus_sextile_orb3 & ~asp_saturn_venus_trine_orb3 & ~mercury_sign_cancer,4,10,-0.6536303098634214,-0.5036303098634214,0.006727189704349713,0.5771945582411858,0.7271945582411858,1.1196349871393108,0.39244042889812486,0.5771945582411858,14,126,18,0.957611712621935,-0.2044341522827901,False,-0.9052880872991425,-0.7552880872991424,0.0,0.7552880872991424,,,validation,,0.6311668480421968,1.0374594068916851,0.4062925588494884,-0.8178278663975544,0.0,0.8178278663975544,True
~asp_mars_pluto_sextile_orb1 & asp_neptune_uranus_conj_orb5 & ~asp_neptune_venus_conj_orb5 & ~asp_saturn_sun_sextile_orb3,4,10,-0.3918664453406998,-0.2418664453406998,0.2684910542270713,0.5771294668004724,0.7271294668004724,1.1195698956985973,0.39244042889812486,0.5771294668004724,6,102,22,0.9575189803796467,-0.2044341522827901,False,-0.9052880872991425,-0.7552880872991424,0.0,0.7552880872991424,,,validation,,0.3503947534934841,0.7566873123429725,0.4062925588494884,-0.8178278663975544,0.0,0.8178278663975544,True
~asp_jupiter_sun_conj_orb5 & ~asp_mars_pluto_sextile_orb5 & asp_neptune_uranus_conj_orb5 & ~asp_uranus_venus_square_orb3,4,10,-0.3300375898418495,-0.18003758984184953,0.33031990972592157,0.5771188046143475,0.7271188046143475,1.1195592335124724,0.39244042889812486,0.5771188046143475,5,92,21,0.9575037905495483,-0.2044341522827901,False,-0.9052880872991425,-0.7552880872991424,0.0,0.7552880872991424,,,validation,,0.34911296455172364,0.755405523401212,0.4062925588494884,-0.8178278663975544,0.0,0.8178278663975544,True
~asp_mercury_moon_square_orb3 & asp_neptune_uranus_conj_orb5 & ~asp_neptune_venus_conj_orb5 & ~asp_saturn_sun_sextile_orb5,4,10,-0.3908013939675411,-0.24080139396754108,0.26955610560023,0.5770416353787527,0.7270416353787528,1.1194820642768777,0.39244042889812486,0.5770416353787527,11,93,51,0.9573938518489793,-0.2044341522827901,False,-0.9052880872991425,-0.7552880872991424,0.0,0.7552880872991424,,,validation,,0.2852509395508965,0.6915434984003849,0.4062925588494884,-0.8178278663975544,0.0,0.8178278663975544,True
~asp_mars_pluto_sextile_orb3 & ~asp_mars_sun_square_orb1 & ~asp_mercury_moon_trine_orb1 & asp_neptune_uranus_conj_orb5,4,10,-0.35924607522287433,-0.20924607522287436,0.30111142434489674,0.5770019856937519,0.727001985693752,1.1194424145918769,0.39244042889812486,0.5770019856937519,7,100,21,0.9573373652011299,-0.2044341522827901,False,-0.9052880872991425,-0.7552880872991424,0.0,0.7552880872991424,,,validation,,0.3304033263726626,0.736695885222151,0.4062925588494884,-0.8178278663975544,0.0,0.8178278663975544,True
~asp_mars_pluto_sextile_orb3 & ~asp_mars_venus_sextile_orb3 & asp_neptune_uranus_conj_orb5 & ~asp_neptune_venus_conj_orb5,4,10,-0.3798316179788348,-0.22983161797883478,0.2805258815889363,0.5769991109812492,0.7269991109812493,1.1194395398793742,0.39244042889812486,0.5769991109812492,6,91,18,0.9573332697631323,-0.2044341522827901,False,-0.9052880872991425,-0.7552880872991424,0.0,0.7552880872991424,,,validation,,0.29635230318557865,0.702644862035067,0.4062925588494884,-0.8178278663975544,0.0,0.8178278663975544,True
~asp_mars_moon_trine_orb5 & ~asp_mars_pluto_sextile_orb3 & asp_neptune_uranus_conj_orb5 & ~asp_neptune_venus_conj_orb5,4,10,-0.4410806649217055,-0.2910806649217055,0.21927683464606562,0.5768741511276486,0.7268741511276486,1.1193145800257736,0.39244042889812486,0.5768741511276486,15,39,77,0.9571552467803288,-0.2044341522827901,False,-0.9052880872991425,-0.7552880872991424,0.0,0.7552880872991424,,,validation,,0.4132961401392277,0.8195886989887161,0.4062925588494884,-0.8178278663975544,0.0,0.8178278663975544,True
~asp_mercury_sun_conj_orb1 & ~asp_mercury_uranus_square_orb5 & asp_pluto_uranus_sextile_orb3 & ~sun_sign_cancer,4,10,-0.7348115405063977,-0.5848115405063977,-0.07445404093862659,0.5768399805681635,0.7268399805681636,1.1192804094662885,0.39244042889812486,0.5768399805681635,25,87,32,0.9571065660379567,-0.2044341522827901,False,-0.9052880872991425,-0.7552880872991424,0.0,0.7552880872991424,,,validation,,0.6391227963155552,1.0454153551650436,0.4062925588494884,-0.8178278663975544,0.0,0.8178278663975544,True
~asp_mercury_moon_square_orb1 & asp_neptune_uranus_conj_orb5 & ~asp_neptune_venus_conj_orb3 & ~asp_saturn_sun_sextile_orb5,4,10,-0.37212825832388763,-0.22212825832388766,0.28822924124388344,0.5766616441765581,0.7266616441765581,1.119102073074683,0.39244042889812486,0.5766616441765581,9,93,33,0.9568525012608313,-0.2044341522827901,False,-0.9052880872991425,-0.7552880872991424,0.0,0.7552880872991424,,,validation,,0.29572295228624007,0.7020155111357285,0.4062925588494884,-0.8178278663975544,0.0,0.8178278663975544,True
~asp_jupiter_sun_conj_orb5 & ~asp_mars_pluto_sextile_orb3 & asp_neptune_uranus_conj_orb5 & ~asp_saturn_sun_conj_orb1,4,10,-0.3777330557689772,-0.22773305576897718,0.2826244437987939,0.5764993926991707,0.7264993926991707,1.1189398215972957,0.39244042889812486,0.5764993926991707,5,100,17,0.9566213521888267,-0.2044341522827901,False,-0.9052880872991425,-0.7552880872991424,0.0,0.7552880872991424,,,validation,,0.3815752600927906,0.787867818942279,0.4062925588494884,-0.8178278663975544,0.0,0.8178278663975544,True
asp_neptune_uranus_conj_orb5 & ~asp_neptune_venus_conj_orb5 & ~asp_saturn_sun_sextile_orb5,3,7,-0.2951522827797929,-0.1901522827797929,0.3202052167879782,0.5764888573440841,0.681488857344084,1.073929286242209,0.39244042889812486,0.5764888573440841,5,144,17,0.8925169139469529,-0.2044341522827901,False,-0.8602880872991424,-0.7552880872991424,0.0,0.7552880872991424,,,validation,,0.2253967058906145,0.6316892647401029,0.4062925588494884,-0.8178278663975544,0.0,0.8178278663975544,True
~asp_mars_pluto_sextile_orb3 & asp_neptune_uranus_conj_orb5 & ~asp_uranus_venus_square_orb3 & ~mercury_sign_capricorn,4,10,-0.44591407593655286,-0.2959140759365529,0.2144434236312182,0.5764790106038792,0.7264790106038792,1.1189194395020041,0.39244042889812486,0.5764790106038792,6,88,25,0.9565923151857323,-0.2044341522827901,False,-0.9052880872991425,-0.7552880872991424,0.0,0.7552880872991424,,,validation,,0.3834090276513296,0.789701586500818,0.4062925588494884,-0.8178278663975544,0.0,0.8178278663975544,True
~asp_jupiter_sun_conj_orb5 & ~asp_mars_pluto_sextile_orb3 & ~asp_mars_sun_square_orb3 & asp_neptune_uranus_conj_orb5,4,10,-0.3624735884309416,-0.21247358843094155,0.29788391113682955,0.5764481979087343,0.7264481979087343,1.1188886268068592,0.39244042889812486,0.5764481979087343,5,100,16,0.956548418422186,-0.2044341522827901,False,-0.9052880872991425,-0.7552880872991424,0.0,0.7552880872991424,,,validation,,0.3323695065469356,0.738662065396424,0.4062925588494884,-0.8178278663975544,0.0,0.8178278663975544,True
~asp_mars_pluto_sextile_orb3 & asp_neptune_uranus_conj_orb5 & ~asp_neptune_venus_conj_orb3 & ~asp_uranus_venus_opp_orb5,4,10,-0.3838585043547672,-0.23385850435476718,0.2764989952130039,0.5763478422923966,0.7263478422923966,1.1187882711905215,0.39244042889812486,0.5763478422923966,5,96,17,0.9564054486861209,-0.2044341522827901,False,-0.9052880872991425,-0.7552880872991424,0.0,0.7552880872991424,,,validation,,0.33173591512768724,0.7380284739771756,0.4062925588494884,-0.8178278663975544,0.0,0.8178278663975544,True
~asp_jupiter_sun_conj_orb3 & ~asp_mars_pluto_sextile_orb3 & ~asp_mercury_moon_trine_orb1 & asp_neptune_uranus_conj_orb5,4,10,-0.32928366769850903,-0.179283667698509,0.3310738318692621,0.5762680824153418,0.7262680824153418,1.1187085113134667,0.39244042889812486,0.5762680824153418,7,100,19,0.9562918204185924,-0.2044341522827901,False,-0.9052880872991425,-0.7552880872991424,0.0,0.7552880872991424,,,validation,,0.3315406937394489,0.7378332525889373,0.4062925588494884,-0.8178278663975544,0.0,0.8178278663975544,True
~asp_jupiter_sun_conj_orb5 & ~asp_mars_pluto_sextile_orb3 & asp_neptune_uranus_conj_orb5 & ~sun_sign_leo,4,10,-0.4224648691298516,-0.27246486912985163,0.23789263043791947,0.5762489859407464,0.7262489859407464,1.1186894148388713,0.39244042889812486,0.5762489859407464,4,133,14,0.9562646150370344,-0.2044341522827901,False,-0.9052880872991425,-0.7552880872991424,0.0,0.7552880872991424,,,validation,,0.30470671469421345,0.7109992735437018,0.4062925588494884,-0.8178278663975544,0.0,0.8178278663975544,True
~asp_jupiter_moon_square_orb1 & ~asp_mars_pluto_sextile_orb3 & asp_neptune_uranus_conj_orb5 & ~venus_sign_taurus,4,10,-0.44344324692068426,-0.29344324692068424,0.21691425264708689,0.5762289805628703,0.7262289805628703,1.1186694094609952,0.39244042889812486,0.5762289805628703,7,94,25,0.9562361148134382,-0.2044341522827901,False,-0.9052880872991425,-0.7552880872991424,0.0,0.7552880872991424,,,validation,,0.3470593839664728,0.7533519428159612,0.4062925588494884,-0.8178278663975544,0.0,0.8178278663975544,True
asp_neptune_uranus_conj_orb5 & ~asp_neptune_venus_conj_orb3 & ~asp_pluto_sun_sextile_orb3 & ~asp_saturn_sun_sextile_orb5,4,10,-0.32217672309126855,-0.17217672309126852,0.3381807764765026,0.5762009577195059,0.7262009577195059,1.1186413866176308,0.39244042889812486,0.5762009577195059,7,84,26,0.9561961926960023,-0.2044341522827901,False,-0.9052880872991425,-0.7552880872991424,0.0,0.7552880872991424,,,validation,,0.26680932202102164,0.67310188087051,0.4062925588494884,-0.8178278663975544,0.0,0.8178278663975544,True
~asp_mars_pluto_sextile_orb5 & asp_neptune_uranus_conj_orb5 & ~asp_neptune_venus_conj_orb3 & ~sun_sign_leo,4,10,-0.43207950804670026,-0.28207950804670023,0.22827799152107084,0.576168733170119,0.726168733170119,1.118609162068244,0.39244042889812486,0.576168733170119,4,90,14,0.9561502847305106,-0.2044341522827901,False,-0.9052880872991425,-0.7552880872991424,0.0,0.7552880872991424,,,validation,,0.2415039739316504,0.6477965327811388,0.4062925588494884,-0.8178278663975544,0.0,0.8178278663975544,True
~asp_mars_pluto_sextile_orb3 & ~asp_moon_pluto_sextile_orb1 & asp_neptune_uranus_conj_orb5 & ~asp_neptune_venus_conj_orb5,4,10,-0.3692116905613986,-0.2192116905613986,0.2911458090063725,0.5761668100526306,0.7261668100526306,1.1186072389507555,0.39244042889812486,0.5761668100526306,6,100,28,0.9561475450058972,-0.2044341522827901,False,-0.9052880872991425,-0.7552880872991424,0.0,0.7552880872991424,,,validation,,0.3419660895047713,0.7482586483542597,0.4062925588494884,-0.8178278663975544,0.0,0.8178278663975544,True
~asp_jupiter_sun_sextile_orb5 & ~asp_moon_saturn_trine_orb3 & asp_pluto_uranus_sextile_orb3 & ~mars_ingress_3d,4,10,-0.6023273574928139,-0.4523273574928139,0.05803014207495721,0.5761412570159773,0.7261412570159773,1.1185816859141022,0.39244042889812486,0.5761412570159773,46,44,58,0.9561111414730832,-0.2044341522827901,False,-0.9052880872991425,-0.7552880872991424,0.0,0.7552880872991424,,,validation,,0.6970743327912594,1.1033668916407477,0.4062925588494884,-0.8178278663975544,0.0,0.8178278663975544,True
~asp_mars_pluto_sextile_orb3 & ~asp_moon_saturn_trine_orb1 & asp_neptune_uranus_conj_orb5 & ~asp_sun_uranus_trine_orb5,4,10,-0.325591620051337,-0.175591620051337,0.3347658795164341,0.5761325619570096,0.7261325619570096,1.1185729908551345,0.39244042889812486,0.5761325619570096,6,94,29,0.9560987542646202,-0.2044341522827901,False,-0.9052880872991425,-0.7552880872991424,0.0,0.7552880872991424,,,validation,,0.3767643773390342,0.7830569361885226,0.4062925588494884,-0.8178278663975544,0.0,0.8178278663975544,True
~asp_moon_saturn_trine_orb1 & asp_pluto_uranus_sextile_orb3 & ~mars_ingress_5d & ~mercury_sign_aries,4,10,-0.6912060779342234,-0.5412060779342234,-0.03084857836645232,0.5761281115117663,0.7261281115117664,1.1185685404098913,0.39244042889812486,0.5761281115117663,32,41,43,0.9560924140444633,-0.2044341522827901,False,-0.9052880872991425,-0.7552880872991424,0.0,0.7552880872991424,,,validation,,0.6943188658118862,1.1006114246613745,0.4062925588494884,-0.8178278663975544,0.0,0.8178278663975544,True
~asp_mars_pluto_sextile_orb3 & ~asp_mercury_neptune_square_orb3 & asp_neptune_uranus_conj_orb5 & ~asp_neptune_venus_conj_orb3,4,10,-0.3784941489322564,-0.2284941489322564,0.2818633506355147,0.5761181965216803,0.7261181965216803,1.1185586254198052,0.39244042889812486,0.5761181965216803,7,93,25,0.9560782888928174,-0.2044341522827901,False,-0.9052880872991425,-0.7552880872991424,0.0,0.7552880872991424,,,validation,,0.3506682050065664,0.7569607638560548,0.4062925588494884,-0.8178278663975544,0.0,0.8178278663975544,True
~asp_jupiter_mercury_opp_orb5 & asp_neptune_uranus_conj_orb5 & ~asp_neptune_venus_conj_orb5 & ~asp_saturn_sun_sextile_orb3,4,10,-0.38379174740068833,-0.23379174740068837,0.27656575216708273,0.5760831814868029,0.726083181486803,1.1185236103849279,0.39244042889812486,0.5760831814868029,6,119,21,0.9560284055823443,-0.2044341522827901,False,-0.9052880872991425,-0.7552880872991424,0.0,0.7552880872991424,,,validation,,0.15533814976113153,0.5616307086106199,0.4062925588494884,-0.8178278663975544,0.0,0.8178278663975544,True
~asp_mars_pluto_sextile_orb5 & ~asp_moon_venus_trine_orb3 & asp_neptune_uranus_conj_orb5 & ~asp_neptune_venus_conj_orb5,4,10,-0.4607716291780988,-0.3107716291780988,0.1995858703896723,0.5760313196341446,0.7260313196341446,1.1184717485322695,0.39244042889812486,0.5760313196341446,10,62,54,0.9559545219091534,-0.2044341522827901,False,-0.9052880872991425,-0.7552880872991424,0.0,0.7552880872991424,,,validation,,0.3396112757815026,0.745903834630991,0.4062925588494884,-0.8178278663975544,0.0,0.8178278663975544,True
~asp_mars_pluto_sextile_orb3 & asp_neptune_uranus_conj_orb5 & ~asp_neptune_venus_conj_orb3 & ~asp_saturn_sun_conj_orb5,4,10,-0.35518266032492574,-0.20518266032492577,0.30517483924284533,0.5760144360000105,0.7260144360000105,1.1184548648981354,0.39244042889812486,0.5760144360000105,5,102,17,0.9559304690790136,-0.2044341522827901,False,-0.9052880872991425,-0.7552880872991424,0.0,0.7552880872991424,,,validation,,0.32420059113090266,0.730493149980391,0.4062925588494884,-0.8178278663975544,0.0,0.8178278663975544,True
~asp_mars_moon_trine_orb1 & ~asp_mars_pluto_sextile_orb3 & asp_neptune_uranus_conj_orb5 & ~asp_neptune_venus_conj_orb3,4,10,-0.33793353800795567,-0.1879335380079557,0.3224239615598154,0.5759002548473257,0.7259002548473257,1.1183406837454506,0.39244042889812486,0.5759002548473257,6,102,26,0.9557678040129538,-0.2044341522827901,False,-0.9052880872991425,-0.7552880872991424,0.0,0.7552880872991424,,,validation,,0.3373325316671399,0.7436250905166283,0.4062925588494884,-0.8178278663975544,0.0,0.8178278663975544,True
~asp_mercury_uranus_square_orb1 & ~asp_moon_saturn_trine_orb1 & asp_pluto_uranus_sextile_orb3 & ~mars_ingress_3d,4,10,-0.6473307085853245,-0.4973307085853245,0.013026790982446584,0.5758514527860764,0.7258514527860764,1.1182918816842013,0.39244042889812486,0.5758514527860764,37,50,48,0.9556982795627957,-0.2044341522827901,False,-0.9052880872991425,-0.7552880872991424,0.0,0.7552880872991424,,,validation,,0.6556002736795339,1.0618928325290222,0.4062925588494884,-0.8178278663975544,0.0,0.8178278663975544,True
~asp_mars_pluto_sextile_orb3 & asp_neptune_uranus_conj_orb5 & ~asp_neptune_venus_conj_orb5 & ~asp_neptune_venus_sextile_orb1,4,10,-0.34413947980462445,-0.19413947980462443,0.3162180197631467,0.5758387211444199,0.7258387211444199,1.1182791500425449,0.39244042889812486,0.5758387211444199,6,100,21,0.9556801418038849,-0.2044341522827901,False,-0.9052880872991425,-0.7552880872991424,0.0,0.7552880872991424,,,validation,,0.3803417593070198,0.7866343181565082,0.4062925588494884,-0.8178278663975544,0.0,0.8178278663975544,True
~asp_mars_sun_sextile_orb5 & ~asp_mercury_pluto_sextile_orb3 & asp_neptune_uranus_conj_orb5 & ~asp_neptune_venus_conj_orb3,4,10,-0.39058940829800903,-0.240589408298009,0.2697680912697621,0.5757639606689114,0.7257639606689115,1.1182043895670364,0.39244042889812486,0.5757639606689114,6,93,20,0.9555736365531404,-0.2044341522827901,False,-0.9052880872991425,-0.7552880872991424,0.0,0.7552880872991424,,,validation,,0.3632507460576278,0.7695433049071162,0.4062925588494884,-0.8178278663975544,0.0,0.8178278663975544,True
~asp_mercury_uranus_square_orb5 & ~asp_pluto_sun_trine_orb3 & asp_pluto_uranus_sextile_orb3 & ~mars_ingress_3d,4,10,-0.7034404454742802,-0.5534404454742802,-0.043082945906509094,0.575727879975464,0.7257278799754641,1.118168308873589,0.39244042889812486,0.575727879975464,32,41,44,0.9555222353223893,-0.2044341522827901,False,-0.9052880872991425,-0.7552880872991424,0.0,0.7552880872991424,,,validation,,0.6354187676650527,1.041711326514541,0.4062925588494884,-0.8178278663975544,0.0,0.8178278663975544,True
~asp_mars_pluto_sextile_orb3 & asp_neptune_uranus_conj_orb5 & ~asp_neptune_venus_conj_orb3 & ~mercury_sign_virgo,4,10,-0.40175392842582125,-0.2517539284258213,0.2586035711419498,0.5757020969263199,0.7257020969263199,1.1181425258244448,0.39244042889812486,0.5757020969263199,6,93,18,0.9554855043235266,-0.2044341522827901,False,-0.9052880872991425,-0.7552880872991424,0.0,0.7552880872991424,,,validation,,0.352621026938223,0.7589135857877114,0.4062925588494884,-0.8178278663975544,0.0,0.8178278663975544,True
~asp_mercury_pluto_sextile_orb5 & asp_neptune_uranus_conj_orb5 & ~asp_neptune_venus_conj_orb5 & ~asp_saturn_sun_trine_orb3,4,10,-0.40973786854531,-0.25973786854531006,0.25061963102246104,0.5756774841543738,0.7256774841543738,1.1181179130524987,0.39244042889812486,0.5756774841543738,7,93,26,0.9554504405345821,-0.2044341522827901,False,-0.9052880872991425,-0.7552880872991424,0.0,0.7552880872991424,,,validation,,0.46164127734545873,0.8679338361949471,0.4062925588494884,-0.8178278663975544,0.0,0.8178278663975544,True
~asp_mars_neptune_sextile_orb3 & ~asp_mars_pluto_sextile_orb3 & asp_neptune_uranus_conj_orb5 & ~asp_saturn_venus_sextile_orb5,4,10,-0.36695058073398557,-0.21695058073398554,0.29340691883378556,0.5755254006696616,0.7255254006696616,1.1179658295677866,0.39244042889812486,0.5755254006696616,7,70,22,0.9552337799764907,-0.2044341522827901,False,-0.9052880872991425,-0.7552880872991424,0.0,0.7552880872991424,,,validation,,0.44541483138037424,0.8517073902298626,0.4062925588494884,-0.8178278663975544,0.0,0.8178278663975544,True
~asp_mars_pluto_sextile_orb3 & ~asp_neptune_sun_square_orb3 & asp_neptune_uranus_conj_orb5 & ~asp_saturn_venus_sextile_orb5,4,10,-0.3900473311710507,-0.2400473311710507,0.2703101683967204,0.5754992714116064,0.7254992714116064,1.1179397003097313,0.39244042889812486,0.5754992714116064,8,59,29,0.9551965558630753,-0.2044341522827901,False,-0.9052880872991425,-0.7552880872991424,0.0,0.7552880872991424,,,validation,,0.4305289603015104,0.8368215191509988,0.4062925588494884,-0.8178278663975544,0.0,0.8178278663975544,True
~asp_jupiter_mercury_trine_orb1 & ~asp_mars_pluto_sextile_orb3 & asp_neptune_uranus_conj_orb5 & ~asp_saturn_venus_sextile_orb5,4,10,-0.32006579107950184,-0.17006579107950187,0.34029170848826923,0.5754882899639037,0.7254882899639037,1.1179287188620286,0.39244042889812486,0.5754882899639037,8,92,29,0.955180911540056,-0.2044341522827901,False,-0.9052880872991425,-0.7552880872991424,0.0,0.7552880872991424,,,validation,,0.41675433604110595,0.8230468948905943,0.4062925588494884,-0.8178278663975544,0.0,0.8178278663975544,True
~asp_mars_pluto_sextile_orb3 & ~asp_mercury_moon_trine_orb1 & ~asp_moon_venus_trine_orb3 & asp_neptune_uranus_conj_orb5,4,10,-0.4731548248805709,-0.32315482488057096,0.18720267468720014,0.5754434454409526,0.7254434454409526,1.1178838743390775,0.39244042889812486,0.5754434454409526,12,62,59,0.9551170254332604,-0.2044341522827901,False,-0.9052880872991425,-0.7552880872991424,0.0,0.7552880872991424,,,validation,,0.39742046368367384,0.8037130225331622,0.4062925588494884,-0.8178278663975544,0.0,0.8178278663975544,True
~asp_mars_moon_square_orb3 & ~asp_mars_pluto_sextile_orb3 & asp_neptune_uranus_conj_orb5 & ~asp_neptune_venus_conj_orb3,4,10,-0.3516782277305408,-0.20167822773054078,0.3086792718372303,0.5754006232847334,0.7254006232847334,1.1178410521828583,0.39244042889812486,0.5754006232847334,16,57,57,0.9550560204529153,-0.2044341522827901,False,-0.9052880872991425,-0.7552880872991424,0.0,0.7552880872991424,,,validation,,0.3426427546544623,0.7489353135039507,0.4062925588494884,-0.8178278663975544,0.0,0.8178278663975544,True
~asp_mars_pluto_sextile_orb5 & asp_neptune_uranus_conj_orb5 & ~asp_neptune_venus_conj_orb3 & ~venus_sign_libra,4,10,-0.35347565535999803,-0.203475655359998,0.3068818442077731,0.575292454376232,0.725292454376232,1.117732883274357,0.39244042889812486,0.575292454376232,5,90,17,0.9549019218260513,-0.2044341522827901,False,-0.9052880872991425,-0.7552880872991424,0.0,0.7552880872991424,,,validation,,0.47762398523124144,0.8839165440807298,0.4062925588494884,-0.8178278663975544,0.0,0.8178278663975544,True
~asp_mars_pluto_sextile_orb3 & ~asp_moon_uranus_square_orb1 & asp_neptune_uranus_conj_orb5 & ~asp_neptune_venus_conj_orb5,4,10,-0.3516920787315737,-0.20169207873157374,0.30866542083619736,0.5752840650782941,0.7252840650782941,1.117724493976419,0.39244042889812486,0.5752840650782941,8,77,28,0.9548899703484715,-0.2044341522827901,False,-0.9052880872991425,-0.7552880872991424,0.0,0.7552880872991424,,,validation,,0.3783928007789889,0.7846853596284773,0.4062925588494884,-0.8178278663975544,0.0,0.8178278663975544,True
~asp_mars_pluto_sextile_orb3 & ~asp_mercury_neptune_sextile_orb3 & asp_neptune_uranus_conj_orb5 & ~asp_saturn_venus_sextile_orb5,4,10,-0.41828349867605263,-0.26828349867605267,0.24207400089171843,0.5752742797899794,0.7252742797899794,1.1177147086881043,0.39244042889812486,0.5752742797899794,8,83,31,0.9548760301307619,-0.2044341522827901,False,-0.9052880872991425,-0.7552880872991424,0.0,0.7552880872991424,,,validation,,0.4674729481099931,0.8737655069594815,0.4062925588494884,-0.8178278663975544,0.0,0.8178278663975544,True
~asp_mars_pluto_sextile_orb3 & asp_neptune_uranus_conj_orb5 & ~asp_neptune_venus_conj_orb5 & ~asp_saturn_venus_trine_orb3,4,10,-0.31656121173486607,-0.1665612117348661,0.343796287832905,0.5752686696538297,0.7252686696538297,1.1177090985519547,0.39244042889812486,0.5752686696538297,6,91,23,0.9548680378766006,-0.2044341522827901,False,-0.9052880872991425,-0.7552880872991424,0.0,0.7552880872991424,,,validation,,0.30926781814766574,0.7155603769971541,0.4062925588494884,-0.8178278663975544,0.0,0.8178278663975544,True
~asp_mars_pluto_sextile_orb3 & ~asp_mercury_saturn_opp_orb5 & asp_neptune_uranus_conj_orb5 & ~asp_neptune_venus_conj_orb3,4,10,-0.4105228768482947,-0.26052287684829467,0.24983462271947646,0.5752508289600516,0.7252508289600517,1.1176912578581766,0.39244042889812486,0.5752508289600516,6,93,19,0.9548426218558608,-0.2044341522827901,False,-0.9052880872991425,-0.7552880872991424,0.0,0.7552880872991424,,,validation,,0.3723083389314183,0.7786008977809067,0.4062925588494884,-0.8178278663975544,0.0,0.8178278663975544,True
~asp_mars_moon_trine_orb5 & ~asp_mars_pluto_sextile_orb3 & asp_neptune_uranus_conj_orb5 & ~asp_neptune_venus_conj_orb3,4,10,-0.44407343355704443,-0.2940734335570444,0.21628406601072672,0.575228411257443,0.725228411257443,1.1176688401555679,0.39244042889812486,0.575228411257443,15,39,77,0.954810685393741,-0.2044341522827901,False,-0.9052880872991425,-0.7552880872991424,0.0,0.7552880872991424,,,validation,,0.4197169138453775,0.8260094726948659,0.4062925588494884,-0.8178278663975544,0.0,0.8178278663975544,True
asp_neptune_uranus_conj_orb5 & ~asp_neptune_venus_conj_orb3 & ~asp_saturn_sun_sextile_orb5 & ~venus_sign_leo,4,10,-0.2513722146547104,-0.10137221465471041,0.4089852849130607,0.5751115616038333,0.7251115616038333,1.1175519905019582,0.39244042889812486,0.5751115616038333,6,80,23,0.9546442204742205,-0.2044341522827901,False,-0.9052880872991425,-0.7552880872991424,0.0,0.7552880872991424,,,validation,,0.17451560073670075,0.5808081595861891,0.4062925588494884,-0.8178278663975544,0.0,0.8178278663975544,True
~asp_jupiter_venus_square_orb1 & ~asp_mars_pluto_sextile_orb3 & asp_neptune_uranus_conj_orb5 & ~asp_neptune_venus_conj_orb3,4,10,-0.3564060253985185,-0.2064060253985185,0.3039514741692526,0.5750311687887605,0.7250311687887605,1.1174715976868854,0.39244042889812486,0.5750311687887605,7,76,18,0.95452969239967,-0.2044341522827901,False,-0.9052880872991425,-0.7552880872991424,0.0,0.7552880872991424,,,validation,,0.3403217720189449,0.7466143308684333,0.4062925588494884,-0.8178278663975544,0.0,0.8178278663975544,True
~asp_mars_pluto_sextile_orb3 & ~asp_mercury_neptune_square_orb1 & asp_neptune_uranus_conj_orb5 & ~asp_neptune_venus_conj_orb3,4,10,-0.35766026970571674,-0.20766026970571672,0.3026972298620544,0.5749257642466344,0.7249257642466345,1.1173661931447594,0.39244042889812486,0.5749257642466344,6,93,22,0.9543795326590194,-0.2044341522827901,False,-0.9052880872991425,-0.7552880872991424,0.0,0.7552880872991424,,,validation,,0.3425981523436769,0.7488907111931653,0.4062925588494884,-0.8178278663975544,0.0,0.8178278663975544,True
~asp_mars_mercury_sextile_orb3 & ~asp_mars_pluto_sextile_orb3 & asp_neptune_uranus_conj_orb5 & ~asp_neptune_venus_conj_orb5,4,10,-0.3833844564725001,-0.23338445647250006,0.27697304309527104,0.5747719277828843,0.7247719277828844,1.1172123566810093,0.39244042889812486,0.5747719277828843,6,95,22,0.9541603769851206,-0.2044341522827901,False,-0.9052880872991425,-0.7552880872991424,0.0,0.7552880872991424,,,validation,,0.3537722417883215,0.7600648006378099,0.4062925588494884,-0.8178278663975544,0.0,0.8178278663975544,True
~asp_mars_pluto_sextile_orb3 & ~asp_neptune_sun_trine_orb5 & asp_neptune_uranus_conj_orb5 & ~asp_neptune_venus_conj_orb3,4,10,-0.3705724718741775,-0.22057247187417756,0.28978502769359354,0.5747683767096937,0.7247683767096937,1.1172088056078187,0.39244042889812486,0.5747683767096937,7,60,23,0.9541553181258597,-0.2044341522827901,False,-0.9052880872991425,-0.7552880872991424,0.0,0.7552880872991424,,,validation,,0.33922545621326744,0.7455180150627558,0.4062925588494884,-0.8178278663975544,0.0,0.8178278663975544,True
asp_neptune_uranus_conj_orb5 & ~asp_neptune_venus_conj_orb3 & ~asp_pluto_sun_opp_orb5 & ~asp_saturn_sun_sextile_orb3,4,10,-0.37317137488028895,-0.223171374880289,0.2871861246874821,0.5747603531718367,0.7247603531718367,1.1172007820699617,0.39244042889812486,0.5747603531718367,5,141,22,0.9541438877938235,-0.2044341522827901,False,-0.9052880872991425,-0.7552880872991424,0.0,0.7552880872991424,,,validation,,0.22111291379168646,0.6274054726411749,0.4062925588494884,-0.8178278663975544,0.0,0.8178278663975544,True
~asp_mercury_sun_conj_orb1 & ~asp_moon_saturn_trine_orb1 & asp_pluto_uranus_sextile_orb3 & ~sun_sign_cancer,4,10,-0.6795957020934073,-0.5295957020934072,-0.01923820252563608,0.5747232983889784,0.7247232983889784,1.1171637272871033,0.39244042889812486,0.5747232983889784,28,84,36,0.9540910995660481,-0.2044341522827901,False,-0.9052880872991425,-0.7552880872991424,0.0,0.7552880872991424,,,validation,,0.6395231301144044,1.0458156889638928,0.4062925588494884,-0.8178278663975544,0.0,0.8178278663975544,True
asp_neptune_uranus_conj_orb5 & ~asp_neptune_venus_conj_orb3 & ~asp_saturn_sun_sextile_orb5 & ~mars_ingress_3d,4,10,-0.45582030248510774,-0.3058203024851078,0.20453719708266332,0.5746800624517009,0.7246800624517009,1.1171204913498258,0.39244042889812486,0.5746800624517009,11,47,47,0.9540295057013959,-0.2044341522827901,False,-0.9052880872991425,-0.7552880872991424,0.0,0.7552880872991424,,,validation,,0.2764809081256963,0.6827734669751847,0.4062925588494884,-0.8178278663975544,0.0,0.8178278663975544,True
~asp_mars_pluto_sextile_orb3 & ~asp_mars_venus_square_orb3 & asp_neptune_uranus_conj_orb5 & ~asp_neptune_venus_conj_orb3,4,10,-0.3581340792932918,-0.2081340792932918,0.3022234202744793,0.5746774853188391,0.7246774853188391,1.117117914216964,0.39244042889812486,0.5746774853188391,7,102,21,0.9540258343221204,-0.2044341522827901,False,-0.9052880872991425,-0.7552880872991424,0.0,0.7552880872991424,,,validation,,0.30966964281496084,0.7159622016644492,0.4062925588494884,-0.8178278663975544,0.0,0.8178278663975544,True
~asp_jupiter_mercury_conj_orb5 & ~asp_mars_pluto_sextile_orb3 & asp_neptune_uranus_conj_orb5 & ~asp_neptune_venus_conj_orb5,4,10,-0.379837441380694,-0.229837441380694,0.2805200581870771,0.5746402087156227,0.7246402087156227,1.1170806376137477,0.39244042889812486,0.5746402087156227,6,94,19,0.9539727301480694,-0.2044341522827901,False,-0.9052880872991425,-0.7552880872991424,0.0,0.7552880872991424,,,validation,,0.3875358409224888,0.7938283997719772,0.4062925588494884,-0.8178278663975544,0.0,0.8178278663975544,True
~asp_mars_pluto_sextile_orb3 & ~asp_mercury_moon_sextile_orb3 & asp_neptune_uranus_conj_orb5 & ~asp_neptune_venus_conj_orb3,4,10,-0.37548824522027713,-0.22548824522027716,0.28486925434749394,0.574627853725655,0.724627853725655,1.1170682826237799,0.39244042889812486,0.574627853725655,12,42,49,0.9539551292600219,-0.2044341522827901,False,-0.9052880872991425,-0.7552880872991424,0.0,0.7552880872991424,,,validation,,0.3037574796088868,0.7100500384583752,0.4062925588494884,-0.8178278663975544,0.0,0.8178278663975544,True
~asp_mars_pluto_sextile_orb3 & asp_neptune_uranus_conj_orb5 & ~asp_neptune_venus_conj_orb5 & ~asp_pluto_venus_square_orb1,4,10,-0.3473530655563306,-0.1973530655563306,0.3130044340114405,0.5746245266651485,0.7246245266651485,1.1170649555632735,0.39244042889812486,0.5746245266651485,7,79,22,0.9539503895383783,-0.2044341522827901,False,-0.9052880872991425,-0.7552880872991424,0.0,0.7552880872991424,,,validation,,0.35219362929187986,0.7584861881413683,0.4062925588494884,-0.8178278663975544,0.0,0.8178278663975544,True
~asp_mars_pluto_sextile_orb3 & ~asp_mars_saturn_sextile_orb1 & asp_neptune_uranus_conj_orb5 & ~asp_neptune_venus_conj_orb3,4,10,-0.3382992805795383,-0.18829928057953826,0.32205821898823284,0.5744479878666374,0.7244479878666374,1.1168884167647624,0.39244042889812486,0.5744479878666374,6,102,18,0.9536988931328336,-0.2044341522827901,False,-0.9052880872991425,-0.7552880872991424,0.0,0.7552880872991424,,,validation,,0.34495734341062195,0.7512499022601103,0.4062925588494884,-0.8178278663975544,0.0,0.8178278663975544,True
~asp_mars_pluto_sextile_orb3 & asp_neptune_uranus_conj_orb5 & ~asp_neptune_venus_conj_orb5 & ~asp_sun_uranus_conj_orb5,4,10,-0.3094636505289545,-0.1594636505289545,0.3508938490388166,0.5744427134414,0.7244427134414,1.116883142339525,0.39244042889812486,0.5744427134414,6,100,16,0.9536913792186805,-0.2044341522827901,False,-0.9052880872991425,-0.7552880872991424,0.0,0.7552880872991424,,,validation,,0.34552155499912224,0.7518141138486106,0.4062925588494884,-0.8178278663975544,0.0,0.8178278663975544,True
~asp_neptune_sun_trine_orb1 & asp_neptune_uranus_conj_orb5 & ~asp_neptune_venus_conj_orb3 & ~asp_saturn_sun_sextile_orb3,4,10,-0.42152069196978337,-0.27152069196978335,0.23883680759798778,0.5743972638597535,0.7243972638597536,1.1168376927578785,0.39244042889812486,0.5743972638597535,6,83,27,0.9536266320427063,-0.2044341522827901,False,-0.9052880872991425,-0.7552880872991424,0.0,0.7552880872991424,,,validation,,0.23432865678155562,0.640621215631044,0.4062925588494884,-0.8178278663975544,0.0,0.8178278663975544,True
~asp_mars_pluto_sextile_orb3 & asp_neptune_uranus_conj_orb5 & ~asp_pluto_sun_opp_orb5 & ~asp_pluto_sun_sextile_orb3,4,10,-0.31977002559576895,-0.16977002559576898,0.3405874739720021,0.5743950878638416,0.7243950878638417,1.1168355167619666,0.39244042889812486,0.5743950878638416,6,78,22,0.9536235321341855,-0.2044341522827901,False,-0.9052880872991425,-0.7552880872991424,0.0,0.7552880872991424,,,validation,,0.3538969164386648,0.7601894752881532,0.4062925588494884,-0.8178278663975544,0.0,0.8178278663975544,True
~asp_mars_pluto_sextile_orb3 & asp_neptune_uranus_conj_orb5 & ~asp_neptune_venus_conj_orb5 & ~asp_saturn_venus_conj_orb3,4,10,-0.30849334861488786,-0.1584933486148879,0.3518641509528832,0.5743827289181956,0.7243827289181957,1.1168231578163206,0.39244042889812486,0.5743827289181956,6,100,18,0.9536059256685769,-0.2044341522827901,False,-0.9052880872991425,-0.7552880872991424,0.0,0.7552880872991424,,,validation,,0.33778777886503913,0.7440803377145275,0.4062925588494884,-0.8178278663975544,0.0,0.8178278663975544,True
~asp_mars_pluto_sextile_orb3 & ~asp_mercury_neptune_trine_orb3 & asp_neptune_uranus_conj_orb5 & ~asp_neptune_venus_conj_orb5,4,10,-0.303687919927883,-0.153687919927883,0.3566695796398881,0.5743572047902125,0.7243572047902125,1.1167976336883374,0.39244042889812486,0.5743572047902125,7,75,23,0.9535695641875379,-0.2044341522827901,False,-0.9052880872991425,-0.7552880872991424,0.0,0.7552880872991424,,,validation,,0.3962121194179718,0.8025046782674602,0.4062925588494884,-0.8178278663975544,0.0,0.8178278663975544,True
~asp_mars_pluto_sextile_orb3 & ~asp_neptune_sun_trine_orb1 & asp_neptune_uranus_conj_orb5 & ~asp_pluto_sun_sextile_orb3,4,10,-0.36361492188370936,-0.21361492188370934,0.29674257768406176,0.5742906866394487,0.7242906866394487,1.1167311155375736,0.39244042889812486,0.5742906866394487,7,78,24,0.9534748029877949,-0.2044341522827901,False,-0.9052880872991425,-0.7552880872991424,0.0,0.7552880872991424,,,validation,,0.36671650565568986,0.7730090645051783,0.4062925588494884,-0.8178278663975544,0.0,0.8178278663975544,True
~asp_mercury_pluto_sextile_orb3 & ~asp_neptune_sun_opp_orb3 & asp_neptune_uranus_conj_orb5 & ~asp_neptune_venus_conj_orb3,4,10,-0.38650089631583795,-0.23650089631583798,0.2738566032519331,0.5741873091554665,0.7241873091554665,1.1166277380535914,0.39244042889812486,0.5741873091554665,6,94,22,0.9533275324582458,-0.2044341522827901,False,-0.9052880872991425,-0.7552880872991424,0.0,0.7552880872991424,,,validation,,0.4333997159639717,0.8396922748134601,0.4062925588494884,-0.8178278663975544,0.0,0.8178278663975544,True
~asp_jupiter_sun_sextile_orb5 & asp_pluto_uranus_sextile_orb3 & ~asp_saturn_venus_trine_orb3 & ~mars_ingress_5d,4,10,-0.6574023177911812,-0.5074023177911812,0.00295518177658988,0.574153942700853,0.724153942700853,1.116594371598978,0.39244042889812486,0.574153942700853,30,72,39,0.9532799989842122,-0.2044341522827901,False,-0.9052880872991425,-0.7552880872991424,0.0,0.7552880872991424,,,validation,,0.7882490505627422,1.1945416094122305,0.4062925588494884,-0.8178278663975544,0.0,0.8178278663975544,True
asp_neptune_uranus_conj_orb5 & ~asp_neptune_venus_conj_orb3 & ~asp_saturn_sun_sextile_orb5 & ~sun_sign_cancer,4,10,-0.3860528614942519,-0.23605286149425186,0.27430463807351924,0.5741223154706595,0.7241223154706595,1.1165627443687844,0.39244042889812486,0.5741223154706595,6,102,22,0.9532349432091907,-0.2044341522827901,False,-0.9052880872991425,-0.7552880872991424,0.0,0.7552880872991424,,,validation,,0.19649665362164864,0.602789212471137,0.4062925588494884,-0.8178278663975544,0.0,0.8178278663975544,True
~asp_jupiter_sun_conj_orb5 & ~asp_mars_pluto_sextile_orb3 & asp_neptune_uranus_conj_orb5 & ~asp_pluto_sun_sextile_orb5,4,10,-0.3426236900996644,-0.1926236900996644,0.3177338094681067,0.5740865151809907,0.7240865151809908,1.1165269440791157,0.39244042889812486,0.5740865151809907,6,116,20,0.9531839425663742,-0.2044341522827901,False,-0.9052880872991425,-0.7552880872991424,0.0,0.7552880872991424,,,validation,,0.45519724945710754,0.8614898083065959,0.4062925588494884,-0.8178278663975544,0.0,0.8178278663975544,True
~asp_mercury_uranus_square_orb5 & asp_pluto_uranus_sextile_orb3 & ~mercury_sign_aries & ~sun_sign_cancer,4,10,-0.6700389953749473,-0.5200389953749472,-0.009681495807176092,0.5740825674676217,0.7240825674676217,1.1165229963657466,0.39244042889812486,0.5740825674676217,13,93,19,0.9531783187050069,-0.2044341522827901,False,-0.9052880872991425,-0.7552880872991424,0.0,0.7552880872991424,,,validation,,0.5893220331505944,0.9956145920000828,0.4062925588494884,-0.8178278663975544,0.0,0.8178278663975544,True
~asp_mars_sun_square_orb5 & asp_neptune_uranus_conj_orb5 & ~asp_neptune_venus_conj_orb3 & ~asp_saturn_sun_sextile_orb3,4,10,-0.3493345976378016,-0.1993345976378016,0.3110229019299695,0.5739194439426508,0.7239194439426508,1.1163598728407758,0.39244042889812486,0.5739194439426508,5,140,21,0.9529459353021239,-0.2044341522827901,False,-0.9052880872991425,-0.7552880872991424,0.0,0.7552880872991424,,,validation,,0.258351719156876,0.6646442780063644,0.4062925588494884,-0.8178278663975544,0.0,0.8178278663975544,True
~asp_mars_pluto_sextile_orb3 & asp_neptune_uranus_conj_orb5 & ~asp_neptune_venus_conj_orb3 & ~asp_sun_venus_conj_orb1,4,10,-0.3139106233221022,-0.1639106233221022,0.3464468762456689,0.5738743668297192,0.7238743668297192,1.116314795727844,0.39244042889812486,0.5738743668297192,6,93,17,0.9528817191914907,-0.2044341522827901,False,-0.9052880872991425,-0.7552880872991424,0.0,0.7552880872991424,,,validation,,0.3668053069982949,0.7730978658477833,0.4062925588494884,-0.8178278663975544,0.0,0.8178278663975544,True
~asp_mars_pluto_sextile_orb3 & asp_neptune_uranus_conj_orb5 & ~venus_sign_taurus,3,7,-0.32769848447742816,-0.22269848447742818,0.2876590150903429,0.5738566793813826,0.6788566793813826,1.0712971082795075,0.39244042889812486,0.5738566793813826,4,116,13,0.8887693030871995,-0.2044341522827901,False,-0.8602880872991424,-0.7552880872991424,0.0,0.7552880872991424,,,validation,,0.2875820064187355,0.6938745652682239,0.4062925588494884,-0.8178278663975544,0.0,0.8178278663975544,True
~asp_mars_pluto_sextile_orb3 & ~asp_mercury_saturn_opp_orb3 & asp_neptune_uranus_conj_orb5 & ~asp_saturn_venus_sextile_orb5,4,10,-0.41813608191116847,-0.26813608191116844,0.24222141765660266,0.5738395956367827,0.7238395956367827,1.1162800245349076,0.39244042889812486,0.5738395956367827,7,72,25,0.9528321847506986,-0.2044341522827901,False,-0.9052880872991425,-0.7552880872991424,0.0,0.7552880872991424,,,validation,,0.46217397968457247,0.8684665385340609,0.4062925588494884,-0.8178278663975544,0.0,0.8178278663975544,True
~asp_mars_pluto_sextile_orb3 & asp_neptune_uranus_conj_orb5 & ~asp_saturn_venus_sextile_orb5 & ~asp_saturn_venus_trine_orb5,4,10,-0.29804081043341024,-0.14804081043341027,0.3623166891343608,0.5737859262181538,0.7237859262181539,1.1162263551162788,0.39244042889812486,0.5737859262181538,7,70,28,0.9527557282692138,-0.2044341522827901,False,-0.9052880872991425,-0.7552880872991424,0.0,0.7552880872991424,,,validation,,0.38920283355657675,0.7954953924060651,0.4062925588494884,-0.8178278663975544,0.0,0.8178278663975544,True
~asp_mars_pluto_sextile_orb3 & asp_neptune_uranus_conj_orb5 & ~asp_pluto_venus_square_orb3 & ~asp_saturn_venus_sextile_orb5,4,10,-0.39302700325526585,-0.24302700325526588,0.2673304963125052,0.5737593439770959,0.723759343977096,1.1161997728752209,0.39244042889812486,0.5737593439770959,7,74,29,0.9527178597104728,-0.2044341522827901,False,-0.9052880872991425,-0.7552880872991424,0.0,0.7552880872991424,,,validation,,0.4179031303675664,0.8241956892170548,0.4062925588494884,-0.8178278663975544,0.0,0.8178278663975544,True
~asp_jupiter_moon_square_orb3 & ~asp_mars_pluto_sextile_orb3 & asp_neptune_uranus_conj_orb5 & ~asp_pluto_sun_opp_orb5,4,10,-0.45915541846772523,-0.3091554184677252,0.2012020811000459,0.5737339877429734,0.7237339877429734,1.1161744166410983,0.39244042889812486,0.5737339877429734,12,49,49,0.9526817377105965,-0.2044341522827901,False,-0.9052880872991425,-0.7552880872991424,0.0,0.7552880872991424,,,validation,,0.36404847536745405,0.7703410342169424,0.4062925588494884,-0.8178278663975544,0.0,0.8178278663975544,True
~asp_mars_pluto_sextile_orb3 & asp_neptune_uranus_conj_orb5 & ~asp_pluto_sun_opp_orb5 & ~asp_saturn_sun_square_orb5,4,10,-0.3223061410436927,-0.17230614104369268,0.3380513585240784,0.5737296642680715,0.7237296642680715,1.1161700931661964,0.39244042889812486,0.5737296642680715,6,95,21,0.9526755785732353,-0.2044341522827901,False,-0.9052880872991425,-0.7552880872991424,0.0,0.7552880872991424,,,validation,,0.3648570981308517,0.7711496569803401,0.4062925588494884,-0.8178278663975544,0.0,0.8178278663975544,True
~asp_jupiter_sun_conj_orb5 & ~asp_mars_pluto_sextile_orb3 & asp_neptune_uranus_conj_orb5 & ~asp_pluto_sun_square_orb5,4,10,-0.40801387862709015,-0.2580138786270902,0.2523436209406809,0.5737250840429015,0.7237250840429015,1.1161655129410264,0.39244042889812486,0.5737250840429015,6,95,20,0.9526690536748774,-0.2044341522827901,False,-0.9052880872991425,-0.7552880872991424,0.0,0.7552880872991424,,,validation,,0.44153037230871334,0.8478229311582017,0.4062925588494884,-0.8178278663975544,0.0,0.8178278663975544,True
~asp_mercury_sun_conj_orb1 & ~asp_moon_saturn_trine_orb1 & asp_pluto_uranus_sextile_orb3 & ~mars_ingress_3d,4,10,-0.6197055737894046,-0.4697055737894046,0.040651925778366516,0.5736574341747823,0.7236574341747823,1.1160978630729073,0.39244042889812486,0.5736574341747823,45,76,57,0.9525726810547328,-0.2044341522827901,False,-0.9052880872991425,-0.7552880872991424,0.0,0.7552880872991424,,,validation,,0.6544008177712286,1.060693376620717,0.4062925588494884,-0.8178278663975544,0.0,0.8178278663975544,True
~asp_mercury_moon_square_orb1 & asp_neptune_uranus_conj_orb5 & ~asp_neptune_venus_conj_orb5 & ~asp_saturn_sun_sextile_orb5,4,10,-0.3719065429181957,-0.22190654291819573,0.2884509566495754,0.5736458094527245,0.7236458094527245,1.1160862383508494,0.39244042889812486,0.5736458094527245,9,93,33,0.9525561207219309,-0.2044341522827901,False,-0.9052880872991425,-0.7552880872991424,0.0,0.7552880872991424,,,validation,,0.3042927448634924,0.7105853037129808,0.4062925588494884,-0.8178278663975544,0.0,0.8178278663975544,True
~asp_moon_saturn_trine_orb1 & asp_pluto_uranus_sextile_orb3 & ~mercury_sign_aries & ~sun_sign_cancer,4,10,-0.6363012341848443,-0.48630123418484433,0.024056265382926743,0.5736060995206512,0.7236060995206512,1.1160465284187762,0.39244042889812486,0.5736060995206512,15,128,23,0.9524995508132519,-0.2044341522827901,False,-0.9052880872991425,-0.7552880872991424,0.0,0.7552880872991424,,,validation,,0.6031943778622146,1.009486936711703,0.4062925588494884,-0.8178278663975544,0.0,0.8178278663975544,True
~asp_moon_saturn_trine_orb1 & asp_pluto_uranus_sextile_orb3 & ~mars_ingress_5d & ~sun_sign_aries,4,10,-0.5027538389538165,-0.3527538389538165,0.15760366061395462,0.5735164665076341,0.7235164665076341,1.115956895405759,0.39244042889812486,0.5735164665076341,33,38,43,0.9523718616756307,-0.2044341522827901,False,-0.9052880872991425,-0.7552880872991424,0.0,0.7552880872991424,,,validation,,0.6461766068826915,1.0524691657321799,0.4062925588494884,-0.8178278663975544,0.0,0.8178278663975544,True
~asp_mars_pluto_sextile_orb5 & asp_neptune_uranus_conj_orb5 & ~asp_neptune_venus_conj_orb5 & ~sun_sign_leo,4,10,-0.4291465653635781,-0.27914656536357807,0.23121093420419303,0.5734951672826593,0.7234951672826593,1.1159355961807842,0.39244042889812486,0.5734951672826593,4,88,14,0.9523415193099893,-0.2044341522827901,False,-0.9052880872991425,-0.7552880872991424,0.0,0.7552880872991424,,,validation,,0.2506587400637435,0.6569512989132319,0.4062925588494884,-0.8178278663975544,0.0,0.8178278663975544,True
~asp_mars_pluto_sextile_orb3 & ~asp_mars_venus_sextile_orb1 & asp_neptune_uranus_conj_orb5 & ~asp_neptune_venus_conj_orb3,4,10,-0.36534118550414274,-0.21534118550414277,0.2950163140636283,0.573454387649362,0.723454387649362,1.115894816547487,0.39244042889812486,0.573454387649362,6,93,18,0.9522834256454193,-0.2044341522827901,False,-0.9052880872991425,-0.7552880872991424,0.0,0.7552880872991424,,,validation,,0.3391336403645659,0.7454261992140543,0.4062925588494884,-0.8178278663975544,0.0,0.8178278663975544,True
~asp_mars_pluto_sextile_orb3 & ~asp_mercury_moon_trine_orb1 & asp_neptune_uranus_conj_orb5,3,7,-0.3194808406519445,-0.2144808406519445,0.2958766589158266,0.5734455149063498,0.6784455149063497,1.0708859438044747,0.39244042889812486,0.5734455149063498,6,100,16,0.8881839116719497,-0.2044341522827901,False,-0.8602880872991424,-0.7552880872991424,0.0,0.7552880872991424,,,validation,,0.33748972712591657,0.743782285975405,0.4062925588494884,-0.8178278663975544,0.0,0.8178278663975544,True
~asp_mars_pluto_sextile_orb3 & ~asp_mercury_pluto_conj_orb3 & asp_neptune_uranus_conj_orb5 & ~asp_neptune_venus_conj_orb3,4,10,-0.3767077805566713,-0.22670778055667135,0.28364971901109975,0.5733788155910199,0.7233788155910199,1.1158192444891448,0.39244042889812486,0.5733788155910199,6,93,19,0.9521757676298219,-0.2044341522827901,False,-0.9052880872991425,-0.7552880872991424,0.0,0.7552880872991424,,,validation,,0.3369274266489896,0.743219985498478,0.4062925588494884,-0.8178278663975544,0.0,0.8178278663975544,True
~asp_mars_sun_square_orb3 & ~asp_moon_saturn_trine_orb1 & asp_pluto_uranus_sextile_orb3 & ~mars_ingress_3d,4,10,-0.6344328822115183,-0.48443288221151826,0.025924617356252858,0.5733494970981671,0.7233494970981671,1.115789925996292,0.39244042889812486,0.5733494970981671,34,70,45,0.9521340012862867,-0.2044341522827901,False,-0.9052880872991425,-0.7552880872991424,0.0,0.7552880872991424,,,validation,,0.6382427376976494,1.0445352965471377,0.4062925588494884,-0.8178278663975544,0.0,0.8178278663975544,True
~asp_mars_pluto_sextile_orb5 & ~asp_mars_sun_square_orb5 & asp_neptune_uranus_conj_orb5 & ~asp_neptune_venus_conj_orb3,4,10,-0.3513728427758619,-0.20137284277586193,0.3089846567919092,0.5732506212508103,0.7232506212508103,1.1156910501489352,0.39244042889812486,0.5732506212508103,5,100,17,0.9519931455098873,-0.2044341522827901,False,-0.9052880872991425,-0.7552880872991424,0.0,0.7552880872991424,,,validation,,0.2491566171629203,0.6554491760124087,0.4062925588494884,-0.8178278663975544,0.0,0.8178278663975544,True
~asp_mars_pluto_sextile_orb3 & asp_neptune_uranus_conj_orb5 & ~asp_pluto_sun_opp_orb5 & ~venus_sign_leo,4,10,-0.2487138456547501,-0.09871384565475011,0.411643653913021,0.5732442568504176,0.7232442568504176,1.1156846857485425,0.39244042889812486,0.5732442568504176,5,94,19,0.9519840789688381,-0.2044341522827901,False,-0.9052880872991425,-0.7552880872991424,0.0,0.7552880872991424,,,validation,,0.2617471940015676,0.668039752851056,0.4062925588494884,-0.8178278663975544,0.0,0.8178278663975544,True
~asp_mercury_moon_trine_orb1 & ~asp_mercury_pluto_sextile_orb3 & asp_neptune_uranus_conj_orb5 & ~asp_neptune_venus_conj_orb3,4,10,-0.3811259806754119,-0.23112598067541196,0.27923151889235914,0.5732009058135948,0.7232009058135949,1.1156413347117198,0.39244042889812486,0.5732009058135948,8,73,25,0.9519223223538924,-0.2044341522827901,False,-0.9052880872991425,-0.7552880872991424,0.0,0.7552880872991424,,,validation,,0.3388081101861479,0.7451006690356363,0.4062925588494884,-0.8178278663975544,0.0,0.8178278663975544,True
~asp_mars_pluto_sextile_orb3 & asp_neptune_uranus_conj_orb5 & ~asp_neptune_venus_conj_orb5 & ~asp_uranus_venus_opp_orb5,4,10,-0.380917434040992,-0.23091743404099202,0.2794400655267791,0.5731675075775914,0.7231675075775914,1.1156079364757163,0.39244042889812486,0.5731675075775914,5,94,17,0.9518747442313094,-0.2044341522827901,False,-0.9052880872991425,-0.7552880872991424,0.0,0.7552880872991424,,,validation,,0.34183064167516825,0.7481232005246566,0.4062925588494884,-0.8178278663975544,0.0,0.8178278663975544,True
~asp_mars_pluto_sextile_orb3 & asp_neptune_uranus_conj_orb5 & ~asp_sun_uranus_trine_orb5 & ~venus_sign_capricorn,4,10,-0.3357916682319768,-0.18579166823197685,0.32456583133579425,0.5731405093207885,0.7231405093207885,1.1155809382189135,0.39244042889812486,0.5731405093207885,7,52,23,0.9518362833421272,-0.2044341522827901,False,-0.9052880872991425,-0.7552880872991424,0.0,0.7552880872991424,,,validation,,0.38129984854999405,0.7875924073994824,0.4062925588494884,-0.8178278663975544,0.0,0.8178278663975544,True
asp_neptune_uranus_conj_orb5 & ~asp_neptune_venus_conj_orb5 & ~asp_pluto_sun_sextile_orb3 & ~asp_saturn_sun_sextile_orb5,4,10,-0.32181027544664154,-0.17181027544664157,0.33854722412112953,0.5731041605720218,0.7231041605720219,1.1155445894701468,0.39244042889812486,0.5731041605720218,7,84,26,0.9517845020505691,-0.2044341522827901,False,-0.9052880872991425,-0.7552880872991424,0.0,0.7552880872991424,,,validation,,0.27396117871911757,0.680253737568606,0.4062925588494884,-0.8178278663975544,0.0,0.8178278663975544,True
~asp_mars_pluto_sextile_orb3 & ~asp_neptune_sun_trine_orb1 & asp_neptune_uranus_conj_orb5 & ~venus_sign_leo,4,10,-0.29772235902247735,-0.14772235902247738,0.3626351405452937,0.5730779638797999,0.7230779638798,1.1155183927779249,0.39244042889812486,0.5730779638797999,6,93,22,0.9517471830770825,-0.2044341522827901,False,-0.9052880872991425,-0.7552880872991424,0.0,0.7552880872991424,,,validation,,0.27514539188226667,0.6814379507317551,0.4062925588494884,-0.8178278663975544,0.0,0.8178278663975544,True
~asp_mars_pluto_sextile_orb3 & ~asp_mercury_neptune_square_orb3 & asp_neptune_uranus_conj_orb5 & ~asp_neptune_venus_conj_orb5,4,10,-0.37550748779234555,-0.22550748779234553,0.28485001177542557,0.5729691324303018,0.7229691324303018,1.1154095613284267,0.39244042889812486,0.5729691324303018,7,91,25,0.9515921453996725,-0.2044341522827901,False,-0.9052880872991425,-0.7552880872991424,0.0,0.7552880872991424,,,validation,,0.36109429813017163,0.76738685697966,0.4062925588494884,-0.8178278663975544,0.0,0.8178278663975544,True
~asp_mars_neptune_trine_orb1 & ~asp_mars_pluto_sextile_orb3 & asp_neptune_uranus_conj_orb5 & ~asp_neptune_venus_conj_orb3,4,10,-0.33554132598494746,-0.1855413259849475,0.3248161735828236,0.5729445910093648,0.7229445910093648,1.1153850199074897,0.39244042889812486,0.5729445910093648,5,102,15,0.9515571845355746,-0.2044341522827901,False,-0.9052880872991425,-0.7552880872991424,0.0,0.7552880872991424,,,validation,,0.319463348807774,0.7257559076572624,0.4062925588494884,-0.8178278663975544,0.0,0.8178278663975544,True
~asp_mercury_uranus_square_orb5 & asp_pluto_uranus_sextile_orb3 & ~asp_uranus_venus_sextile_orb5 & ~sun_sign_cancer,4,10,-0.7343377805728238,-0.5843377805728238,-0.07398028100505269,0.5729444451642062,0.7229444451642062,1.115384874062331,0.39244042889812486,0.5729444451642062,17,94,23,0.9515569767696122,-0.2044341522827901,False,-0.9052880872991425,-0.7552880872991424,0.0,0.7552880872991424,,,validation,,0.6285818424654632,1.0348744013149516,0.4062925588494884,-0.8178278663975544,0.0,0.8178278663975544,True
~asp_mars_sun_square_orb5 & ~asp_mercury_uranus_square_orb5 & asp_pluto_uranus_sextile_orb3 & ~mars_ingress_3d,4,10,-0.6452960284025134,-0.49529602840251347,0.015061471165257625,0.572944030918266,0.722944030918266,1.115384459816391,0.39244042889812486,0.572944030918266,31,50,39,0.9515563866491941,-0.2044341522827901,False,-0.9052880872991425,-0.7552880872991424,0.0,0.7552880872991424,,,validation,,0.6035832423650402,1.0098758012145286,0.4062925588494884,-0.8178278663975544,0.0,0.8178278663975544,True
~asp_mars_sun_sextile_orb5 & ~asp_mercury_pluto_sextile_orb3 & asp_neptune_uranus_conj_orb5 & ~asp_neptune_venus_conj_orb5,4,10,-0.38704097739606214,-0.23704097739606217,0.27331652217170893,0.5728303015869788,0.7228303015869788,1.1152707304851037,0.39244042889812486,0.5728303015869788,6,91,20,0.9513943719065878,-0.2044341522827901,False,-0.9052880872991425,-0.7552880872991424,0.0,0.7552880872991424,,,validation,,0.3751399047420744,0.7814324635915628,0.4062925588494884,-0.8178278663975544,0.0,0.8178278663975544,True
~asp_mars_pluto_sextile_orb3 & asp_neptune_uranus_conj_orb5 & ~asp_saturn_sun_conj_orb5 & ~asp_saturn_venus_sextile_orb5,4,10,-0.3687492171463681,-0.21874921714636808,0.291608282421403,0.5728178409678472,0.7228178409678472,1.115258269865972,0.39244042889812486,0.5728178409678472,7,97,24,0.9513766209686507,-0.2044341522827901,False,-0.9052880872991425,-0.7552880872991424,0.0,0.7552880872991424,,,validation,,0.40403693229624343,0.8103294911457318,0.4062925588494884,-0.8178278663975544,0.0,0.8178278663975544,True
~asp_mercury_sun_conj_orb1 & ~asp_mercury_uranus_square_orb5 & asp_pluto_uranus_sextile_orb3 & ~mercury_sign_cancer,4,10,-0.7175768825311665,-0.5675768825311664,-0.05721938296339533,0.5728149673799098,0.7228149673799098,1.1152553962780347,0.39244042889812486,0.5728149673799098,25,87,32,0.9513725273617941,-0.2044341522827901,False,-0.9052880872991425,-0.7552880872991424,0.0,0.7552880872991424,,,validation,,0.6320459604329562,1.0383385192824446,0.4062925588494884,-0.8178278663975544,0.0,0.8178278663975544,True
~asp_mars_pluto_sextile_orb3 & ~asp_moon_sun_conj_orb3 & asp_neptune_uranus_conj_orb5 & ~asp_neptune_venus_conj_orb5,4,10,-0.3815451951702792,-0.23154519517027922,0.2788123043974919,0.5728104950566472,0.7228104950566472,1.115250923954772,0.39244042889812486,0.5728104950566472,7,91,30,0.9513661562561684,-0.2044341522827901,False,-0.9052880872991425,-0.7552880872991424,0.0,0.7552880872991424,,,validation,,0.3432619509987778,0.7495545098482662,0.4062925588494884,-0.8178278663975544,0.0,0.8178278663975544,True
~asp_mars_pluto_sextile_orb3 & ~asp_neptune_sun_opp_orb5 & asp_neptune_uranus_conj_orb5 & ~asp_saturn_venus_sextile_orb5,4,10,-0.40380844578289876,-0.2538084457828988,0.2565490537848723,0.5727654941547095,0.7227654941547095,1.1152059230528344,0.39244042889812486,0.5727654941547095,6,97,23,0.9513020496636839,-0.2044341522827901,False,-0.9052880872991425,-0.7552880872991424,0.0,0.7552880872991424,,,validation,,0.4143233801661432,0.8206159390156316,0.4062925588494884,-0.8178278663975544,0.0,0.8178278663975544,True
~asp_moon_saturn_trine_orb1 & asp_pluto_uranus_sextile_orb3 & ~mars_ingress_5d & ~mercury_sign_cancer,4,10,-0.6184298671536846,-0.4684298671536846,0.04192763241408649,0.5727402549479986,0.7227402549479987,1.1151806838461236,0.39244042889812486,0.5727402549479986,33,74,42,0.9512660948558638,-0.2044341522827901,False,-0.9052880872991425,-0.7552880872991424,0.0,0.7552880872991424,,,validation,,0.7553547205337998,1.1616472793832882,0.4062925588494884,-0.8178278663975544,0.0,0.8178278663975544,True
asp_neptune_uranus_conj_orb5 & ~asp_saturn_sun_sextile_orb5 & ~asp_saturn_venus_sextile_orb5 & ~venus_sign_libra,4,10,-0.31018778430057903,-0.160187784300579,0.3501697152671921,0.5726601021753309,0.7226601021753309,1.1151005310734559,0.39244042889812486,0.5726601021753309,7,68,26,0.9511519123641603,-0.2044341522827901,False,-0.9052880872991425,-0.7552880872991424,0.0,0.7552880872991424,,,validation,,0.4837884742803062,0.8900810331297946,0.4062925588494884,-0.8178278663975544,0.0,0.8178278663975544,True
~asp_mars_moon_trine_orb1 & ~asp_mars_pluto_sextile_orb3 & asp_neptune_uranus_conj_orb5 & ~asp_neptune_venus_conj_orb5,4,10,-0.3349253497838037,-0.18492534978380376,0.32543214978396734,0.5726234979886901,0.7226234979886901,1.115063926886815,0.39244042889812486,0.5726234979886901,6,100,26,0.9510997675182331,-0.2044341522827901,False,-0.9052880872991425,-0.7552880872991424,0.0,0.7552880872991424,,,validation,,0.34711616815106966,0.753408727000558,0.4062925588494884,-0.8178278663975544,0.0,0.8178278663975544,True
~asp_moon_saturn_trine_orb1 & asp_neptune_uranus_conj_orb5 & ~asp_neptune_venus_conj_orb3 & ~asp_saturn_sun_sextile_orb5,4,10,-0.31301445376924875,-0.16301445376924878,0.3473430457985223,0.5726148287470517,0.7226148287470517,1.1150552576451767,0.39244042889812486,0.5726148287470517,6,110,28,0.9510874176704571,-0.2044341522827901,False,-0.9052880872991425,-0.7552880872991424,0.0,0.7552880872991424,,,validation,,0.23441777675844694,0.6407103356079353,0.4062925588494884,-0.8178278663975544,0.0,0.8178278663975544,True
~asp_mars_pluto_sextile_orb5 & asp_neptune_uranus_conj_orb5 & ~asp_neptune_venus_conj_orb5 & ~venus_sign_libra,4,10,-0.35032712398976507,-0.20032712398976504,0.31003037557800606,0.5726123490609362,0.7226123490609362,1.115052777959061,0.39244042889812486,0.5726123490609362,5,88,17,0.9510838852110954,-0.2044341522827901,False,-0.9052880872991425,-0.7552880872991424,0.0,0.7552880872991424,,,validation,,0.49482771309198786,0.9011202719414763,0.4062925588494884,-0.8178278663975544,0.0,0.8178278663975544,True
~asp_jupiter_sun_conj_orb5 & ~asp_mars_pluto_sextile_orb5 & asp_neptune_uranus_conj_orb5 & ~asp_sun_uranus_trine_orb5,4,10,-0.3737946995276019,-0.2237946995276019,0.2865628000401692,0.5725993477191292,0.7225993477191293,1.1150397766172542,0.39244042889812486,0.5725993477191292,5,94,20,0.9510653640335378,-0.2044341522827901,False,-0.9052880872991425,-0.7552880872991424,0.0,0.7552880872991424,,,validation,,0.3386494161419726,0.744941974991461,0.4062925588494884,-0.8178278663975544,0.0,0.8178278663975544,True
~asp_mars_pluto_sextile_orb3 & asp_neptune_uranus_conj_orb5 & ~asp_neptune_venus_conj_orb5 & ~mercury_sign_virgo,4,10,-0.3988001053337996,-0.2488001053337996,0.2615573942339715,0.5725449395024095,0.7225449395024095,1.1149853684005344,0.39244042889812486,0.5725449395024095,6,91,18,0.9509878563574667,-0.2044341522827901,False,-0.9052880872991425,-0.7552880872991424,0.0,0.7552880872991424,,,validation,,0.36334864815739126,0.7696412070068797,0.4062925588494884,-0.8178278663975544,0.0,0.8178278663975544,True
~asp_mars_pluto_sextile_orb3 & ~asp_neptune_sun_trine_orb1 & asp_neptune_uranus_conj_orb5 & ~asp_saturn_sun_square_orb5,4,10,-0.38352474472277986,-0.23352474472277984,0.27683275484499126,0.5725001779986117,0.7225001779986118,1.1149406068967367,0.39244042889812486,0.5725001779986117,7,93,27,0.9509240910284298,-0.2044341522827901,False,-0.9052880872991425,-0.7552880872991424,0.0,0.7552880872991424,,,validation,,0.3781175117843682,0.7844100706338566,0.4062925588494884,-0.8178278663975544,0.0,0.8178278663975544,True
~asp_mars_sun_square_orb3 & asp_pluto_uranus_sextile_orb3 & ~asp_saturn_venus_trine_orb3 & ~sun_sign_cancer,4,10,-0.6964897775037314,-0.5464897775037314,-0.03613227793596026,0.5724943106292296,0.7224943106292296,1.1149347395273546,0.39244042889812486,0.5724943106292296,13,138,18,0.9509157326271005,-0.2044341522827901,False,-0.9052880872991425,-0.7552880872991424,0.0,0.7552880872991424,,,validation,,0.6186917686616524,1.0249843275111408,0.4062925588494884,-0.8178278663975544,0.0,0.8178278663975544,True
~asp_mars_pluto_sextile_orb3 & asp_neptune_uranus_conj_orb5 & ~asp_sun_uranus_trine_orb5 & ~asp_uranus_venus_square_orb3,4,10,-0.29934857802261916,-0.1493485780226192,0.3610089215451519,0.5724844610506653,0.7224844610506653,1.1149248899487902,0.39244042889812486,0.5724844610506653,6,92,27,0.9509017013438155,-0.2044341522827901,False,-0.9052880872991425,-0.7552880872991424,0.0,0.7552880872991424,,,validation,,0.42030668447842773,0.8265992433279161,0.4062925588494884,-0.8178278663975544,0.0,0.8178278663975544,True
~asp_mars_pluto_sextile_orb3 & ~asp_mercury_moon_trine_orb1 & asp_neptune_uranus_conj_orb5 & ~venus_sign_libra,4,10,-0.32742543588013784,-0.17742543588013782,0.3329320636876333,0.5724262759812097,0.7224262759812097,1.1148667048793346,0.39244042889812486,0.5724262759812097,7,68,20,0.9508188134500231,-0.2044341522827901,False,-0.9052880872991425,-0.7552880872991424,0.0,0.7552880872991424,,,validation,,0.5361704138375889,0.9424629726870772,0.4062925588494884,-0.8178278663975544,0.0,0.8178278663975544,True
~asp_jupiter_sun_conj_orb5 & ~asp_mars_pluto_sextile_orb3 & asp_neptune_uranus_conj_orb5 & ~asp_pluto_venus_opp_orb3,4,10,-0.36165188180951024,-0.21165188180951022,0.2987056177582609,0.5723595597269407,0.7223595597269408,1.1147999886250657,0.39244042889812486,0.5723595597269407,5,108,17,0.9507237724843198,-0.2044341522827901,False,-0.9052880872991425,-0.7552880872991424,0.0,0.7552880872991424,,,validation,,0.3480866369098374,0.7543791957593258,0.4062925588494884,-0.8178278663975544,0.0,0.8178278663975544,True
asp_neptune_uranus_conj_orb5 & ~asp_neptune_venus_conj_orb5 & ~asp_saturn_sun_sextile_orb5 & ~mars_ingress_3d,4,10,-0.4623195466954282,-0.31231954669542816,0.19803795287234294,0.5723262656010427,0.7223262656010427,1.1147666944991677,0.39244042889812486,0.5723262656010427,11,45,46,0.9506763432063823,-0.2044341522827901,False,-0.9052880872991425,-0.7552880872991424,0.0,0.7552880872991424,,,validation,,0.2861989679955343,0.6924915268450227,0.4062925588494884,-0.8178278663975544,0.0,0.8178278663975544,True
~asp_mars_pluto_sextile_orb5 & asp_neptune_uranus_conj_orb5 & ~asp_neptune_venus_conj_orb3,3,7,-0.33663805253137213,-0.23163805253137215,0.27871944703639895,0.5713718817175888,0.6763718817175888,1.0688123106157137,0.39244042889812486,0.5713718817175888,4,100,12,0.8852316435860688,-0.2044341522827901,False,-0.8602880872991424,-0.7552880872991424,0.0,0.7552880872991424,,,validation,,0.2650264462021123,0.6713190050516007,0.4062925588494884,-0.8178278663975544,0.0,0.8178278663975544,True
asp_neptune_uranus_conj_orb5 & ~asp_saturn_sun_sextile_orb5 & ~asp_saturn_venus_sextile_orb5,3,7,-0.3039568317169652,-0.1989568317169652,0.3114006678508059,0.5705413836558106,0.6755413836558106,1.0679818125539355,0.39244042889812486,0.5705413836558106,6,126,22,0.8840492708307803,-0.2044341522827901,False,-0.8602880872991424,-0.7552880872991424,0.0,0.7552880872991424,,,validation,,0.29304165409651256,0.699334212946001,0.4062925588494884,-0.8178278663975544,0.0,0.8178278663975544,True
~asp_mars_pluto_sextile_orb5 & asp_neptune_uranus_conj_orb5 & ~asp_neptune_venus_conj_orb5,3,7,-0.3336888376950439,-0.22868883769504394,0.28166866187272716,0.567840903497449,0.672840903497449,1.0652813323955739,0.39244042889812486,0.567840903497449,4,98,12,0.8802047077432986,-0.2044341522827901,False,-0.8602880872991424,-0.7552880872991424,0.0,0.7552880872991424,,,validation,,0.27385073270863075,0.6801432915581191,0.4062925588494884,-0.8178278663975544,0.0,0.8178278663975544,True
~asp_mars_pluto_sextile_orb3 & ~asp_mars_sun_square_orb1 & asp_neptune_uranus_conj_orb5,3,7,-0.28640361436644357,-0.1814036143664436,0.3289538852013275,0.5655119712909895,0.6705119712909895,1.0629524001891144,0.39244042889812486,0.5655119712909895,4,116,13,0.8768892085261393,-0.2044341522827901,False,-0.8602880872991424,-0.7552880872991424,0.0,0.7552880872991424,,,validation,,0.30478598714609223,0.7110785459955806,0.4062925588494884,-0.8178278663975544,0.0,0.8178278663975544,True
~asp_mars_pluto_sextile_orb3 & ~asp_moon_venus_trine_orb3 & asp_neptune_uranus_conj_orb5,3,7,-0.401446480241333,-0.296446480241333,0.21391101932643805,0.5642613619171477,0.6692613619171477,1.0617017908152726,0.39244042889812486,0.5642613619171477,9,75,52,0.8751088647268688,-0.2044341522827901,False,-0.8602880872991424,-0.7552880872991424,0.0,0.7552880872991424,,,validation,,0.37048851356181806,0.7767810724113065,0.4062925588494884,-0.8178278663975544,0.0,0.8178278663975544,True
~asp_mercury_uranus_square_orb5 & asp_pluto_uranus_sextile_orb3 & ~mars_ingress_3d,3,7,-0.6713548037332555,-0.5663548037332555,-0.05599730416548448,0.5639316170478494,0.6689316170478494,1.0613720459459743,0.39244042889812486,0.5639316170478494,30,50,39,0.8746394508931497,-0.2044341522827901,False,-0.8602880872991424,-0.7552880872991424,0.0,0.7552880872991424,,,validation,,0.596344577060683,1.0026371359101713,0.4062925588494884,-0.8178278663975544,0.0,0.8178278663975544,True
~asp_jupiter_sun_conj_orb3 & ~asp_mars_pluto_sextile_orb3 & asp_neptune_uranus_conj_orb5,3,7,-0.26458294307808383,-0.15958294307808385,0.35077455648968725,0.563697975461525,0.668697975461525,1.06113840435965,0.39244042889812486,0.563697975461525,4,133,12,0.8743068476876688,-0.2044341522827901,False,-0.8602880872991424,-0.7552880872991424,0.0,0.7552880872991424,,,validation,,0.30438661647425364,0.710679175323742,0.4062925588494884,-0.8178278663975544,0.0,0.8178278663975544,True
~asp_mars_pluto_sextile_orb5 & asp_neptune_uranus_conj_orb5 & ~asp_saturn_venus_sextile_orb5,3,7,-0.35071335116881086,-0.24571335116881088,0.2646441483989602,0.5615478128888896,0.6665478128888895,1.0589882417870145,0.39244042889812486,0.5615478128888896,5,95,18,0.8712460049550841,-0.2044341522827901,False,-0.8602880872991424,-0.7552880872991424,0.0,0.7552880872991424,,,validation,,0.3452873742974735,0.7515799331469619,0.4062925588494884,-0.8178278663975544,0.0,0.8178278663975544,True
~asp_mars_pluto_sextile_orb3 & asp_neptune_uranus_conj_orb5 & ~venus_sign_libra,3,7,-0.26222997477087195,-0.15722997477087197,0.35312752479689913,0.5613632082795073,0.6663632082795072,1.0588036371776322,0.39244042889812486,0.5613632082795073,4,133,13,0.8709832167716416,-0.2044341522827901,False,-0.8602880872991424,-0.7552880872991424,0.0,0.7552880872991424,,,validation,,0.5056673241332812,0.9119598829827695,0.4062925588494884,-0.8178278663975544,0.0,0.8178278663975544,True
~asp_mercury_pluto_sextile_orb3 & asp_neptune_uranus_conj_orb5 & ~asp_neptune_venus_conj_orb3,3,7,-0.30840864784127586,-0.20340864784127588,0.3069488517264952,0.5606913642483733,0.6656913642483733,1.0581317931464982,0.39244042889812486,0.5606913642483733,5,124,17,0.8700268391613979,-0.2044341522827901,False,-0.8602880872991424,-0.7552880872991424,0.0,0.7552880872991424,,,validation,,0.31306415484034916,0.7193567136898376,0.4062925588494884,-0.8178278663975544,0.0,0.8178278663975544,True
~asp_jupiter_moon_square_orb1 & ~asp_mars_pluto_sextile_orb3 & asp_neptune_uranus_conj_orb5,3,7,-0.3610816800186212,-0.2560816800186212,0.2542758195491499,0.5589654637204307,0.6639654637204306,1.0564058926185556,0.39244042889812486,0.5589654637204307,6,133,21,0.8675700374199906,-0.2044341522827901,False,-0.8602880872991424,-0.7552880872991424,0.0,0.7552880872991424,,,validation,,0.37006812815276563,0.776360687002254,0.4062925588494884,-0.8178278663975544,0.0,0.8178278663975544,True
~asp_jupiter_mercury_opp_orb5 & ~asp_mars_pluto_sextile_orb3 & asp_neptune_uranus_conj_orb5,3,7,-0.3111878179572017,-0.2061878179572017,0.3041696816105694,0.5577326391136206,0.6627326391136206,1.0551730680117455,0.39244042889812486,0.5577326391136206,5,116,14,0.8658151570156727,-0.2044341522827901,False,-0.8602880872991424,-0.7552880872991424,0.0,0.7552880872991424,,,validation,,0.1877504502193737,0.5940430090688621,0.4062925588494884,-0.8178278663975544,0.0,0.8178278663975544,True
~asp_mars_pluto_sextile_orb3 & asp_neptune_uranus_conj_orb5 & ~asp_pluto_sun_sextile_orb3,3,7,-0.27370907580787335,-0.16870907580787337,0.34164842375989773,0.5567575877120918,0.6617575877120918,1.0541980166102167,0.39244042889812486,0.5567575877120918,5,118,17,0.864427226610414,-0.2044341522827901,False,-0.8602880872991424,-0.7552880872991424,0.0,0.7552880872991424,,,validation,,0.3605286719045147,0.7668212307540031,0.4062925588494884,-0.8178278663975544,0.0,0.8178278663975544,True
~asp_mercury_pluto_sextile_orb3 & asp_neptune_uranus_conj_orb5 & ~asp_neptune_venus_conj_orb5,3,7,-0.3049611914212273,-0.1999611914212273,0.3103963081465438,0.5566569582471874,0.6616569582471874,1.0540973871453123,0.39244042889812486,0.5566569582471874,5,122,17,0.8642839872423533,-0.2044341522827901,False,-0.8602880872991424,-0.7552880872991424,0.0,0.7552880872991424,,,validation,,0.32126018045866084,0.7275527393081492,0.4062925588494884,-0.8178278663975544,0.0,0.8178278663975544,True
~asp_moon_saturn_trine_orb1 & asp_pluto_uranus_sextile_orb3 & ~mars_ingress_3d,3,7,-0.5946765281151626,-0.4896765281151626,0.020680971452608485,0.5563832675675302,0.6613832675675302,1.053823696465655,0.39244042889812486,0.5563832675675302,33,76,44,0.8638944076342892,-0.2044341522827901,False,-0.8602880872991424,-0.7552880872991424,0.0,0.7552880872991424,,,validation,,0.5996625331373362,1.0059550919868245,0.4062925588494884,-0.8178278663975544,0.0,0.8178278663975544,True
~asp_mars_pluto_sextile_orb3 & asp_neptune_uranus_conj_orb5 & ~asp_uranus_venus_square_orb5,3,7,-0.2651353324769693,-0.16013533247696932,0.3502221670908018,0.5561511302855353,0.6611511302855353,1.0535915591836602,0.39244042889812486,0.5561511302855353,5,92,19,0.8635639774451718,-0.2044341522827901,False,-0.8602880872991424,-0.7552880872991424,0.0,0.7552880872991424,,,validation,,0.2921437542127994,0.6984363130622878,0.4062925588494884,-0.8178278663975544,0.0,0.8178278663975544,True
~asp_mars_pluto_sextile_orb3 & ~asp_mars_sun_square_orb5 & asp_neptune_uranus_conj_orb5,3,7,-0.26098071310143967,-0.15598071310143968,0.3543767864663314,0.5556233119817195,0.6606233119817195,1.0530637408798444,0.39244042889812486,0.5556233119817195,4,116,13,0.8628126708673858,-0.2044341522827901,False,-0.8602880872991424,-0.7552880872991424,0.0,0.7552880872991424,,,validation,,0.29715669142211704,0.7034492502716054,0.4062925588494884,-0.8178278663975544,0.0,0.8178278663975544,True
~asp_mars_pluto_sextile_orb3 & asp_neptune_uranus_conj_orb5 & ~venus_sign_leo,3,7,-0.20439044948005086,-0.09939044948005088,0.4109670500877202,0.5552831900220692,0.6602831900220691,1.052723618920194,0.39244042889812486,0.5552831900220692,4,133,14,0.8623285374698517,-0.2044341522827901,False,-0.8602880872991424,-0.7552880872991424,0.0,0.7552880872991424,,,validation,,0.2691551540112492,0.6754477128607376,0.4062925588494884,-0.8178278663975544,0.0,0.8178278663975544,True
asp_neptune_uranus_conj_orb5 & ~asp_neptune_venus_conj_orb3 & ~asp_saturn_sun_sextile_orb3,3,7,-0.3259676121068436,-0.22096761210684362,0.2893898874609275,0.5542085807105666,0.6592085807105665,1.0516490096086915,0.39244042889812486,0.5542085807105666,5,148,18,0.8607989401895575,-0.2044341522827901,False,-0.8602880872991424,-0.7552880872991424,0.0,0.7552880872991424,,,validation,,0.21627076943396134,0.6225633282834497,0.4062925588494884,-0.8178278663975544,0.0,0.8178278663975544,True
~asp_mars_pluto_sextile_orb3 & ~asp_moon_saturn_trine_orb1 & asp_neptune_uranus_conj_orb5,3,7,-0.26656521311248577,-0.16156521311248578,0.3487922864552853,0.5535914153564043,0.6585914153564043,1.0510318442545292,0.39244042889812486,0.5535914153564043,4,133,20,0.8599204772992264,-0.2044341522827901,False,-0.8602880872991424,-0.7552880872991424,0.0,0.7552880872991424,,,validation,,0.3274605941275797,0.7337531529770681,0.4062925588494884,-0.8178278663975544,0.0,0.8178278663975544,True
asp_neptune_uranus_conj_orb5 & ~asp_saturn_sun_sextile_orb5 & ~asp_saturn_sun_trine_orb3,3,7,-0.31868281254963976,-0.21368281254963978,0.2966746870181313,0.5525713661684875,0.6575713661684874,1.0500117950666124,0.39244042889812486,0.5525713661684875,5,86,22,0.8584685712062332,-0.2044341522827901,False,-0.8602880872991424,-0.7552880872991424,0.0,0.7552880872991424,,,validation,,0.33138501515484226,0.7376775740043306,0.4062925588494884,-0.8178278663975544,0.0,0.8178278663975544,True
~asp_mars_pluto_sextile_orb3 & asp_neptune_uranus_conj_orb5 & ~asp_saturn_sun_square_orb5,3,7,-0.2946252942855956,-0.1896252942855956,0.3207322052821755,0.5513737327732875,0.6563737327732875,1.0488141616714124,0.39244042889812486,0.5513737327732875,5,111,18,0.8567639210464024,-0.2044341522827901,False,-0.8602880872991424,-0.7552880872991424,0.0,0.7552880872991424,,,validation,,0.3713910545532207,0.7776836134027091,0.4062925588494884,-0.8178278663975544,0.0,0.8178278663975544,True
~asp_mercury_pluto_sextile_orb3 & asp_neptune_uranus_conj_orb5 & ~asp_saturn_venus_sextile_orb5,3,7,-0.3235812667336036,-0.21858126673360362,0.2917762328341675,0.5510744289821543,0.6560744289821543,1.0485148578802792,0.39244042889812486,0.5510744289821543,6,70,23,0.8563379113293603,-0.2044341522827901,False,-0.8602880872991424,-0.7552880872991424,0.0,0.7552880872991424,,,validation,,0.3879937012336558,0.7942862600831442,0.4062925588494884,-0.8178278663975544,0.0,0.8178278663975544,True
asp_pluto_uranus_sextile_orb3 & ~asp_saturn_venus_trine_orb5 & ~mars_ingress_3d,3,7,-0.640863276998453,-0.535863276998453,-0.025505777430681935,0.550722381670508,0.655722381670508,1.048162810568633,0.39244042889812486,0.550722381670508,28,76,37,0.8558368319325689,-0.2044341522827901,False,-0.8602880872991424,-0.7552880872991424,0.0,0.7552880872991424,,,validation,,0.6026368930319208,1.0089294518814091,0.4062925588494884,-0.8178278663975544,0.0,0.8178278663975544,True
~asp_jupiter_sun_conj_orb5 & asp_neptune_uranus_conj_orb5 & ~asp_saturn_sun_sextile_orb5,3,7,-0.2877655944605435,-0.18276559446054352,0.3275919051072276,0.5506169071357838,0.6556169071357838,1.0480573360339087,0.39244042889812486,0.5506169071357838,4,144,17,0.8556867073245644,-0.2044341522827901,False,-0.8602880872991424,-0.7552880872991424,0.0,0.7552880872991424,,,validation,,0.23570647043942788,0.6419990292889163,0.4062925588494884,-0.8178278663975544,0.0,0.8178278663975544,True
~asp_mars_pluto_sextile_orb3 & ~asp_moon_venus_conj_orb3 & asp_neptune_uranus_conj_orb5,3,7,-0.3129491980349054,-0.2079491980349054,0.3024083015328657,0.5502598831380245,0.6552598831380245,1.0477003120361494,0.39244042889812486,0.5502598831380245,8,102,31,0.8551785473928666,-0.2044341522827901,False,-0.8602880872991424,-0.7552880872991424,0.0,0.7552880872991424,,,validation,,0.3693340904727556,0.775626649322244,0.4062925588494884,-0.8178278663975544,0.0,0.8178278663975544,True
~asp_mars_pluto_sextile_orb3 & ~asp_moon_venus_conj_orb5 & asp_neptune_uranus_conj_orb5,3,7,-0.3548386671676103,-0.24983866716761033,0.26051883240016077,0.5502598831380245,0.6552598831380245,1.0477003120361494,0.39244042889812486,0.5502598831380245,8,102,49,0.8551785473928666,-0.2044341522827901,False,-0.8602880872991424,-0.7552880872991424,0.0,0.7552880872991424,,,validation,,0.3693340904727556,0.775626649322244,0.4062925588494884,-0.8178278663975544,0.0,0.8178278663975544,True
~asp_moon_saturn_trine_orb1 & asp_pluto_uranus_sextile_orb3 & ~sun_sign_cancer,3,7,-0.6332718039817026,-0.5282718039817026,-0.017914304413931516,0.549955434749648,0.654955434749648,1.047395863647773,0.39244042889812486,0.549955434749648,14,128,21,0.854745221252196,-0.2044341522827901,False,-0.8602880872991424,-0.7552880872991424,0.0,0.7552880872991424,,,validation,,0.5778426059419448,0.9841351647914333,0.4062925588494884,-0.8178278663975544,0.0,0.8178278663975544,True
asp_neptune_uranus_conj_orb5 & ~asp_neptune_venus_conj_orb5 & ~asp_saturn_sun_sextile_orb3,3,7,-0.32252141131957274,-0.21752141131957275,0.29283608824819835,0.5499441824282534,0.6549441824282534,1.0473846113263783,0.39244042889812486,0.5499441824282534,5,146,18,0.854729205679287,-0.2044341522827901,False,-0.8602880872991424,-0.7552880872991424,0.0,0.7552880872991424,,,validation,,0.22220946926844193,0.6285020281179303,0.4062925588494884,-0.8178278663975544,0.0,0.8178278663975544,True
~asp_mars_pluto_sextile_orb3 & asp_neptune_uranus_conj_orb5 & ~asp_sun_uranus_conj_orb3,3,7,-0.26180585033463366,-0.15680585033463368,0.3535516492331374,0.549685182418858,0.654685182418858,1.047125611316983,0.39244042889812486,0.549685182418858,4,120,13,0.8543605682783708,-0.2044341522827901,False,-0.8602880872991424,-0.7552880872991424,0.0,0.7552880872991424,,,validation,,0.32652183833158993,0.7328143971810783,0.4062925588494884,-0.8178278663975544,0.0,0.8178278663975544,True
~asp_mercury_uranus_square_orb5 & asp_pluto_uranus_sextile_orb3 & ~sun_sign_cancer,3,7,-0.6884235131135047,-0.5834235131135047,-0.07306601354573361,0.547951939830843,0.652951939830843,1.045392368728968,0.39244042889812486,0.547951939830843,12,106,18,0.8518936568779791,-0.2044341522827901,False,-0.8602880872991424,-0.7552880872991424,0.0,0.7552880872991424,,,validation,,0.574225535134177,0.9805180939836653,0.4062925588494884,-0.8178278663975544,0.0,0.8178278663975544,True
~asp_moon_saturn_trine_orb1 & asp_pluto_uranus_sextile_orb3 & ~mercury_sign_cancer,3,7,-0.5954916798453849,-0.49049167984538483,0.01986581972238628,0.5470426299512774,0.6520426299512774,1.0444830588494023,0.39244042889812486,0.5470426299512774,14,133,20,0.8505994642138652,-0.2044341522827901,False,-0.8602880872991424,-0.7552880872991424,0.0,0.7552880872991424,,,validation,,0.5731366832078781,0.9794292420573665,0.4062925588494884,-0.8178278663975544,0.0,0.8178278663975544,True
asp_pluto_uranus_sextile_orb3 & ~asp_saturn_venus_trine_orb3 & ~mars_ingress_3d,3,7,-0.6523787578121026,-0.5473787578121027,-0.037021258244331556,0.5455358970283712,0.6505358970283712,1.0429763259264961,0.39244042889812486,0.5455358970283712,28,76,37,0.8484550101401793,-0.2044341522827901,False,-0.8602880872991424,-0.7552880872991424,0.0,0.7552880872991424,,,validation,,0.5918266411084245,0.998119199957913,0.4062925588494884,-0.8178278663975544,0.0,0.8178278663975544,True
~asp_mercury_uranus_square_orb5 & asp_pluto_uranus_sextile_orb3 & ~mars_ingress_5d,3,7,-0.6680593412936805,-0.5630593412936805,-0.052701841725909415,0.5449045724035706,0.6499045724035706,1.0423450013016955,0.39244042889812486,0.5449045724035706,30,50,39,0.8475564908439286,-0.2044341522827901,False,-0.8602880872991424,-0.7552880872991424,0.0,0.7552880872991424,,,validation,,0.6582907753013589,1.0645833341508473,0.4062925588494884,-0.8178278663975544,0.0,0.8178278663975544,True
~asp_mercury_uranus_square_orb5 & asp_pluto_uranus_sextile_orb3 & ~mercury_sign_cancer,3,7,-0.6711072511088255,-0.5661072511088255,-0.0557497515410544,0.5447929172956805,0.6497929172956804,1.0422333461938054,0.39244042889812486,0.5447929172956805,12,106,18,0.8473975808309999,-0.2044341522827901,False,-0.8602880872991424,-0.7552880872991424,0.0,0.7552880872991424,,,validation,,0.5690917999600367,0.9753843588095251,0.4062925588494884,-0.8178278663975544,0.0,0.8178278663975544,True
asp_neptune_uranus_conj_orb5 & ~asp_saturn_sun_sextile_orb3 & ~asp_saturn_venus_sextile_orb5,3,7,-0.3374205781127277,-0.2324205781127277,0.2779369214550434,0.5446927293879298,0.6496927293879298,1.0421331582860547,0.39244042889812486,0.5446927293879298,6,126,22,0.8472549913785603,-0.2044341522827901,False,-0.8602880872991424,-0.7552880872991424,0.0,0.7552880872991424,,,validation,,0.2896289287103138,0.6959214875598022,0.4062925588494884,-0.8178278663975544,0.0,0.8178278663975544,True
~asp_mars_pluto_sextile_orb3 & asp_neptune_uranus_conj_orb5 & ~mercury_sign_leo,3,7,-0.3779180821504591,-0.2729180821504591,0.237439417417312,0.544330101052231,0.649330101052231,1.041770529950356,0.39244042889812486,0.544330101052231,4,133,14,0.8467388929005011,-0.2044341522827901,False,-0.8602880872991424,-0.7552880872991424,0.0,0.7552880872991424,,,validation,,0.3176042170776248,0.7238967759271132,0.4062925588494884,-0.8178278663975544,0.0,0.8178278663975544,True
~asp_mars_pluto_sextile_orb3 & ~asp_mars_venus_sextile_orb5 & asp_neptune_uranus_conj_orb5,3,7,-0.3419354051695324,-0.23693540516953243,0.27342209439823867,0.5440621785505504,0.6490621785505504,1.0415026074486753,0.39244042889812486,0.5440621785505504,4,133,13,0.8463575827860295,-0.2044341522827901,False,-0.8602880872991424,-0.7552880872991424,0.0,0.7552880872991424,,,validation,,0.2946117771017381,0.7009043359512265,0.4062925588494884,-0.8178278663975544,0.0,0.8178278663975544,True
~asp_mars_pluto_sextile_orb3 & asp_neptune_uranus_conj_orb5 & ~mercury_sign_capricorn,3,7,-0.43738461037046705,-0.33238461037046707,0.17797288919730406,0.543456915148574,0.648456915148574,1.0408973440466989,0.39244042889812486,0.543456915148574,4,129,14,0.8454961702480317,-0.2044341522827901,False,-0.8602880872991424,-0.7552880872991424,0.0,0.7552880872991424,,,validation,,0.3190267004651404,0.7253192593146288,0.4062925588494884,-0.8178278663975544,0.0,0.8178278663975544,True
~asp_moon_saturn_trine_orb1 & asp_pluto_uranus_sextile_orb3 & ~venus_sign_aries,3,7,-0.4200051374401755,-0.3150051374401755,0.1953523621275956,0.5426980548637166,0.6476980548637166,1.0401384837618415,0.39244042889812486,0.5426980548637166,14,150,18,0.8444161673734387,-0.2044341522827901,False,-0.8602880872991424,-0.7552880872991424,0.0,0.7552880872991424,,,validation,,0.46331809352807113,0.8696106523775595,0.4062925588494884,-0.8178278663975544,0.0,0.8178278663975544,True
~asp_jupiter_sun_sextile_orb5 & ~asp_moon_saturn_trine_orb1 & asp_pluto_uranus_sextile_orb3,3,7,-0.5708561987616252,-0.46585619876162515,0.04450130080614597,0.5411083501195386,0.6461083501195386,1.0385487790176635,0.39244042889812486,0.5411083501195386,17,164,23,0.8421537474580927,-0.2044341522827901,False,-0.8602880872991424,-0.7552880872991424,0.0,0.7552880872991424,,,validation,,0.5946144270617431,1.0009069859112314,0.4062925588494884,-0.8178278663975544,0.0,0.8178278663975544,True
~asp_mars_pluto_sextile_orb1 & asp_neptune_uranus_conj_orb5 & ~asp_saturn_sun_sextile_orb5,3,7,-0.3166736454556895,-0.2116736454556895,0.2986838541120816,0.5409671497313866,0.6459671497313866,1.0384075786295115,0.39244042889812486,0.5409671497313866,4,118,16,0.8419527974792005,-0.2044341522827901,False,-0.8602880872991424,-0.7552880872991424,0.0,0.7552880872991424,,,validation,,0.3101449102829234,0.7164374691324118,0.4062925588494884,-0.8178278663975544,0.0,0.8178278663975544,True
~asp_mars_pluto_sextile_orb3 & asp_neptune_uranus_conj_orb5 & ~asp_saturn_sun_conj_orb1,3,7,-0.3072638452245077,-0.20226384522450774,0.30809365434326336,0.5406613599071615,0.6456613599071614,1.0381017888052864,0.39244042889812486,0.5406613599071615,4,116,13,0.8415176124985537,-0.2044341522827901,False,-0.8602880872991424,-0.7552880872991424,0.0,0.7552880872991424,,,validation,,0.32592502973276355,0.7322175885822519,0.4062925588494884,-0.8178278663975544,0.0,0.8178278663975544,True
~asp_mars_pluto_sextile_orb3 & asp_neptune_uranus_conj_orb5 & ~asp_saturn_venus_sextile_orb3,3,7,-0.3120297966343282,-0.20702979663432824,0.30332770293344286,0.5395283586189266,0.6445283586189265,1.0369687875170515,0.39244042889812486,0.5395283586189266,6,98,18,0.8399051953995518,-0.2044341522827901,False,-0.8602880872991424,-0.7552880872991424,0.0,0.7552880872991424,,,validation,,0.3777930663735704,0.7840856252230588,0.4062925588494884,-0.8178278663975544,0.0,0.8178278663975544,True
~asp_mars_pluto_sextile_orb3 & asp_neptune_uranus_conj_orb5 & ~venus_sign_capricorn,3,7,-0.27441936160663444,-0.16941936160663446,0.34093813796113664,0.5395072566118468,0.6445072566118468,1.0369476855099717,0.39244042889812486,0.5395072566118468,5,91,13,0.8398751645480262,-0.2044341522827901,False,-0.8602880872991424,-0.7552880872991424,0.0,0.7552880872991424,,,validation,,0.3248877409020238,0.7311802997515122,0.4062925588494884,-0.8178278663975544,0.0,0.8178278663975544,True
~asp_moon_saturn_trine_orb1 & asp_pluto_uranus_sextile_orb3 & ~mars_ingress_5d,3,7,-0.5880183867252312,-0.4830183867252312,0.027339112842539932,0.5393848547318494,0.6443848547318494,1.0368252836299743,0.39244042889812486,0.5393848547318494,32,74,43,0.8397009711928565,-0.2044341522827901,False,-0.8602880872991424,-0.7552880872991424,0.0,0.7552880872991424,,,validation,,0.6617723365175598,1.0680648953670482,0.4062925588494884,-0.8178278663975544,0.0,0.8178278663975544,True
~asp_mars_sun_square_orb5 & asp_pluto_uranus_sextile_orb3 & ~asp_saturn_venus_trine_orb3,3,7,-0.567533773995511,-0.462533773995511,0.04782372557226011,0.5380003175437167,0.6430003175437167,1.0354407464418416,0.39244042889812486,0.5380003175437167,12,192,15,0.8377306180749444,-0.2044341522827901,False,-0.8602880872991424,-0.7552880872991424,0.0,0.7552880872991424,,,validation,,0.4786609479382978,0.8849535067877862,0.4062925588494884,-0.8178278663975544,0.0,0.8178278663975544,True
~asp_mercury_pluto_sextile_orb5 & asp_neptune_uranus_conj_orb5 & ~asp_neptune_venus_conj_orb3,3,7,-0.34554295867949336,-0.24054295867949338,0.2698145408882777,0.5379294721215613,0.6429294721215613,1.0353699010196862,0.39244042889812486,0.5379294721215613,5,123,17,0.8376297979299281,-0.2044341522827901,False,-0.8602880872991424,-0.7552880872991424,0.0,0.7552880872991424,,,validation,,0.2897120015210443,0.6960045603705327,0.4062925588494884,-0.8178278663975544,0.0,0.8178278663975544,True
~asp_mars_pluto_sextile_orb3 & asp_neptune_uranus_conj_orb5 & ~sun_sign_leo,3,7,-0.3917989894713594,-0.2867989894713594,0.22355851009641167,0.5378580434544948,0.6428580434544948,1.0352984723526197,0.39244042889812486,0.5378580434544948,3,133,10,0.8375281478584089,-0.2044341522827901,False,-0.8602880872991424,-0.7552880872991424,0.0,0.7552880872991424,,,validation,,0.25007357677868064,0.656366135628169,0.4062925588494884,-0.8178278663975544,0.0,0.8178278663975544,True
asp_neptune_uranus_conj_orb5 & ~asp_saturn_sun_sextile_orb5,2,4,-0.22721726756609764,-0.18721726756609763,0.32314023200167347,0.5375775087373631,0.5775775087373631,0.9700179376354879,0.39244042889812486,0.5375775087373631,3,160,12,0.7446642565394799,-0.2044341522827901,False,-0.7952880872991425,-0.7552880872991424,0.0,0.7552880872991424,,,validation,,0.19340331122046633,0.5996958700699547,0.4062925588494884,-0.8178278663975544,0.0,0.8178278663975544,True
~asp_mars_pluto_sextile_orb3 & ~asp_mars_sun_square_orb3 & asp_neptune_uranus_conj_orb5,3,7,-0.29628647927596896,-0.19128647927596898,0.3190710202918021,0.5371681026591102,0.6421681026591102,1.034608531557235,0.39244042889812486,0.5371681026591102,4,116,13,0.8365462983630725,-0.2044341522827901,False,-0.8602880872991424,-0.7552880872991424,0.0,0.7552880872991424,,,validation,,0.2790562952974261,0.6853488541469145,0.4062925588494884,-0.8178278663975544,0.0,0.8178278663975544,True
~asp_mars_pluto_sextile_orb3 & asp_neptune_uranus_conj_orb5 & ~asp_pluto_sun_sextile_orb5,3,7,-0.27919826687765414,-0.17419826687765416,0.33615923269011694,0.5371027752363129,0.6421027752363129,1.0345432041344378,0.39244042889812486,0.5371027752363129,5,116,17,0.8364533318393019,-0.2044341522827901,False,-0.8602880872991424,-0.7552880872991424,0.0,0.7552880872991424,,,validation,,0.3930027116120763,0.7992952704615647,0.4062925588494884,-0.8178278663975544,0.0,0.8178278663975544,True
asp_pluto_uranus_sextile_orb3 & ~asp_saturn_venus_trine_orb5 & ~mercury_sign_cancer,3,7,-0.6033524583725712,-0.49835245837257125,0.012005041195199854,0.5367522899221475,0.6417522899221475,1.0341927188202724,0.39244042889812486,0.5367522899221475,11,145,15,0.8359545624696698,-0.2044341522827901,False,-0.8602880872991424,-0.7552880872991424,0.0,0.7552880872991424,,,validation,,0.582334032315388,0.9886265911648765,0.4062925588494884,-0.8178278663975544,0.0,0.8178278663975544,True
asp_pluto_uranus_sextile_orb3 & ~asp_saturn_venus_trine_orb3 & ~asp_uranus_venus_sextile_orb5,3,7,-0.6309346277379219,-0.5259346277379219,-0.015577128170150785,0.5362384224735204,0.6412384224735204,1.0336788513716453,0.39244042889812486,0.5362384224735204,15,142,18,0.835223290820847,-0.2044341522827901,False,-0.8602880872991424,-0.7552880872991424,0.0,0.7552880872991424,,,validation,,0.5053421140550585,0.9116346729045468,0.4062925588494884,-0.8178278663975544,0.0,0.8178278663975544,True
~asp_mars_pluto_sextile_orb3 & asp_neptune_uranus_conj_orb5 & ~asp_pluto_venus_opp_orb3,3,7,-0.29150985362120674,-0.18650985362120676,0.32384764594656434,0.5360251038377797,0.6410251038377797,1.0334655327359046,0.39244042889812486,0.5360251038377797,4,116,13,0.8349197238801587,-0.2044341522827901,False,-0.8602880872991424,-0.7552880872991424,0.0,0.7552880872991424,,,validation,,0.29452916839778137,0.7008217272472698,0.4062925588494884,-0.8178278663975544,0.0,0.8178278663975544,True
~asp_mars_pluto_sextile_orb3 & asp_neptune_uranus_conj_orb5 & ~asp_pluto_sun_square_orb5,3,7,-0.3362133937050044,-0.23121339370500443,0.27914410586276667,0.5359907425643198,0.6409907425643198,1.0334311714624447,0.39244042889812486,0.5359907425643198,5,95,16,0.8348708255236672,-0.2044341522827901,False,-0.8602880872991424,-0.7552880872991424,0.0,0.7552880872991424,,,validation,,0.38045815496688723,0.7867507138163756,0.4062925588494884,-0.8178278663975544,0.0,0.8178278663975544,True
~asp_moon_saturn_trine_orb1 & asp_pluto_uranus_sextile_orb3,2,4,-0.540074788481231,-0.500074788481231,0.010282711086540127,0.5353898163302782,0.5753898163302782,0.9678302452284031,0.39244042889812486,0.5353898163302782,12,184,18,0.7415534296053445,-0.2044341522827901,False,-0.7952880872991425,-0.7552880872991424,0.0,0.7552880872991424,,,validation,,0.47220229622653004,0.8784948550760184,0.4062925588494884,-0.8178278663975544,0.0,0.8178278663975544,True
~asp_moon_saturn_trine_orb1 & asp_pluto_uranus_sextile_orb3 & ~mercury_sign_aries,3,7,-0.5664792115731665,-0.46147921157316646,0.048878287994604634,0.5349531940504766,0.6399531940504766,1.0323936229486015,0.39244042889812486,0.5349531940504766,13,150,20,0.8333943353919548,-0.2044341522827901,False,-0.8602880872991424,-0.7552880872991424,0.0,0.7552880872991424,,,validation,,0.49422992595940135,0.9005224848088897,0.4062925588494884,-0.8178278663975544,0.0,0.8178278663975544,True
~asp_mars_pluto_sextile_orb3 & asp_neptune_uranus_conj_orb5 & ~asp_saturn_sun_conj_orb3,3,7,-0.28776468420068385,-0.18276468420068387,0.32759281536708723,0.5344108127388227,0.6394108127388227,1.0318512416369476,0.39244042889812486,0.5344108127388227,4,116,13,0.8326225036827715,-0.2044341522827901,False,-0.8602880872991424,-0.7552880872991424,0.0,0.7552880872991424,,,validation,,0.3167793974610537,0.7230719563105421,0.4062925588494884,-0.8178278663975544,0.0,0.8178278663975544,True
~asp_mercury_pluto_sextile_orb3 & asp_neptune_uranus_conj_orb5 & ~asp_saturn_sun_trine_orb3,3,7,-0.33092693826091774,-0.22592693826091775,0.28443056130685335,0.5341976022096395,0.6391976022096395,1.0316380311077644,0.39244042889812486,0.5341976022096395,5,131,21,0.8323190974326145,-0.2044341522827901,False,-0.8602880872991424,-0.7552880872991424,0.0,0.7552880872991424,,,validation,,0.42924004177964853,0.8355326006291369,0.4062925588494884,-0.8178278663975544,0.0,0.8178278663975544,True
~asp_mars_sun_square_orb5 & asp_pluto_uranus_sextile_orb3 & ~asp_saturn_venus_trine_orb5,3,7,-0.5563353143687085,-0.45133531436870855,0.05902218519906255,0.5337545578334839,0.6387545578334839,1.0311949867316088,0.39244042889812486,0.5337545578334839,12,192,15,0.831688631905265,-0.2044341522827901,False,-0.8602880872991424,-0.7552880872991424,0.0,0.7552880872991424,,,validation,,0.4685094047813411,0.8748019636308295,0.4062925588494884,-0.8178278663975544,0.0,0.8178278663975544,True
~asp_mercury_pluto_sextile_orb5 & asp_neptune_uranus_conj_orb5 & ~asp_neptune_venus_conj_orb5,3,7,-0.34216339797036666,-0.23716339797036667,0.2731941015974044,0.5336582163234223,0.6386582163234222,1.0310986452215471,0.39244042889812486,0.5336582163234223,5,121,17,0.8315515354828971,-0.2044341522827901,False,-0.8602880872991424,-0.7552880872991424,0.0,0.7552880872991424,,,validation,,0.29748607212426253,0.7037786309737509,0.4062925588494884,-0.8178278663975544,0.0,0.8178278663975544,True
~asp_mercury_sun_conj_orb1 & ~asp_moon_saturn_trine_orb1 & asp_pluto_uranus_sextile_orb3,3,7,-0.5870721039302255,-0.4820721039302254,0.02828539563754569,0.5334889737410298,0.6384889737410298,1.0309294026391547,0.39244042889812486,0.5334889737410298,27,84,35,0.8313106993723423,-0.2044341522827901,False,-0.8602880872991424,-0.7552880872991424,0.0,0.7552880872991424,,,validation,,0.52880791924718,0.9351004780966683,0.4062925588494884,-0.8178278663975544,0.0,0.8178278663975544,True
~asp_mercury_sun_conj_orb1 & ~asp_mercury_uranus_square_orb5 & asp_pluto_uranus_sextile_orb3,3,7,-0.6404009453610146,-0.5354009453610146,-0.025043445793243482,0.5331174213883199,0.6381174213883198,1.0305578502864448,0.39244042889812486,0.5331174213883199,24,87,30,0.8307819735401352,-0.2044341522827901,False,-0.8602880872991424,-0.7552880872991424,0.0,0.7552880872991424,,,validation,,0.5254247094228401,0.9317172682723286,0.4062925588494884,-0.8178278663975544,0.0,0.8178278663975544,True
~asp_mars_pluto_sextile_orb5 & asp_neptune_uranus_conj_orb5 & ~asp_uranus_venus_square_orb3,3,7,-0.29434486590320197,-0.189344865903202,0.3210126336645691,0.533033458377125,0.638033458377125,1.03047388727525,0.39244042889812486,0.533033458377125,4,92,18,0.8306624929661903,-0.2044341522827901,False,-0.8602880872991424,-0.7552880872991424,0.0,0.7552880872991424,,,validation,,0.28963433606152006,0.6959268949110085,0.4062925588494884,-0.8178278663975544,0.0,0.8178278663975544,True
~asp_mercury_uranus_square_orb5 & asp_pluto_uranus_sextile_orb3 & ~mercury_sign_aries,3,7,-0.5999794574561018,-0.49497945745610183,0.015378042111669273,0.5329465264446023,0.6379465264446023,1.0303869553427272,0.39244042889812486,0.5329465264446023,11,136,15,0.8305387877047001,-0.2044341522827901,False,-0.8602880872991424,-0.7552880872991424,0.0,0.7552880872991424,,,validation,,0.47813112160210675,0.8844236804515951,0.4062925588494884,-0.8178278663975544,0.0,0.8178278663975544,True
~asp_mars_pluto_sextile_orb3 & asp_neptune_uranus_conj_orb5 & ~asp_sun_uranus_square_orb5,3,7,-0.302343709277766,-0.197343709277766,0.3130137902900051,0.5323725894950366,0.6373725894950366,1.0298130183931615,0.39244042889812486,0.5323725894950366,5,72,18,0.8297220713458426,-0.2044341522827901,False,-0.8602880872991424,-0.7552880872991424,0.0,0.7552880872991424,,,validation,,0.31129392225289537,0.7175864811023838,0.4062925588494884,-0.8178278663975544,0.0,0.8178278663975544,True
asp_pluto_uranus_sextile_orb3 & ~asp_saturn_venus_trine_orb5 & ~asp_uranus_venus_sextile_orb5,3,7,-0.6199189682278817,-0.5149189682278817,-0.004561468660110633,0.5320138847804863,0.6370138847804863,1.0294543136786112,0.39244042889812486,0.5320138847804863,15,142,18,0.8292116349187768,-0.2044341522827901,False,-0.8602880872991424,-0.7552880872991424,0.0,0.7552880872991424,,,validation,,0.4953102586625741,0.9016028175120625,0.4062925588494884,-0.8178278663975544,0.0,0.8178278663975544,True
~asp_mars_pluto_sextile_orb3 & ~asp_neptune_sun_trine_orb3 & asp_neptune_uranus_conj_orb5,3,7,-0.33157951086612175,-0.22657951086612177,0.28377798870164933,0.5319775180427253,0.6369775180427253,1.0294179469408502,0.39244042889812486,0.5319775180427253,5,92,18,0.8291598852155009,-0.2044341522827901,False,-0.8602880872991424,-0.7552880872991424,0.0,0.7552880872991424,,,validation,,0.30966304868606903,0.7159556075355574,0.4062925588494884,-0.8178278663975544,0.0,0.8178278663975544,True
asp_pluto_uranus_sextile_orb3 & ~asp_saturn_venus_trine_orb3 & ~mercury_sign_cancer,3,7,-0.6086303098634214,-0.5036303098634214,0.006727189704349713,0.531791988154172,0.6367919881541719,1.0292324170522968,0.39244042889812486,0.531791988154172,11,145,15,0.8288958773841617,-0.2044341522827901,False,-0.8602880872991424,-0.7552880872991424,0.0,0.7552880872991424,,,validation,,0.5722619682783032,0.9785545271277916,0.4062925588494884,-0.8178278663975544,0.0,0.8178278663975544,True
~asp_jupiter_sun_conj_orb1 & ~asp_mars_pluto_sextile_orb3 & asp_neptune_uranus_conj_orb5,3,7,-0.28655367038876367,-0.1815536703887637,0.3288038291790074,0.5317686778007888,0.6367686778007888,1.0292091066989137,0.39244042889812486,0.5317686778007888,4,133,12,0.828862706944709,-0.2044341522827901,False,-0.8602880872991424,-0.7552880872991424,0.0,0.7552880872991424,,,validation,,0.2745703263490908,0.6808628851985792,0.4062925588494884,-0.8178278663975544,0.0,0.8178278663975544,True
~asp_mars_pluto_sextile_orb3 & asp_neptune_uranus_conj_orb5 & ~asp_saturn_venus_square_orb3,3,7,-0.29734659648653433,-0.19234659648653435,0.31801090308123675,0.5317017555134376,0.6367017555134376,1.0291421844115625,0.39244042889812486,0.5317017555134376,6,110,18,0.8287674771379565,-0.2044341522827901,False,-0.8602880872991424,-0.7552880872991424,0.0,0.7552880872991424,,,validation,,0.32411666768172315,0.7304092265312115,0.4062925588494884,-0.8178278663975544,0.0,0.8178278663975544,True
~asp_jupiter_sun_conj_orb5 & ~asp_mercury_pluto_sextile_orb3 & asp_neptune_uranus_conj_orb5,3,7,-0.31370284136153886,-0.20870284136153888,0.3016546582062322,0.5316316374458225,0.6366316374458225,1.0290720663439474,0.39244042889812486,0.5316316374458225,4,160,16,0.828667699849067,-0.2044341522827901,False,-0.8602880872991424,-0.7552880872991424,0.0,0.7552880872991424,,,validation,,0.3308994069837731,0.7371919658332615,0.4062925588494884,-0.8178278663975544,0.0,0.8178278663975544,True
asp_pluto_uranus_sextile_orb3 & ~asp_saturn_venus_trine_orb5 & ~mars_ingress_5d,3,7,-0.6362859285588831,-0.5312859285588831,-0.020928428991112025,0.5313707438079422,0.6363707438079422,1.0288111727060671,0.39244042889812486,0.5313707438079422,28,74,37,0.8282964516423295,-0.2044341522827901,False,-0.8602880872991424,-0.7552880872991424,0.0,0.7552880872991424,,,validation,,0.665231015176089,1.0715235740255773,0.4062925588494884,-0.8178278663975544,0.0,0.8178278663975544,True
~asp_mercury_uranus_square_orb5 & asp_pluto_uranus_sextile_orb3,2,4,-0.5928723429112718,-0.5528723429112717,-0.04251484334350068,0.5312697667747979,0.5712697667747979,0.9637101956729228,0.39244042889812486,0.5312697667747979,10,136,14,0.7356950677039111,-0.2044341522827901,False,-0.7952880872991425,-0.7552880872991424,0.0,0.7552880872991424,,,validation,,0.4660278584512469,0.8723204173007353,0.4062925588494884,-0.8178278663975544,0.0,0.8178278663975544,True
~asp_mars_pluto_sextile_orb3 & ~asp_moon_neptune_trine_orb3 & asp_neptune_uranus_conj_orb5,3,7,-0.35996942113785046,-0.2549694211378505,0.2553880784299206,0.5310993681878204,0.6360993681878204,1.0285397970859453,0.39244042889812486,0.5310993681878204,12,61,47,0.8279102889774301,-0.2044341522827901,False,-0.8602880872991424,-0.7552880872991424,0.0,0.7552880872991424,,,validation,,0.390340534777666,0.7966330936271544,0.4062925588494884,-0.8178278663975544,0.0,0.8178278663975544,True
~asp_mars_pluto_sextile_orb3 & asp_neptune_uranus_conj_orb5 & ~asp_neptune_venus_trine_orb3,3,7,-0.35476087625993696,-0.24976087625993698,0.2605966233078341,0.5310846726997132,0.6360846726997131,1.028525101597838,0.39244042889812486,0.5310846726997132,5,106,18,0.8278893775968768,-0.2044341522827901,False,-0.8602880872991424,-0.7552880872991424,0.0,0.7552880872991424,,,validation,,0.2884169326047787,0.6947094914542671,0.4062925588494884,-0.8178278663975544,0.0,0.8178278663975544,True
~asp_mars_pluto_sextile_orb3 & asp_neptune_uranus_conj_orb5 & ~jupiter_ingress_1d,3,7,-0.3229081846976532,-0.21790818469765322,0.2924493148701179,0.5309518320216722,0.6359518320216722,1.028392260919797,0.39244042889812486,0.5309518320216722,4,133,13,0.8277003481865637,-0.2044341522827901,False,-0.8602880872991424,-0.7552880872991424,0.0,0.7552880872991424,,,validation,,0.37269328049411293,0.7789858393436013,0.4062925588494884,-0.8178278663975544,0.0,0.8178278663975544,True
~asp_mercury_uranus_square_orb5 & asp_pluto_uranus_sextile_orb3 & ~asp_uranus_venus_sextile_orb5,3,7,-0.6586818490397212,-0.5536818490397212,-0.04332434947195009,0.5308045483273311,0.6358045483273311,1.028244977225456,0.39244042889812486,0.5308045483273311,15,136,19,0.8274907670375755,-0.2044341522827901,False,-0.8602880872991424,-0.7552880872991424,0.0,0.7552880872991424,,,validation,,0.5133617555096817,0.9196543143591701,0.4062925588494884,-0.8178278663975544,0.0,0.8178278663975544,True
asp_pluto_uranus_sextile_orb3 & ~asp_saturn_venus_trine_orb5 & ~sun_sign_cancer,3,7,-0.6446933295363241,-0.5396933295363241,-0.02933582996855295,0.5301322697290014,0.6351322697290014,1.0275726986271263,0.39244042889812486,0.5301322697290014,11,138,16,0.8265341356065956,-0.2044341522827901,False,-0.8602880872991424,-0.7552880872991424,0.0,0.7552880872991424,,,validation,,0.5697854039353165,0.976077962784805,0.4062925588494884,-0.8178278663975544,0.0,0.8178278663975544,True
~asp_mars_pluto_sextile_orb3 & asp_neptune_uranus_conj_orb5 & ~asp_saturn_sun_trine_orb3,3,7,-0.31778679055837783,-0.21278679055837785,0.29757070900939325,0.5298422896328576,0.6348422896328576,1.0272827185309825,0.39244042889812486,0.5298422896328576,4,133,17,0.8261215054339168,-0.2044341522827901,False,-0.8602880872991424,-0.7552880872991424,0.0,0.7552880872991424,,,validation,,0.3351362200088603,0.7414287788583487,0.4062925588494884,-0.8178278663975544,0.0,0.8178278663975544,True
~asp_moon_saturn_trine_orb1 & asp_pluto_uranus_sextile_orb3 & ~sun_sign_aries,3,7,-0.4649008272398778,-0.3599008272398778,0.1504566723278933,0.5298339651902726,0.6348339651902726,1.0272743940883975,0.39244042889812486,0.5298339651902726,14,150,20,0.8261096601040729,-0.2044341522827901,False,-0.8602880872991424,-0.7552880872991424,0.0,0.7552880872991424,,,validation,,0.4605882277490994,0.8668807865985878,0.4062925588494884,-0.8178278663975544,0.0,0.8178278663975544,True
~asp_mercury_uranus_square_orb1 & ~asp_moon_saturn_trine_orb1 & asp_pluto_uranus_sextile_orb3,3,7,-0.6174168445918068,-0.5124168445918068,-0.0020593450240356534,0.5293987181907267,0.6343987181907267,1.0268391470888516,0.39244042889812486,0.5293987181907267,16,150,23,0.8254903237128917,-0.2044341522827901,False,-0.8602880872991424,-0.7552880872991424,0.0,0.7552880872991424,,,validation,,0.5214393181058494,0.9277318769553378,0.4062925588494884,-0.8178278663975544,0.0,0.8178278663975544,True
~asp_mars_pluto_sextile_orb3 & asp_neptune_uranus_conj_orb5 & ~asp_saturn_venus_trine_orb1,3,7,-0.28572439128068844,-0.18072439128068846,0.32963310828708264,0.5293783720788201,0.6343783720788201,1.026818800976945,0.39244042889812486,0.5293783720788201,4,133,16,0.8254613722157302,-0.2044341522827901,False,-0.8602880872991424,-0.7552880872991424,0.0,0.7552880872991424,,,validation,,0.28872800253522984,0.6950205613847182,0.4062925588494884,-0.8178278663975544,0.0,0.8178278663975544,True
~asp_mars_pluto_sextile_orb3 & asp_neptune_uranus_conj_orb5 & ~asp_saturn_venus_conj_orb5,3,7,-0.26708470016178787,-0.1620847001617879,0.3482727994059832,0.5288628735914667,0.6338628735914666,1.0263033024895916,0.39244042889812486,0.5288628735914667,4,116,13,0.8247278461262111,-0.2044341522827901,False,-0.8602880872991424,-0.7552880872991424,0.0,0.7552880872991424,,,validation,,0.29858454320098265,0.704877102050471,0.4062925588494884,-0.8178278663975544,0.0,0.8178278663975544,True
asp_neptune_uranus_conj_orb5 & ~asp_saturn_sun_sextile_orb3 & ~asp_saturn_sun_trine_orb3,3,7,-0.34734494349102457,-0.2423449434910246,0.2680125560767465,0.5287958738192269,0.6337958738192269,1.0262363027173518,0.39244042889812486,0.5287958738192269,5,89,22,0.824632509463844,-0.2044341522827901,False,-0.8602880872991424,-0.7552880872991424,0.0,0.7552880872991424,,,validation,,0.32762360170161714,0.7339161605511055,0.4062925588494884,-0.8178278663975544,0.0,0.8178278663975544,True
~asp_moon_saturn_trine_orb1 & ~asp_pluto_sun_trine_orb5 & asp_pluto_uranus_sextile_orb3,3,7,-0.6257040074120271,-0.5207040074120272,-0.010346507844256066,0.5286994144506239,0.6336994144506238,1.0261398433487487,0.39244042889812486,0.5286994144506239,17,124,26,0.8244952536982495,-0.2044341522827901,False,-0.8602880872991424,-0.7552880872991424,0.0,0.7552880872991424,,,validation,,0.5501226681882962,0.9564152270377847,0.4062925588494884,-0.8178278663975544,0.0,0.8178278663975544,True
~asp_mars_pluto_sextile_orb3 & asp_neptune_uranus_conj_orb5 & ~asp_neptune_venus_trine_orb1,3,7,-0.29982757105950997,-0.19482757105950999,0.3155299285082611,0.5286401470270503,0.6336401470270503,1.0260805759251752,0.39244042889812486,0.5286401470270503,4,116,14,0.8244109198699963,-0.2044341522827901,False,-0.8602880872991424,-0.7552880872991424,0.0,0.7552880872991424,,,validation,,0.3032353625542816,0.70952792140377,0.4062925588494884,-0.8178278663975544,0.0,0.8178278663975544,True
~asp_mars_sun_square_orb3 & asp_pluto_uranus_sextile_orb3 & ~asp_saturn_venus_trine_orb3,3,7,-0.6252217078590928,-0.5202217078590928,-0.009864208291321692,0.528550147110268,0.633550147110268,1.025990576008393,0.39244042889812486,0.528550147110268,12,192,15,0.8242828557478081,-0.2044341522827901,False,-0.8602880872991424,-0.7552880872991424,0.0,0.7552880872991424,,,validation,,0.5020715133441429,0.9083640721936312,0.4062925588494884,-0.8178278663975544,0.0,0.8178278663975544,True
~asp_mars_pluto_sextile_orb3 & ~asp_moon_saturn_opp_orb3 & asp_neptune_uranus_conj_orb5,3,7,-0.31174645540924095,-0.20674645540924097,0.30361104415853013,0.528276774107826,0.633276774107826,1.025717203005951,0.39244042889812486,0.528276774107826,7,77,26,0.823893864326408,-0.2044341522827901,False,-0.8602880872991424,-0.7552880872991424,0.0,0.7552880872991424,,,validation,,0.34239748894075367,0.7486900477902421,0.4062925588494884,-0.8178278663975544,0.0,0.8178278663975544,True
~asp_mercury_pluto_sextile_orb5 & asp_neptune_uranus_conj_orb5 & ~asp_saturn_venus_sextile_orb5,3,7,-0.3559588453679988,-0.25095884536799884,0.25939865419977226,0.5282183605021786,0.6332183605021786,1.0256587894003035,0.39244042889812486,0.5282183605021786,6,70,23,0.8238107458580533,-0.2044341522827901,False,-0.8602880872991424,-0.7552880872991424,0.0,0.7552880872991424,,,validation,,0.3647322163901427,0.7710247752396311,0.4062925588494884,-0.8178278663975544,0.0,0.8178278663975544,True
~asp_mars_pluto_sextile_orb3 & ~asp_moon_saturn_opp_orb5 & asp_neptune_uranus_conj_orb5,3,7,-0.36086772478112406,-0.2558677247811241,0.254489774786647,0.5277113326675396,0.6327113326675395,1.0251517615656645,0.39244042889812486,0.5277113326675396,10,77,40,0.8230892832732357,-0.2044341522827901,False,-0.8602880872991424,-0.7552880872991424,0.0,0.7552880872991424,,,validation,,0.3702718433246111,0.7765644021740995,0.4062925588494884,-0.8178278663975544,0.0,0.8178278663975544,True
~asp_mars_sun_square_orb3 & asp_pluto_uranus_sextile_orb3 & ~asp_saturn_venus_trine_orb5,3,7,-0.6141996891659706,-0.5091996891659706,0.0011578104018005531,0.5275662618107024,0.6325662618107024,1.0250066907088273,0.39244042889812486,0.5275662618107024,12,192,15,0.8228828591485062,-0.2044341522827901,False,-0.8602880872991424,-0.7552880872991424,0.0,0.7552880872991424,,,validation,,0.49848213148373116,0.9047746903332196,0.4062925588494884,-0.8178278663975544,0.0,0.8178278663975544,True
~asp_mercury_uranus_square_orb3 & ~asp_moon_saturn_trine_orb1 & asp_pluto_uranus_sextile_orb3,3,7,-0.6690443250293704,-0.5640443250293704,-0.05368682546159929,0.5270571016423127,0.6320571016423127,1.0244975305404376,0.39244042889812486,0.5270571016423127,17,132,25,0.8221583682131735,-0.2044341522827901,False,-0.8602880872991424,-0.7552880872991424,0.0,0.7552880872991424,,,validation,,0.531425468315506,0.9377180271649943,0.4062925588494884,-0.8178278663975544,0.0,0.8178278663975544,True
~asp_mercury_moon_trine_orb1 & asp_neptune_uranus_conj_orb5 & ~asp_saturn_sun_sextile_orb5,3,7,-0.32044169260066,-0.21544169260066004,0.29491580696711106,0.5267365402703739,0.6317365402703738,1.0241769691684988,0.39244042889812486,0.5267365402703739,6,130,20,0.8217022393912465,-0.2044341522827901,False,-0.8602880872991424,-0.7552880872991424,0.0,0.7552880872991424,,,validation,,0.21620238234868644,0.6224949411981748,0.4062925588494884,-0.8178278663975544,0.0,0.8178278663975544,True
~asp_neptune_sun_opp_orb3 & asp_neptune_uranus_conj_orb5 & ~asp_saturn_sun_sextile_orb5,3,7,-0.3258280335404244,-0.2208280335404244,0.2895294660273467,0.5262347944749908,0.6312347944749908,1.0236752233731157,0.39244042889812486,0.5262347944749908,4,118,17,0.8209883056915748,-0.2044341522827901,False,-0.8602880872991424,-0.7552880872991424,0.0,0.7552880872991424,,,validation,,0.29783189912592406,0.7041244579754125,0.4062925588494884,-0.8178278663975544,0.0,0.8178278663975544,True
~asp_mercury_uranus_square_orb5 & ~asp_pluto_sun_trine_orb5 & asp_pluto_uranus_sextile_orb3,3,7,-0.6797434507073413,-0.5747434507073413,-0.0643859511395702,0.5260671723633663,0.6310671723633663,1.0235076012614912,0.39244042889812486,0.5260671723633663,15,97,22,0.8207497972973223,-0.2044341522827901,False,-0.8602880872991424,-0.7552880872991424,0.0,0.7552880872991424,,,validation,,0.5456549957232759,0.9519475545727644,0.4062925588494884,-0.8178278663975544,0.0,0.8178278663975544,True
asp_pluto_uranus_sextile_orb3 & ~asp_saturn_venus_trine_orb3 & ~mars_ingress_5d,3,7,-0.6482922386667189,-0.5432922386667189,-0.03293473909894781,0.5260451204965142,0.6310451204965142,1.023485549394639,0.39244042889812486,0.5260451204965142,28,74,37,0.8207184198782149,-0.2044341522827901,False,-0.8602880872991424,-0.7552880872991424,0.0,0.7552880872991424,,,validation,,0.6540052016513218,1.0602977605008101,0.4062925588494884,-0.8178278663975544,0.0,0.8178278663975544,True
~asp_jupiter_mercury_trine_orb3 & ~asp_mars_pluto_sextile_orb3 & asp_neptune_uranus_conj_orb5,3,7,-0.23988178797658088,-0.1348817879765809,0.3754757115911902,0.5260229464914006,0.6310229464914006,1.0234633753895255,0.39244042889812486,0.5260229464914006,5,111,19,0.8206868686781221,-0.2044341522827901,False,-0.8602880872991424,-0.7552880872991424,0.0,0.7552880872991424,,,validation,,0.3064940971217834,0.7127866559712718,0.4062925588494884,-0.8178278663975544,0.0,0.8178278663975544,True
~asp_mars_pluto_sextile_orb5 & asp_neptune_uranus_conj_orb5 & ~asp_sun_uranus_trine_orb5,3,7,-0.35080501768454064,-0.24580501768454066,0.26455248188323044,0.5260106952577328,0.6310106952577328,1.0234511241558577,0.39244042889812486,0.5260106952577328,4,94,17,0.8206694365073701,-0.2044341522827901,False,-0.8602880872991424,-0.7552880872991424,0.0,0.7552880872991424,,,validation,,0.28085906574717395,0.6871516245966623,0.4062925588494884,-0.8178278663975544,0.0,0.8178278663975544,True
~asp_jupiter_sun_conj_orb5 & asp_neptune_uranus_conj_orb5 & ~asp_saturn_sun_sextile_orb3,3,7,-0.31744547730455824,-0.21244547730455826,0.29791202226321284,0.525795126901395,0.6307951269013949,1.0232355557995199,0.39244042889812486,0.525795126901395,4,146,17,0.8203627066497745,-0.2044341522827901,False,-0.8602880872991424,-0.7552880872991424,0.0,0.7552880872991424,,,validation,,0.2325155317243241,0.6388080905738125,0.4062925588494884,-0.8178278663975544,0.0,0.8178278663975544,True
~asp_mars_pluto_sextile_orb3 & ~asp_mars_sun_sextile_orb5 & asp_neptune_uranus_conj_orb5,3,7,-0.32246722127622124,-0.21746722127622126,0.29289027829154984,0.5257845753363328,0.6307845753363328,1.0232250042344577,0.39244042889812486,0.5257845753363328,3,133,11,0.8203476929639704,-0.2044341522827901,False,-0.8602880872991424,-0.7552880872991424,0.0,0.7552880872991424,,,validation,,0.2820932201467044,0.6883857789961928,0.4062925588494884,-0.8178278663975544,0.0,0.8178278663975544,True
~asp_mars_sun_sextile_orb5 & asp_neptune_uranus_conj_orb5 & ~asp_saturn_sun_sextile_orb5,3,7,-0.32329530798628375,-0.21829530798628377,0.29206219158148733,0.52558965357691,0.63058965357691,1.023030082475035,0.39244042889812486,0.52558965357691,4,103,16,0.820070341655724,-0.2044341522827901,False,-0.8602880872991424,-0.7552880872991424,0.0,0.7552880872991424,,,validation,,0.22556123695727753,0.6318537958067659,0.4062925588494884,-0.8178278663975544,0.0,0.8178278663975544,True
~asp_mars_pluto_sextile_orb3 & ~asp_moon_venus_trine_orb5 & asp_neptune_uranus_conj_orb5,3,7,-0.49057439225858057,-0.3855743922585806,0.12478310730919052,0.5253680327171408,0.6303680327171408,1.0228084616152657,0.39244042889812486,0.5253680327171408,21,24,84,0.8197550013931929,-0.2044341522827901,False,-0.8602880872991424,-0.7552880872991424,0.0,0.7552880872991424,,,validation,,0.34289605018951713,0.7491886090390055,0.4062925588494884,-0.8178278663975544,0.0,0.8178278663975544,True
asp_pluto_uranus_sextile_orb3 & ~asp_saturn_venus_trine_orb3 & ~sun_sign_cancer,3,7,-0.6569772135285775,-0.5519772135285775,-0.04161971396080641,0.5251204658053228,0.6301204658053228,1.0225608947034477,0.39244042889812486,0.5251204658053228,11,138,16,0.8194027439790594,-0.2044341522827901,False,-0.8602880872991424,-0.7552880872991424,0.0,0.7552880872991424,,,validation,,0.55944778799659,0.9657403468460785,0.4062925588494884,-0.8178278663975544,0.0,0.8178278663975544,True
~asp_mercury_pluto_sextile_orb3 & asp_neptune_uranus_conj_orb5 & ~asp_uranus_venus_square_orb3,3,7,-0.28503289285018335,-0.18003289285018337,0.33032460671758773,0.5248634638271061,0.6298634638271061,1.022303892725231,0.39244042889812486,0.5248634638271061,5,88,21,0.8190370627482997,-0.2044341522827901,False,-0.8602880872991424,-0.7552880872991424,0.0,0.7552880872991424,,,validation,,0.33608360328352754,0.7423761621330159,0.4062925588494884,-0.8178278663975544,0.0,0.8178278663975544,True
~asp_mars_moon_trine_orb3 & asp_pluto_uranus_sextile_orb3 & ~mars_ingress_3d,3,7,-0.663995700865628,-0.558995700865628,-0.04863820129785691,0.5247968285689342,0.6297968285689342,1.022237257467059,0.39244042889812486,0.5247968285689342,50,41,62,0.818942249411899,-0.2044341522827901,False,-0.8602880872991424,-0.7552880872991424,0.0,0.7552880872991424,,,validation,,0.6060053442243178,1.0122979030738062,0.4062925588494884,-0.8178278663975544,0.0,0.8178278663975544,True
~asp_mars_pluto_sextile_orb3 & asp_neptune_uranus_conj_orb5 & ~asp_pluto_venus_opp_orb5,3,7,-0.30484369182878934,-0.19984369182878936,0.31051380773898174,0.5244401471459639,0.6294401471459639,1.0218805760440888,0.39244042889812486,0.5244401471459639,4,116,13,0.818434739286084,-0.2044341522827901,False,-0.8602880872991424,-0.7552880872991424,0.0,0.7552880872991424,,,validation,,0.27312832913575796,0.6794208879852464,0.4062925588494884,-0.8178278663975544,0.0,0.8178278663975544,True
asp_neptune_uranus_conj_orb5 & ~asp_saturn_sun_sextile_orb3 & ~asp_uranus_venus_square_orb3,3,7,-0.28259000858984806,-0.17759000858984808,0.332767490977923,0.5239854959979917,0.6289854959979917,1.0214259248961166,0.39244042889812486,0.5239854959979917,4,95,21,0.8177878345056886,-0.2044341522827901,False,-0.8602880872991424,-0.7552880872991424,0.0,0.7552880872991424,,,validation,,0.26409304328456223,0.6703856021340506,0.4062925588494884,-0.8178278663975544,0.0,0.8178278663975544,True
~asp_mars_sun_square_orb5 & ~asp_moon_saturn_trine_orb1 & asp_pluto_uranus_sextile_orb3,3,7,-0.5407227632415884,-0.43572276324158843,0.07463473632618264,0.5238944455559915,0.6288944455559915,1.0213348744541164,0.39244042889812486,0.5238944455559915,15,117,21,0.8176582829360091,-0.2044341522827901,False,-0.8602880872991424,-0.7552880872991424,0.0,0.7552880872991424,,,validation,,0.4814721816531104,0.8877647405025988,0.4062925588494884,-0.8178278663975544,0.0,0.8178278663975544,True
~asp_mars_pluto_sextile_orb3 & ~asp_mercury_venus_conj_orb1 & asp_neptune_uranus_conj_orb5,3,7,-0.2925483501034627,-0.1875483501034627,0.3228091494643084,0.5238624333488542,0.6288624333488542,1.021302862246979,0.39244042889812486,0.5238624333488542,5,116,16,0.8176127342437023,-0.2044341522827901,False,-0.8602880872991424,-0.7552880872991424,0.0,0.7552880872991424,,,validation,,0.32425683488001783,0.7305493937295062,0.4062925588494884,-0.8178278663975544,0.0,0.8178278663975544,True
~asp_mars_pluto_sextile_orb3 & ~asp_mercury_uranus_sextile_orb1 & asp_neptune_uranus_conj_orb5,3,7,-0.3257439498832199,-0.22074394988321994,0.28961354968455116,0.5236773355429694,0.6286773355429693,1.0211177644410943,0.39244042889812486,0.5236773355429694,4,133,17,0.8173493674663221,-0.2044341522827901,False,-0.8602880872991424,-0.7552880872991424,0.0,0.7552880872991424,,,validation,,0.3159689937529763,0.7222615526024647,0.4062925588494884,-0.8178278663975544,0.0,0.8178278663975544,True
~asp_jupiter_moon_square_orb3 & ~asp_mars_pluto_sextile_orb3 & asp_neptune_uranus_conj_orb5,3,7,-0.4102198919356572,-0.30521989193565724,0.2051376076321139,0.5229948600261913,0.6279948600261913,1.0204352889243162,0.39244042889812486,0.5229948600261913,12,49,45,0.8163783109765148,-0.2044341522827901,False,-0.8602880872991424,-0.7552880872991424,0.0,0.7552880872991424,,,validation,,0.3481788592610096,0.754471418110498,0.4062925588494884,-0.8178278663975544,0.0,0.8178278663975544,True
~asp_mars_pluto_sextile_orb1 & ~asp_mercury_pluto_sextile_orb3 & asp_neptune_uranus_conj_orb5,3,7,-0.33062141564099345,-0.22562141564099347,0.28473608392677763,0.5229169732417027,0.6279169732417027,1.0203574021398276,0.39244042889812486,0.5229169732417027,4,131,16,0.8162674907129719,-0.2044341522827901,False,-0.8602880872991424,-0.7552880872991424,0.0,0.7552880872991424,,,validation,,0.40556286235322553,0.8118554212027139,0.4062925588494884,-0.8178278663975544,0.0,0.8178278663975544,True
~asp_mars_pluto_sextile_orb5 & ~asp_neptune_sun_trine_orb1 & asp_neptune_uranus_conj_orb5,3,7,-0.3839619226831129,-0.27896192268311293,0.2313955768846582,0.522724720437109,0.627724720437109,1.020165149335234,0.39244042889812486,0.522724720437109,4,93,17,0.8159939466001589,-0.2044341522827901,False,-0.8602880872991424,-0.7552880872991424,0.0,0.7552880872991424,,,validation,,0.23825964339791356,0.644552202247402,0.4062925588494884,-0.8178278663975544,0.0,0.8178278663975544,True
~asp_mars_pluto_sextile_orb3 & asp_neptune_uranus_conj_orb5 & ~asp_saturn_venus_sextile_orb1,3,7,-0.2930074467932313,-0.18800744679323134,0.32235005277453976,0.5220929745899681,0.627092974589968,1.019533403488093,0.39244042889812486,0.5220929745899681,6,99,17,0.8150950807070327,-0.2044341522827901,False,-0.8602880872991424,-0.7552880872991424,0.0,0.7552880872991424,,,validation,,0.31787007334829026,0.7241626321977787,0.4062925588494884,-0.8178278663975544,0.0,0.8178278663975544,True
~asp_mars_pluto_sextile_orb3 & asp_neptune_uranus_conj_orb5 & ~sun_sign_sagittarius,3,7,-0.425862997152475,-0.320862997152475,0.18949450241529606,0.5216506647067836,0.6266506647067835,1.0190910936049085,0.39244042889812486,0.5216506647067836,4,133,13,0.8144657537918332,-0.2044341522827901,False,-0.8602880872991424,-0.7552880872991424,0.0,0.7552880872991424,,,validation,,0.34062624894178667,0.7469188077912751,0.4062925588494884,-0.8178278663975544,0.0,0.8178278663975544,True
~asp_mars_sun_square_orb5 & ~asp_mercury_uranus_square_orb5 & asp_pluto_uranus_sextile_orb3,3,7,-0.5949410270126373,-0.4899410270126373,0.02041647255513377,0.5214730617013397,0.6264730617013397,1.0189134905994646,0.39244042889812486,0.5214730617013397,13,136,17,0.8142130578119193,-0.2044341522827901,False,-0.8602880872991424,-0.7552880872991424,0.0,0.7552880872991424,,,validation,,0.4757845877303339,0.8820771465798223,0.4062925588494884,-0.8178278663975544,0.0,0.8178278663975544,True
~asp_mars_pluto_sextile_orb3 & asp_neptune_uranus_conj_orb5 & ~mars_ingress_3d,3,7,-0.4007377050869847,-0.2957377050869847,0.2146197944807864,0.5211223342941751,0.6261223342941751,1.0185627631923,0.39244042889812486,0.5211223342941751,8,83,40,0.813714039676547,-0.2044341522827901,False,-0.8602880872991424,-0.7552880872991424,0.0,0.7552880872991424,,,validation,,0.3189702518651441,0.7252628107146325,0.4062925588494884,-0.8178278663975544,0.0,0.8178278663975544,True
~asp_mercury_pluto_sextile_orb3 & asp_neptune_uranus_conj_orb5,2,4,-0.24164017486602132,-0.20164017486602132,0.3087173247017498,0.5211167806910737,0.5611167806910737,0.9535572095891987,0.39244042889812486,0.5211167806910737,3,160,12,0.7212595646084279,-0.2044341522827901,False,-0.7952880872991425,-0.7552880872991424,0.0,0.7552880872991424,,,validation,,0.2823030341699155,0.6885955930194039,0.4062925588494884,-0.8178278663975544,0.0,0.8178278663975544,True
~asp_jupiter_mercury_trine_orb1 & ~asp_mars_pluto_sextile_orb3 & asp_neptune_uranus_conj_orb5,3,7,-0.259139967447392,-0.154139967447392,0.3562175321203791,0.521090275029588,0.626090275029588,1.018530703927713,0.39244042889812486,0.521090275029588,5,111,18,0.8136684255705116,-0.2044341522827901,False,-0.8602880872991424,-0.7552880872991424,0.0,0.7552880872991424,,,validation,,0.3037225307619274,0.7100150896114158,0.4062925588494884,-0.8178278663975544,0.0,0.8178278663975544,True
asp_neptune_uranus_conj_orb5 & ~asp_saturn_sun_sextile_orb3 & ~asp_sun_uranus_trine_orb5,3,7,-0.3382583991677443,-0.23325839916774432,0.2770991004000268,0.5208230883755558,0.6258230883755558,1.0182635172736807,0.39244042889812486,0.5208230883755558,4,89,21,0.8132882715551633,-0.2044341522827901,False,-0.8602880872991424,-0.7552880872991424,0.0,0.7552880872991424,,,validation,,0.2376678615725047,0.6439604204219931,0.4062925588494884,-0.8178278663975544,0.0,0.8178278663975544,True
~asp_jupiter_mercury_conj_orb3 & ~asp_mars_pluto_sextile_orb3 & asp_neptune_uranus_conj_orb5,3,7,-0.31624724847647817,-0.2112472484764782,0.2991102510912929,0.5203012618247487,0.6253012618247487,1.0177416907228736,0.39244042889812486,0.5203012618247487,4,133,15,0.8125458186562702,-0.2044341522827901,False,-0.8602880872991424,-0.7552880872991424,0.0,0.7552880872991424,,,validation,,0.31092519636719645,0.7172177552166848,0.4062925588494884,-0.8178278663975544,0.0,0.8178278663975544,True
~asp_mercury_uranus_square_orb5 & ~asp_moon_venus_square_orb3 & asp_pluto_uranus_sextile_orb3,3,7,-0.7797994556607594,-0.6747994556607594,-0.16444195609298826,0.5202078828231902,0.6252078828231902,1.017648311721315,0.39244042889812486,0.5202078828231902,35,58,44,0.8124129598533996,-0.2044341522827901,False,-0.8602880872991424,-0.7552880872991424,0.0,0.7552880872991424,,,validation,,0.5780317807791542,0.9843243396286426,0.4062925588494884,-0.8178278663975544,0.0,0.8178278663975544,True
~asp_mars_pluto_sextile_orb3 & ~asp_mars_pluto_square_orb3 & asp_neptune_uranus_conj_orb5,3,7,-0.33803534976814753,-0.23303534976814755,0.27732214979962355,0.520163001724522,0.625163001724522,1.017603430622647,0.39244042889812486,0.520163001724522,5,116,16,0.8123491034839245,-0.2044341522827901,False,-0.8602880872991424,-0.7552880872991424,0.0,0.7552880872991424,,,validation,,0.3232363598140376,0.729528918663526,0.4062925588494884,-0.8178278663975544,0.0,0.8178278663975544,True
~asp_moon_saturn_trine_orb1 & asp_pluto_uranus_sextile_orb3 & ~asp_uranus_venus_sextile_orb5,3,7,-0.6058860429567894,-0.5008860429567894,0.009471456610981728,0.5199897650723968,0.6249897650723968,1.0174301939705217,0.39244042889812486,0.5199897650723968,19,126,25,0.8121026244690583,-0.2044341522827901,False,-0.8602880872991424,-0.7552880872991424,0.0,0.7552880872991424,,,validation,,0.506056991195885,0.9123495500453734,0.4062925588494884,-0.8178278663975544,0.0,0.8178278663975544,True
~asp_mars_pluto_sextile_orb3 & ~asp_mercury_neptune_sextile_orb3 & asp_neptune_uranus_conj_orb5,3,7,-0.3976566929493544,-0.2926566929493544,0.21770080661841668,0.519930631927189,0.624930631927189,1.017371060825314,0.39244042889812486,0.519930631927189,5,83,22,0.8120184906636756,-0.2044341522827901,False,-0.8602880872991424,-0.7552880872991424,0.0,0.7552880872991424,,,validation,,0.35082098967169,0.7571135485211784,0.4062925588494884,-0.8178278663975544,0.0,0.8178278663975544,True
~asp_mars_neptune_sextile_orb3 & ~asp_mars_pluto_sextile_orb3 & asp_neptune_uranus_conj_orb5,3,7,-0.32622624026887537,-0.22122624026887538,0.2891312592988957,0.5196127977068592,0.6246127977068592,1.017053226604984,0.39244042889812486,0.5196127977068592,4,133,13,0.8115662816523666,-0.2044341522827901,False,-0.8602880872991424,-0.7552880872991424,0.0,0.7552880872991424,,,validation,,0.3242056135794165,0.7304981724289049,0.4062925588494884,-0.8178278663975544,0.0,0.8178278663975544,True
~asp_mars_pluto_sextile_orb3 & ~asp_neptune_sun_square_orb3 & asp_neptune_uranus_conj_orb5,3,7,-0.32129229701619244,-0.21629229701619246,0.29406520255157864,0.5195220391797324,0.6245220391797324,1.0169624680778573,0.39244042889812486,0.5195220391797324,5,71,19,0.8114371523163111,-0.2044341522827901,False,-0.8602880872991424,-0.7552880872991424,0.0,0.7552880872991424,,,validation,,0.3139291588003876,0.720221717649876,0.4062925588494884,-0.8178278663975544,0.0,0.8178278663975544,True
~asp_mars_sun_square_orb3 & ~asp_moon_saturn_trine_orb1 & asp_pluto_uranus_sextile_orb3,3,7,-0.6000407318676191,-0.4950407318676191,0.01531676770015202,0.5195073899343521,0.6245073899343521,1.016947818832477,0.39244042889812486,0.5195073899343521,15,119,21,0.811416309689428,-0.2044341522827901,False,-0.8602880872991424,-0.7552880872991424,0.0,0.7552880872991424,,,validation,,0.4996721343291745,0.9059646931786629,0.4062925588494884,-0.8178278663975544,0.0,0.8178278663975544,True
~asp_mars_pluto_sextile_orb3 & ~asp_mercury_saturn_opp_orb3 & asp_neptune_uranus_conj_orb5,3,7,-0.354854502431589,-0.24985450243158902,0.2605029971361821,0.5190181750416363,0.6240181750416363,1.0164586039397612,0.39244042889812486,0.5190181750416363,4,133,14,0.8107202675399123,-0.2044341522827901,False,-0.8602880872991424,-0.7552880872991424,0.0,0.7552880872991424,,,validation,,0.346025229179504,0.7523177880289924,0.4062925588494884,-0.8178278663975544,0.0,0.8178278663975544,True
~asp_mars_pluto_sextile_orb3 & ~asp_neptune_sun_opp_orb5 & asp_neptune_uranus_conj_orb5,3,7,-0.34086590916822057,-0.2358659091682206,0.2744915903995505,0.5185606538487713,0.6235606538487712,1.0160010827468962,0.39244042889812486,0.5185606538487713,3,132,12,0.8100693221023743,-0.2044341522827901,False,-0.8602880872991424,-0.7552880872991424,0.0,0.7552880872991424,,,validation,,0.3013624914585789,0.7076550503080673,0.4062925588494884,-0.8178278663975544,0.0,0.8178278663975544,True
~asp_mars_pluto_sextile_orb3 & asp_neptune_uranus_conj_orb5 & ~asp_saturn_sun_sextile_orb5,3,7,-0.2771380263300355,-0.1721380263300355,0.3382194732377356,0.5183475196050216,0.6233475196050215,1.0157879485031465,0.39244042889812486,0.5183475196050216,4,116,17,0.8097660832568312,-0.2044341522827901,False,-0.8602880872991424,-0.7552880872991424,0.0,0.7552880872991424,,,validation,,0.2568924247186171,0.6631849835681055,0.4062925588494884,-0.8178278663975544,0.0,0.8178278663975544,True
~asp_pluto_sun_trine_orb5 & asp_pluto_uranus_sextile_orb3 & ~asp_saturn_venus_trine_orb5,3,7,-0.6396869221703084,-0.5346869221703084,-0.024329422602537364,0.5180063066499976,0.6230063066499976,1.0154467355481225,0.39244042889812486,0.5180063066499976,14,94,20,0.809280620796943,-0.2044341522827901,False,-0.8602880872991424,-0.7552880872991424,0.0,0.7552880872991424,,,validation,,0.5588730408588685,0.9651655997083569,0.4062925588494884,-0.8178278663975544,0.0,0.8178278663975544,True
asp_neptune_uranus_conj_orb5 & ~asp_saturn_venus_sextile_orb5 & ~moon_sign_leo,3,7,-0.5005844624414837,-0.3955844624414837,0.11477303712628738,0.5179836021085391,0.6229836021085391,1.015424031006664,0.39244042889812486,0.5179836021085391,15,18,69,0.8092483178669645,-0.2044341522827901,False,-0.8602880872991424,-0.7552880872991424,0.0,0.7552880872991424,,,validation,,0.3269154433568741,0.7332080022063625,0.4062925588494884,-0.8178278663975544,0.0,0.8178278663975544,True
~asp_mars_pluto_sextile_orb1 & asp_neptune_uranus_conj_orb5 & ~asp_saturn_sun_sextile_orb3,3,7,-0.3450333337040578,-0.24003333370405783,0.2703241658637133,0.5178582443340969,0.6228582443340969,1.0152986732322218,0.39244042889812486,0.5178582443340969,4,118,16,0.8090699650128566,-0.2044341522827901,False,-0.8602880872991424,-0.7552880872991424,0.0,0.7552880872991424,,,validation,,0.3066327490917297,0.7129253079412181,0.4062925588494884,-0.8178278663975544,0.0,0.8178278663975544,True
asp_neptune_uranus_conj_orb5 & ~asp_saturn_sun_sextile_orb3,2,4,-0.25579963451582377,-0.2157996345158238,0.2945578650519473,0.5178166265157014,0.5578166265157014,0.9502570554138263,0.39244042889812486,0.5178166265157014,3,162,12,0.7165677700093727,-0.2044341522827901,False,-0.7952880872991425,-0.7552880872991424,0.0,0.7552880872991424,,,validation,,0.19074069458873372,0.5970332534382221,0.4062925588494884,-0.8178278663975544,0.0,0.8178278663975544,True
~asp_neptune_sun_opp_orb5 & asp_neptune_uranus_conj_orb5 & ~asp_saturn_sun_sextile_orb5,3,7,-0.34213079617253755,-0.23713079617253757,0.27322670339523353,0.5176907380410123,0.6226907380410123,1.0151311669391372,0.39244042889812486,0.5176907380410123,4,116,17,0.8088316457504199,-0.2044341522827901,False,-0.8602880872991424,-0.7552880872991424,0.0,0.7552880872991424,,,validation,,0.24613245440141068,0.6524250132508991,0.4062925588494884,-0.8178278663975544,0.0,0.8178278663975544,True
~asp_mars_pluto_sextile_orb3 & ~asp_mercury_venus_sextile_orb1 & asp_neptune_uranus_conj_orb5,3,7,-0.33839317034529387,-0.2333931703452939,0.2769643292224772,0.5176794290908011,0.6226794290908011,1.015119857988926,0.39244042889812486,0.5176794290908011,5,116,18,0.8088155559803063,-0.2044341522827901,False,-0.8602880872991424,-0.7552880872991424,0.0,0.7552880872991424,,,validation,,0.3084850298231406,0.714777588672629,0.4062925588494884,-0.8178278663975544,0.0,0.8178278663975544,True
~asp_mercury_pluto_sextile_orb3 & asp_neptune_uranus_conj_orb5 & ~asp_sun_uranus_trine_orb5,3,7,-0.32195046977721486,-0.21695046977721488,0.2934070297905562,0.5172452075116094,0.6222452075116094,1.0146856364097343,0.39244042889812486,0.5172452075116094,5,90,20,0.8081977703884173,-0.2044341522827901,False,-0.8602880872991424,-0.7552880872991424,0.0,0.7552880872991424,,,validation,,0.3278680124120215,0.7341605712615099,0.4062925588494884,-0.8178278663975544,0.0,0.8178278663975544,True
~asp_mars_sun_square_orb3 & ~asp_mercury_uranus_square_orb5 & asp_pluto_uranus_sextile_orb3,3,7,-0.6529137637105806,-0.5479137637105806,-0.03755626414280954,0.5168693816970775,0.6218693816970775,1.0143098105952024,0.39244042889812486,0.5168693816970775,13,136,17,0.8076630695732645,-0.2044341522827901,False,-0.8602880872991424,-0.7552880872991424,0.0,0.7552880872991424,,,validation,,0.49421544019818137,0.9005079990476698,0.4062925588494884,-0.8178278663975544,0.0,0.8178278663975544,True
~asp_mercury_sun_conj_orb3 & ~asp_mercury_uranus_square_orb5 & asp_pluto_uranus_sextile_orb3,3,7,-0.7593900089357787,-0.6543900089357787,-0.1440325093680076,0.5167420693239353,0.6217420693239353,1.0141824982220602,0.39244042889812486,0.5167420693239353,25,46,34,0.8074819382636096,-0.2044341522827901,False,-0.8602880872991424,-0.7552880872991424,0.0,0.7552880872991424,,,validation,,0.5153035024903065,0.921596061339795,0.4062925588494884,-0.8178278663975544,0.0,0.8178278663975544,True
~asp_mars_pluto_sextile_orb3 & asp_neptune_uranus_conj_orb5 & ~asp_pluto_venus_square_orb3,3,7,-0.33028848065784927,-0.2252884806578493,0.2850690189099218,0.5164242508360648,0.6214242508360648,1.0138646797341897,0.39244042889812486,0.5164242508360648,4,93,18,0.8070297691447514,-0.2044341522827901,False,-0.8602880872991424,-0.7552880872991424,0.0,0.7552880872991424,,,validation,,0.30380210832627325,0.7100946671757616,0.4062925588494884,-0.8178278663975544,0.0,0.8178278663975544,True
~asp_jupiter_moon_square_orb3 & ~asp_moon_saturn_trine_orb1 & asp_pluto_uranus_sextile_orb3,3,7,-0.6065724368412289,-0.5015724368412289,0.00878506272654219,0.5163919208746532,0.6213919208746532,1.0138323497727781,0.39244042889812486,0.5163919208746532,38,75,47,0.8069837725155635,-0.2044341522827901,False,-0.8602880872991424,-0.7552880872991424,0.0,0.7552880872991424,,,validation,,0.49300553269511643,0.8992980915446048,0.4062925588494884,-0.8178278663975544,0.0,0.8178278663975544,True
~asp_mars_pluto_sextile_orb3 & ~asp_mars_sun_sextile_orb3 & asp_neptune_uranus_conj_orb5,3,7,-0.2606692409344276,-0.15566924093442763,0.35468825863334347,0.5162474377755562,0.6212474377755561,1.013687866673681,0.39244042889812486,0.5162474377755562,3,133,12,0.8067782130864398,-0.2044341522827901,False,-0.8602880872991424,-0.7552880872991424,0.0,0.7552880872991424,,,validation,,0.2996477800513931,0.7059403389008815,0.4062925588494884,-0.8178278663975544,0.0,0.8178278663975544,True
~asp_mars_pluto_sextile_orb3 & ~asp_moon_sun_conj_orb1 & asp_neptune_uranus_conj_orb5,3,7,-0.3086435402172791,-0.2036435402172791,0.306713959350492,0.5161999834423627,0.6211999834423627,1.0136404123404876,0.39244042889812486,0.5161999834423627,4,116,16,0.8067106987933852,-0.2044341522827901,False,-0.8602880872991424,-0.7552880872991424,0.0,0.7552880872991424,,,validation,,0.30366166703587355,0.709954225885362,0.4062925588494884,-0.8178278663975544,0.0,0.8178278663975544,True
~asp_mars_pluto_sextile_orb3 & ~asp_moon_pluto_sextile_orb1 & asp_neptune_uranus_conj_orb5,3,7,-0.3234688039141405,-0.21846880391414053,0.29188869565363057,0.5161397968192907,0.6211397968192907,1.0135802257174156,0.39244042889812486,0.5161397968192907,4,116,23,0.8066250700555213,-0.2044341522827901,False,-0.8602880872991424,-0.7552880872991424,0.0,0.7552880872991424,,,validation,,0.29794378552096207,0.7042363443704505,0.4062925588494884,-0.8178278663975544,0.0,0.8178278663975544,True
~asp_jupiter_moon_square_orb1 & ~asp_moon_saturn_trine_orb1 & asp_pluto_uranus_sextile_orb3,3,7,-0.6097902874340017,-0.5047902874340017,0.005567212133769392,0.5160890293558142,0.6210890293558142,1.0135294582539391,0.39244042889812486,0.5160890293558142,23,151,29,0.8065528421969472,-0.2044341522827901,False,-0.8602880872991424,-0.7552880872991424,0.0,0.7552880872991424,,,validation,,0.5119879317988085,0.918280490648297,0.4062925588494884,-0.8178278663975544,0.0,0.8178278663975544,True
~asp_mars_pluto_sextile_orb5 & ~asp_mercury_moon_trine_orb1 & asp_neptune_uranus_conj_orb5,3,7,-0.36119099716241443,-0.25619099716241445,0.25416650240535665,0.5158191750661643,0.6208191750661642,1.0132596039642892,0.39244042889812486,0.5158191750661643,5,98,15,0.8061689159916354,-0.2044341522827901,False,-0.8602880872991424,-0.7552880872991424,0.0,0.7552880872991424,,,validation,,0.25787262657448334,0.6641651854239717,0.4062925588494884,-0.8178278663975544,0.0,0.8178278663975544,True
~asp_jupiter_sun_conj_orb3 & asp_neptune_uranus_conj_orb5 & ~asp_saturn_sun_sextile_orb5,3,7,-0.22988862415082661,-0.12488862415082663,0.38546887541694447,0.5158187458308183,0.6208187458308183,1.0132591747289432,0.39244042889812486,0.5158187458308183,4,146,17,0.806168305312339,-0.2044341522827901,False,-0.8602880872991424,-0.7552880872991424,0.0,0.7552880872991424,,,validation,,0.17896414233917807,0.5852567011886665,0.4062925588494884,-0.8178278663975544,0.0,0.8178278663975544,True
~asp_jupiter_sun_sextile_orb5 & ~asp_moon_saturn_trine_orb3 & asp_pluto_uranus_sextile_orb3,3,7,-0.5833837675017343,-0.4783837675017342,0.03197373206603687,0.5156268455344293,0.6206268455344293,1.0130672744325542,0.39244042889812486,0.5156268455344293,30,63,38,0.8058952863204272,-0.2044341522827901,False,-0.8602880872991424,-0.7552880872991424,0.0,0.7552880872991424,,,validation,,0.5448990490287537,0.9511916078782422,0.4062925588494884,-0.8178278663975544,0.0,0.8178278663975544,True
~asp_mars_pluto_sextile_orb3 & asp_neptune_uranus_conj_orb5 & ~asp_neptune_venus_sextile_orb1,3,7,-0.29845407692312637,-0.19345407692312638,0.3169034226446447,0.5156068301377024,0.6206068301377023,1.0130472590358273,0.39244042889812486,0.5156068301377024,4,116,16,0.8058668101975344,-0.2044341522827901,False,-0.8602880872991424,-0.7552880872991424,0.0,0.7552880872991424,,,validation,,0.333333788932979,0.7396263477824674,0.4062925588494884,-0.8178278663975544,0.0,0.8178278663975544,True
~asp_mercury_pluto_sextile_orb3 & ~asp_neptune_sun_trine_orb1 & asp_neptune_uranus_conj_orb5,3,7,-0.3565019593195334,-0.2515019593195334,0.2588555402482377,0.5155728205639427,0.6205728205639427,1.0130132494620676,0.39244042889812486,0.5155728205639427,5,89,22,0.8058184244224105,-0.2044341522827901,False,-0.8602880872991424,-0.7552880872991424,0.0,0.7552880872991424,,,validation,,0.28782718335572416,0.6941197422052126,0.4062925588494884,-0.8178278663975544,0.0,0.8178278663975544,True
~asp_mars_pluto_sextile_orb3 & asp_neptune_uranus_conj_orb5 & ~asp_saturn_venus_trine_orb5,3,7,-0.23737159100688365,-0.13237159100688367,0.37798590856088743,0.5155686098061025,0.6205686098061025,1.0130090387042274,0.39244042889812486,0.5155686098061025,4,133,17,0.8058124337347226,-0.2044341522827901,False,-0.8602880872991424,-0.7552880872991424,0.0,0.7552880872991424,,,validation,,0.27345316816238047,0.6797457270118689,0.4062925588494884,-0.8178278663975544,0.0,0.8178278663975544,True
asp_pluto_uranus_sextile_orb3 & ~asp_saturn_venus_trine_orb3 & ~venus_sign_aries,3,7,-0.45315071846092503,-0.34815071846092505,0.16220678110684603,0.5155052380138387,0.6205052380138387,1.0129456669119636,0.39244042889812486,0.5155052380138387,12,129,16,0.8057222740830128,-0.2044341522827901,False,-0.8602880872991424,-0.7552880872991424,0.0,0.7552880872991424,,,validation,,0.4410859101776137,0.8473784690271021,0.4062925588494884,-0.8178278663975544,0.0,0.8178278663975544,True
~asp_jupiter_moon_square_orb3 & ~asp_mercury_uranus_square_orb5 & asp_pluto_uranus_sextile_orb3,3,7,-0.65956374252093,-0.55456374252093,-0.044206242953158933,0.51534424717929,0.6203442471792899,1.0127846760774148,0.39244042889812486,0.51534424717929,34,76,41,0.8054932312023786,-0.2044341522827901,False,-0.8602880872991424,-0.7552880872991424,0.0,0.7552880872991424,,,validation,,0.4809797143137646,0.887272273163253,0.4062925588494884,-0.8178278663975544,0.0,0.8178278663975544,True
~asp_mars_pluto_sextile_orb3 & asp_neptune_uranus_conj_orb5 & ~asp_saturn_sun_conj_orb5,3,7,-0.30640313063108476,-0.20140313063108478,0.3089543689366863,0.5153340156289514,0.6203340156289514,1.0127744445270763,0.39244042889812486,0.5153340156289514,4,116,13,0.8054786747132476,-0.2044341522827901,False,-0.8602880872991424,-0.7552880872991424,0.0,0.7552880872991424,,,validation,,0.2906942778476877,0.6969868366971761,0.4062925588494884,-0.8178278663975544,0.0,0.8178278663975544,True
~asp_mars_pluto_sextile_orb3 & ~asp_mars_venus_sextile_orb3 & asp_neptune_uranus_conj_orb5,3,7,-0.33406309893877545,-0.22906309893877547,0.28129440062899563,0.5152968842782379,0.6202968842782379,1.0127373131763628,0.39244042889812486,0.5152968842782379,4,133,13,0.805425847729047,-0.2044341522827901,False,-0.8602880872991424,-0.7552880872991424,0.0,0.7552880872991424,,,validation,,0.25478676914108805,0.6610793279905764,0.4062925588494884,-0.8178278663975544,0.0,0.8178278663975544,True
~asp_mars_pluto_sextile_orb3 & ~asp_moon_sun_conj_orb5 & asp_neptune_uranus_conj_orb5,3,7,-0.38562678697672614,-0.28062678697672616,0.22973071259104494,0.5150841928121659,0.6200841928121659,1.0125246217102908,0.39244042889812486,0.5150841928121659,8,70,40,0.8051232508262074,-0.2044341522827901,False,-0.8602880872991424,-0.7552880872991424,0.0,0.7552880872991424,,,validation,,0.30796012457676675,0.7142526834262551,0.4062925588494884,-0.8178278663975544,0.0,0.8178278663975544,True
~asp_mars_pluto_sextile_orb3 & ~asp_moon_uranus_square_orb1 & asp_neptune_uranus_conj_orb5,3,7,-0.3059890707937172,-0.2009890707937172,0.3093684287740539,0.5150106894995454,0.6200106894995454,1.0124511183976703,0.39244042889812486,0.5150106894995454,6,119,23,0.805018677583919,-0.2044341522827901,False,-0.8602880872991424,-0.7552880872991424,0.0,0.7552880872991424,,,validation,,0.3313780618819638,0.7376706207314522,0.4062925588494884,-0.8178278663975544,0.0,0.8178278663975544,True
~asp_mars_neptune_square_orb5 & ~asp_moon_saturn_trine_orb1 & asp_pluto_uranus_sextile_orb3,3,7,-0.673171399886692,-0.568171399886692,-0.05781390031892085,0.5149536051748183,0.6199536051748182,1.0123940340729431,0.39244042889812486,0.5149536051748183,13,150,20,0.8049374637176405,-0.2044341522827901,False,-0.8602880872991424,-0.7552880872991424,0.0,0.7552880872991424,,,validation,,0.5111031655648683,0.9173957244143567,0.4062925588494884,-0.8178278663975544,0.0,0.8178278663975544,True
asp_pluto_uranus_sextile_orb3 & ~asp_saturn_sun_square_orb5 & ~asp_saturn_venus_trine_orb3,3,7,-0.693815043920542,-0.5888150439205421,-0.07845754435277093,0.5148599481186604,0.6198599481186604,1.0123003770167853,0.39244042889812486,0.5148599481186604,15,130,19,0.8048042179495283,-0.2044341522827901,False,-0.8602880872991424,-0.7552880872991424,0.0,0.7552880872991424,,,validation,,0.518834953801389,0.9251275126508774,0.4062925588494884,-0.8178278663975544,0.0,0.8178278663975544,True
asp_neptune_uranus_conj_orb5 & ~asp_neptune_venus_conj_orb3 & ~mars_ingress_3d,3,7,-0.43826692803615225,-0.33326692803615227,0.17709057153161883,0.5147561206349549,0.6197561206349549,1.0121965495330798,0.39244042889812486,0.5147561206349549,10,58,44,0.8046565029043324,-0.2044341522827901,False,-0.8602880872991424,-0.7552880872991424,0.0,0.7552880872991424,,,validation,,0.29057877684501016,0.6968713356944986,0.4062925588494884,-0.8178278663975544,0.0,0.8178278663975544,True
~asp_neptune_sun_square_orb5 & asp_pluto_uranus_sextile_orb3 & ~sun_sign_aries,3,7,-0.43018955128171443,-0.32518955128171445,0.18516794828605662,0.5147353139119908,0.6197353139119908,1.0121757428101157,0.39244042889812486,0.5147353139119908,10,121,13,0.8046269012651965,-0.2044341522827901,False,-0.8602880872991424,-0.7552880872991424,0.0,0.7552880872991424,,,validation,,0.43984676389217553,0.8461393227416639,0.4062925588494884,-0.8178278663975544,0.0,0.8178278663975544,True
~asp_mercury_uranus_square_orb5 & asp_pluto_uranus_sextile_orb3 & ~asp_saturn_sun_sextile_orb3,3,7,-0.6560521798220176,-0.5510521798220176,-0.040694680254246475,0.514692027613366,0.619692027613366,1.0121324565114909,0.39244042889812486,0.514692027613366,15,115,21,0.8045653180501617,-0.2044341522827901,False,-0.8602880872991424,-0.7552880872991424,0.0,0.7552880872991424,,,validation,,0.48690973317638403,0.8932022920258724,0.4062925588494884,-0.8178278663975544,0.0,0.8178278663975544,True
~asp_jupiter_moon_square_orb1 & ~asp_mercury_uranus_square_orb5 & asp_pluto_uranus_sextile_orb3,3,7,-0.6625193286798469,-0.5575193286798469,-0.047161829112075775,0.5145164351966913,0.6195164351966913,1.0119568640948162,0.39244042889812486,0.5145164351966913,19,98,23,0.8043155038692933,-0.2044341522827901,False,-0.8602880872991424,-0.7552880872991424,0.0,0.7552880872991424,,,validation,,0.5002178108389326,0.906510369688421,0.4062925588494884,-0.8178278663975544,0.0,0.8178278663975544,True
asp_pluto_uranus_sextile_orb3 & ~asp_saturn_venus_trine_orb5 & ~venus_sign_aries,3,7,-0.43939172044861585,-0.33439172044861587,0.1759657791191552,0.5145102107056927,0.6195102107056927,1.0119506396038176,0.39244042889812486,0.5145102107056927,12,129,16,0.8043066483364678,-0.2044341522827901,False,-0.8602880872991424,-0.7552880872991424,0.0,0.7552880872991424,,,validation,,0.43737140708628425,0.8436639659357726,0.4062925588494884,-0.8178278663975544,0.0,0.8178278663975544,True
~asp_mars_pluto_sextile_orb3 & asp_neptune_uranus_conj_orb5 & ~asp_pluto_venus_square_orb1,3,7,-0.30165984726847234,-0.19665984726847235,0.31369765229929875,0.5144079434219238,0.6194079434219237,1.0118483723200487,0.39244042889812486,0.5144079434219238,5,95,17,0.8041611535973561,-0.2044341522827901,False,-0.8602880872991424,-0.7552880872991424,0.0,0.7552880872991424,,,validation,,0.3072123352075898,0.7135048940570782,0.4062925588494884,-0.8178278663975544,0.0,0.8178278663975544,True
asp_neptune_uranus_conj_orb5 & ~asp_saturn_sun_sextile_orb5 & ~venus_sign_libra,3,7,-0.25430454815987197,-0.14930454815987199,0.3610529514078991,0.5142921610733582,0.6192921610733582,1.011732589971483,0.39244042889812486,0.5142921610733582,4,86,16,0.8039964313151355,-0.2044341522827901,False,-0.8602880872991424,-0.7552880872991424,0.0,0.7552880872991424,,,validation,,0.3645348782978764,0.7708274371473648,0.4062925588494884,-0.8178278663975544,0.0,0.8178278663975544,True
~asp_mars_pluto_sextile_orb3 & ~asp_mars_pluto_square_orb1 & asp_neptune_uranus_conj_orb5,3,7,-0.3088960751327018,-0.2038960751327018,0.3064614244350693,0.5141746585179721,0.619174658517972,1.011615087416097,0.39244042889812486,0.5141746585179721,5,116,16,0.8038292619493423,-0.2044341522827901,False,-0.8602880872991424,-0.7552880872991424,0.0,0.7552880872991424,,,validation,,0.3366328271651831,0.7429253860146715,0.4062925588494884,-0.8178278663975544,0.0,0.8178278663975544,True
~asp_moon_saturn_trine_orb1 & asp_pluto_uranus_sextile_orb3 & ~asp_pluto_venus_opp_orb3,3,7,-0.6052926213055552,-0.5002926213055552,0.010064878262215906,0.5141695127569366,0.6191695127569365,1.0116099416550615,0.39244042889812486,0.5141695127569366,14,150,22,0.8038219411471019,-0.2044341522827901,False,-0.8602880872991424,-0.7552880872991424,0.0,0.7552880872991424,,,validation,,0.47330422517454357,0.879596784024032,0.4062925588494884,-0.8178278663975544,0.0,0.8178278663975544,True
~asp_mars_pluto_sextile_orb3 & ~asp_moon_saturn_trine_orb3 & asp_neptune_uranus_conj_orb5,3,7,-0.25938308748391115,-0.15438308748391116,0.35597441208385994,0.5139398998285511,0.6189398998285511,1.011380328726676,0.39244042889812486,0.5139398998285511,10,59,49,0.8034952745097135,-0.2044341522827901,False,-0.8602880872991424,-0.7552880872991424,0.0,0.7552880872991424,,,validation,,0.25129731264802985,0.6575898714975182,0.4062925588494884,-0.8178278663975544,0.0,0.8178278663975544,True
~asp_mars_mercury_sextile_orb3 & ~asp_mars_pluto_sextile_orb3 & asp_neptune_uranus_conj_orb5,3,7,-0.33760762328892685,-0.23260762328892687,0.27774987627884423,0.5139349249472798,0.6189349249472798,1.0113753538454047,0.39244042889812486,0.5139349249472798,4,133,17,0.8034881968358096,-0.2044341522827901,False,-0.8602880872991424,-0.7552880872991424,0.0,0.7552880872991424,,,validation,,0.30859172396478723,0.7148842828142756,0.4062925588494884,-0.8178278663975544,0.0,0.8178278663975544,True
~asp_jupiter_sun_sextile_orb5 & asp_pluto_uranus_sextile_orb3 & ~asp_saturn_venus_trine_orb3,3,7,-0.5970566191408767,-0.49205661914087667,0.018300880426894425,0.5138170675577298,0.6188170675577298,1.0112574964558547,0.39244042889812486,0.5138170675577298,15,127,18,0.8033205233768159,-0.2044341522827901,False,-0.8602880872991424,-0.7552880872991424,0.0,0.7552880872991424,,,validation,,0.5749517200369851,0.9812442788864735,0.4062925588494884,-0.8178278663975544,0.0,0.8178278663975544,True
~asp_moon_saturn_trine_orb1 & asp_pluto_uranus_sextile_orb3 & ~sun_sign_sagittarius,3,7,-0.605074788481231,-0.500074788481231,0.010282711086540127,0.5134537238652623,0.6184537238652623,1.0108941527633872,0.39244042889812486,0.5134537238652623,15,184,21,0.8028036027430328,-0.2044341522827901,False,-0.8602880872991424,-0.7552880872991424,0.0,0.7552880872991424,,,validation,,0.5093754038791807,0.915667962728669,0.4062925588494884,-0.8178278663975544,0.0,0.8178278663975544,True
~asp_mars_pluto_sextile_orb3 & asp_neptune_uranus_conj_orb5 & ~asp_saturn_venus_conj_orb3,3,7,-0.2628884227935545,-0.15788842279355453,0.35246907677421657,0.5134375857039992,0.6184375857039992,1.0108780146021241,0.39244042889812486,0.5134375857039992,4,116,13,0.8027806434084201,-0.2044341522827901,False,-0.8602880872991424,-0.7552880872991424,0.0,0.7552880872991424,,,validation,,0.29400907388822833,0.7003016327377167,0.4062925588494884,-0.8178278663975544,0.0,0.8178278663975544,True
~asp_jupiter_mercury_conj_orb5 & ~asp_mars_pluto_sextile_orb3 & asp_neptune_uranus_conj_orb5,3,7,-0.33406812460912977,-0.2290681246091298,0.2812893749586413,0.5133597991259644,0.6183597991259644,1.0108002280240893,0.39244042889812486,0.5133597991259644,4,133,14,0.8026699785668281,-0.2044341522827901,False,-0.8602880872991424,-0.7552880872991424,0.0,0.7552880872991424,,,validation,,0.3396491097518542,0.7459416686013426,0.4062925588494884,-0.8178278663975544,0.0,0.8178278663975544,True
~asp_mars_pluto_sextile_orb3 & ~asp_mercury_neptune_trine_orb3 & asp_neptune_uranus_conj_orb5,3,7,-0.2580957551430442,-0.15309575514304424,0.35726174442472686,0.5132953622616896,0.6182953622616896,1.0107357911598145,0.39244042889812486,0.5132953622616896,5,91,18,0.8025783060774432,-0.2044341522827901,False,-0.8602880872991424,-0.7552880872991424,0.0,0.7552880872991424,,,validation,,0.3478377703406869,0.7541303291901753,0.4062925588494884,-0.8178278663975544,0.0,0.8178278663975544,True
~asp_mercury_pluto_sextile_orb3 & asp_neptune_uranus_conj_orb5 & ~asp_pluto_sun_opp_orb5,3,7,-0.3084994831716978,-0.2034994831716978,0.3068580163960733,0.5131551108701589,0.6181551108701588,1.0105955397682838,0.39244042889812486,0.5131551108701589,4,89,17,0.8023787746687596,-0.2044341522827901,False,-0.8602880872991424,-0.7552880872991424,0.0,0.7552880872991424,,,validation,,0.27511876337956626,0.6814113222290547,0.4062925588494884,-0.8178278663975544,0.0,0.8178278663975544,True
~asp_pluto_sun_trine_orb5 & asp_pluto_uranus_sextile_orb3 & ~asp_saturn_venus_trine_orb3,3,7,-0.650989277113742,-0.545989277113742,-0.03563177754597089,0.513052083066843,0.618052083066843,1.010492511964968,0.39244042889812486,0.513052083066843,14,94,20,0.8022322003475368,-0.2044341522827901,False,-0.8602880872991424,-0.7552880872991424,0.0,0.7552880872991424,,,validation,,0.5488185959006269,0.9551111547501153,0.4062925588494884,-0.8178278663975544,0.0,0.8178278663975544,True
asp_neptune_uranus_conj_orb5 & ~asp_neptune_venus_conj_orb3 & ~asp_saturn_sun_trine_orb3,3,7,-0.3371871618925326,-0.23218716189253263,0.27817033767523847,0.5129954339796845,0.6179954339796845,1.0104358628778094,0.39244042889812486,0.5129954339796845,5,95,18,0.8021516076024577,-0.2044341522827901,False,-0.8602880872991424,-0.7552880872991424,0.0,0.7552880872991424,,,validation,,0.29322842854807024,0.6995209873975586,0.4062925588494884,-0.8178278663975544,0.0,0.8178278663975544,True
~asp_jupiter_sun_sextile_orb5 & asp_pluto_uranus_sextile_orb3 & ~asp_saturn_venus_trine_orb5,3,7,-0.5858554913718571,-0.4808554913718571,0.029502008195913983,0.5128117585792666,0.6178117585792666,1.0102521874773915,0.39244042889812486,0.5128117585792666,15,127,18,0.8018902991864301,-0.2044341522827901,False,-0.8602880872991424,-0.7552880872991424,0.0,0.7552880872991424,,,validation,,0.571471117262951,0.9777636761124394,0.4062925588494884,-0.8178278663975544,0.0,0.8178278663975544,True
~asp_mercury_uranus_square_orb5 & asp_pluto_uranus_sextile_orb3 & ~asp_pluto_venus_sextile_orb1,3,7,-0.6514006238816029,-0.5464006238816029,-0.03604312431383184,0.5125607914281787,0.6175607914281787,1.0100012203263036,0.39244042889812486,0.5125607914281787,15,136,20,0.8015332581431924,-0.2044341522827901,False,-0.8602880872991424,-0.7552880872991424,0.0,0.7552880872991424,,,validation,,0.5611439798115465,0.9674365386610349,0.4062925588494884,-0.8178278663975544,0.0,0.8178278663975544,True
~asp_neptune_sun_trine_orb1 & asp_neptune_uranus_conj_orb5 & ~asp_saturn_sun_sextile_orb3,3,7,-0.37122403666637943,-0.26622403666637945,0.24413346290139165,0.5123901284224286,0.6173901284224286,1.0098305573205535,0.39244042889812486,0.5123901284224286,4,89,21,0.8012904632506221,-0.2044341522827901,False,-0.8602880872991424,-0.7552880872991424,0.0,0.7552880872991424,,,validation,,0.2078377837732242,0.6141303426227126,0.4062925588494884,-0.8178278663975544,0.0,0.8178278663975544,True
~asp_mars_moon_trine_orb1 & ~asp_mars_pluto_sextile_orb3 & asp_neptune_uranus_conj_orb5,3,7,-0.2892608199932564,-0.18426081999325644,0.32609667957451466,0.5123287581965619,0.6173287581965619,1.0097691870946868,0.39244042889812486,0.5123287581965619,4,116,21,0.8012031546012863,-0.2044341522827901,False,-0.8602880872991424,-0.7552880872991424,0.0,0.7552880872991424,,,validation,,0.3027296120035497,0.7090221708530381,0.4062925588494884,-0.8178278663975544,0.0,0.8178278663975544,True
~asp_mars_pluto_sextile_orb3 & asp_neptune_uranus_conj_orb5 & ~sun_sign_libra,3,7,-0.29135308700929735,-0.18635308700929737,0.32400441255847373,0.5122520082440751,0.6172520082440751,1.0096924371422,0.39244042889812486,0.5122520082440751,4,133,13,0.8010939660003555,-0.2044341522827901,False,-0.8602880872991424,-0.7552880872991424,0.0,0.7552880872991424,,,validation,,0.3962912659089482,0.8025838247584366,0.4062925588494884,-0.8178278663975544,0.0,0.8178278663975544,True
~asp_mercury_moon_square_orb3 & asp_neptune_uranus_conj_orb5 & ~asp_saturn_sun_sextile_orb5,3,7,-0.3522158776984654,-0.24721587769846542,0.2631416218693057,0.512028072330428,0.617028072330428,1.009468501228553,0.39244042889812486,0.512028072330428,9,93,47,0.8007753833310367,-0.2044341522827901,False,-0.8602880872991424,-0.7552880872991424,0.0,0.7552880872991424,,,validation,,0.24605178396377708,0.6523443428132655,0.4062925588494884,-0.8178278663975544,0.0,0.8178278663975544,True
~asp_mercury_pluto_sextile_orb5 & asp_neptune_uranus_conj_orb5 & ~asp_saturn_sun_trine_orb3,3,7,-0.36064035935149596,-0.255640359351496,0.2547171402162751,0.5117881415282628,0.6167881415282628,1.0092285704263877,0.39244042889812486,0.5117881415282628,5,130,21,0.8004340464718049,-0.2044341522827901,False,-0.8602880872991424,-0.7552880872991424,0.0,0.7552880872991424,,,validation,,0.4055616612521388,0.8118542201016272,0.4062925588494884,-0.8178278663975544,0.0,0.8178278663975544,True
~asp_jupiter_moon_square_orb1 & asp_neptune_uranus_conj_orb5 & ~asp_saturn_sun_sextile_orb5,3,7,-0.3587648054247373,-0.25376480542473734,0.25659269414303376,0.5116836043676314,0.6166836043676314,1.0091240332657563,0.39244042889812486,0.5116836043676314,6,86,23,0.8002853272927757,-0.2044341522827901,False,-0.8602880872991424,-0.7552880872991424,0.0,0.7552880872991424,,,validation,,0.24459232911459344,0.6508848879640818,0.4062925588494884,-0.8178278663975544,0.0,0.8178278663975544,True
~asp_jupiter_venus_square_orb1 & ~asp_mars_pluto_sextile_orb3 & asp_neptune_uranus_conj_orb5,3,7,-0.30773987912241535,-0.20273987912241537,0.30761762044535573,0.5115174417616972,0.6165174417616972,1.0089578706598221,0.39244042889812486,0.5115174417616972,5,90,13,0.8000489374211124,-0.2044341522827901,False,-0.8602880872991424,-0.7552880872991424,0.0,0.7552880872991424,,,validation,,0.30548947021927614,0.7117820290687645,0.4062925588494884,-0.8178278663975544,0.0,0.8178278663975544,True
~asp_mercury_uranus_square_orb5 & asp_pluto_uranus_sextile_orb3 & ~sun_sign_sagittarius,3,7,-0.6578723429112717,-0.5528723429112717,-0.04251484334350068,0.5114129454014151,0.6164129454014151,1.00885337429954,0.39244042889812486,0.5114129454014151,13,136,17,0.7999002767719232,-0.2044341522827901,False,-0.8602880872991424,-0.7552880872991424,0.0,0.7552880872991424,,,validation,,0.5047068092624858,0.9109993681119741,0.4062925588494884,-0.8178278663975544,0.0,0.8178278663975544,True
~asp_mars_pluto_sextile_orb3 & asp_neptune_uranus_conj_orb5 & ~asp_uranus_venus_opp_orb5,3,7,-0.3351474956304196,-0.23014749563041964,0.28021000393735146,0.5113848526007287,0.6163848526007287,1.0088252814988536,0.39244042889812486,0.5113848526007287,3,133,12,0.7998603108761095,-0.2044341522827901,False,-0.8602880872991424,-0.7552880872991424,0.0,0.7552880872991424,,,validation,,0.296345347147094,0.7026379059965824,0.4062925588494884,-0.8178278663975544,0.0,0.8178278663975544,True
~asp_mars_uranus_trine_orb3 & asp_neptune_uranus_conj_orb5 & ~asp_saturn_sun_sextile_orb5,3,7,-0.3221813759729307,-0.2171813759729307,0.2931761235948404,0.5113548280542934,0.6163548280542934,1.0087952569524183,0.39244042889812486,0.5113548280542934,4,116,17,0.7998175968196686,-0.2044341522827901,False,-0.8602880872991424,-0.7552880872991424,0.0,0.7552880872991424,,,validation,,0.2669567749461486,0.673249333795637,0.4062925588494884,-0.8178278663975544,0.0,0.8178278663975544,True
~asp_mars_pluto_sextile_orb3 & asp_neptune_uranus_conj_orb5 & ~asp_sun_uranus_conj_orb5,3,7,-0.25593530127134273,-0.15093530127134275,0.35942219829642835,0.511313406314235,0.616313406314235,1.00875383521236,0.39244042889812486,0.511313406314235,4,119,13,0.7997586687094904,-0.2044341522827901,False,-0.8602880872991424,-0.7552880872991424,0.0,0.7552880872991424,,,validation,,0.3004984260085501,0.7067909848580385,0.4062925588494884,-0.8178278663975544,0.0,0.8178278663975544,True
~asp_mars_pluto_sextile_orb3 & ~asp_mercury_saturn_opp_orb5 & asp_neptune_uranus_conj_orb5,3,7,-0.3617643233526785,-0.2567643233526785,0.2535931762150926,0.5112814401238401,0.6162814401238401,1.008721869021965,0.39244042889812486,0.5112814401238401,4,133,14,0.7997131924365655,-0.2044341522827901,False,-0.8602880872991424,-0.7552880872991424,0.0,0.7552880872991424,,,validation,,0.33556426206592443,0.7418568209154128,0.4062925588494884,-0.8178278663975544,0.0,0.8178278663975544,True
~asp_mars_pluto_sextile_orb3 & ~asp_mars_saturn_sextile_orb1 & asp_neptune_uranus_conj_orb5,3,7,-0.2896517309480198,-0.18465173094801984,0.32570576861975126,0.5112187090114568,0.6162187090114568,1.0086591379095817,0.39244042889812486,0.5112187090114568,4,133,13,0.7996239489100978,-0.2044341522827901,False,-0.8602880872991424,-0.7552880872991424,0.0,0.7552880872991424,,,validation,,0.3100636779277128,0.7163562367772012,0.4062925588494884,-0.8178278663975544,0.0,0.8178278663975544,True
~asp_mars_pluto_sextile_orb3 & ~asp_mercury_neptune_square_orb1 & asp_neptune_uranus_conj_orb5,3,7,-0.30897025891516927,-0.2039702589151693,0.3063872406526018,0.5110282802404911,0.616028280240491,1.008468709138616,0.39244042889812486,0.5110282802404911,4,133,17,0.7993530385360452,-0.2044341522827901,False,-0.8602880872991424,-0.7552880872991424,0.0,0.7552880872991424,,,validation,,0.3076569140999707,0.7139494729494591,0.4062925588494884,-0.8178278663975544,0.0,0.8178278663975544,True
~asp_mars_pluto_sextile_orb3 & asp_neptune_uranus_conj_orb5 & ~asp_saturn_venus_trine_orb3,3,7,-0.2709417010084228,-0.16594170100842282,0.3444157985593483,0.5106766897774129,0.6156766897774129,1.0081171186755378,0.39244042889812486,0.5106766897774129,4,133,18,0.798852855752975,-0.2044341522827901,False,-0.8602880872991424,-0.7552880872991424,0.0,0.7552880872991424,,,validation,,0.2649531359077409,0.6712456947572293,0.4062925588494884,-0.8178278663975544,0.0,0.8178278663975544,True
~asp_mars_pluto_sextile_orb3 & ~asp_mercury_neptune_square_orb3 & asp_neptune_uranus_conj_orb5,3,7,-0.3297488409037575,-0.22474884090375752,0.2856086586640136,0.5106637486585754,0.6156637486585754,1.0081041775567003,0.39244042889812486,0.5106637486585754,5,133,20,0.7988344453826892,-0.2044341522827901,False,-0.8602880872991424,-0.7552880872991424,0.0,0.7552880872991424,,,validation,,0.31455762548765015,0.7208501843371385,0.4062925588494884,-0.8178278663975544,0.0,0.8178278663975544,True
asp_pluto_uranus_sextile_orb3 & ~asp_saturn_sun_square_orb5 & ~asp_saturn_venus_trine_orb5,3,7,-0.689228342797902,-0.584228342797902,-0.0738708432301309,0.5105717544082695,0.6155717544082695,1.0080121833063944,0.39244042889812486,0.5105717544082695,15,130,19,0.7987035720662039,-0.2044341522827901,False,-0.8602880872991424,-0.7552880872991424,0.0,0.7552880872991424,,,validation,,0.5086579902439419,0.9149505490934302,0.4062925588494884,-0.8178278663975544,0.0,0.8178278663975544,True
~asp_mars_pluto_sextile_orb3 & asp_neptune_uranus_conj_orb5 & ~mercury_sign_virgo,3,7,-0.35298694057861146,-0.24798694057861148,0.2623705589891596,0.5103147884161354,0.6153147884161354,1.0077552173142603,0.39244042889812486,0.5103147884161354,4,133,13,0.7983380066010932,-0.2044341522827901,False,-0.8602880872991424,-0.7552880872991424,0.0,0.7552880872991424,,,validation,,0.31578925389435036,0.7220818127438388,0.4062925588494884,-0.8178278663975544,0.0,0.8178278663975544,True
~asp_mars_pluto_sextile_orb3 & ~asp_mars_venus_sextile_orb1 & asp_neptune_uranus_conj_orb5,3,7,-0.3166566118287881,-0.21165661182878814,0.29870088773898296,0.5102813030108111,0.6152813030108111,1.007721731908936,0.39244042889812486,0.5102813030108111,4,133,13,0.7982903696112753,-0.2044341522827901,False,-0.8602880872991424,-0.7552880872991424,0.0,0.7552880872991424,,,validation,,0.3044571048703317,0.7107496637198201,0.4062925588494884,-0.8178278663975544,0.0,0.8178278663975544,True
asp_neptune_uranus_conj_orb5 & ~asp_neptune_venus_conj_orb5 & ~mars_ingress_3d,3,7,-0.4412726258175011,-0.3362726258175011,0.17408487375026999,0.5102749314894437,0.6152749314894437,1.0077153603875686,0.39244042889812486,0.5102749314894437,10,56,43,0.7982813053630553,-0.2044341522827901,False,-0.8602880872991424,-0.7552880872991424,0.0,0.7552880872991424,,,validation,,0.2994681984132063,0.7057607572626947,0.4062925588494884,-0.8178278663975544,0.0,0.8178278663975544,True
~asp_jupiter_sun_sextile_orb5 & ~asp_mercury_uranus_square_orb5 & asp_pluto_uranus_sextile_orb3,3,7,-0.6248466377978843,-0.5198466377978843,-0.009489138230113223,0.5102661363312577,0.6152661363312577,1.0077065652293826,0.39244042889812486,0.5102661363312577,14,136,18,0.7982687932038619,-0.2044341522827901,False,-0.8602880872991424,-0.7552880872991424,0.0,0.7552880872991424,,,validation,,0.5733901642913468,0.9796827231408352,0.4062925588494884,-0.8178278663975544,0.0,0.8178278663975544,True
~asp_mars_pluto_sextile_orb3 & asp_neptune_uranus_conj_orb5 & ~asp_sun_venus_conj_orb1,3,7,-0.2686842218795553,-0.16368422187955534,0.34667327768821576,0.5100547548573102,0.6150547548573102,1.0074951837554351,0.39244042889812486,0.5100547548573102,4,133,13,0.7979680783004104,-0.2044341522827901,False,-0.8602880872991424,-0.7552880872991424,0.0,0.7552880872991424,,,validation,,0.3303754971694122,0.7366680560189006,0.4062925588494884,-0.8178278663975544,0.0,0.8178278663975544,True
~asp_mars_neptune_trine_orb1 & ~asp_moon_saturn_trine_orb1 & asp_pluto_uranus_sextile_orb3,3,7,-0.5775148543597449,-0.4725148543597449,0.037842645208026215,0.5100411338806989,0.6150411338806989,1.0074815627788238,0.39244042889812486,0.5100411338806989,16,129,23,0.7979487008921682,-0.2044341522827901,False,-0.8602880872991424,-0.7552880872991424,0.0,0.7552880872991424,,,validation,,0.4975557061518033,0.9038482650012917,0.4062925588494884,-0.8178278663975544,0.0,0.8178278663975544,True
asp_neptune_uranus_conj_orb5 & ~asp_pluto_sun_sextile_orb3 & ~asp_saturn_sun_sextile_orb5,3,7,-0.27586892105191096,-0.17086892105191098,0.3394885785158601,0.5099910966800942,0.6149910966800942,1.0074315255782191,0.39244042889812486,0.5099910966800942,5,84,22,0.7978775172377697,-0.2044341522827901,False,-0.8602880872991424,-0.7552880872991424,0.0,0.7552880872991424,,,validation,,0.2384468738040239,0.6447394326535123,0.4062925588494884,-0.8178278663975544,0.0,0.8178278663975544,True
asp_neptune_uranus_conj_orb5 & ~asp_neptune_venus_conj_orb3 & ~sun_sign_capricorn,3,7,-0.34520291610012804,-0.24020291610012806,0.27015458346764304,0.5099183994084553,0.6149183994084553,1.0073588283065802,0.39244042889812486,0.5099183994084553,3,202,11,0.7977740971108944,-0.2044341522827901,False,-0.8602880872991424,-0.7552880872991424,0.0,0.7552880872991424,,,validation,,0.2622447567382247,0.6685373155877131,0.4062925588494884,-0.8178278663975544,0.0,0.8178278663975544,True
~asp_mars_neptune_trine_orb3 & asp_pluto_uranus_sextile_orb3 & ~asp_saturn_venus_trine_orb3,3,7,-0.594423161337929,-0.489423161337929,0.020934338229842083,0.5098967031233141,0.6148967031233141,1.007337132021439,0.39244042889812486,0.5098967031233141,14,126,18,0.7977432316982609,-0.2044341522827901,False,-0.8602880872991424,-0.7552880872991424,0.0,0.7552880872991424,,,validation,,0.47246436746321857,0.878756926312707,0.4062925588494884,-0.8178278663975544,0.0,0.8178278663975544,True
~asp_mercury_uranus_square_orb5 & asp_pluto_uranus_sextile_orb3 & ~venus_sign_aries,3,7,-0.448767003247471,-0.343767003247471,0.16659049632030012,0.5098528984166575,0.6148528984166575,1.0072933273147824,0.39244042889812486,0.5098528984166575,12,136,16,0.7976809145870973,-0.2044341522827901,False,-0.8602880872991424,-0.7552880872991424,0.0,0.7552880872991424,,,validation,,0.4390289337230187,0.8453214925725071,0.4062925588494884,-0.8178278663975544,0.0,0.8178278663975544,True
~asp_mars_pluto_sextile_orb3 & ~asp_mercury_pluto_conj_orb3 & asp_neptune_uranus_conj_orb5,3,7,-0.33461245524539446,-0.22961245524539448,0.2807450443223766,0.5096975367982259,0.6146975367982259,1.0071379656963508,0.39244042889812486,0.5096975367982259,4,133,15,0.797459895514619,-0.2044341522827901,False,-0.8602880872991424,-0.7552880872991424,0.0,0.7552880872991424,,,validation,,0.3021110343362871,0.7084035931857755,0.4062925588494884,-0.8178278663975544,0.0,0.8178278663975544,True
asp_neptune_uranus_conj_orb5 & ~asp_pluto_sun_opp_orb5 & ~asp_saturn_sun_sextile_orb3,3,7,-0.3229050194514152,-0.21790501945141522,0.2924524801163559,0.5095872895598348,0.6145872895598348,1.0070277184579597,0.39244042889812486,0.5095872895598348,3,155,16,0.797303056884513,-0.2044341522827901,False,-0.8602880872991424,-0.7552880872991424,0.0,0.7552880872991424,,,validation,,0.19497706042281865,0.601269619272307,0.4062925588494884,-0.8178278663975544,0.0,0.8178278663975544,True
~asp_mars_pluto_sextile_orb3 & ~asp_moon_sun_conj_orb3 & asp_neptune_uranus_conj_orb5,3,7,-0.34116084390978435,-0.23616084390978437,0.27419665565798673,0.5094759774103332,0.6144759774103332,1.0069164063084581,0.39244042889812486,0.5094759774103332,6,92,27,0.7971447035142938,-0.2044341522827901,False,-0.8602880872991424,-0.7552880872991424,0.0,0.7552880872991424,,,validation,,0.2905921052656035,0.6968846641150919,0.4062925588494884,-0.8178278663975544,0.0,0.8178278663975544,True
~asp_mercury_moon_square_orb1 & asp_neptune_uranus_conj_orb5 & ~asp_saturn_sun_sextile_orb5,3,7,-0.32382173779731843,-0.21882173779731845,0.29153576177045265,0.5093400735660705,0.6143400735660705,1.0067805024641954,0.39244042889812486,0.5093400735660705,7,93,28,0.7969513661307595,-0.2044341522827901,False,-0.8602880872991424,-0.7552880872991424,0.0,0.7552880872991424,,,validation,,0.2639166671775322,0.6702092260270206,0.4062925588494884,-0.8178278663975544,0.0,0.8178278663975544,True
~asp_moon_saturn_trine_orb1 & asp_pluto_uranus_sextile_orb3 & ~asp_saturn_sun_sextile_orb3,3,7,-0.6029455199703383,-0.4979455199703383,0.012411979597432787,0.5092044398139921,0.6142044398139921,1.006644868712117,0.39244042889812486,0.5092044398139921,16,147,24,0.7967584132968435,-0.2044341522827901,False,-0.8602880872991424,-0.7552880872991424,0.0,0.7552880872991424,,,validation,,0.4849713062806756,0.891263865130164,0.4062925588494884,-0.8178278663975544,0.0,0.8178278663975544,True
~asp_mercury_moon_trine_orb1 & ~asp_mercury_pluto_sextile_orb3 & asp_neptune_uranus_conj_orb5,3,7,-0.33431020630278624,-0.22931020630278626,0.28104729326498484,0.5091744713472044,0.6141744713472044,1.0066149002453293,0.39244042889812486,0.5091744713472044,6,73,20,0.7967157801414273,-0.2044341522827901,False,-0.8602880872991424,-0.7552880872991424,0.0,0.7552880872991424,,,validation,,0.3062793835814939,0.7125719424309823,0.4062925588494884,-0.8178278663975544,0.0,0.8178278663975544,True
~asp_mars_pluto_sextile_orb3 & ~asp_mercury_moon_sextile_orb3 & asp_neptune_uranus_conj_orb5,3,7,-0.32868162648804466,-0.22368162648804468,0.2866758730797264,0.5090858414514072,0.6140858414514072,1.0065262703495321,0.39244042889812486,0.5090858414514072,10,47,45,0.7965896952985754,-0.2044341522827901,False,-0.8602880872991424,-0.7552880872991424,0.0,0.7552880872991424,,,validation,,0.2700163777070366,0.676308936556525,0.4062925588494884,-0.8178278663975544,0.0,0.8178278663975544,True
~asp_mars_moon_trine_orb3 & ~asp_mars_pluto_sextile_orb3 & asp_neptune_uranus_conj_orb5,3,7,-0.3604553270920021,-0.25545532709200214,0.25490217247576896,0.5090165787024763,0.6140165787024763,1.0064570076006012,0.39244042889812486,0.5090165787024763,11,87,52,0.7964911622422159,-0.2044341522827901,False,-0.8602880872991424,-0.7552880872991424,0.0,0.7552880872991424,,,validation,,0.3316447114043813,0.7379372702538697,0.4062925588494884,-0.8178278663975544,0.0,0.8178278663975544,True
~asp_neptune_sun_square_orb5 & asp_pluto_uranus_sextile_orb3 & ~mars_ingress_3d,3,7,-0.6335726974162553,-0.5285726974162553,-0.018215197848484212,0.5089910963899991,0.613991096389999,1.006431525288124,0.39244042889812486,0.5089910963899991,30,47,38,0.7964549111730779,-0.2044341522827901,False,-0.8602880872991424,-0.7552880872991424,0.0,0.7552880872991424,,,validation,,0.534968677960318,0.9412612368098063,0.4062925588494884,-0.8178278663975544,0.0,0.8178278663975544,True
~asp_mars_pluto_sextile_orb3 & ~asp_moon_saturn_sextile_orb1 & asp_neptune_uranus_conj_orb5,3,7,-0.32332115517151455,-0.21832115517151457,0.29203634439625653,0.508918430668444,0.613918430668444,1.006358859566569,0.39244042889812486,0.508918430668444,4,133,18,0.7963515371742342,-0.2044341522827901,False,-0.8602880872991424,-0.7552880872991424,0.0,0.7552880872991424,,,validation,,0.3221760075563543,0.7284685664058427,0.4062925588494884,-0.8178278663975544,0.0,0.8178278663975544,True
~asp_jupiter_sun_conj_orb5 & ~asp_mercury_pluto_sextile_orb5 & asp_neptune_uranus_conj_orb5,3,7,-0.3336739740758226,-0.22867397407582263,0.28168352549194847,0.5088378387448791,0.6138378387448791,1.006278267643004,0.39244042889812486,0.5088378387448791,4,158,16,0.796236887494111,-0.2044341522827901,False,-0.8602880872991424,-0.7552880872991424,0.0,0.7552880872991424,,,validation,,0.3073177296147424,0.7136102884642308,0.4062925588494884,-0.8178278663975544,0.0,0.8178278663975544,True
~asp_mars_neptune_square_orb5 & ~asp_mercury_uranus_square_orb5 & asp_pluto_uranus_sextile_orb3,3,7,-0.7270118225707506,-0.6220118225707506,-0.11165432300297948,0.5088292662373026,0.6138292662373026,1.0062696951354275,0.39244042889812486,0.5088292662373026,12,121,17,0.7962246922928944,-0.2044341522827901,False,-0.8602880872991424,-0.7552880872991424,0.0,0.7552880872991424,,,validation,,0.5023033885922661,0.9085959474417544,0.4062925588494884,-0.8178278663975544,0.0,0.8178278663975544,True
~asp_moon_saturn_trine_orb3 & asp_pluto_uranus_sextile_orb3 & ~venus_sign_aries,3,7,-0.43443150826764365,-0.32943150826764367,0.18092599130012743,0.5085375384536797,0.6135375384536796,1.0059779673518046,0.39244042889812486,0.5085375384536797,27,74,33,0.795809682733098,-0.2044341522827901,False,-0.8602880872991424,-0.7552880872991424,0.0,0.7552880872991424,,,validation,,0.38840401620533666,0.794696575054825,0.4062925588494884,-0.8178278663975544,0.0,0.8178278663975544,True
~asp_mars_pluto_sextile_orb3 & asp_neptune_uranus_conj_orb5 & ~asp_pluto_sun_trine_orb1,3,7,-0.2809972455325586,-0.17599724553255863,0.33436025403521247,0.5084978125755872,0.6134978125755872,1.0059382414737121,0.39244042889812486,0.5084978125755872,4,116,16,0.7957531691363815,-0.2044341522827901,False,-0.8602880872991424,-0.7552880872991424,0.0,0.7552880872991424,,,validation,,0.30444417462747436,0.7107367334769628,0.4062925588494884,-0.8178278663975544,0.0,0.8178278663975544,True
~asp_moon_saturn_trine_orb1 & asp_pluto_uranus_sextile_orb3 & ~asp_saturn_sun_square_orb5,3,7,-0.6952302482094165,-0.5902302482094165,-0.07987274864164538,0.5084637737537636,0.6134637737537636,1.0059042026518885,0.39244042889812486,0.5084637737537636,18,115,26,0.795704745904767,-0.2044341522827901,False,-0.8602880872991424,-0.7552880872991424,0.0,0.7552880872991424,,,validation,,0.5243353017298777,0.9306278605793661,0.4062925588494884,-0.8178278663975544,0.0,0.8178278663975544,True
asp_neptune_uranus_conj_orb5 & ~asp_saturn_sun_sextile_orb5 & ~venus_sign_leo,3,7,-0.20322066119409843,-0.09822066119409845,0.41213683837367265,0.5083694234546341,0.6133694234546341,1.005809852352759,0.39244042889812486,0.5083694234546341,4,94,18,0.7955705243713627,-0.2044341522827901,False,-0.8602880872991424,-0.7552880872991424,0.0,0.7552880872991424,,,validation,,0.149470672086864,0.5557632309363524,0.4062925588494884,-0.8178278663975544,0.0,0.8178278663975544,True
~asp_mercury_pluto_sextile_orb3 & ~asp_neptune_sun_opp_orb3 & asp_neptune_uranus_conj_orb5,3,7,-0.3396704162235414,-0.2346704162235414,0.2756870833442297,0.508327587640786,0.613327587640786,1.005768016538911,0.39244042889812486,0.508327587640786,4,130,17,0.7955110093243554,-0.2044341522827901,False,-0.8602880872991424,-0.7552880872991424,0.0,0.7552880872991424,,,validation,,0.3932158490298899,0.7995084078793783,0.4062925588494884,-0.8178278663975544,0.0,0.8178278663975544,True
~asp_mars_sun_square_orb5 & asp_neptune_uranus_conj_orb5 & ~asp_saturn_sun_sextile_orb3,3,7,-0.2991025950968306,-0.19410259509683064,0.31625490447094046,0.5082549388748758,0.6132549388748758,1.0056953677730007,0.39244042889812486,0.5082549388748758,3,154,15,0.7954076602713711,-0.2044341522827901,False,-0.8602880872991424,-0.7552880872991424,0.0,0.7552880872991424,,,validation,,0.23013535412132707,0.6364279129708155,0.4062925588494884,-0.8178278663975544,0.0,0.8178278663975544,True
asp_neptune_uranus_conj_orb5 & ~asp_neptune_venus_conj_orb5 & ~asp_saturn_sun_trine_orb3,3,7,-0.33379397232220487,-0.22879397232220489,0.2815635272455662,0.5081434860411138,0.6131434860411138,1.0055839149392387,0.39244042889812486,0.5081434860411138,5,93,18,0.7952491093045562,-0.2044341522827901,False,-0.8602880872991424,-0.7552880872991424,0.0,0.7552880872991424,,,validation,,0.300748275884643,0.7070408347341314,0.4062925588494884,-0.8178278663975544,0.0,0.8178278663975544,True
~asp_jupiter_mercury_opp_orb5 & asp_neptune_uranus_conj_orb5 & ~asp_saturn_sun_sextile_orb3,3,7,-0.3369885632848026,-0.2319885632848026,0.2783689362829685,0.5080175339540247,0.6130175339540247,1.0054579628521496,0.39244042889812486,0.5080175339540247,4,135,15,0.7950699321943198,-0.2044341522827901,False,-0.8602880872991424,-0.7552880872991424,0.0,0.7552880872991424,,,validation,,0.12627774590992474,0.5325703047594131,0.4062925588494884,-0.8178278663975544,0.0,0.8178278663975544,True
~asp_mars_pluto_sextile_orb3 & ~asp_mercury_sun_conj_orb1 & asp_neptune_uranus_conj_orb5,3,7,-0.2829917075379063,-0.17799170753790633,0.33236579202986477,0.507966651757864,0.612966651757864,1.005407080655989,0.39244042889812486,0.507966651757864,7,106,26,0.7949975481998117,-0.2044341522827901,False,-0.8602880872991424,-0.7552880872991424,0.0,0.7552880872991424,,,validation,,0.3209743332926019,0.7272668921420903,0.4062925588494884,-0.8178278663975544,0.0,0.8178278663975544,True
~asp_mars_neptune_trine_orb1 & ~asp_mars_pluto_sextile_orb3 & asp_neptune_uranus_conj_orb5,3,7,-0.28688343256081583,-0.18188343256081585,0.32847406700695525,0.5079438782136496,0.6129438782136496,1.0053843071117745,0.39244042889812486,0.5079438782136496,3,130,10,0.7949651510256726,-0.2044341522827901,False,-0.8602880872991424,-0.7552880872991424,0.0,0.7552880872991424,,,validation,,0.28482063554861065,0.691113194398099,0.4062925588494884,-0.8178278663975544,0.0,0.8178278663975544,True
asp_neptune_uranus_conj_orb5 & ~asp_saturn_sun_sextile_orb3 & ~venus_sign_taurus,3,7,-0.3534806718189362,-0.24848067181893624,0.26187682774883486,0.5075488932060517,0.6125488932060517,1.0049893221041766,0.39244042889812486,0.5075488932060517,3,145,15,0.7944032549137603,-0.2044341522827901,False,-0.8602880872991424,-0.7552880872991424,0.0,0.7552880872991424,,,validation,,0.16826357798817843,0.5745561368376668,0.4062925588494884,-0.8178278663975544,0.0,0.8178278663975544,True
~asp_mars_pluto_sextile_orb3 & ~asp_moon_uranus_trine_orb1 & asp_neptune_uranus_conj_orb5,3,7,-0.3332673702146941,-0.22826737021469412,0.282090129353077,0.5075263285500964,0.6125263285500964,1.0049667574482213,0.39244042889812486,0.5075263285500964,5,116,22,0.794371155060869,-0.2044341522827901,False,-0.8602880872991424,-0.7552880872991424,0.0,0.7552880872991424,,,validation,,0.2939019448541424,0.7001945037036308,0.4062925588494884,-0.8178278663975544,0.0,0.8178278663975544,True
~asp_mars_neptune_square_orb1 & ~asp_mars_pluto_sextile_orb3 & asp_neptune_uranus_conj_orb5,3,7,-0.31685892991319986,-0.21185892991319988,0.2984985696545712,0.5074932818955677,0.6124932818955677,1.0049337107936926,0.39244042889812486,0.5074932818955677,4,133,12,0.7943241438236206,-0.2044341522827901,False,-0.8602880872991424,-0.7552880872991424,0.0,0.7552880872991424,,,validation,,0.317773786889663,0.7240663457391514,0.4062925588494884,-0.8178278663975544,0.0,0.8178278663975544,True
~asp_mars_pluto_sextile_orb3 & asp_neptune_uranus_conj_orb5 & ~asp_neptune_venus_square_orb5,3,7,-0.27285648824689585,-0.16785648824689586,0.34250101132087524,0.5072187445870366,0.6122187445870366,1.0046591734851615,0.39244042889812486,0.5072187445870366,5,88,19,0.7939335955250815,-0.2044341522827901,False,-0.8602880872991424,-0.7552880872991424,0.0,0.7552880872991424,,,validation,,0.3659771899673862,0.7722697488168746,0.4062925588494884,-0.8178278663975544,0.0,0.8178278663975544,True
~asp_mars_sun_sextile_orb5 & ~asp_mercury_pluto_sextile_orb3 & asp_neptune_uranus_conj_orb5,3,7,-0.34369515503356174,-0.23869515503356176,0.27166234453420934,0.5071662924101168,0.6121662924101168,1.0046067213082417,0.39244042889812486,0.5071662924101168,4,129,15,0.793858978824246,-0.2044341522827901,False,-0.8602880872991424,-0.7552880872991424,0.0,0.7552880872991424,,,validation,,0.3236908698093734,0.7299834286588618,0.4062925588494884,-0.8178278663975544,0.0,0.8178278663975544,True
~asp_mars_neptune_trine_orb1 & ~asp_mercury_uranus_square_orb5 & asp_pluto_uranus_sextile_orb3,3,7,-0.6322122811840117,-0.5272122811840118,-0.016854781616240672,0.5068996437964144,0.6118996437964144,1.0043400726945393,0.39244042889812486,0.5068996437964144,14,136,19,0.793479654211247,-0.2044341522827901,False,-0.8602880872991424,-0.7552880872991424,0.0,0.7552880872991424,,,validation,,0.49190676047567855,0.898199319325167,0.4062925588494884,-0.8178278663975544,0.0,0.8178278663975544,True
~asp_moon_saturn_trine_orb1 & asp_neptune_uranus_conj_orb5 & ~asp_saturn_sun_sextile_orb5,3,7,-0.26481676749593386,-0.15981676749593388,0.3505407320718372,0.5068733748234855,0.6118733748234855,1.0043138037216104,0.39244042889812486,0.5068733748234855,4,110,23,0.7934422849921592,-0.2044341522827901,False,-0.8602880872991424,-0.7552880872991424,0.0,0.7552880872991424,,,validation,,0.20771596468725156,0.61400852353674,0.4062925588494884,-0.8178278663975544,0.0,0.8178278663975544,True
~asp_moon_saturn_trine_orb1 & asp_pluto_uranus_sextile_orb3 & ~asp_pluto_venus_sextile_orb1,3,7,-0.5983671132552082,-0.4933671132552082,0.01699038631256289,0.5068627338522889,0.6118627338522888,1.0043031627504138,0.39244042889812486,0.5068627338522889,18,134,25,0.7934271475637975,-0.2044341522827901,False,-0.8602880872991424,-0.7552880872991424,0.0,0.7552880872991424,,,validation,,0.5540770993524897,0.9603696582019782,0.4062925588494884,-0.8178278663975544,0.0,0.8178278663975544,True
~asp_moon_saturn_trine_orb1 & ~asp_moon_venus_square_orb3 & asp_pluto_uranus_sextile_orb3,3,7,-0.725994026942332,-0.620994026942332,-0.11063652737456084,0.5068011479170806,0.6118011479170806,1.0042415768152055,0.39244042889812486,0.5068011479170806,39,73,50,0.7933395378653199,-0.2044341522827901,False,-0.8602880872991424,-0.7552880872991424,0.0,0.7552880872991424,,,validation,,0.5632270712436547,0.9695196300931431,0.4062925588494884,-0.8178278663975544,0.0,0.8178278663975544,True
asp_pluto_uranus_sextile_orb3 & ~asp_saturn_venus_trine_orb3,2,4,-0.5651375435909597,-0.5251375435909597,-0.014780044023188575,0.5068003994624946,0.5468003994624946,0.9392408283606195,0.39244042889812486,0.5068003994624946,10,192,13,0.7009073850910179,-0.2044341522827901,False,-0.7952880872991425,-0.7552880872991424,0.0,0.7552880872991424,,,validation,,0.45026013964870176,0.8565526984981902,0.4062925588494884,-0.8178278663975544,0.0,0.8178278663975544,True
~asp_mars_pluto_sextile_orb3 & asp_neptune_uranus_conj_orb5 & ~asp_neptune_venus_square_orb3,3,7,-0.29457852231268694,-0.18957852231268696,0.32077897725508414,0.5067292154139917,0.6117292154139917,1.0041696443121166,0.39244042889812486,0.5067292154139917,5,90,19,0.7932372096334965,-0.2044341522827901,False,-0.8602880872991424,-0.7552880872991424,0.0,0.7552880872991424,,,validation,,0.3878514184512399,0.7941439773007283,0.4062925588494884,-0.8178278663975544,0.0,0.8178278663975544,True
asp_pluto_uranus_sextile_orb3 & saturn_retro & ~venus_sign_sagittarius,3,6,-0.34895212629412375,-0.2589521262941238,0.2514053732736473,0.5066500501592183,0.5966500501592182,0.989090479057343,0.39244042889812486,0.5066500501592183,6,96,8,0.7717881479721116,-0.2044341522827901,False,-0.8452880872991424,-0.7552880872991424,0.0,0.7552880872991424,,,validation,,0.3936602859759076,0.799952844825396,0.4062925588494884,-0.8178278663975544,0.0,0.8178278663975544,True
~asp_moon_saturn_trine_orb3 & asp_pluto_uranus_sextile_orb3 & ~sun_sign_cancer,3,7,-0.6488402436029403,-0.5438402436029404,-0.03348274403516927,0.5066255742711603,0.6116255742711603,1.0040660031692852,0.39244042889812486,0.5066255742711603,28,74,36,0.7930897741452618,-0.2044341522827901,False,-0.8602880872991424,-0.7552880872991424,0.0,0.7552880872991424,,,validation,,0.514367799340063,0.9206603581895515,0.4062925588494884,-0.8178278663975544,0.0,0.8178278663975544,True
~asp_neptune_sun_square_orb5 & asp_pluto_uranus_sextile_orb3 & ~sun_sign_cancer,3,7,-0.6111496789361927,-0.5061496789361927,0.004207820631578378,0.5065975011345236,0.6115975011345236,1.0040379300326485,0.39244042889812486,0.5065975011345236,12,118,17,0.7930498385248994,-0.2044341522827901,False,-0.8602880872991424,-0.7552880872991424,0.0,0.7552880872991424,,,validation,,0.5200635112661154,0.9263560701156037,0.4062925588494884,-0.8178278663975544,0.0,0.8178278663975544,True
asp_neptune_uranus_conj_orb5 & ~asp_saturn_sun_sextile_orb5 & ~mercury_sign_capricorn,3,7,-0.44619485718248225,-0.34119485718248227,0.16916264238528883,0.5065914208952316,0.6115914208952316,1.0040318497933565,0.39244042889812486,0.5065914208952316,4,143,17,0.7930411890433169,-0.2044341522827901,False,-0.8602880872991424,-0.7552880872991424,0.0,0.7552880872991424,,,validation,,0.19597930418708348,0.6022718630365719,0.4062925588494884,-0.8178278663975544,0.0,0.8178278663975544,True
~asp_mars_moon_square_orb3 & ~asp_mars_pluto_sextile_orb3 & asp_neptune_uranus_conj_orb5,3,7,-0.30294749179796376,-0.19794749179796378,0.3124100077698073,0.5065741511127866,0.6115741511127866,1.0040145800109115,0.39244042889812486,0.5065741511127866,14,57,52,0.7930166218121464,-0.2044341522827901,False,-0.8602880872991424,-0.7552880872991424,0.0,0.7552880872991424,,,validation,,0.30623711255831626,0.7125296714078047,0.4062925588494884,-0.8178278663975544,0.0,0.8178278663975544,True
~asp_mars_pluto_sextile_orb3 & ~asp_mars_venus_square_orb3 & asp_neptune_uranus_conj_orb5,3,7,-0.30938742799845004,-0.20438742799845006,0.30597007156932104,0.506349116404023,0.611349116404023,1.003789545302148,0.39244042889812486,0.506349116404023,5,116,16,0.7926964978215993,-0.2044341522827901,False,-0.8602880872991424,-0.7552880872991424,0.0,0.7552880872991424,,,validation,,0.2754599864041652,0.6817525452536536,0.4062925588494884,-0.8178278663975544,0.0,0.8178278663975544,True
~asp_mars_pluto_sextile_orb5 & ~asp_moon_venus_trine_orb3 & asp_neptune_uranus_conj_orb5,3,7,-0.4147833860781243,-0.30978338607812433,0.20057411348964677,0.5061303588755468,0.6111303588755468,1.0035707877736717,0.39244042889812486,0.5061303588755468,8,75,49,0.7923853042867217,-0.2044341522827901,False,-0.8602880872991424,-0.7552880872991424,0.0,0.7552880872991424,,,validation,,0.29078111881642627,0.6970736776659147,0.4062925588494884,-0.8178278663975544,0.0,0.8178278663975544,True
~asp_moon_saturn_trine_orb1 & asp_pluto_uranus_sextile_orb3 & ~asp_saturn_venus_sextile_orb5,3,7,-0.618562957490834,-0.513562957490834,-0.0032054579230629356,0.5061054978151349,0.6111054978151349,1.0035459267132598,0.39244042889812486,0.5061054978151349,19,139,26,0.7923499382354755,-0.2044341522827901,False,-0.8602880872991424,-0.7552880872991424,0.0,0.7552880872991424,,,validation,,0.5098355741401677,0.916128132989656,0.4062925588494884,-0.8178278663975544,0.0,0.8178278663975544,True
~asp_mars_pluto_sextile_orb3 & asp_neptune_uranus_conj_orb5 & ~asp_pluto_sun_sextile_orb1,3,7,-0.30080462060139146,-0.19580462060139148,0.3145528789663796,0.5059061416946471,0.6109061416946471,1.003346570592772,0.39244042889812486,0.5059061416946471,5,119,17,0.7920663449706025,-0.2044341522827901,False,-0.8602880872991424,-0.7552880872991424,0.0,0.7552880872991424,,,validation,,0.33594318537929463,0.742235744228783,0.4062925588494884,-0.8178278663975544,0.0,0.8178278663975544,True
~asp_mercury_uranus_square_orb5 & asp_pluto_uranus_sextile_orb3 & ~asp_saturn_sun_square_orb5,3,7,-0.7492914768692053,-0.6442914768692053,-0.13393397730143422,0.5058800530923517,0.6108800530923517,1.0033204819904766,0.39244042889812486,0.5058800530923517,16,91,22,0.7920292327822329,-0.2044341522827901,False,-0.8602880872991424,-0.7552880872991424,0.0,0.7552880872991424,,,validation,,0.519556059814634,0.9258486186641225,0.4062925588494884,-0.8178278663975544,0.0,0.8178278663975544,True
asp_pluto_uranus_sextile_orb3 & ~asp_saturn_venus_trine_orb5,2,4,-0.5541228280155533,-0.5141228280155533,-0.003765328447782214,0.5057890562957685,0.5457890562957686,0.9382294851938935,0.39244042889812486,0.5057890562957685,10,192,13,0.6994697830531564,-0.2044341522827901,False,-0.7952880872991425,-0.7552880872991424,0.0,0.7552880872991424,,,validation,,0.4466063924718137,0.8528989513213021,0.4062925588494884,-0.8178278663975544,0.0,0.8178278663975544,True
~asp_mars_pluto_sextile_orb3 & ~asp_mercury_uranus_square_orb1 & asp_neptune_uranus_conj_orb5,3,7,-0.30010205528546874,-0.19510205528546876,0.31525544428230234,0.5057031088713568,0.6107031088713568,1.0031435377694817,0.39244042889812486,0.5057031088713568,5,72,17,0.7917775221236876,-0.2044341522827901,False,-0.8602880872991424,-0.7552880872991424,0.0,0.7552880872991424,,,validation,,0.3017486907969094,0.7080412496463978,0.4062925588494884,-0.8178278663975544,0.0,0.8178278663975544,True
~asp_mars_neptune_trine_orb3 & asp_pluto_uranus_sextile_orb3 & ~asp_saturn_venus_trine_orb5,3,7,-0.5828777437156004,-0.47787774371560043,0.03247975585217065,0.505655582591346,0.610655582591346,1.003096011489471,0.39244042889812486,0.505655582591346,14,126,18,0.7917099140657979,-0.2044341522827901,False,-0.8602880872991424,-0.7552880872991424,0.0,0.7552880872991424,,,validation,,0.4623564312792627,0.8686489901287511,0.4062925588494884,-0.8178278663975544,0.0,0.8178278663975544,True
~asp_mars_pluto_sextile_orb3 & ~asp_mars_saturn_trine_orb5 & asp_neptune_uranus_conj_orb5,3,7,-0.3336064491332564,-0.2286064491332564,0.2817510504345147,0.50564068647033,0.61064068647033,1.003081115368455,0.39244042889812486,0.50564068647033,4,133,14,0.791688723738367,-0.2044341522827901,False,-0.8602880872991424,-0.7552880872991424,0.0,0.7552880872991424,,,validation,,0.3675961409651786,0.773888699814667,0.4062925588494884,-0.8178278663975544,0.0,0.8178278663975544,True
asp_neptune_uranus_conj_orb5 & ~asp_neptune_venus_conj_orb5 & ~sun_sign_capricorn,3,7,-0.3494713743623859,-0.24447137436238592,0.2658861252053852,0.505494086693512,0.610494086693512,1.002934515591637,0.39244042889812486,0.505494086693512,3,198,11,0.7914801798992919,-0.2044341522827901,False,-0.8602880872991424,-0.7552880872991424,0.0,0.7552880872991424,,,validation,,0.2695720261127124,0.6758645849622008,0.4062925588494884,-0.8178278663975544,0.0,0.8178278663975544,True
~asp_mars_pluto_sextile_orb3 & ~asp_mercury_saturn_sextile_orb1 & asp_neptune_uranus_conj_orb5,3,7,-0.3144718100152319,-0.2094718100152319,0.3008856895525392,0.505450381881744,0.6104503818817439,1.0028908107798689,0.39244042889812486,0.505450381881744,4,116,15,0.7914180081891391,-0.2044341522827901,False,-0.8602880872991424,-0.7552880872991424,0.0,0.7552880872991424,,,validation,,0.30076601350693394,0.7070585723564223,0.4062925588494884,-0.8178278663975544,0.0,0.8178278663975544,True
~asp_jupiter_sun_trine_orb1 & ~asp_mars_pluto_sextile_orb3 & asp_neptune_uranus_conj_orb5,3,7,-0.3366644057003542,-0.23166440570035424,0.27869309386741686,0.5052393215559408,0.6102393215559407,1.0026797504540657,0.39244042889812486,0.5052393215559408,5,111,18,0.7911177675330392,-0.2044341522827901,False,-0.8602880872991424,-0.7552880872991424,0.0,0.7552880872991424,,,validation,,0.31652836527110334,0.7228209241205917,0.4062925588494884,-0.8178278663975544,0.0,0.8178278663975544,True
~asp_mars_pluto_sextile_orb3 & ~asp_neptune_sun_trine_orb5 & asp_neptune_uranus_conj_orb5,3,7,-0.3218201688674135,-0.2168201688674135,0.2935373307003576,0.5049321494396657,0.6099321494396657,1.0023725783377906,0.39244042889812486,0.5049321494396657,5,91,18,0.7906808058685766,-0.2044341522827901,False,-0.8602880872991424,-0.7552880872991424,0.0,0.7552880872991424,,,validation,,0.30319701458058496,0.7094895734300734,0.4062925588494884,-0.8178278663975544,0.0,0.8178278663975544,True
asp_neptune_uranus_conj_orb5 & ~asp_saturn_venus_sextile_orb5 & ~mars_ingress_3d,3,7,-0.45877996411490674,-0.35377996411490675,0.15657753545286437,0.5049193247110355,0.6099193247110355,1.0023597536091604,0.39244042889812486,0.5049193247110355,11,64,46,0.7906625623375869,-0.2044341522827901,False,-0.8602880872991424,-0.7552880872991424,0.0,0.7552880872991424,,,validation,,0.3692526373718957,0.7755451962213841,0.4062925588494884,-0.8178278663975544,0.0,0.8178278663975544,True
~asp_mars_pluto_sextile_orb3 & asp_neptune_uranus_conj_orb5 & ~asp_pluto_sun_conj_orb1,3,7,-0.2761448728770748,-0.1711448728770748,0.3392126266906963,0.5048976681951565,0.6098976681951565,1.0023380970932814,0.39244042889812486,0.5048976681951565,4,133,12,0.7906317553514641,-0.2044341522827901,False,-0.8602880872991424,-0.7552880872991424,0.0,0.7552880872991424,,,validation,,0.29180814849720343,0.6981007073466918,0.4062925588494884,-0.8178278663975544,0.0,0.8178278663975544,True
~asp_mars_neptune_square_orb3 & ~asp_moon_saturn_trine_orb1 & asp_pluto_uranus_sextile_orb3,3,7,-0.6950344045469392,-0.5900344045469392,-0.07967690497916809,0.5046421936246264,0.6096421936246263,1.0020826225227513,0.39244042889812486,0.5046421936246264,13,150,20,0.790268336391313,-0.2044341522827901,False,-0.8602880872991424,-0.7552880872991424,0.0,0.7552880872991424,,,validation,,0.5263488185753635,0.932641377424852,0.4062925588494884,-0.8178278663975544,0.0,0.8178278663975544,True
asp_pluto_sun_trine_orb5 & venus_ingress_5d & ~venus_sign_aries,3,6,-0.2125083790934503,-0.1225083790934503,0.3878491204743208,0.5046362974990944,0.5946362974990944,0.9870767263972193,0.39244042889812486,0.5046362974990944,18,6,43,0.48434347985825,0.7493434991131305,True,-1.0971654468093601,-1.00716544680936,-0.25187735951021756,0.7552880872991424,1.999960000799984e-05,50000.0,validation,,0.14348874449644972,0.5497813033459381,0.4062925588494884,-0.8513961367367744,-0.03356827033921994,0.8178278663975544,True
~asp_mercury_moon_trine_orb1 & asp_neptune_uranus_conj_orb5 & ~asp_saturn_sun_sextile_orb3,3,7,-0.348757619438934,-0.24375761943893404,0.26659988012883706,0.5045992858409052,0.6095992858409052,1.00203971473903,0.39244042889812486,0.5045992858409052,6,130,20,0.7902072991059326,-0.2044341522827901,False,-0.8602880872991424,-0.7552880872991424,0.0,0.7552880872991424,,,validation,,0.21338700990416232,0.6196795687536507,0.4062925588494884,-0.8178278663975544,0.0,0.8178278663975544,True
~asp_mercury_pluto_sextile_orb3 & asp_neptune_uranus_conj_orb5 & ~venus_sign_taurus,3,7,-0.34313437394478885,-0.23813437394478887,0.27222312562298223,0.5043053417274792,0.6093053417274792,1.001745770625604,0.39244042889812486,0.5043053417274792,4,90,17,0.7897891578508296,-0.2044341522827901,False,-0.8602880872991424,-0.7552880872991424,0.0,0.7552880872991424,,,validation,,0.25749946386407546,0.6637920227135639,0.4062925588494884,-0.8178278663975544,0.0,0.8178278663975544,True
~asp_mars_pluto_sextile_orb3 & asp_neptune_uranus_conj_orb5 & ~asp_pluto_sun_square_orb1,3,7,-0.28910469703902697,-0.184104697039027,0.3262528025287441,0.5041483411437799,0.6091483411437799,1.0015887700419048,0.39244042889812486,0.5041483411437799,4,133,13,0.7895658220504518,-0.2044341522827901,False,-0.8602880872991424,-0.7552880872991424,0.0,0.7552880872991424,,,validation,,0.2975748881427394,0.7038674469922278,0.4062925588494884,-0.8178278663975544,0.0,0.8178278663975544,True
~asp_neptune_sun_square_orb5 & asp_pluto_uranus_sextile_orb3 & ~mercury_sign_cancer,3,7,-0.5881889524444253,-0.4831889524444252,0.027168547123345894,0.5039166209655372,0.6089166209655372,1.0013570498636621,0.39244042889812486,0.5039166209655372,12,118,17,0.789236197218425,-0.2044341522827901,False,-0.8602880872991424,-0.7552880872991424,0.0,0.7552880872991424,,,validation,,0.5160936046761253,0.9223861635256136,0.4062925588494884,-0.8178278663975544,0.0,0.8178278663975544,True
~asp_mercury_sun_conj_orb1 & asp_pluto_uranus_sextile_orb3 & ~asp_saturn_venus_trine_orb3,3,7,-0.6126832970489432,-0.5076832970489432,0.0026742025188279213,0.5037558384829979,0.6087558384829979,1.0011962673811228,0.39244042889812486,0.5037558384829979,24,84,29,0.7890074826771099,-0.2044341522827901,False,-0.8602880872991424,-0.7552880872991424,0.0,0.7552880872991424,,,validation,,0.5049602575699663,0.9112528164194548,0.4062925588494884,-0.8178278663975544,0.0,0.8178278663975544,True
asp_neptune_uranus_conj_orb5 & ~asp_neptune_venus_conj_orb3 & ~asp_uranus_venus_square_orb3,3,7,-0.2731498185277199,-0.16814981852771993,0.34220768104005117,0.5037467406123923,0.6087467406123923,1.0011871695105172,0.39244042889812486,0.5037467406123923,5,95,19,0.7889945408867234,-0.2044341522827901,False,-0.8602880872991424,-0.7552880872991424,0.0,0.7552880872991424,,,validation,,0.20947129939261028,0.6157638582420987,0.4062925588494884,-0.8178278663975544,0.0,0.8178278663975544,True
~asp_moon_venus_trine_orb3 & asp_neptune_uranus_conj_orb5 & ~asp_saturn_sun_sextile_orb3,3,7,-0.4435887516885,-0.3385887516885,0.17176874787927107,0.5037273354128258,0.6087273354128258,1.0011677643109507,0.39244042889812486,0.5037273354128258,8,75,56,0.788966936846917,-0.2044341522827901,False,-0.8602880872991424,-0.7552880872991424,0.0,0.7552880872991424,,,validation,,0.24670846348564274,0.6530010223351311,0.4062925588494884,-0.8178278663975544,0.0,0.8178278663975544,True
~asp_mars_pluto_sextile_orb3 & ~asp_mercury_moon_square_orb1 & asp_neptune_uranus_conj_orb5,3,7,-0.32281290587708095,-0.21781290587708096,0.29254459369069014,0.5035884014060248,0.6085884014060248,1.0010288303041497,0.39244042889812486,0.5035884014060248,6,90,23,0.7887693023826599,-0.2044341522827901,False,-0.8602880872991424,-0.7552880872991424,0.0,0.7552880872991424,,,validation,,0.2913574665023881,0.6976500253518765,0.4062925588494884,-0.8178278663975544,0.0,0.8178278663975544,True
~asp_neptune_sun_opp_orb3 & asp_neptune_uranus_conj_orb5 & ~asp_saturn_sun_sextile_orb3,3,7,-0.3542221126280964,-0.2492221126280964,0.2611353869396747,0.5035078234525259,0.6085078234525259,1.0009482523506508,0.39244042889812486,0.5035078234525259,4,118,17,0.7886546799074359,-0.2044341522827901,False,-0.8602880872991424,-0.7552880872991424,0.0,0.7552880872991424,,,validation,,0.2943720341933657,0.7006645930428541,0.4062925588494884,-0.8178278663975544,0.0,0.8178278663975544,True
asp_neptune_uranus_conj_orb5 & ~asp_saturn_sun_trine_orb3 & ~asp_saturn_venus_sextile_orb5,3,7,-0.3496173215616896,-0.24461732156168964,0.26574017800608146,0.5034935010567061,0.6084935010567061,1.000933929954831,0.39244042889812486,0.5034935010567061,6,77,23,0.7886343062511627,-0.2044341522827901,False,-0.8602880872991424,-0.7552880872991424,0.0,0.7552880872991424,,,validation,,0.36713692580469576,0.7734294846541842,0.4062925588494884,-0.8178278663975544,0.0,0.8178278663975544,True
asp_pluto_uranus_sextile_orb3 & ~asp_saturn_venus_trine_orb3 & ~mercury_sign_aries,3,7,-0.6257228317827442,-0.5207228317827443,-0.010365332214973157,0.5033912875655842,0.6083912875655841,1.000831716463709,0.39244042889812486,0.5033912875655842,13,107,18,0.7884889073172954,-0.2044341522827901,False,-0.8602880872991424,-0.7552880872991424,0.0,0.7552880872991424,,,validation,,0.4587407591401909,0.8650333179896793,0.4062925588494884,-0.8178278663975544,0.0,0.8178278663975544,True
~asp_moon_venus_conj_orb3 & asp_neptune_uranus_conj_orb5 & ~asp_saturn_sun_sextile_orb5,3,7,-0.32228230701882277,-0.21728230701882278,0.2930751925489483,0.5033423577617684,0.6083423577617684,1.0007827866598933,0.39244042889812486,0.5033423577617684,8,68,32,0.788419304618103,-0.2044341522827901,False,-0.8602880872991424,-0.7552880872991424,0.0,0.7552880872991424,,,validation,,0.24640125104329452,0.6526938098927829,0.4062925588494884,-0.8178278663975544,0.0,0.8178278663975544,True
~asp_moon_venus_conj_orb5 & asp_neptune_uranus_conj_orb5 & ~asp_saturn_sun_sextile_orb5,3,7,-0.36594183552779336,-0.2609418355277934,0.2494156640399777,0.5033423577617684,0.6083423577617684,1.0007827866598933,0.39244042889812486,0.5033423577617684,8,68,48,0.788419304618103,-0.2044341522827901,False,-0.8602880872991424,-0.7552880872991424,0.0,0.7552880872991424,,,validation,,0.24640125104329452,0.6526938098927829,0.4062925588494884,-0.8178278663975544,0.0,0.8178278663975544,True
~asp_mars_neptune_trine_orb3 & ~asp_mars_pluto_sextile_orb3 & asp_neptune_uranus_conj_orb5,3,7,-0.2875431311727991,-0.18254313117279913,0.32781436839497197,0.5032719735578779,0.6082719735578779,1.0007124024560028,0.39244042889812486,0.5032719735578779,3,129,10,0.7883191830829148,-0.2044341522827901,False,-0.8602880872991424,-0.7552880872991424,0.0,0.7552880872991424,,,validation,,0.27137393975042395,0.6776664985999123,0.4062925588494884,-0.8178278663975544,0.0,0.8178278663975544,True
~asp_mars_saturn_sextile_orb3 & ~asp_moon_saturn_trine_orb1 & asp_pluto_uranus_sextile_orb3,3,7,-0.6290295805689184,-0.5240295805689185,-0.013672081001147324,0.5032277806892331,0.6082277806892331,1.000668209587358,0.39244042889812486,0.5032277806892331,14,184,21,0.788256318767119,-0.2044341522827901,False,-0.8602880872991424,-0.7552880872991424,0.0,0.7552880872991424,,,validation,,0.509686126657215,0.9159786855067035,0.4062925588494884,-0.8178278663975544,0.0,0.8178278663975544,True
asp_neptune_uranus_conj_orb5 & ~asp_saturn_sun_sextile_orb5 & ~asp_sun_uranus_conj_orb3,3,7,-0.2618512790371687,-0.15685127903716872,0.3535062205306024,0.503080864390445,0.608080864390445,1.0005212932885699,0.39244042889812486,0.503080864390445,4,160,17,0.7880473307034741,-0.2044341522827901,False,-0.8602880872991424,-0.7552880872991424,0.0,0.7552880872991424,,,validation,,0.2067130803925012,0.6130056392419896,0.4062925588494884,-0.8178278663975544,0.0,0.8178278663975544,True
asp_neptune_uranus_conj_orb5 & ~asp_pluto_venus_square_orb3 & ~asp_saturn_sun_sextile_orb5,3,7,-0.3313692870827882,-0.2263692870827882,0.2839882124849829,0.5029116336512678,0.6079116336512678,1.0003520625493927,0.39244042889812486,0.5029116336512678,4,93,22,0.7878066008599569,-0.2044341522827901,False,-0.8602880872991424,-0.7552880872991424,0.0,0.7552880872991424,,,validation,,0.1981636620992398,0.6044562209487282,0.4062925588494884,-0.8178278663975544,0.0,0.8178278663975544,True
asp_neptune_uranus_conj_orb5 & ~asp_neptune_venus_conj_orb3,2,4,-0.24610577214739773,-0.20610577214739773,0.3042517274203734,0.5028688596688469,0.5428688596688469,0.9353092885669717,0.39244042889812486,0.5028688596688469,3,202,8,0.6953188792832024,-0.2044341522827901,False,-0.7952880872991425,-0.7552880872991424,0.0,0.7552880872991424,,,validation,,0.16141308723999864,0.567705646089487,0.4062925588494884,-0.8178278663975544,0.0,0.8178278663975544,True
asp_neptune_uranus_conj_orb5 & ~asp_saturn_sun_sextile_orb5 & ~asp_saturn_sun_square_orb5,3,7,-0.295074257175615,-0.190074257175615,0.3202832423921561,0.5028385095505026,0.6078385095505026,1.0002789384486275,0.39244042889812486,0.5028385095505026,5,117,22,0.7877025823588961,-0.2044341522827901,False,-0.8602880872991424,-0.7552880872991424,0.0,0.7552880872991424,,,validation,,0.24076379365815953,0.6470563525076479,0.4062925588494884,-0.8178278663975544,0.0,0.8178278663975544,True
~asp_jupiter_venus_sextile_orb5 & ~asp_moon_saturn_trine_orb1 & asp_pluto_uranus_sextile_orb3,3,7,-0.6249490030468378,-0.5199490030468378,-0.009591503479066659,0.5027990340780313,0.6077990340780313,1.0002394629761562,0.39244042889812486,0.5027990340780313,18,127,24,0.7876464288244587,-0.2044341522827901,False,-0.8602880872991424,-0.7552880872991424,0.0,0.7552880872991424,,,validation,,0.48583972305516104,0.8921322819046494,0.4062925588494884,-0.8178278663975544,0.0,0.8178278663975544,True
~asp_mars_pluto_sextile_orb3 & asp_neptune_uranus_conj_orb5 & ~jupiter_ingress_5d,3,7,-0.2773559494978271,-0.17235594949782712,0.338001550069944,0.5024389280702719,0.6074389280702719,0.9998793569683968,0.39244042889812486,0.5024389280702719,4,133,13,0.7871341822182583,-0.2044341522827901,False,-0.8602880872991424,-0.7552880872991424,0.0,0.7552880872991424,,,validation,,0.358386796725139,0.7646793555746274,0.4062925588494884,-0.8178278663975544,0.0,0.8178278663975544,True
asp_pluto_uranus_sextile_orb3 & ~asp_saturn_venus_trine_orb5 & ~mercury_sign_aries,3,7,-0.6139672466429092,-0.5089672466429093,0.0013902529248618256,0.5023975674491554,0.6073975674491554,0.9998379963472803,0.39244042889812486,0.5023975674491554,13,107,18,0.7870753473571437,-0.2044341522827901,False,-0.8602880872991424,-0.7552880872991424,0.0,0.7552880872991424,,,validation,,0.4550802081574636,0.861372767006952,0.4062925588494884,-0.8178278663975544,0.0,0.8178278663975544,True
~asp_mercury_pluto_sextile_orb5 & asp_neptune_uranus_conj_orb5 & ~asp_uranus_venus_square_orb3,3,7,-0.30309105288746446,-0.19809105288746448,0.3122664466803066,0.5023681748642947,0.6073681748642947,0.9998086037624195,0.39244042889812486,0.5023681748642947,5,87,21,0.7870335368651804,-0.2044341522827901,False,-0.8602880872991424,-0.7552880872991424,0.0,0.7552880872991424,,,validation,,0.3131440678937784,0.7194366267432668,0.4062925588494884,-0.8178278663975544,0.0,0.8178278663975544,True
asp_pluto_uranus_sextile_orb3 & ~asp_saturn_venus_trine_orb3 & ~sun_sign_aries,3,7,-0.4573482760300731,-0.3523482760300731,0.15800922353769797,0.502346232720867,0.607346232720867,0.9997866616189918,0.39244042889812486,0.502346232720867,12,97,16,0.78700232451913,-0.2044341522827901,False,-0.8602880872991424,-0.7552880872991424,0.0,0.7552880872991424,,,validation,,0.4382901564781206,0.844582715327609,0.4062925588494884,-0.8178278663975544,0.0,0.8178278663975544,True
~asp_jupiter_sun_sextile_orb5 & asp_pluto_uranus_sextile_orb3 & ~venus_sign_sagittarius,3,7,-0.5726406283794224,-0.46764062837942244,0.042716871188348673,0.5020825676757448,0.6070825676757448,0.9995229965738696,0.39244042889812486,0.5020825676757448,12,165,14,0.7866272658740701,-0.2044341522827901,False,-0.8602880872991424,-0.7552880872991424,0.0,0.7552880872991424,,,validation,,0.5877522404504991,0.9940447992999875,0.4062925588494884,-0.8178278663975544,0.0,0.8178278663975544,True
~asp_mercury_uranus_square_orb5 & asp_pluto_uranus_sextile_orb3 & ~asp_saturn_venus_sextile_orb5,3,7,-0.679688614533694,-0.574688614533694,-0.06433111496592293,0.5019869730841366,0.6069869730841366,0.9994274019822615,0.39244042889812486,0.5019869730841366,16,98,22,0.7864912846292953,-0.2044341522827901,False,-0.8602880872991424,-0.7552880872991424,0.0,0.7552880872991424,,,validation,,0.5090411346346784,0.9153336934841668,0.4062925588494884,-0.8178278663975544,0.0,0.8178278663975544,True
~asp_mars_sun_sextile_orb5 & asp_neptune_uranus_conj_orb5 & ~asp_saturn_sun_sextile_orb3,3,7,-0.3530863335589536,-0.2480863335589536,0.2622711660088175,0.5019777016793927,0.6069777016793927,0.9994181305775176,0.39244042889812486,0.5019777016793927,4,103,16,0.7864780962642759,-0.2044341522827901,False,-0.8602880872991424,-0.7552880872991424,0.0,0.7552880872991424,,,validation,,0.22223783227160038,0.6285303911210888,0.4062925588494884,-0.8178278663975544,0.0,0.8178278663975544,True
~asp_mars_pluto_sextile_orb3 & ~asp_mars_saturn_square_orb3 & asp_neptune_uranus_conj_orb5,3,7,-0.2899890627635858,-0.18498906276358584,0.32536843680418526,0.5017816555994103,0.6067816555994103,0.9992220844975351,0.39244042889812486,0.5017816555994103,4,133,13,0.7861992254605887,-0.2044341522827901,False,-0.8602880872991424,-0.7552880872991424,0.0,0.7552880872991424,,,validation,,0.37568443843220706,0.7819769972816955,0.4062925588494884,-0.8178278663975544,0.0,0.8178278663975544,True
~asp_mars_pluto_sextile_orb3 & asp_neptune_uranus_conj_orb5 & ~jupiter_ingress_3d,3,7,-0.29467010033540436,-0.18967010033540438,0.3206873992323667,0.5014326069795312,0.6064326069795312,0.998873035877656,0.39244042889812486,0.5014326069795312,4,133,13,0.7857027138636492,-0.2044341522827901,False,-0.8602880872991424,-0.7552880872991424,0.0,0.7552880872991424,,,validation,,0.34356742907879606,0.7498599879282845,0.4062925588494884,-0.8178278663975544,0.0,0.8178278663975544,True
asp_pluto_uranus_sextile_orb3 & ~asp_saturn_venus_trine_orb5 & ~sun_sign_aries,3,7,-0.44453659524361755,-0.33953659524361757,0.1708209043241535,0.501344672215815,0.606344672215815,0.9987851011139398,0.39244042889812486,0.501344672215815,12,97,16,0.785577629524264,-0.2044341522827901,False,-0.8602880872991424,-0.7552880872991424,0.0,0.7552880872991424,,,validation,,0.4345653029049606,0.840857861754449,0.4062925588494884,-0.8178278663975544,0.0,0.8178278663975544,True
~asp_moon_saturn_trine_orb3 & asp_pluto_uranus_sextile_orb3 & ~mars_ingress_3d,3,7,-0.5932011765886367,-0.4882011765886367,0.02215632297913442,0.501066478920488,0.6060664789204879,0.9985069078186128,0.39244042889812486,0.501066478920488,46,44,58,0.7851819094809391,-0.2044341522827901,False,-0.8602880872991424,-0.7552880872991424,0.0,0.7552880872991424,,,validation,,0.5108163775943273,0.9171089364438156,0.4062925588494884,-0.8178278663975544,0.0,0.8178278663975544,True
~asp_mercury_sun_conj_orb1 & asp_pluto_uranus_sextile_orb3 & ~asp_saturn_venus_trine_orb5,3,7,-0.6015895783421142,-0.4965895783421142,0.013767921225656888,0.5010408535341726,0.6060408535341726,0.9984812824322974,0.39244042889812486,0.5010408535341726,24,84,29,0.7851454583487119,-0.2044341522827901,False,-0.8602880872991424,-0.7552880872991424,0.0,0.7552880872991424,,,validation,,0.4979189816892496,0.904211540538738,0.4062925588494884,-0.8178278663975544,0.0,0.8178278663975544,True
~asp_mars_pluto_sextile_orb3 & asp_neptune_uranus_conj_orb5 & ~asp_sun_uranus_square_orb1,3,7,-0.2589623628673174,-0.1539623628673174,0.3563951367004537,0.5008519001573293,0.6058519001573293,0.9982923290554541,0.39244042889812486,0.5008519001573293,5,75,17,0.7848766797391431,-0.2044341522827901,False,-0.8602880872991424,-0.7552880872991424,0.0,0.7552880872991424,,,validation,,0.30192214673501033,0.7082147055844987,0.4062925588494884,-0.8178278663975544,0.0,0.8178278663975544,True
~asp_jupiter_sun_sextile_orb5 & asp_pluto_uranus_sextile_orb3 & ~mars_ingress_3d,3,7,-0.5923814835071433,-0.4873814835071432,0.022976016060627876,0.5008477247977734,0.6058477247977734,0.9982881536958983,0.39244042889812486,0.5008477247977734,27,74,35,0.7848707404642745,-0.2044341522827901,False,-0.8602880872991424,-0.7552880872991424,0.0,0.7552880872991424,,,validation,,0.6559133419082588,1.0622059007577471,0.4062925588494884,-0.8178278663975544,0.0,0.8178278663975544,True
~asp_mars_pluto_sextile_orb1 & ~asp_mercury_pluto_sextile_orb5 & asp_neptune_uranus_conj_orb5,3,7,-0.36236204533185284,-0.25736204533185286,0.25299545423591824,0.5005786260823761,0.6055786260823761,0.9980190549805009,0.39244042889812486,0.5005786260823761,4,130,16,0.7844879593863612,-0.2044341522827901,False,-0.8602880872991424,-0.7552880872991424,0.0,0.7552880872991424,,,validation,,0.38228383508278513,0.7885763939322735,0.4062925588494884,-0.8178278663975544,0.0,0.8178278663975544,True
~asp_jupiter_moon_square_orb1 & ~asp_mars_pluto_sextile_orb5 & asp_neptune_uranus_conj_orb5,3,7,-0.403883839186264,-0.29888383918626404,0.21147366038150706,0.5005648746141613,0.6055648746141613,0.9980053035122861,0.39244042889812486,0.5005648746141613,5,130,20,0.7844683985611247,-0.2044341522827901,False,-0.8602880872991424,-0.7552880872991424,0.0,0.7552880872991424,,,validation,,0.29015451648750695,0.6964470753369953,0.4062925588494884,-0.8178278663975544,0.0,0.8178278663975544,True
~asp_mars_sun_square_orb1 & ~asp_mercury_pluto_sextile_orb3 & asp_neptune_uranus_conj_orb5,3,7,-0.3014206997968645,-0.1964206997968645,0.3139367997709066,0.500426209464595,0.605426209464595,0.9978666383627198,0.39244042889812486,0.500426209464595,4,89,17,0.7842711540016007,-0.2044341522827901,False,-0.8602880872991424,-0.7552880872991424,0.0,0.7552880872991424,,,validation,,0.27509870270149867,0.6813912615509871,0.4062925588494884,-0.8178278663975544,0.0,0.8178278663975544,True
~asp_mars_pluto_sextile_orb3 & ~asp_mercury_pluto_sextile_orb3 & asp_neptune_uranus_conj_orb5,3,7,-0.29215030820705595,-0.18715030820705597,0.32320719136071513,0.5004231367169303,0.6054231367169303,0.9978635656150551,0.39244042889812486,0.5004231367169303,4,129,17,0.7842667831683445,-0.2044341522827901,False,-0.8602880872991424,-0.7552880872991424,0.0,0.7552880872991424,,,validation,,0.35288840445960895,0.7591809633090973,0.4062925588494884,-0.8178278663975544,0.0,0.8178278663975544,True
~asp_moon_saturn_trine_orb1 & asp_pluto_uranus_sextile_orb3 & ~asp_pluto_venus_opp_orb5,3,7,-0.621499507605125,-0.516499507605125,-0.006142008037353835,0.5002740449386973,0.6052740449386973,0.9977144738368221,0.39244042889812486,0.5002740449386973,14,150,22,0.7840547075987818,-0.2044341522827901,False,-0.8602880872991424,-0.7552880872991424,0.0,0.7552880872991424,,,validation,,0.45947273753713985,0.8657652963866282,0.4062925588494884,-0.8178278663975544,0.0,0.8178278663975544,True
~asp_mars_pluto_sextile_orb3 & ~asp_mercury_neptune_square_orb5 & asp_neptune_uranus_conj_orb5,3,7,-0.26591633332954184,-0.16091633332954186,0.34944116623822924,0.5001116576012394,0.6051116576012394,0.9975520864993643,0.39244042889812486,0.5001116576012394,6,71,21,0.7838237201927982,-0.2044341522827901,False,-0.8602880872991424,-0.7552880872991424,0.0,0.7552880872991424,,,validation,,0.30554567817304773,0.7118382370225361,0.4062925588494884,-0.8178278663975544,0.0,0.8178278663975544,True
~asp_mercury_sun_conj_orb3 & ~asp_moon_saturn_trine_orb1 & asp_pluto_uranus_sextile_orb3,3,7,-0.7043897013220275,-0.5993897013220275,-0.08903220175425641,0.5000562974044123,0.6050562974044122,0.997496726302537,0.39244042889812486,0.5000562974044123,30,46,41,0.7837449733406361,-0.2044341522827901,False,-0.8602880872991424,-0.7552880872991424,0.0,0.7552880872991424,,,validation,,0.5122470068484104,0.9185395656978987,0.4062925588494884,-0.8178278663975544,0.0,0.8178278663975544,True
~asp_moon_saturn_trine_orb3 & asp_pluto_uranus_sextile_orb3 & ~mercury_sign_cancer,3,7,-0.6122227983592449,-0.5072227983592449,0.003134701208526174,0.49999247631062227,0.6049924763106223,0.9974329052087471,0.39244042889812486,0.49999247631062227,29,74,36,0.7836541913898099,-0.2044341522827901,False,-0.8602880872991424,-0.7552880872991424,0.0,0.7552880872991424,,,validation,,0.5031413291209297,0.909433887970418,0.4062925588494884,-0.8178278663975544,0.0,0.8178278663975544,True
asp_neptune_uranus_conj_orb5 & ~asp_saturn_venus_sextile_orb5 & ~sun_sign_capricorn,3,7,-0.35638752738441126,-0.2513875273844113,0.2589699721833598,0.499970096310703,0.604970096310703,0.9974105252088278,0.39244042889812486,0.499970096310703,4,126,16,0.7836223571029417,-0.2044341522827901,False,-0.8602880872991424,-0.7552880872991424,0.0,0.7552880872991424,,,validation,,0.3375655486160433,0.7438581074655317,0.4062925588494884,-0.8178278663975544,0.0,0.8178278663975544,True
~asp_jupiter_mercury_square_orb1 & ~asp_mars_pluto_sextile_orb3 & asp_neptune_uranus_conj_orb5,3,7,-0.3052899116670329,-0.20028991166703292,0.3100675879007382,0.4998305614225993,0.6048305614225993,0.9972709903207242,0.39244042889812486,0.4998305614225993,4,116,15,0.7834238767908712,-0.2044341522827901,False,-0.8602880872991424,-0.7552880872991424,0.0,0.7552880872991424,,,validation,,0.2987762952745991,0.7050688541240875,0.4062925588494884,-0.8178278663975544,0.0,0.8178278663975544,True
~asp_neptune_sun_square_orb5 & asp_pluto_uranus_sextile_orb3 & ~mars_ingress_5d,3,7,-0.625741694921432,-0.520741694921432,-0.010384195353660816,0.4998027311528348,0.6048027311528348,0.9972431600509597,0.39244042889812486,0.4998027311528348,29,47,37,0.783384289880446,-0.2044341522827901,False,-0.8602880872991424,-0.7552880872991424,0.0,0.7552880872991424,,,validation,,0.6204039792979417,1.02669653814743,0.4062925588494884,-0.8178278663975544,0.0,0.8178278663975544,True
~asp_mercury_pluto_sextile_orb3 & ~asp_neptune_sun_opp_orb5 & asp_neptune_uranus_conj_orb5,3,7,-0.3557221282375931,-0.2507221282375931,0.259635371330178,0.49977573028120026,0.6047757302812002,0.997216159179325,0.39244042889812486,0.49977573028120026,4,128,17,0.7833458827522908,-0.2044341522827901,False,-0.8602880872991424,-0.7552880872991424,0.0,0.7552880872991424,,,validation,,0.3420772074288179,0.7483697662783063,0.4062925588494884,-0.8178278663975544,0.0,0.8178278663975544,True
~asp_moon_saturn_trine_orb1 & ~asp_pluto_sun_trine_orb3 & asp_pluto_uranus_sextile_orb3,3,7,-0.5917240405369274,-0.4867240405369274,0.023633459030843667,0.4996746042436977,0.6046746042436977,0.9971150331418226,0.39244042889812486,0.4996746042436977,17,125,26,0.7832020371102524,-0.2044341522827901,False,-0.8602880872991424,-0.7552880872991424,0.0,0.7552880872991424,,,validation,,0.5053977655630328,0.9116903244125213,0.4062925588494884,-0.8178278663975544,0.0,0.8178278663975544,True
~asp_mars_pluto_sextile_orb3 & ~asp_moon_saturn_conj_orb3 & asp_neptune_uranus_conj_orb5,3,7,-0.33773758289163835,-0.23273758289163837,0.2776199166761327,0.4996642403151441,0.6046642403151441,0.997104669213269,0.39244042889812486,0.4996642403151441,7,109,28,0.7831872950615877,-0.2044341522827901,False,-0.8602880872991424,-0.7552880872991424,0.0,0.7552880872991424,,,validation,,0.28830344058523366,0.6945959994347221,0.4062925588494884,-0.8178278663975544,0.0,0.8178278663975544,True
~asp_moon_saturn_trine_orb3 & asp_pluto_uranus_sextile_orb3 & ~mars_ingress_5d,3,7,-0.5864758488688601,-0.4814758488688601,0.028881650698911045,0.49948122488898883,0.6044812248889888,0.9969216537871136,0.39244042889812486,0.49948122488898883,42,42,54,0.7829269672143511,-0.2044341522827901,False,-0.8602880872991424,-0.7552880872991424,0.0,0.7552880872991424,,,validation,,0.5917440352789194,0.9980365941284077,0.4062925588494884,-0.8178278663975544,0.0,0.8178278663975544,True
~asp_mars_neptune_square_orb3 & ~asp_mercury_uranus_square_orb5 & asp_pluto_uranus_sextile_orb3,3,7,-0.7477405246039556,-0.6427405246039556,-0.13238302503618452,0.49925650840672575,0.6042565084067257,0.9966969373048505,0.39244042889812486,0.49925650840672575,12,121,17,0.7826073230337587,-0.2044341522827901,False,-0.8602880872991424,-0.7552880872991424,0.0,0.7552880872991424,,,validation,,0.5197288179303323,0.9260213767798208,0.4062925588494884,-0.8178278663975544,0.0,0.8178278663975544,True
~asp_neptune_sun_square_orb5 & asp_pluto_uranus_sextile_orb3 & ~venus_sign_aries,3,7,-0.3965407952665839,-0.29154079526658394,0.21881670430118713,0.499086918733199,0.604086918733199,0.9965273476313239,0.39244042889812486,0.499086918733199,12,121,16,0.7823660936217574,-0.2044341522827901,False,-0.8602880872991424,-0.7552880872991424,0.0,0.7552880872991424,,,validation,,0.40425586868116176,0.8105484275306502,0.4062925588494884,-0.8178278663975544,0.0,0.8178278663975544,True
~asp_mercury_pluto_sextile_orb5 & asp_neptune_uranus_conj_orb5,2,4,-0.2731881649122299,-0.23318816491222993,0.27716933465554117,0.4990465160712841,0.5390465160712841,0.931486944969409,0.39244042889812486,0.4990465160712841,3,158,12,0.6898858263537475,-0.2044341522827901,False,-0.7952880872991425,-0.7552880872991424,0.0,0.7552880872991424,,,validation,,0.2598898775028305,0.6661824363523189,0.4062925588494884,-0.8178278663975544,0.0,0.8178278663975544,True
asp_neptune_uranus_conj_orb5 & ~asp_neptune_venus_conj_orb5 & ~asp_uranus_venus_square_orb3,3,7,-0.2694927049047786,-0.16449270490477863,0.34586479466299247,0.49881723334587735,0.6038172333458773,0.9962576622440023,0.39244042889812486,0.49881723334587735,5,95,19,0.7819824860834395,-0.2044341522827901,False,-0.8602880872991424,-0.7552880872991424,0.0,0.7552880872991424,,,validation,,0.21471037704920987,0.6210029358986983,0.4062925588494884,-0.8178278663975544,0.0,0.8178278663975544,True
~asp_mars_pluto_sextile_orb5 & asp_neptune_uranus_conj_orb5 & ~asp_pluto_sun_sextile_orb3,3,7,-0.31443150985004437,-0.20943150985004438,0.3009259897177267,0.4986145548221006,0.6036145548221006,0.9960549837202255,0.39244042889812486,0.4986145548221006,4,115,16,0.78169419166884,-0.2044341522827901,False,-0.8602880872991424,-0.7552880872991424,0.0,0.7552880872991424,,,validation,,0.28162665145817717,0.6879192103076656,0.4062925588494884,-0.8178278663975544,0.0,0.8178278663975544,True
asp_neptune_uranus_conj_orb5 & ~asp_saturn_sun_sextile_orb5 & ~mars_ingress_3d,3,7,-0.40713383934618863,-0.30213383934618865,0.20822366022158248,0.4982394232611034,0.6032394232611034,0.9956798521592283,0.39244042889812486,0.4982394232611034,9,72,42,0.7811605980757592,-0.2044341522827901,False,-0.8602880872991424,-0.7552880872991424,0.0,0.7552880872991424,,,validation,,0.24173544245418238,0.6480280013036708,0.4062925588494884,-0.8178278663975544,0.0,0.8178278663975544,True
~asp_mars_pluto_sextile_orb3 & ~asp_moon_neptune_square_orb1 & asp_neptune_uranus_conj_orb5,3,7,-0.3029983881946412,-0.19799838819464122,0.3123591113731299,0.49820603969933797,0.603206039699338,0.9956464685974629,0.39244042889812486,0.49820603969933797,5,118,21,0.7811131128380207,-0.2044341522827901,False,-0.8602880872991424,-0.7552880872991424,0.0,0.7552880872991424,,,validation,,0.2714014161610086,0.677693975010497,0.4062925588494884,-0.8178278663975544,0.0,0.8178278663975544,True
~asp_jupiter_mercury_opp_orb5 & ~asp_mars_pluto_sextile_orb5 & asp_neptune_uranus_conj_orb5,3,7,-0.3532889868655939,-0.24828898686559392,0.2620685127021772,0.4981392620519389,0.6031392620519389,0.9955796909500638,0.39244042889812486,0.4981392620519389,4,113,13,0.7810181274498689,-0.2044341522827901,False,-0.8602880872991424,-0.7552880872991424,0.0,0.7552880872991424,,,validation,,0.10286298644353048,0.5091555452930189,0.4062925588494884,-0.8178278663975544,0.0,0.8178278663975544,True
~asp_mars_pluto_sextile_orb3 & asp_neptune_uranus_conj_orb5 & ~sun_sign_cancer,3,7,-0.3365112231512048,-0.23151122315120481,0.2788462764165663,0.49806176122121837,0.6030617612212184,0.9955021901193432,0.39244042889812486,0.49806176122121837,3,119,12,0.780907889361913,-0.2044341522827901,False,-0.8602880872991424,-0.7552880872991424,0.0,0.7552880872991424,,,validation,,0.22360816218432428,0.6299007210338127,0.4062925588494884,-0.8178278663975544,0.0,0.8178278663975544,True
asp_neptune_uranus_conj_orb5 & ~asp_saturn_sun_sextile_orb5 & ~sun_sign_cancer,3,7,-0.33762286803114067,-0.23262286803114068,0.2777346315366304,0.4978874936966351,0.6028874936966351,0.99532792259476,0.39244042889812486,0.4978874936966351,4,116,17,0.7806600095683149,-0.2044341522827901,False,-0.8602880872991424,-0.7552880872991424,0.0,0.7552880872991424,,,validation,,0.16553653417402575,0.5718290930235141,0.4062925588494884,-0.8178278663975544,0.0,0.8178278663975544,True
~asp_mars_pluto_sextile_orb3 & ~asp_mercury_uranus_square_orb3 & asp_neptune_uranus_conj_orb5,3,7,-0.298370443900248,-0.193370443900248,0.3169870556675231,0.4978819508015033,0.6028819508015033,0.9953223796996281,0.39244042889812486,0.4978819508015033,5,72,19,0.7806521253097043,-0.2044341522827901,False,-0.8602880872991424,-0.7552880872991424,0.0,0.7552880872991424,,,validation,,0.306963786384899,0.7132563452343874,0.4062925588494884,-0.8178278663975544,0.0,0.8178278663975544,True
~asp_moon_saturn_trine_orb1 & asp_pluto_uranus_sextile_orb3 & ~asp_saturn_sun_conj_orb3,3,7,-0.605074788481231,-0.500074788481231,0.010282711086540127,0.4977512267584514,0.6027512267584514,0.9951916556565762,0.39244042889812486,0.4977512267584514,15,160,21,0.7804661825303427,-0.2044341522827901,False,-0.8602880872991424,-0.7552880872991424,0.0,0.7552880872991424,,,validation,,0.4927103340402947,0.8990028928897831,0.4062925588494884,-0.8178278663975544,0.0,0.8178278663975544,True
~asp_jupiter_moon_square_orb3 & asp_pluto_uranus_sextile_orb3 & ~asp_saturn_venus_trine_orb3,3,7,-0.6317011090470986,-0.5267011090470987,-0.01634360947932758,0.4977256369839502,0.6027256369839502,0.995166065882075,0.39244042889812486,0.4977256369839502,34,62,40,0.7804297834926583,-0.2044341522827901,False,-0.8602880872991424,-0.7552880872991424,0.0,0.7552880872991424,,,validation,,0.46965919324181876,0.8759517520913072,0.4062925588494884,-0.8178278663975544,0.0,0.8178278663975544,True
asp_neptune_uranus_conj_orb5 & ~asp_saturn_sun_sextile_orb5 & ~mercury_sign_leo,3,7,-0.37970827475153435,-0.27470827475153436,0.23564922481623674,0.49759070579522935,0.6025907057952293,0.9950311346933541,0.39244042889812486,0.49759070579522935,4,103,18,0.7802378568020465,-0.2044341522827901,False,-0.8602880872991424,-0.7552880872991424,0.0,0.7552880872991424,,,validation,,0.19655631304925342,0.6028488718987418,0.4062925588494884,-0.8178278663975544,0.0,0.8178278663975544,True
~asp_mars_saturn_sextile_orb3 & ~asp_mercury_uranus_square_orb5 & asp_pluto_uranus_sextile_orb3,3,7,-0.6817469662173332,-0.5767469662173332,-0.06638946664956219,0.49756614468335525,0.6025661446833552,0.99500657358148,0.39244042889812486,0.49756614468335525,13,134,18,0.7802029210063082,-0.2044341522827901,False,-0.8602880872991424,-0.7552880872991424,0.0,0.7552880872991424,,,validation,,0.5117422365023425,0.918034795351831,0.4062925588494884,-0.8178278663975544,0.0,0.8178278663975544,True
~asp_jupiter_sun_conj_orb3 & ~asp_mercury_pluto_sextile_orb3 & asp_neptune_uranus_conj_orb5,3,7,-0.2570012400004114,-0.15200124000041143,0.35835625956735967,0.49752196132133464,0.6025219613213346,0.9949623902194594,0.39244042889812486,0.49752196132133464,4,160,16,0.7801400744915667,-0.2044341522827901,False,-0.8602880872991424,-0.7552880872991424,0.0,0.7552880872991424,,,validation,,0.27221472312922096,0.6785072819787094,0.4062925588494884,-0.8178278663975544,0.0,0.8178278663975544,True
~asp_mars_pluto_sextile_orb5 & asp_neptune_uranus_conj_orb5 & ~asp_uranus_venus_square_orb5,3,7,-0.30746396246917834,-0.20246396246917836,0.30789353709859274,0.4974215035944496,0.6024215035944496,0.9948619324925744,0.39244042889812486,0.4974215035944496,4,92,18,0.7799971833150245,-0.2044341522827901,False,-0.8602880872991424,-0.7552880872991424,0.0,0.7552880872991424,,,validation,,0.2085713795424084,0.6148639383918968,0.4062925588494884,-0.8178278663975544,0.0,0.8178278663975544,True
~asp_mars_sun_square_orb1 & asp_neptune_uranus_conj_orb5 & ~asp_saturn_sun_sextile_orb3,3,7,-0.31366145376351456,-0.20866145376351458,0.3016960458042565,0.49736222078332504,0.602362220783325,0.9948026496814498,0.39244042889812486,0.49736222078332504,3,159,15,0.7799128594621365,-0.2044341522827901,False,-0.8602880872991424,-0.7552880872991424,0.0,0.7552880872991424,,,validation,,0.19517796676081728,0.6014705256103057,0.4062925588494884,-0.8178278663975544,0.0,0.8178278663975544,True
~asp_mars_pluto_sextile_orb3 & ~asp_moon_pluto_sextile_orb3 & asp_neptune_uranus_conj_orb5,3,7,-0.3634107384368481,-0.25841073843684814,0.25194676113092296,0.49733277749588733,0.6023327774958873,0.9947732063940122,0.39244042889812486,0.49733277749588733,8,56,46,0.7798709793609502,-0.2044341522827901,False,-0.8602880872991424,-0.7552880872991424,0.0,0.7552880872991424,,,validation,,0.2815696426014635,0.6878622014509519,0.4062925588494884,-0.8178278663975544,0.0,0.8178278663975544,True
~asp_jupiter_sun_square_orb3 & ~asp_moon_saturn_trine_orb1 & asp_pluto_uranus_sextile_orb3,3,7,-0.6687568094481747,-0.5637568094481747,-0.053399309880403596,0.49718584355736817,0.6021858435573682,0.9946262724554931,0.39244042889812486,0.49718584355736817,18,119,26,0.7796619809000123,-0.2044341522827901,False,-0.8602880872991424,-0.7552880872991424,0.0,0.7552880872991424,,,validation,,0.4722115629316473,0.8785041217811357,0.4062925588494884,-0.8178278663975544,0.0,0.8178278663975544,True
~asp_mars_venus_sextile_orb5 & asp_neptune_uranus_conj_orb5 & ~asp_saturn_sun_sextile_orb5,3,7,-0.3490255565597001,-0.2440255565597001,0.266331943008071,0.4971788011066758,0.6021788011066758,0.9946192300048006,0.39244042889812486,0.4971788011066758,4,100,16,0.7796519637452055,-0.2044341522827901,False,-0.8602880872991424,-0.7552880872991424,0.0,0.7552880872991424,,,validation,,0.17499869313766253,0.5812912519871509,0.4062925588494884,-0.8178278663975544,0.0,0.8178278663975544,True
asp_neptune_uranus_conj_orb5 & ~asp_neptune_venus_conj_orb5,2,4,-0.24269390064391996,-0.20269390064391996,0.30766359892385114,0.4971600697778407,0.5371600697778407,0.9296004986759655,0.39244042889812486,0.4971600697778407,3,198,8,0.6872045297996563,-0.2044341522827901,False,-0.7952880872991425,-0.7552880872991424,0.0,0.7552880872991424,,,validation,,0.16541239025150817,0.5717049491009966,0.4062925588494884,-0.8178278663975544,0.0,0.8178278663975544,True
~asp_mars_pluto_sextile_orb3 & asp_neptune_uranus_conj_orb5 & ~asp_sun_uranus_opp_orb3,3,7,-0.2892775152216168,-0.18427751522161684,0.32607998434615426,0.49701709220666634,0.6020170922066663,0.9944575211047912,0.39244042889812486,0.49701709220666634,3,133,12,0.7794219498579,-0.2044341522827901,False,-0.8602880872991424,-0.7552880872991424,0.0,0.7552880872991424,,,validation,,0.2853302245790013,0.6916227834284897,0.4062925588494884,-0.8178278663975544,0.0,0.8178278663975544,True
~asp_mars_pluto_sextile_orb3 & ~asp_mercury_neptune_opp_orb3 & asp_neptune_uranus_conj_orb5,3,7,-0.31305172821715016,-0.20805172821715018,0.3023057713506209,0.49701709220666634,0.6020170922066663,0.9944575211047912,0.39244042889812486,0.49701709220666634,3,133,12,0.7794219498579,-0.2044341522827901,False,-0.8602880872991424,-0.7552880872991424,0.0,0.7552880872991424,,,validation,,0.2853302245790013,0.6916227834284897,0.4062925588494884,-0.8178278663975544,0.0,0.8178278663975544,True
~asp_mars_pluto_sextile_orb3 & ~asp_mercury_neptune_opp_orb5 & asp_neptune_uranus_conj_orb5,3,7,-0.3239373741307964,-0.2189373741307964,0.2914201254369747,0.49701709220666634,0.6020170922066663,0.9944575211047912,0.39244042889812486,0.49701709220666634,3,133,12,0.7794219498579,-0.2044341522827901,False,-0.8602880872991424,-0.7552880872991424,0.0,0.7552880872991424,,,validation,,0.2853302245790013,0.6916227834284897,0.4062925588494884,-0.8178278663975544,0.0,0.8178278663975544,True
~asp_mars_pluto_sextile_orb5 & asp_neptune_uranus_conj_orb5 & ~venus_sign_leo,3,7,-0.2458281579758369,-0.14082815797583692,0.3695293415919342,0.4970041338885167,0.6020041338885167,0.9944445627866415,0.39244042889812486,0.4970041338885167,3,130,13,0.7794035180335814,-0.2044341522827901,False,-0.8602880872991424,-0.7552880872991424,0.0,0.7552880872991424,,,validation,,0.18697962912332394,0.5932721879728123,0.4062925588494884,-0.8178278663975544,0.0,0.8178278663975544,True
~asp_jupiter_sun_sextile_orb5 & ~asp_neptune_sun_square_orb5 & asp_pluto_uranus_sextile_orb3,3,7,-0.5550551506437126,-0.45005515064371254,0.06030234892405855,0.49692452957879096,0.601924529578791,0.9943649584769158,0.39244042889812486,0.49692452957879096,15,121,18,0.7792902894627405,-0.2044341522827901,False,-0.8602880872991424,-0.7552880872991424,0.0,0.7552880872991424,,,validation,,0.5371922788121639,0.9434848376616524,0.4062925588494884,-0.8178278663975544,0.0,0.8178278663975544,True
~asp_jupiter_moon_square_orb3 & asp_pluto_uranus_sextile_orb3 & ~asp_saturn_venus_trine_orb5,3,7,-0.6206445213448527,-0.5156445213448527,-0.005287021777081648,0.4967168984041772,0.6017168984041772,0.994157327302302,0.39244042889812486,0.4967168984041772,34,62,40,0.7789949569473387,-0.2044341522827901,False,-0.8602880872991424,-0.7552880872991424,0.0,0.7552880872991424,,,validation,,0.4659859403157823,0.8722784991652707,0.4062925588494884,-0.8178278663975544,0.0,0.8178278663975544,True
~asp_mercury_pluto_sextile_orb3 & asp_neptune_uranus_conj_orb5 & ~venus_sign_libra,3,7,-0.29467495495153345,-0.18967495495153347,0.32068254461623763,0.49668290586195996,0.6016829058619599,0.9941233347600847,0.39244042889812486,0.49668290586195996,4,160,15,0.7789466063631778,-0.2044341522827901,False,-0.8602880872991424,-0.7552880872991424,0.0,0.7552880872991424,,,validation,,0.4629860536193016,0.86927861246879,0.4062925588494884,-0.8178278663975544,0.0,0.8178278663975544,True
asp_pluto_uranus_sextile_orb3 & ~mars_ingress_3d & ~sun_sign_cancer,3,7,-0.6498142662204613,-0.5448142662204614,-0.03445676665269024,0.4966487136800697,0.6016487136800697,0.9940891425781945,0.39244042889812486,0.4966487136800697,25,76,33,0.7788979718336477,-0.2044341522827901,False,-0.8602880872991424,-0.7552880872991424,0.0,0.7552880872991424,,,validation,,0.6068340060518849,1.0131265649013732,0.4062925588494884,-0.8178278663975544,0.0,0.8178278663975544,True
~asp_jupiter_sun_square_orb1 & ~asp_moon_saturn_trine_orb1 & asp_pluto_uranus_sextile_orb3,3,7,-0.6458282671841294,-0.5408282671841295,-0.030470767616358318,0.4966195110756362,0.6016195110756362,0.9940599399737611,0.39244042889812486,0.4966195110756362,16,144,24,0.7788564344319915,-0.2044341522827901,False,-0.8602880872991424,-0.7552880872991424,0.0,0.7552880872991424,,,validation,,0.49505927029918656,0.901351829148675,0.4062925588494884,-0.8178278663975544,0.0,0.8178278663975544,True
~asp_mars_pluto_sextile_orb3 & ~asp_mars_uranus_sextile_orb3 & asp_neptune_uranus_conj_orb5,3,7,-0.282286398043182,-0.17728639804318203,0.3330711015245891,0.4964109260368046,0.6014109260368046,0.9938513549349294,0.39244042889812486,0.4964109260368046,4,133,13,0.7785597462267879,-0.2044341522827901,False,-0.8602880872991424,-0.7552880872991424,0.0,0.7552880872991424,,,validation,,0.2694878334482496,0.675780392297738,0.4062925588494884,-0.8178278663975544,0.0,0.8178278663975544,True
~asp_mars_neptune_trine_orb3 & ~asp_moon_saturn_trine_orb1 & asp_pluto_uranus_sextile_orb3,3,7,-0.5673076989859376,-0.46230769898593754,0.04804980058183358,0.4963790089838016,0.6013790089838016,0.9938194378819265,0.39244042889812486,0.4963790089838016,17,124,24,0.7785143479580832,-0.2044341522827901,False,-0.8602880872991424,-0.7552880872991424,0.0,0.7552880872991424,,,validation,,0.475465359415063,0.8817579182645514,0.4062925588494884,-0.8178278663975544,0.0,0.8178278663975544,True
~asp_mercury_uranus_square_orb5 & ~asp_pluto_sun_trine_orb3 & asp_pluto_uranus_sextile_orb3,3,7,-0.6453589863232576,-0.5403589863232576,-0.030001486755486476,0.4963709696931231,0.6013709696931231,0.9938113985912479,0.39244042889812486,0.4963709696931231,15,98,22,0.778502913011637,-0.2044341522827901,False,-0.8602880872991424,-0.7552880872991424,0.0,0.7552880872991424,,,validation,,0.5000405715496419,0.9063331303991302,0.4062925588494884,-0.8178278663975544,0.0,0.8178278663975544,True
~asp_mars_moon_trine_orb1 & ~asp_moon_saturn_trine_orb1 & asp_pluto_uranus_sextile_orb3,3,7,-0.6408415722425572,-0.5358415722425572,-0.025484072674786192,0.49628440366697424,0.6012844036669742,0.9937248325650991,0.39244042889812486,0.49628440366697424,19,150,30,0.7783797830793686,-0.2044341522827901,False,-0.8602880872991424,-0.7552880872991424,0.0,0.7552880872991424,,,validation,,0.48355453122081865,0.889847090070307,0.4062925588494884,-0.8178278663975544,0.0,0.8178278663975544,True
~asp_mercury_moon_trine_orb1 & asp_neptune_uranus_conj_orb5 & ~asp_neptune_venus_conj_orb3,3,7,-0.33863860148845776,-0.23363860148845778,0.2767188980793133,0.49618999495515603,0.601189994955156,0.9936304238532808,0.39244042889812486,0.49618999495515603,7,130,17,0.7782454979988012,-0.2044341522827901,False,-0.8602880872991424,-0.7552880872991424,0.0,0.7552880872991424,,,validation,,0.2232810382571409,0.6295735971066293,0.4062925588494884,-0.8178278663975544,0.0,0.8178278663975544,True
~asp_mars_pluto_sextile_orb3 & ~asp_neptune_sun_square_orb5 & asp_neptune_uranus_conj_orb5,3,7,-0.39150242564102467,-0.2865024256410247,0.22385507392674642,0.4961627399762274,0.6011627399762274,0.9936031688743522,0.39244042889812486,0.4961627399762274,5,69,19,0.7782067310849632,-0.2044341522827901,False,-0.8602880872991424,-0.7552880872991424,0.0,0.7552880872991424,,,validation,,0.27969983410399496,0.6859923929534834,0.4062925588494884,-0.8178278663975544,0.0,0.8178278663975544,True
~asp_mars_pluto_sextile_orb3 & asp_neptune_uranus_conj_orb5 & ~asp_saturn_sun_sextile_orb3,3,7,-0.3063075519236147,-0.2013075519236147,0.3090499476441564,0.49566418499926246,0.6006641849992624,0.9931046138973872,0.39244042889812486,0.49566418499926246,4,116,17,0.7774975990933832,-0.2044341522827901,False,-0.8602880872991424,-0.7552880872991424,0.0,0.7552880872991424,,,validation,,0.2535636820174563,0.6598562408669447,0.4062925588494884,-0.8178278663975544,0.0,0.8178278663975544,True
~asp_mars_moon_opp_orb3 & ~asp_mars_pluto_sextile_orb3 & asp_neptune_uranus_conj_orb5,3,7,-0.33903719091803886,-0.23403719091803887,0.2763203086497322,0.4955684893074126,0.6005684893074126,0.9930089182055375,0.39244042889812486,0.4955684893074126,4,133,24,0.7773614844415053,-0.2044341522827901,False,-0.8602880872991424,-0.7552880872991424,0.0,0.7552880872991424,,,validation,,0.28378933381921106,0.6900818926686995,0.4062925588494884,-0.8178278663975544,0.0,0.8178278663975544,True
asp_neptune_uranus_conj_orb5 & ~asp_neptune_venus_conj_orb3 & ~asp_sun_uranus_trine_orb5,3,7,-0.3281590927126353,-0.22315909271263534,0.28719840685513576,0.495558170287866,0.600558170287866,0.9929985991859908,0.39244042889812486,0.495558170287866,5,76,18,0.7773468069900722,-0.2044341522827901,False,-0.8602880872991424,-0.7552880872991424,0.0,0.7552880872991424,,,validation,,0.20261367257257773,0.6089062314220661,0.4062925588494884,-0.8178278663975544,0.0,0.8178278663975544,True
~asp_mars_pluto_sextile_orb5 & ~asp_moon_saturn_trine_orb1 & asp_neptune_uranus_conj_orb5,3,7,-0.30769965929728943,-0.20269965929728945,0.30765784027048165,0.4953888856784747,0.6003888856784747,0.9928293145765995,0.39244042889812486,0.4953888856784747,3,130,19,0.7771060221003039,-0.2044341522827901,False,-0.8602880872991424,-0.7552880872991424,0.0,0.7552880872991424,,,validation,,0.2480733210600175,0.6543658799095059,0.4062925588494884,-0.8178278663975544,0.0,0.8178278663975544,True
~asp_mars_pluto_sextile_orb5 & asp_neptune_uranus_conj_orb5 & ~asp_saturn_venus_trine_orb1,3,7,-0.3271754105876985,-0.22217541058769852,0.2881820889800726,0.4953888856784747,0.6003888856784747,0.9928293145765995,0.39244042889812486,0.4953888856784747,3,130,15,0.7771060221003039,-0.2044341522827901,False,-0.8602880872991424,-0.7552880872991424,0.0,0.7552880872991424,,,validation,,0.2480733210600175,0.6543658799095059,0.4062925588494884,-0.8178278663975544,0.0,0.8178278663975544,True
~asp_mercury_uranus_sextile_orb1 & ~asp_moon_saturn_trine_orb1 & asp_pluto_uranus_sextile_orb3,3,7,-0.5890422150450856,-0.48404221504508554,0.026315284522685573,0.49536637014618745,0.6003663701461874,0.9928067990443123,0.39244042889812486,0.49536637014618745,18,184,25,0.7770739967802924,-0.2044341522827901,False,-0.8602880872991424,-0.7552880872991424,0.0,0.7552880872991424,,,validation,,0.4910267045792904,0.8973192634287788,0.4062925588494884,-0.8178278663975544,0.0,0.8178278663975544,True
~asp_mars_pluto_sextile_orb1 & asp_neptune_uranus_conj_orb5 & ~asp_neptune_venus_conj_orb3,3,7,-0.33496959322106623,-0.22996959322106625,0.28038790634670485,0.4953253192863787,0.6003253192863787,0.9927657481845035,0.39244042889812486,0.4953253192863787,5,104,13,0.7770156074688859,-0.2044341522827901,False,-0.8602880872991424,-0.7552880872991424,0.0,0.7552880872991424,,,validation,,0.28928359300968126,0.6955761518591697,0.4062925588494884,-0.8178278663975544,0.0,0.8178278663975544,True
~asp_mars_pluto_sextile_orb3 & ~asp_mars_sun_sextile_orb1 & asp_neptune_uranus_conj_orb5,3,7,-0.26654345190321466,-0.16154345190321467,0.3488140476645564,0.49532158112468627,0.6003215811246863,0.9927620100228112,0.39244042889812486,0.49532158112468627,3,133,12,0.7770102904394705,-0.2044341522827901,False,-0.8602880872991424,-0.7552880872991424,0.0,0.7552880872991424,,,validation,,0.27335166924387105,0.6796442280933594,0.4062925588494884,-0.8178278663975544,0.0,0.8178278663975544,True
~asp_mars_pluto_sextile_orb3 & asp_neptune_uranus_conj_orb5 & ~asp_neptune_venus_opp_orb5,3,7,-0.3347504385127065,-0.22975043851270655,0.28060706105506455,0.49532158112468627,0.6003215811246863,0.9927620100228112,0.39244042889812486,0.49532158112468627,3,133,12,0.7770102904394705,-0.2044341522827901,False,-0.8602880872991424,-0.7552880872991424,0.0,0.7552880872991424,,,validation,,0.27335166924387105,0.6796442280933594,0.4062925588494884,-0.8178278663975544,0.0,0.8178278663975544,True
~asp_mars_mercury_sextile_orb5 & ~asp_mars_pluto_sextile_orb3 & asp_neptune_uranus_conj_orb5,3,7,-0.3172577950814533,-0.21225779508145332,0.2980997044863178,0.49532158112468627,0.6003215811246863,0.9927620100228112,0.39244042889812486,0.49532158112468627,3,133,16,0.7770102904394705,-0.2044341522827901,False,-0.8602880872991424,-0.7552880872991424,0.0,0.7552880872991424,,,validation,,0.27335166924387105,0.6796442280933594,0.4062925588494884,-0.8178278663975544,0.0,0.8178278663975544,True
~asp_neptune_sun_trine_orb1 & asp_neptune_uranus_conj_orb5 & ~asp_neptune_venus_conj_orb3,3,7,-0.36073891042688244,-0.25573891042688246,0.25461858914088864,0.4952175622143773,0.6002175622143773,0.9926579911125021,0.39244042889812486,0.4952175622143773,5,83,18,0.7768623377028752,-0.2044341522827901,False,-0.8602880872991424,-0.7552880872991424,0.0,0.7552880872991424,,,validation,,0.16631284390182727,0.5726054027513157,0.4062925588494884,-0.8178278663975544,0.0,0.8178278663975544,True
~asp_neptune_sun_opp_orb5 & asp_neptune_uranus_conj_orb5 & ~asp_saturn_sun_sextile_orb3,3,7,-0.3704899588539591,-0.2654899588539591,0.24486754071381198,0.4950296701648844,0.6000296701648844,0.9924700990630093,0.39244042889812486,0.4950296701648844,4,116,17,0.776595087308916,-0.2044341522827901,False,-0.8602880872991424,-0.7552880872991424,0.0,0.7552880872991424,,,validation,,0.2428522433523112,0.6491448022017996,0.4062925588494884,-0.8178278663975544,0.0,0.8178278663975544,True
~asp_mars_pluto_sextile_orb3 & ~asp_mars_uranus_sextile_orb1 & asp_neptune_uranus_conj_orb5,3,7,-0.29142800963232024,-0.18642800963232026,0.32392948993545084,0.4950277114706416,0.6000277114706416,0.9924681403687665,0.39244042889812486,0.4950277114706416,4,133,12,0.7765923013410168,-0.2044341522827901,False,-0.8602880872991424,-0.7552880872991424,0.0,0.7552880872991424,,,validation,,0.2800078572403522,0.6863004160898406,0.4062925588494884,-0.8178278663975544,0.0,0.8178278663975544,True
~asp_mars_pluto_sextile_orb3 & ~asp_mars_saturn_square_orb1 & asp_neptune_uranus_conj_orb5,3,7,-0.3016922497609125,-0.19669224976091254,0.31366524980685856,0.4949949038106023,0.5999949038106023,0.9924353327087272,0.39244042889812486,0.4949949038106023,4,133,13,0.7765456370547401,-0.2044341522827901,False,-0.8602880872991424,-0.7552880872991424,0.0,0.7552880872991424,,,validation,,0.34119245154452643,0.7474850103940148,0.4062925588494884,-0.8178278663975544,0.0,0.8178278663975544,True
~asp_mars_pluto_sextile_orb3 & ~asp_mercury_saturn_conj_orb3 & asp_neptune_uranus_conj_orb5,3,7,-0.31365811934519927,-0.2086581193451993,0.3016993802225718,0.4949908379596204,0.5999908379596204,0.9924312668577452,0.39244042889812486,0.4949908379596204,4,116,13,0.7765398539543162,-0.2044341522827901,False,-0.8602880872991424,-0.7552880872991424,0.0,0.7552880872991424,,,validation,,0.28998809170979517,0.6962806505592836,0.4062925588494884,-0.8178278663975544,0.0,0.8178278663975544,True
~asp_jupiter_moon_opp_orb1 & ~asp_mars_pluto_sextile_orb3 & asp_neptune_uranus_conj_orb5,3,7,-0.28103184388849584,-0.17603184388849585,0.33432565567927525,0.49478401079879086,0.5997840107987908,0.9922244396969156,0.39244042889812486,0.49478401079879086,5,116,13,0.7762456718137267,-0.2044341522827901,False,-0.8602880872991424,-0.7552880872991424,0.0,0.7552880872991424,,,validation,,0.29826666754820536,0.7045592263976937,0.4062925588494884,-0.8178278663975544,0.0,0.8178278663975544,True
~asp_jupiter_mercury_trine_orb5 & ~asp_mars_pluto_sextile_orb3 & asp_neptune_uranus_conj_orb5,3,7,-0.24724308991091315,-0.14224308991091317,0.36811440965685793,0.49476543202495127,0.5997654320249513,0.992205860923076,0.39244042889812486,0.49476543202495127,5,111,18,0.7762192461927944,-0.2044341522827901,False,-0.8602880872991424,-0.7552880872991424,0.0,0.7552880872991424,,,validation,,0.277738747494458,0.6840313063439464,0.4062925588494884,-0.8178278663975544,0.0,0.8178278663975544,True
~asp_mars_pluto_sextile_orb3 & ~asp_mercury_moon_square_orb3 & asp_neptune_uranus_conj_orb5,3,7,-0.3419923889716507,-0.2369923889716507,0.2733651105961204,0.4946456973825841,0.5996456973825841,0.9920861262807089,0.39244042889812486,0.4946456973825841,9,90,43,0.776048941106807,-0.2044341522827901,False,-0.8602880872991424,-0.7552880872991424,0.0,0.7552880872991424,,,validation,,0.2708196109217765,0.6771121697712649,0.4062925588494884,-0.8178278663975544,0.0,0.8178278663975544,True
~asp_mars_sun_square_orb5 & asp_pluto_uranus_sextile_orb3 & ~venus_sign_sagittarius,3,7,-0.5432443644221879,-0.43824436442218795,0.07211313514558317,0.49454758997959525,0.5995475899795952,0.99198801887772,0.39244042889812486,0.49454758997959525,9,254,11,0.7759093977984735,-0.2044341522827901,False,-0.8602880872991424,-0.7552880872991424,0.0,0.7552880872991424,,,validation,,0.4566790176684789,0.8629715765179673,0.4062925588494884,-0.8178278663975544,0.0,0.8178278663975544,True
~asp_mercury_pluto_sextile_orb5 & asp_neptune_uranus_conj_orb5 & ~asp_sun_uranus_trine_orb5,3,7,-0.3332063273547714,-0.22820632735477142,0.2821511722129997,0.49439256310604973,0.5993925631060497,0.9918329920041746,0.39244042889812486,0.49439256310604973,5,89,20,0.7756888952707628,-0.2044341522827901,False,-0.8602880872991424,-0.7552880872991424,0.0,0.7552880872991424,,,validation,,0.30508027098585727,0.7113728298353457,0.4062925588494884,-0.8178278663975544,0.0,0.8178278663975544,True
~asp_mercury_uranus_square_orb5 & asp_pluto_uranus_sextile_orb3 & ~asp_saturn_sun_conj_orb3,3,7,-0.6578723429112717,-0.5528723429112717,-0.04251484334350068,0.49433479411307046,0.5993347941130704,0.9917752230111953,0.39244042889812486,0.49433479411307046,13,136,17,0.7756067276270926,-0.2044341522827901,False,-0.8602880872991424,-0.7552880872991424,0.0,0.7552880872991424,,,validation,,0.4869487316967092,0.8932412905461976,0.4062925588494884,-0.8178278663975544,0.0,0.8178278663975544,True
~asp_mars_moon_trine_orb3 & asp_pluto_uranus_sextile_orb3 & ~mars_ingress_5d,3,7,-0.6438689905277185,-0.5388689905277185,-0.028511490959947382,0.4943155140840374,0.5993155140840374,0.9917559429821623,0.39244042889812486,0.4943155140840374,50,39,62,0.7755793047181891,-0.2044341522827901,False,-0.8602880872991424,-0.7552880872991424,0.0,0.7552880872991424,,,validation,,0.6664089589855433,1.0727015178350316,0.4062925588494884,-0.8178278663975544,0.0,0.8178278663975544,True
asp_neptune_uranus_conj_orb5 & ~asp_saturn_venus_sextile_orb5 & ~asp_uranus_venus_square_orb3,3,7,-0.273663350910269,-0.16866335091026902,0.3416941486575021,0.49419580400783736,0.5991958040078373,0.9916362329059623,0.39244042889812486,0.49419580400783736,6,81,20,0.7754090354823833,-0.2044341522827901,False,-0.8602880872991424,-0.7552880872991424,0.0,0.7552880872991424,,,validation,,0.28040199436076657,0.686694553210255,0.4062925588494884,-0.8178278663975544,0.0,0.8178278663975544,True
~asp_mercury_uranus_sextile_orb1 & ~asp_mercury_uranus_square_orb5 & asp_pluto_uranus_sextile_orb3,3,7,-0.6423517018337084,-0.5373517018337084,-0.026994202265937295,0.49419470074644645,0.5991947007464464,0.9916351296445713,0.39244042889812486,0.49419470074644645,17,136,22,0.775407466263272,-0.2044341522827901,False,-0.8602880872991424,-0.7552880872991424,0.0,0.7552880872991424,,,validation,,0.4770326321254594,0.8833251909749478,0.4062925588494884,-0.8178278663975544,0.0,0.8178278663975544,True
~asp_mercury_uranus_square_orb5 & asp_pluto_uranus_sextile_orb3 & ~asp_saturn_sun_conj_orb5,3,7,-0.6578723429112717,-0.5528723429112717,-0.04251484334350068,0.4941507326556227,0.5991507326556227,0.9915911615537476,0.39244042889812486,0.4941507326556227,12,136,16,0.7753449284544187,-0.2044341522827901,False,-0.8602880872991424,-0.7552880872991424,0.0,0.7552880872991424,,,validation,,0.46144038865789366,0.8677329475073821,0.4062925588494884,-0.8178278663975544,0.0,0.8178278663975544,True
asp_neptune_uranus_conj_orb5 & ~asp_saturn_sun_conj_orb1 & ~asp_saturn_sun_sextile_orb5,3,7,-0.3080324174493683,-0.20303241744936834,0.30732508211840276,0.49401716043406774,0.5990171604340677,0.9914575893321926,0.39244042889812486,0.49401716043406774,4,160,17,0.7751549428281741,-0.2044341522827901,False,-0.8602880872991424,-0.7552880872991424,0.0,0.7552880872991424,,,validation,,0.20632121576463297,0.6126137746141214,0.4062925588494884,-0.8178278663975544,0.0,0.8178278663975544,True
~asp_mars_pluto_sextile_orb3 & asp_neptune_uranus_conj_orb5 & ~mercury_sign_aries,3,7,-0.278133289114861,-0.17313328911486103,0.33722421045291007,0.49400273686200613,0.5990027368620061,0.991443165760131,0.39244042889812486,0.49400273686200613,4,116,14,0.7751344275673253,-0.2044341522827901,False,-0.8602880872991424,-0.7552880872991424,0.0,0.7552880872991424,,,validation,,0.2799663202618317,0.6862588791113201,0.4062925588494884,-0.8178278663975544,0.0,0.8178278663975544,True
~asp_jupiter_moon_square_orb1 & ~asp_mercury_pluto_sextile_orb3 & asp_neptune_uranus_conj_orb5,3,7,-0.3691398690641967,-0.26413986906419673,0.2462176305035744,0.49395692096102306,0.598956920961023,0.991397349859148,0.39244042889812486,0.49395692096102306,6,160,24,0.7750692616833033,-0.2044341522827901,False,-0.8602880872991424,-0.7552880872991424,0.0,0.7552880872991424,,,validation,,0.3365755519654347,0.7428681108149231,0.4062925588494884,-0.8178278663975544,0.0,0.8178278663975544,True
~asp_jupiter_moon_square_orb3 & ~asp_neptune_sun_square_orb5 & asp_pluto_uranus_sextile_orb3,3,7,-0.5857239518242033,-0.48072395182420335,0.029633547743567773,0.49383504690186575,0.5988350469018657,0.9912754757999905,0.39244042889812486,0.49383504690186575,34,76,40,0.7748959152524335,-0.2044341522827901,False,-0.8602880872991424,-0.7552880872991424,0.0,0.7552880872991424,,,validation,,0.4508916278391301,0.8571841866886185,0.4062925588494884,-0.8178278663975544,0.0,0.8178278663975544,True
~asp_mars_pluto_sextile_orb3 & ~asp_moon_pluto_square_orb1 & asp_neptune_uranus_conj_orb5,3,7,-0.274528556821622,-0.16952855682162205,0.34082894274614906,0.49375869673235173,0.5987586967323517,0.9911991256304766,0.39244042889812486,0.49375869673235173,7,120,18,0.774787319428776,-0.2044341522827901,False,-0.8602880872991424,-0.7552880872991424,0.0,0.7552880872991424,,,validation,,0.31388285053525494,0.7201754093847433,0.4062925588494884,-0.8178278663975544,0.0,0.8178278663975544,True
~asp_mars_pluto_sextile_orb3 & asp_neptune_uranus_conj_orb5 & ~asp_pluto_sun_conj_orb3,3,7,-0.24024460182379936,-0.13524460182379938,0.3751128977439717,0.4937066827912664,0.5987066827912664,0.9911471116893912,0.39244042889812486,0.4937066827912664,4,133,13,0.7747133380281579,-0.2044341522827901,False,-0.8602880872991424,-0.7552880872991424,0.0,0.7552880872991424,,,validation,,0.31136313797000653,0.7176556968194949,0.4062925588494884,-0.8178278663975544,0.0,0.8178278663975544,True
~asp_mars_pluto_sextile_orb3 & ~asp_mercury_pluto_conj_orb5 & asp_neptune_uranus_conj_orb5,3,7,-0.35331717707268956,-0.24831717707268958,0.2620403224950815,0.4937066827912664,0.5987066827912664,0.9911471116893912,0.39244042889812486,0.4937066827912664,4,133,15,0.7747133380281579,-0.2044341522827901,False,-0.8602880872991424,-0.7552880872991424,0.0,0.7552880872991424,,,validation,,0.31136313797000653,0.7176556968194949,0.4062925588494884,-0.8178278663975544,0.0,0.8178278663975544,True
~asp_mars_uranus_trine_orb3 & ~asp_mercury_pluto_sextile_orb3 & asp_neptune_uranus_conj_orb5,3,7,-0.3362334289772986,-0.2312334289772986,0.2791240705904725,0.49354168885928384,0.5985416888592838,0.9909821177574086,0.39244042889812486,0.49354168885928384,4,130,17,0.7744786612043211,-0.2044341522827901,False,-0.8602880872991424,-0.7552880872991424,0.0,0.7552880872991424,,,validation,,0.3630072942450698,0.7692998530945582,0.4062925588494884,-0.8178278663975544,0.0,0.8178278663975544,True
~asp_mercury_pluto_sextile_orb3 & asp_neptune_uranus_conj_orb5 & ~mercury_sign_capricorn,3,7,-0.43102568298462984,-0.32602568298462986,0.18433181658314127,0.4934674196406279,0.5984674196406279,0.9909078485387527,0.39244042889812486,0.4934674196406279,2,160,12,0.7743730255640802,-0.2044341522827901,False,-0.8602880872991424,-0.7552880872991424,0.0,0.7552880872991424,,,validation,,0.31064315610129584,0.7169357149507842,0.4062925588494884,-0.8178278663975544,0.0,0.8178278663975544,True
~asp_mars_pluto_sextile_orb3 & ~asp_mercury_uranus_square_orb5 & asp_neptune_uranus_conj_orb5,3,7,-0.27931639205451636,-0.17431639205451638,0.3360411075132547,0.49336431978620987,0.5983643197862099,0.9908047486843348,0.39244042889812486,0.49336431978620987,5,72,20,0.7742263832823126,-0.2044341522827901,False,-0.8602880872991424,-0.7552880872991424,0.0,0.7552880872991424,,,validation,,0.3001424115292715,0.7064349703787599,0.4062925588494884,-0.8178278663975544,0.0,0.8178278663975544,True
~asp_mars_neptune_trine_orb3 & ~asp_mercury_uranus_square_orb5 & asp_pluto_uranus_sextile_orb3,3,7,-0.6230409647888997,-0.5180409647888997,-0.0076834652211286636,0.49332447126161894,0.5983244712616189,0.9907649001597438,0.39244042889812486,0.49332447126161894,15,94,20,0.774169705475569,-0.2044341522827901,False,-0.8602880872991424,-0.7552880872991424,0.0,0.7552880872991424,,,validation,,0.4696065518725899,0.8758991107220783,0.4062925588494884,-0.8178278663975544,0.0,0.8178278663975544,True
~asp_mercury_pluto_sextile_orb5 & ~asp_neptune_sun_trine_orb1 & asp_neptune_uranus_conj_orb5,3,7,-0.38665137719899634,-0.28165137719899636,0.22870612236877477,0.4932990437737308,0.5982990437737308,0.9907394726718556,0.39244042889812486,0.4932990437737308,5,88,21,0.7741335391757571,-0.2044341522827901,False,-0.8602880872991424,-0.7552880872991424,0.0,0.7552880872991424,,,validation,,0.265352131729178,0.6716446905786664,0.4062925588494884,-0.8178278663975544,0.0,0.8178278663975544,True
asp_neptune_uranus_conj_orb5 & ~asp_saturn_venus_sextile_orb5,2,4,-0.25789806880281474,-0.21789806880281476,0.29245943076495634,0.49328755090261517,0.5332875509026151,0.92572797980074,0.39244042889812486,0.49328755090261517,4,126,13,0.6817005089909933,-0.2044341522827901,False,-0.7952880872991425,-0.7552880872991424,0.0,0.7552880872991424,,,validation,,0.23036292351598447,0.6366554823654729,0.4062925588494884,-0.8178278663975544,0.0,0.8178278663975544,True
~asp_mars_pluto_sextile_orb3 & asp_neptune_uranus_conj_orb5 & ~asp_sun_uranus_trine_orb1,3,7,-0.3033536248262382,-0.1983536248262382,0.3120038747415329,0.4931727468578935,0.5981727468578935,0.9906131757560184,0.39244042889812486,0.4931727468578935,5,97,16,0.7739539033407279,-0.2044341522827901,False,-0.8602880872991424,-0.7552880872991424,0.0,0.7552880872991424,,,validation,,0.2905350555387421,0.6968276143882305,0.4062925588494884,-0.8178278663975544,0.0,0.8178278663975544,True
~asp_mars_pluto_sextile_orb5 & asp_neptune_uranus_conj_orb5 & ~asp_saturn_sun_sextile_orb5,3,7,-0.3191878414338966,-0.21418784143389663,0.29616965813387447,0.4931590476251255,0.5981590476251255,0.9905994765232503,0.39244042889812486,0.4931590476251255,3,113,16,0.7739344185333494,-0.2044341522827901,False,-0.8602880872991424,-0.7552880872991424,0.0,0.7552880872991424,,,validation,,0.18994471844981292,0.5962372772993013,0.4062925588494884,-0.8178278663975544,0.0,0.8178278663975544,True
~asp_jupiter_sun_square_orb1 & ~asp_mars_pluto_sextile_orb3 & asp_neptune_uranus_conj_orb5,3,7,-0.2925796965799132,-0.1875796965799132,0.3227778029878579,0.49314526688691296,0.5981452668869129,0.9905856957850379,0.39244042889812486,0.49314526688691296,4,133,16,0.7739148178016546,-0.2044341522827901,False,-0.8602880872991424,-0.7552880872991424,0.0,0.7552880872991424,,,validation,,0.27977198816678134,0.6860645470162697,0.4062925588494884,-0.8178278663975544,0.0,0.8178278663975544,True
~asp_jupiter_sun_square_orb1 & ~asp_mercury_uranus_square_orb5 & asp_pluto_uranus_sextile_orb3,3,7,-0.6985571639959353,-0.5935571639959353,-0.08319966442816415,0.49313291960360806,0.598132919603608,0.990573348501733,0.39244042889812486,0.49313291960360806,14,118,20,0.7738972559159234,-0.2044341522827901,False,-0.8602880872991424,-0.7552880872991424,0.0,0.7552880872991424,,,validation,,0.4893520189904274,0.8956445778399158,0.4062925588494884,-0.8178278663975544,0.0,0.8178278663975544,True
~asp_jupiter_sun_trine_orb3 & ~asp_mars_pluto_sextile_orb3 & asp_neptune_uranus_conj_orb5,3,7,-0.3522510761217751,-0.2472510761217751,0.263106423445996,0.49311892550180225,0.5981189255018022,0.990559354399927,0.39244042889812486,0.49311892550180225,5,110,17,0.7738773517173703,-0.2044341522827901,False,-0.8602880872991424,-0.7552880872991424,0.0,0.7552880872991424,,,validation,,0.32207010145184484,0.7283626603013332,0.4062925588494884,-0.8178278663975544,0.0,0.8178278663975544,True
~asp_mars_pluto_sextile_orb3 & asp_neptune_uranus_conj_orb5 & ~asp_sun_uranus_sextile_orb1,3,7,-0.3274908245156075,-0.22249082451560753,0.28786667505216357,0.4930789185253621,0.5980789185253621,0.9905193474234869,0.39244042889812486,0.4930789185253621,5,84,18,0.7738204487050135,-0.2044341522827901,False,-0.8602880872991424,-0.7552880872991424,0.0,0.7552880872991424,,,validation,,0.31648453862729403,0.7227770974767824,0.4062925588494884,-0.8178278663975544,0.0,0.8178278663975544,True
~asp_neptune_sun_opp_orb1 & asp_neptune_uranus_conj_orb5 & ~asp_saturn_sun_sextile_orb5,3,7,-0.2984589974372684,-0.1934589974372684,0.3168985021305027,0.4930766414378054,0.5980766414378054,0.9905170703359302,0.39244042889812486,0.4930766414378054,4,120,17,0.7738172099421654,-0.2044341522827901,False,-0.8602880872991424,-0.7552880872991424,0.0,0.7552880872991424,,,validation,,0.22661509992369216,0.6329076587731806,0.4062925588494884,-0.8178278663975544,0.0,0.8178278663975544,True
~asp_mars_sun_sextile_orb3 & asp_neptune_uranus_conj_orb5 & ~asp_saturn_sun_sextile_orb5,3,7,-0.26056041733448543,-0.15556041733448545,0.35479708223328565,0.49300226294265825,0.5980022629426582,0.9904426918407832,0.39244042889812486,0.49300226294265825,4,107,17,0.7737114194569881,-0.2044341522827901,False,-0.8602880872991424,-0.7552880872991424,0.0,0.7552880872991424,,,validation,,0.22455070459556264,0.630843263445051,0.4062925588494884,-0.8178278663975544,0.0,0.8178278663975544,True
~asp_mercury_uranus_square_orb5 & asp_pluto_uranus_sextile_orb3 & ~sun_sign_aries,3,7,-0.48690097735688387,-0.3819009773568839,0.1284565222108872,0.4928426493256617,0.5978426493256617,0.9902830782237865,0.39244042889812486,0.4928426493256617,10,133,15,0.773484397136095,-0.2044341522827901,False,-0.8602880872991424,-0.7552880872991424,0.0,0.7552880872991424,,,validation,,0.42955942354952076,0.8358519823990092,0.4062925588494884,-0.8178278663975544,0.0,0.8178278663975544,True
~asp_mars_moon_trine_orb1 & ~asp_mercury_uranus_square_orb5 & asp_pluto_uranus_sextile_orb3,3,7,-0.6936293069263633,-0.5886293069263633,-0.0782718073585922,0.4928187539266127,0.5978187539266127,0.9902591828247375,0.39244042889812486,0.4928187539266127,17,134,26,0.773450410167063,-0.2044341522827901,False,-0.8602880872991424,-0.7552880872991424,0.0,0.7552880872991424,,,validation,,0.4776116760381364,0.8839042348876248,0.4062925588494884,-0.8178278663975544,0.0,0.8178278663975544,True
~asp_jupiter_sun_square_orb3 & ~asp_mercury_uranus_square_orb5 & asp_pluto_uranus_sextile_orb3,3,7,-0.7216467040217932,-0.6166467040217932,-0.10628920445402214,0.4927360260399809,0.5977360260399809,0.9901764549381058,0.39244042889812486,0.4927360260399809,15,117,21,0.773332744488374,-0.2044341522827901,False,-0.8602880872991424,-0.7552880872991424,0.0,0.7552880872991424,,,validation,,0.4705989338280469,0.8768914926775353,0.4062925588494884,-0.8178278663975544,0.0,0.8178278663975544,True
~asp_mercury_pluto_sextile_orb3 & asp_neptune_uranus_conj_orb5 & ~asp_pluto_sun_sextile_orb3,3,7,-0.299675664663135,-0.19467566466313502,0.3156818349046361,0.4927077975600376,0.5977077975600376,0.9901482264581624,0.39244042889812486,0.4927077975600376,5,149,20,0.773292594531632,-0.2044341522827901,False,-0.8602880872991424,-0.7552880872991424,0.0,0.7552880872991424,,,validation,,0.3285713951223999,0.7348639539718883,0.4062925588494884,-0.8178278663975544,0.0,0.8178278663975544,True
~asp_mercury_uranus_square_orb5 & asp_pluto_uranus_sextile_orb3 & ~asp_pluto_venus_opp_orb3,3,7,-0.6300306300874393,-0.5250306300874393,-0.014673130519668185,0.49265542753843206,0.597655427538432,0.9900958564365568,0.39244042889812486,0.49265542753843206,11,136,16,0.7732181075913755,-0.2044341522827901,False,-0.8602880872991424,-0.7552880872991424,0.0,0.7552880872991424,,,validation,,0.4685359280924655,0.8748284869419539,0.4062925588494884,-0.8178278663975544,0.0,0.8178278663975544,True
asp_neptune_uranus_conj_orb5 & ~asp_saturn_sun_sextile_orb5 & ~asp_saturn_venus_sextile_orb3,3,7,-0.30672778410510243,-0.20172778410510245,0.30862971546266865,0.4926319119368132,0.5976319119368132,0.9900723408349381,0.39244042889812486,0.4926319119368132,6,129,21,0.7731846608909061,-0.2044341522827901,False,-0.8602880872991424,-0.7552880872991424,0.0,0.7552880872991424,,,validation,,0.2532619032400874,0.6595544620895758,0.4062925588494884,-0.8178278663975544,0.0,0.8178278663975544,True
~asp_mars_pluto_sextile_orb3 & asp_neptune_uranus_conj_orb5 & ~asp_pluto_venus_conj_orb5,3,7,-0.3726117098670608,-0.26761170986706084,0.24274578970071023,0.4925958139152764,0.5975958139152764,0.9900362428134013,0.39244042889812486,0.4925958139152764,4,126,13,0.7731333179864153,-0.2044341522827901,False,-0.8602880872991424,-0.7552880872991424,0.0,0.7552880872991424,,,validation,,0.28027706550681813,0.6865696243563065,0.4062925588494884,-0.8178278663975544,0.0,0.8178278663975544,True
~asp_mars_neptune_sextile_orb5 & ~asp_mars_pluto_sextile_orb3 & asp_neptune_uranus_conj_orb5,3,7,-0.29103205444039854,-0.18603205444039855,0.32432544512737255,0.49258820685259885,0.5975882068525988,0.9900286357507238,0.39244042889812486,0.49258820685259885,4,133,13,0.7731224983188862,-0.2044341522827901,False,-0.8602880872991424,-0.7552880872991424,0.0,0.7552880872991424,,,validation,,0.2586140355693752,0.6649065944188636,0.4062925588494884,-0.8178278663975544,0.0,0.8178278663975544,True
~asp_mars_pluto_sextile_orb3 & ~asp_mercury_pluto_square_orb3 & asp_neptune_uranus_conj_orb5,3,7,-0.30618400652393607,-0.2011840065239361,0.309173493043835,0.4925632713637593,0.5975632713637593,0.9900037002618842,0.39244042889812486,0.4925632713637593,5,103,19,0.7730870321135448,-0.2044341522827901,False,-0.8602880872991424,-0.7552880872991424,0.0,0.7552880872991424,,,validation,,0.2810543095964448,0.6873468684459332,0.4062925588494884,-0.8178278663975544,0.0,0.8178278663975544,True
~asp_jupiter_sun_conj_orb3 & asp_neptune_uranus_conj_orb5 & ~asp_saturn_sun_sextile_orb3,3,7,-0.2600471466962123,-0.15504714669621233,0.35531035287155877,0.4925177963046392,0.5975177963046392,0.9899582252027641,0.39244042889812486,0.4925177963046392,4,148,17,0.7730223521257942,-0.2044341522827901,False,-0.8602880872991424,-0.7552880872991424,0.0,0.7552880872991424,,,validation,,0.1761221413591953,0.5824147002086837,0.4062925588494884,-0.8178278663975544,0.0,0.8178278663975544,True
~asp_mars_pluto_sextile_orb3 & ~asp_moon_uranus_opp_orb3 & asp_neptune_uranus_conj_orb5,3,7,-0.36228181998569836,-0.2572818199856984,0.2530756795820727,0.4922707053537647,0.5972707053537647,0.9897111342518895,0.39244042889812486,0.4922707053537647,7,103,29,0.7726709108672289,-0.2044341522827901,False,-0.8602880872991424,-0.7552880872991424,0.0,0.7552880872991424,,,validation,,0.3399941533511062,0.7462867122005946,0.4062925588494884,-0.8178278663975544,0.0,0.8178278663975544,True
~asp_moon_saturn_trine_orb1 & ~asp_neptune_sun_opp_orb1 & asp_pluto_uranus_sextile_orb3,3,7,-0.6200137857513447,-0.5150137857513447,-0.0046562861835736016,0.4922284815832967,0.5972284815832967,0.9896689104814215,0.39244042889812486,0.4922284815832967,14,129,22,0.7726108554520745,-0.2044341522827901,False,-0.8602880872991424,-0.7552880872991424,0.0,0.7552880872991424,,,validation,,0.5068300167709012,0.9131225756203897,0.4062925588494884,-0.8178278663975544,0.0,0.8178278663975544,True
~asp_mars_neptune_square_orb1 & ~asp_moon_saturn_trine_orb1 & asp_pluto_uranus_sextile_orb3,3,7,-0.605074788481231,-0.500074788481231,0.010282711086540127,0.4921914209445737,0.5971914209445737,0.9896318498426986,0.39244042889812486,0.4921914209445737,15,150,21,0.7725581436507389,-0.2044341522827901,False,-0.8602880872991424,-0.7552880872991424,0.0,0.7552880872991424,,,validation,,0.502181512985562,0.9084740718350505,0.4062925588494884,-0.8178278663975544,0.0,0.8178278663975544,True
asp_neptune_uranus_conj_orb5 & ~asp_saturn_sun_sextile_orb3 & ~venus_sign_libra,3,7,-0.2932783760396267,-0.18827837603962672,0.3220791235281444,0.49218812791137023,0.5971881279113702,0.9896285568094951,0.39244042889812486,0.49218812791137023,4,89,16,0.7725534599303134,-0.2044341522827901,False,-0.8602880872991424,-0.7552880872991424,0.0,0.7552880872991424,,,validation,,0.36059431539965786,0.7668868742491463,0.4062925588494884,-0.8178278663975544,0.0,0.8178278663975544,True
~asp_mars_pluto_sextile_orb3 & ~asp_neptune_sun_square_orb1 & asp_neptune_uranus_conj_orb5,3,7,-0.30741309739779243,-0.20241309739779245,0.30794440216997865,0.4921379049622816,0.5971379049622816,0.9895783338604064,0.39244042889812486,0.4921379049622816,4,133,16,0.772482027253055,-0.2044341522827901,False,-0.8602880872991424,-0.7552880872991424,0.0,0.7552880872991424,,,validation,,0.26201789603614717,0.6683104548856356,0.4062925588494884,-0.8178278663975544,0.0,0.8178278663975544,True
~asp_jupiter_moon_trine_orb1 & ~asp_mars_pluto_sextile_orb3 & asp_neptune_uranus_conj_orb5,3,7,-0.31236688613628777,-0.2073668861362878,0.3029906134314833,0.49206522641648553,0.5970652264164855,0.9895056553146103,0.39244042889812486,0.49206522641648553,6,116,18,0.7723786557978611,-0.2044341522827901,False,-0.8602880872991424,-0.7552880872991424,0.0,0.7552880872991424,,,validation,,0.2771439440628391,0.6834365029123275,0.4062925588494884,-0.8178278663975544,0.0,0.8178278663975544,True
~asp_mars_pluto_sextile_orb5 & asp_neptune_uranus_conj_orb5 & ~asp_saturn_sun_square_orb5,3,7,-0.3369705907863648,-0.23197059078636484,0.27838690878140626,0.491994308957598,0.596994308957598,0.9894347378557228,0.39244042889812486,0.491994308957598,4,111,17,0.772277789240646,-0.2044341522827901,False,-0.8602880872991424,-0.7552880872991424,0.0,0.7552880872991424,,,validation,,0.28939022274047793,0.6956827815899663,0.4062925588494884,-0.8178278663975544,0.0,0.8178278663975544,True
asp_neptune_uranus_conj_orb5 & ~asp_neptune_venus_conj_orb3 & ~asp_pluto_sun_opp_orb5,3,7,-0.3130765430270957,-0.20807654302709572,0.3022809565406754,0.4919646671005533,0.5969646671005533,0.9894050959986782,0.39244042889812486,0.4919646671005533,4,141,13,0.7722356293784862,-0.2044341522827901,False,-0.8602880872991424,-0.7552880872991424,0.0,0.7552880872991424,,,validation,,0.15345679872364165,0.55974935757313,0.4062925588494884,-0.8178278663975544,0.0,0.8178278663975544,True
~asp_mercury_moon_square_orb1 & ~asp_mercury_pluto_sextile_orb3 & asp_neptune_uranus_conj_orb5,3,7,-0.33764055639855134,-0.23264055639855136,0.27771694316921974,0.49186545591356423,0.5968654559135642,0.989305884811689,0.39244042889812486,0.49186545591356423,7,68,28,0.7720945205817389,-0.2044341522827901,False,-0.8602880872991424,-0.7552880872991424,0.0,0.7552880872991424,,,validation,,0.35784390091844026,0.7641364597679287,0.4062925588494884,-0.8178278663975544,0.0,0.8178278663975544,True
asp_pluto_uranus_sextile_orb3 & ~mars_ingress_3d & ~mercury_sign_cancer,3,7,-0.6100500600144912,-0.5050500600144913,0.005307439553279867,0.4918575445930611,0.5968575445930611,0.989297973491186,0.39244042889812486,0.4918575445930611,26,76,34,0.7720832682598628,-0.2044341522827901,False,-0.8602880872991424,-0.7552880872991424,0.0,0.7552880872991424,,,validation,,0.5978695367800402,1.0041620956295285,0.4062925588494884,-0.8178278663975544,0.0,0.8178278663975544,True
~asp_mars_pluto_sextile_orb5 & ~asp_moon_venus_conj_orb3 & asp_neptune_uranus_conj_orb5,3,7,-0.3529415035290827,-0.24794150352908273,0.26241599603868837,0.4918334799754318,0.5968334799754318,0.9892739088735567,0.39244042889812486,0.4918334799754318,7,102,29,0.7720490410063872,-0.2044341522827901,False,-0.8602880872991424,-0.7552880872991424,0.0,0.7552880872991424,,,validation,,0.29046798555893966,0.696760544408428,0.4062925588494884,-0.8178278663975544,0.0,0.8178278663975544,True
~asp_mars_pluto_sextile_orb5 & ~asp_moon_venus_conj_orb5 & asp_neptune_uranus_conj_orb5,3,7,-0.3957882350215097,-0.29078823502150974,0.21956926454626138,0.4918334799754318,0.5968334799754318,0.9892739088735567,0.39244042889812486,0.4918334799754318,7,102,47,0.7720490410063872,-0.2044341522827901,False,-0.8602880872991424,-0.7552880872991424,0.0,0.7552880872991424,,,validation,,0.29046798555893966,0.696760544408428,0.4062925588494884,-0.8178278663975544,0.0,0.8178278663975544,True
~asp_neptune_sun_square_orb5 & asp_pluto_uranus_sextile_orb3,2,4,-0.5239814008289814,-0.48398140082898133,0.026376098738789783,0.491809327448636,0.531809327448636,0.9242497563467609,0.39244042889812486,0.491809327448636,10,121,13,0.6795995685084952,-0.2044341522827901,False,-0.7952880872991425,-0.7552880872991424,0.0,0.7552880872991424,,,validation,,0.41420458499588836,0.8204971438453768,0.4062925588494884,-0.8178278663975544,0.0,0.8178278663975544,True
~asp_mars_pluto_sextile_orb3 & asp_neptune_uranus_conj_orb5 & ~sun_sign_scorpio,3,7,-0.25125836904064325,-0.14625836904064327,0.36409913052712783,0.4917178406222349,0.5967178406222349,0.9891582695203597,0.39244042889812486,0.4917178406222349,4,133,13,0.7718845665798613,-0.2044341522827901,False,-0.8602880872991424,-0.7552880872991424,0.0,0.7552880872991424,,,validation,,0.3749439696882015,0.7812365285376899,0.4062925588494884,-0.8178278663975544,0.0,0.8178278663975544,True
~asp_mars_pluto_sextile_orb5 & asp_neptune_uranus_conj_orb5 & ~mercury_sign_leo,3,7,-0.3931952602119678,-0.28819526021196784,0.2221622393558033,0.4917057836083951,0.5967057836083951,0.9891462125065199,0.39244042889812486,0.4917057836083951,2,130,11,0.7718674178421281,-0.2044341522827901,False,-0.8602880872991424,-0.7552880872991424,0.0,0.7552880872991424,,,validation,,0.24095580436594505,0.6472483632154334,0.4062925588494884,-0.8178278663975544,0.0,0.8178278663975544,True
~asp_jupiter_moon_conj_orb3 & ~asp_mars_pluto_sextile_orb3 & asp_neptune_uranus_conj_orb5,3,7,-0.34475100360158656,-0.23975100360158658,0.2706064959661845,0.49164906680376586,0.5966490668037658,0.9890894957018908,0.39244042889812486,0.49164906680376586,6,67,28,0.7717867493428523,-0.2044341522827901,False,-0.8602880872991424,-0.7552880872991424,0.0,0.7552880872991424,,,validation,,0.31734172554085976,0.7236342843903482,0.4062925588494884,-0.8178278663975544,0.0,0.8178278663975544,True
~asp_mercury_venus_conj_orb3 & asp_neptune_uranus_conj_orb5 & ~asp_saturn_sun_sextile_orb5,3,7,-0.3245329858725387,-0.21953298587253872,0.2908245136952324,0.4915757683195001,0.5965757683195001,0.989016197217625,0.39244042889812486,0.4915757683195001,6,86,22,0.7716824967457832,-0.2044341522827901,False,-0.8602880872991424,-0.7552880872991424,0.0,0.7552880872991424,,,validation,,0.25303322533934797,0.6593257841888364,0.4062925588494884,-0.8178278663975544,0.0,0.8178278663975544,True
~asp_mars_pluto_sextile_orb3 & ~asp_mercury_venus_sextile_orb3 & asp_neptune_uranus_conj_orb5,3,7,-0.28800067943001095,-0.18300067943001097,0.32735682013776013,0.49143879500064425,0.5964387950006442,0.988879223898769,0.39244042889812486,0.49143879500064425,4,116,19,0.7714876795321239,-0.2044341522827901,False,-0.8602880872991424,-0.7552880872991424,0.0,0.7552880872991424,,,validation,,0.30369945786330604,0.7099920167127944,0.4062925588494884,-0.8178278663975544,0.0,0.8178278663975544,True
~asp_jupiter_sun_trine_orb5 & ~asp_mars_pluto_sextile_orb3 & asp_neptune_uranus_conj_orb5,3,7,-0.32178315116812706,-0.21678315116812708,0.293574348399644,0.49134718880360695,0.5963471888036069,0.9887876177017318,0.39244042889812486,0.49134718880360695,4,108,16,0.77135738817248,-0.2044341522827901,False,-0.8602880872991424,-0.7552880872991424,0.0,0.7552880872991424,,,validation,,0.29766659765262565,0.703959156502114,0.4062925588494884,-0.8178278663975544,0.0,0.8178278663975544,True
~asp_moon_saturn_trine_orb1 & ~asp_pluto_sun_trine_orb1 & asp_pluto_uranus_sextile_orb3,3,7,-0.5750399793275227,-0.47003997932752273,0.04031752024024838,0.4911862124816906,0.5961862124816906,0.9886266413798155,0.39244042889812486,0.4911862124816906,17,127,26,0.7711284321277756,-0.2044341522827901,False,-0.8602880872991424,-0.7552880872991424,0.0,0.7552880872991424,,,validation,,0.49620532076174956,0.902497879611238,0.4062925588494884,-0.8178278663975544,0.0,0.8178278663975544,True
~asp_mercury_pluto_sextile_orb3 & asp_neptune_uranus_conj_orb5 & ~venus_sign_leo,3,7,-0.22425793234553953,-0.11925793234553955,0.39109956722223155,0.4910012901358767,0.5960012901358767,0.9884417190340015,0.39244042889812486,0.4910012901358767,4,141,16,0.7708654182768446,-0.2044341522827901,False,-0.8602880872991424,-0.7552880872991424,0.0,0.7552880872991424,,,validation,,0.23990401743687012,0.6461965762863585,0.4062925588494884,-0.8178278663975544,0.0,0.8178278663975544,True
~asp_mars_pluto_sextile_orb3 & asp_neptune_uranus_conj_orb5 & ~asp_uranus_venus_trine_orb1,3,7,-0.30807091545461485,-0.20307091545461486,0.30728658411315624,0.4907205600717317,0.5957205600717317,0.9881609889698565,0.39244042889812486,0.4907205600717317,4,133,14,0.7704661388290583,-0.2044341522827901,False,-0.8602880872991424,-0.7552880872991424,0.0,0.7552880872991424,,,validation,,0.3080798018099438,0.7143723606594322,0.4062925588494884,-0.8178278663975544,0.0,0.8178278663975544,True
asp_neptune_uranus_conj_orb5 & ~asp_neptune_venus_conj_orb5 & ~asp_sun_uranus_trine_orb5,3,7,-0.32468371836451126,-0.21968371836451128,0.2906737812032598,0.49063254402060963,0.5956325440206096,0.9880729729187344,0.39244042889812486,0.49063254402060963,5,76,18,0.7703409547884719,-0.2044341522827901,False,-0.8602880872991424,-0.7552880872991424,0.0,0.7552880872991424,,,validation,,0.20761465313523358,0.613907211984722,0.4062925588494884,-0.8178278663975544,0.0,0.8178278663975544,True
~asp_mars_pluto_sextile_orb3 & asp_neptune_uranus_conj_orb5 & ~asp_pluto_venus_sextile_orb1,3,7,-0.31447600927554525,-0.20947600927554527,0.30088149029222583,0.49057136381816613,0.5955713638181661,0.988011792716291,0.39244042889812486,0.49057136381816613,6,90,18,0.7702539390896339,-0.2044341522827901,False,-0.8602880872991424,-0.7552880872991424,0.0,0.7552880872991424,,,validation,,0.33454522641067314,0.7408377852601615,0.4062925588494884,-0.8178278663975544,0.0,0.8178278663975544,True
~asp_mars_moon_trine_orb3 & ~asp_mercury_sun_conj_orb1 & asp_pluto_uranus_sextile_orb3,3,7,-0.6285175009309505,-0.5235175009309505,-0.013160001363179361,0.49056567094970327,0.5955656709497033,0.9880060998478282,0.39244042889812486,0.49056567094970327,46,78,55,0.7702458422100509,-0.2044341522827901,False,-0.8602880872991424,-0.7552880872991424,0.0,0.7552880872991424,,,validation,,0.5476674765550469,0.9539600354045352,0.4062925588494884,-0.8178278663975544,0.0,0.8178278663975544,True
~asp_neptune_sun_square_orb5 & asp_pluto_uranus_sextile_orb3 & ~mercury_sign_aries,3,7,-0.614130143060406,-0.509130143060406,0.0012273565073650373,0.4905258405212971,0.5955258405212971,0.9879662694194219,0.39244042889812486,0.4905258405212971,12,121,15,0.7701891920172779,-0.2044341522827901,False,-0.8602880872991424,-0.7552880872991424,0.0,0.7552880872991424,,,validation,,0.43002744750205607,0.8363200063515445,0.4062925588494884,-0.8178278663975544,0.0,0.8178278663975544,True
~asp_mercury_pluto_sextile_orb3 & asp_neptune_uranus_conj_orb5 & ~asp_uranus_venus_square_orb5,3,7,-0.2974657377430833,-0.19246573774308334,0.31789176182468776,0.49047965439863894,0.5954796543986389,0.9879200832967637,0.39244042889812486,0.49047965439863894,5,88,21,0.7701235022537556,-0.2044341522827901,False,-0.8602880872991424,-0.7552880872991424,0.0,0.7552880872991424,,,validation,,0.2603663357804919,0.6666588946299803,0.4062925588494884,-0.8178278663975544,0.0,0.8178278663975544,True
~asp_mercury_pluto_sextile_orb5 & asp_neptune_uranus_conj_orb5 & ~asp_pluto_sun_opp_orb5,3,7,-0.3406611568653685,-0.23566115686536854,0.27469634270240256,0.49046853670996393,0.5954685367099639,0.9879089656080887,0.39244042889812486,0.49046853670996393,4,88,17,0.770107689753142,-0.2044341522827901,False,-0.8602880872991424,-0.7552880872991424,0.0,0.7552880872991424,,,validation,,0.25253474205579624,0.6588273009052846,0.4062925588494884,-0.8178278663975544,0.0,0.8178278663975544,True
~asp_mercury_sun_conj_orb1 & ~asp_neptune_sun_square_orb5 & asp_pluto_uranus_sextile_orb3,3,7,-0.5711556120403569,-0.4661556120403569,0.0442018875274142,0.49045549048922954,0.5954554904892295,0.9878959193873543,0.39244042889812486,0.49045549048922954,25,87,30,0.7700891343366383,-0.2044341522827901,False,-0.8602880872991424,-0.7552880872991424,0.0,0.7552880872991424,,,validation,,0.4715753986231604,0.8778679574726488,0.4062925588494884,-0.8178278663975544,0.0,0.8178278663975544,True
~asp_mars_pluto_sextile_orb3 & asp_neptune_uranus_conj_orb5 & ~asp_sun_venus_conj_orb3,3,7,-0.260144622389241,-0.15514462238924104,0.35521287717853006,0.49044627882220815,0.5954462788222081,0.9878867077203329,0.39244042889812486,0.49044627882220815,4,133,13,0.7700760327419851,-0.2044341522827901,False,-0.8602880872991424,-0.7552880872991424,0.0,0.7552880872991424,,,validation,,0.2868078317822678,0.6931003906317562,0.4062925588494884,-0.8178278663975544,0.0,0.8178278663975544,True
~asp_jupiter_moon_square_orb1 & asp_pluto_uranus_sextile_orb3 & ~asp_saturn_venus_trine_orb3,3,7,-0.634743395701604,-0.529743395701604,-0.019385896133832924,0.4903432619149253,0.5953432619149253,0.9877836908130502,0.39244042889812486,0.4903432619149253,20,118,23,0.7699295136739268,-0.2044341522827901,False,-0.8602880872991424,-0.7552880872991424,0.0,0.7552880872991424,,,validation,,0.49229562094935947,0.8985881797988479,0.4062925588494884,-0.8178278663975544,0.0,0.8178278663975544,True
~asp_mars_moon_trine_orb5 & ~asp_mars_pluto_sextile_orb3 & asp_neptune_uranus_conj_orb5,3,7,-0.3951569541059847,-0.29015695410598474,0.22020054546178636,0.49034299758492517,0.5953429975849251,0.9877834264830501,0.39244042889812486,0.49034299758492517,15,39,74,0.7699291377224184,-0.2044341522827901,False,-0.8602880872991424,-0.7552880872991424,0.0,0.7552880872991424,,,validation,,0.36719481036340923,0.7734873692128976,0.4062925588494884,-0.8178278663975544,0.0,0.8178278663975544,True
~asp_mars_pluto_sextile_orb1 & asp_neptune_uranus_conj_orb5 & ~asp_neptune_venus_conj_orb5,3,7,-0.3316113530352265,-0.2266113530352265,0.2837461465325446,0.4903052660480778,0.5953052660480778,0.9877456949462027,0.39244042889812486,0.4903052660480778,5,102,13,0.7698754728905988,-0.2044341522827901,False,-0.8602880872991424,-0.7552880872991424,0.0,0.7552880872991424,,,validation,,0.29686811507144023,0.7031606739209286,0.4062925588494884,-0.8178278663975544,0.0,0.8178278663975544,True
~asp_mars_pluto_sextile_orb3 & asp_neptune_uranus_conj_orb5 & ~asp_sun_uranus_sextile_orb3,3,7,-0.3018476686055772,-0.19684766860557723,0.31350983096219387,0.4902409244013066,0.5952409244013066,0.9876813532994314,0.39244042889812486,0.4902409244013066,5,83,18,0.7697839610715558,-0.2044341522827901,False,-0.8602880872991424,-0.7552880872991424,0.0,0.7552880872991424,,,validation,,0.3216340560121555,0.7279266148616439,0.4062925588494884,-0.8178278663975544,0.0,0.8178278663975544,True
~asp_mars_moon_trine_orb3 & asp_pluto_uranus_sextile_orb3 & ~sun_sign_aries,3,7,-0.46679389826347273,-0.36179389826347275,0.14856360130429838,0.4901867383722436,0.5951867383722436,0.9876271672703684,0.39244042889812486,0.4901867383722436,30,86,37,0.7697068934355005,-0.2044341522827901,False,-0.8602880872991424,-0.7552880872991424,0.0,0.7552880872991424,,,validation,,0.46923810305664565,0.875530661906134,0.4062925588494884,-0.8178278663975544,0.0,0.8178278663975544,True
asp_neptune_uranus_conj_orb5 & ~asp_saturn_sun_sextile_orb3 & ~asp_uranus_venus_square_orb5,3,7,-0.29549138865827684,-0.19049138865827686,0.31986611090949424,0.49014628046381037,0.5951462804638104,0.9875867093619353,0.39244042889812486,0.49014628046381037,4,94,21,0.769649351045431,-0.2044341522827901,False,-0.8602880872991424,-0.7552880872991424,0.0,0.7552880872991424,,,validation,,0.1882098666449506,0.594502425494439,0.4062925588494884,-0.8178278663975544,0.0,0.8178278663975544,True
~asp_neptune_sun_trine_orb1 & asp_neptune_uranus_conj_orb5 & ~asp_neptune_venus_conj_orb5,3,7,-0.3574274610953808,-0.25242746109538083,0.25793003847239027,0.49014146446839435,0.5951414644683943,0.9875818933665192,0.39244042889812486,0.49014146446839435,5,83,18,0.769642501363293,-0.2044341522827901,False,-0.8602880872991424,-0.7552880872991424,0.0,0.7552880872991424,,,validation,,0.17043856706703447,0.5767311259165229,0.4062925588494884,-0.8178278663975544,0.0,0.8178278663975544,True
asp_jupiter_saturn_square_orb5 & ~jupiter_retro & ~mercury_sign_cancer,3,7,-0.21096874545375666,-0.10596874545375667,0.4043887541140144,0.49012510508628826,0.5951251050862882,0.9875655339844132,0.39244042889812486,0.49012510508628826,7,73,12,0.6069733730146176,0.5418889748568223,True,-0.8400633801845829,-0.735063380184583,0.020224707114559506,0.7552880872991424,0.002279954400911982,50000.0,validation,,0.42835676225727787,0.8346493211067663,0.4062925588494884,-0.8210027707959984,-0.003174904398443876,0.8178278663975544,True
~asp_jupiter_venus_square_orb1 & ~asp_moon_saturn_trine_orb1 & asp_pluto_uranus_sextile_orb3,3,7,-0.605074788481231,-0.500074788481231,0.010282711086540127,0.4900822481206146,0.5950822481206146,0.9875226770187394,0.39244042889812486,0.4900822481206146,17,150,23,0.7695582793133686,-0.2044341522827901,False,-0.8602880872991424,-0.7552880872991424,0.0,0.7552880872991424,,,validation,,0.4726000342270413,0.8788925930765297,0.4062925588494884,-0.8178278663975544,0.0,0.8178278663975544,True
asp_neptune_uranus_conj_orb5 & ~asp_pluto_sun_sextile_orb5 & ~asp_saturn_sun_sextile_orb5,3,7,-0.2755968551997944,-0.1705968551997944,0.3397606443679767,0.4900595584407521,0.5950595584407521,0.9874999873388769,0.39244042889812486,0.4900595584407521,5,83,22,0.7695260083189905,-0.2044341522827901,False,-0.8602880872991424,-0.7552880872991424,0.0,0.7552880872991424,,,validation,,0.26738164087427113,0.6736741997237595,0.4062925588494884,-0.8178278663975544,0.0,0.8178278663975544,True
asp_pluto_uranus_sextile_orb3 & ~asp_saturn_sun_sextile_orb3 & ~asp_saturn_venus_trine_orb3,3,7,-0.6281884591721508,-0.5231884591721508,-0.01283095960437975,0.4900270710182455,0.5950270710182455,0.9874674999163703,0.39244042889812486,0.4900270710182455,15,91,20,0.7694798022423086,-0.2044341522827901,False,-0.8602880872991424,-0.7552880872991424,0.0,0.7552880872991424,,,validation,,0.4709504616912858,0.8772430205407742,0.4062925588494884,-0.8178278663975544,0.0,0.8178278663975544,True
~asp_mars_pluto_sextile_orb3 & ~asp_mercury_pluto_square_orb1 & asp_neptune_uranus_conj_orb5,3,7,-0.2928814273525502,-0.1878814273525502,0.3224760722152209,0.49001081266862867,0.5950108126686287,0.9874512415667535,0.39244042889812486,0.49001081266862867,5,104,16,0.7694566783908292,-0.2044341522827901,False,-0.8602880872991424,-0.7552880872991424,0.0,0.7552880872991424,,,validation,,0.2839518606999016,0.69024441954939,0.4062925588494884,-0.8178278663975544,0.0,0.8178278663975544,True
asp_pluto_uranus_sextile_orb3 & ~sun_sign_cancer & ~venus_sign_sagittarius,3,7,-0.62992593369808,-0.52492593369808,-0.014568434130308948,0.48996702357009325,0.5949670235700932,0.9874074524682181,0.39244042889812486,0.48996702357009325,9,138,13,0.7693943982531803,-0.2044341522827901,False,-0.8602880872991424,-0.7552880872991424,0.0,0.7552880872991424,,,validation,,0.5520222843816922,0.9583148432311805,0.4062925588494884,-0.8178278663975544,0.0,0.8178278663975544,True
~asp_mercury_pluto_sextile_orb3 & ~asp_moon_saturn_trine_orb1 & asp_neptune_uranus_conj_orb5,3,7,-0.2818059354000485,-0.17680593540004852,0.3335515641677226,0.4896881643426225,0.5946881643426225,0.9871285932407474,0.39244042889812486,0.4896881643426225,4,160,24,0.7689977845163385,-0.2044341522827901,False,-0.8602880872991424,-0.7552880872991424,0.0,0.7552880872991424,,,validation,,0.29704075688766757,0.703333315737156,0.4062925588494884,-0.8178278663975544,0.0,0.8178278663975544,True
~asp_mars_pluto_sextile_orb3 & ~asp_mercury_moon_opp_orb3 & asp_neptune_uranus_conj_orb5,3,7,-0.30811721397326597,-0.203117213973266,0.3072402855945051,0.48963836060767285,0.5946383606076728,0.9870787895057976,0.39244042889812486,0.48963836060767285,8,81,28,0.7689269501842657,-0.2044341522827901,False,-0.8602880872991424,-0.7552880872991424,0.0,0.7552880872991424,,,validation,,0.32473866679394653,0.7310312256434349,0.4062925588494884,-0.8178278663975544,0.0,0.8178278663975544,True
~asp_mars_pluto_sextile_orb3 & ~asp_mars_uranus_sextile_orb5 & asp_neptune_uranus_conj_orb5,3,7,-0.3163578795594695,-0.2113578795594695,0.2989996200083016,0.48957476184808946,0.5945747618480894,0.9870151907462144,0.39244042889812486,0.48957476184808946,4,133,13,0.7688364956702372,-0.2044341522827901,False,-0.8602880872991424,-0.7552880872991424,0.0,0.7552880872991424,,,validation,,0.22181336135313873,0.6281059202026271,0.4062925588494884,-0.8178278663975544,0.0,0.8178278663975544,True
asp_pluto_uranus_sextile_orb3 & ~asp_saturn_sun_square_orb5 & ~venus_sign_sagittarius,3,7,-0.693815043920542,-0.5888150439205421,-0.07845754435277093,0.4894780961642462,0.5944780961642462,0.986918525062371,0.39244042889812486,0.4894780961642462,12,130,16,0.7686990112405789,-0.2044341522827901,False,-0.8602880872991424,-0.7552880872991424,0.0,0.7552880872991424,,,validation,,0.5087511171404473,0.9150436759899356,0.4062925588494884,-0.8178278663975544,0.0,0.8178278663975544,True
~asp_jupiter_moon_square_orb1 & asp_neptune_uranus_conj_orb5 & ~asp_saturn_sun_sextile_orb3,3,7,-0.3889216331867836,-0.2839216331867836,0.2264358663809875,0.4894023192835746,0.5944023192835746,0.9868427481816994,0.39244042889812486,0.4894023192835746,6,89,24,0.7685912363797529,-0.2044341522827901,False,-0.8602880872991424,-0.7552880872991424,0.0,0.7552880872991424,,,validation,,0.24155600690622098,0.6478485657557094,0.4062925588494884,-0.8178278663975544,0.0,0.8178278663975544,True
~asp_jupiter_moon_square_orb1 & asp_pluto_uranus_sextile_orb3 & ~asp_saturn_venus_trine_orb5,3,7,-0.6237350824803619,-0.5187350824803619,-0.00837758291259079,0.48934429029907234,0.5943442902990723,0.9867847191971971,0.39244042889812486,0.48934429029907234,20,117,23,0.768508703808642,-0.2044341522827901,False,-0.8602880872991424,-0.7552880872991424,0.0,0.7552880872991424,,,validation,,0.4887037676629979,0.8949963265124863,0.4062925588494884,-0.8178278663975544,0.0,0.8178278663975544,True
~asp_jupiter_sun_sextile_orb3 & ~asp_mars_pluto_sextile_orb3 & asp_neptune_uranus_conj_orb5,3,7,-0.31350702508422384,-0.20850702508422386,0.30185047448354724,0.4893430653077895,0.5943430653077895,0.9867834942059144,0.39244042889812486,0.4893430653077895,5,110,16,0.7685069615474998,-0.2044341522827901,False,-0.8602880872991424,-0.7552880872991424,0.0,0.7552880872991424,,,validation,,0.39230408842041925,0.7985966472699076,0.4062925588494884,-0.8178278663975544,0.0,0.8178278663975544,True
~asp_moon_saturn_trine_orb1 & asp_pluto_uranus_sextile_orb3 & ~asp_saturn_sun_conj_orb5,3,7,-0.605074788481231,-0.500074788481231,0.010282711086540127,0.4893308770105931,0.5943308770105931,0.986771305908718,0.39244042889812486,0.4893308770105931,15,158,21,0.7684896265711503,-0.2044341522827901,False,-0.8602880872991424,-0.7552880872991424,0.0,0.7552880872991424,,,validation,,0.45665111704588107,0.8629436758953695,0.4062925588494884,-0.8178278663975544,0.0,0.8178278663975544,True
~asp_mars_sun_square_orb5 & ~asp_mercury_pluto_sextile_orb3 & asp_neptune_uranus_conj_orb5,3,7,-0.2765116624789928,-0.1715116624789928,0.3388458370887783,0.4892842937876696,0.5942842937876696,0.9867247226857945,0.39244042889812486,0.4892842937876696,4,85,17,0.768423372953049,-0.2044341522827901,False,-0.8602880872991424,-0.7552880872991424,0.0,0.7552880872991424,,,validation,,0.2669055320913098,0.6731980909407982,0.4062925588494884,-0.8178278663975544,0.0,0.8178278663975544,True
asp_neptune_uranus_conj_orb5 & ~asp_saturn_sun_sextile_orb5 & ~venus_sign_capricorn,3,7,-0.2641671865819915,-0.15916718658199153,0.3511903129857796,0.48919845753576663,0.5941984575357666,0.9866388864338914,0.39244042889812486,0.48919845753576663,5,133,17,0.7683012912795486,-0.2044341522827901,False,-0.8602880872991424,-0.7552880872991424,0.0,0.7552880872991424,,,validation,,0.19074939975364152,0.5970419586031299,0.4062925588494884,-0.8178278663975544,0.0,0.8178278663975544,True
asp_neptune_uranus_conj_orb5 & ~asp_pluto_venus_opp_orb3 & ~asp_saturn_sun_sextile_orb5,3,7,-0.29184321574964944,-0.18684321574964946,0.32351428381812164,0.48914491018112827,0.5941449101811282,0.9865853390792532,0.39244042889812486,0.48914491018112827,4,145,16,0.7682251329531142,-0.2044341522827901,False,-0.8602880872991424,-0.7552880872991424,0.0,0.7552880872991424,,,validation,,0.17658363879343458,0.582876197642923,0.4062925588494884,-0.8178278663975544,0.0,0.8178278663975544,True
~asp_mars_pluto_sextile_orb3 & ~asp_moon_neptune_sextile_orb1 & asp_neptune_uranus_conj_orb5,3,7,-0.3327509067363744,-0.22775090673637444,0.28260659283139666,0.4891146370123254,0.5941146370123254,0.9865550659104502,0.39244042889812486,0.4891146370123254,7,91,28,0.7681820766201188,-0.2044341522827901,False,-0.8602880872991424,-0.7552880872991424,0.0,0.7552880872991424,,,validation,,0.3083337041387318,0.7146262629882202,0.4062925588494884,-0.8178278663975544,0.0,0.8178278663975544,True
~asp_jupiter_mercury_opp_orb5 & ~asp_mercury_pluto_sextile_orb3 & asp_neptune_uranus_conj_orb5,3,7,-0.32628808032745715,-0.22128808032745717,0.28906941924031393,0.4891092224542919,0.5941092224542919,0.9865496513524167,0.39244042889812486,0.4891092224542919,5,85,18,0.7681743757095809,-0.2044341522827901,False,-0.8602880872991424,-0.7552880872991424,0.0,0.7552880872991424,,,validation,,0.16130112531871194,0.5675936841682003,0.4062925588494884,-0.8178278663975544,0.0,0.8178278663975544,True
asp_pluto_uranus_sextile_orb3 & ~asp_saturn_sun_sextile_orb3 & ~asp_saturn_venus_trine_orb5,3,7,-0.6171142511104055,-0.5121142511104055,-0.0017567515426344204,0.48903137692276677,0.5940313769227668,0.9864718058208917,0.39244042889812486,0.48903137692276677,15,91,20,0.7680636591605978,-0.2044341522827901,False,-0.8602880872991424,-0.7552880872991424,0.0,0.7552880872991424,,,validation,,0.46730945868559787,0.8736020175350863,0.4062925588494884,-0.8178278663975544,0.0,0.8178278663975544,True
~asp_mars_pluto_sextile_orb3 & ~asp_moon_pluto_conj_orb1 & asp_neptune_uranus_conj_orb5,3,7,-0.3086029810514316,-0.2036029810514316,0.3067545185163395,0.4890268582944015,0.5940268582944015,0.9864672871925264,0.39244042889812486,0.4890268582944015,4,133,14,0.7680572325014696,-0.2044341522827901,False,-0.8602880872991424,-0.7552880872991424,0.0,0.7552880872991424,,,validation,,0.27670444862744,0.6829970074769284,0.4062925588494884,-0.8178278663975544,0.0,0.8178278663975544,True
~asp_mars_pluto_sextile_orb3 & ~asp_mars_uranus_square_orb1 & asp_neptune_uranus_conj_orb5,3,7,-0.316478552910404,-0.21147855291040402,0.2988789466573671,0.4890268582944015,0.5940268582944015,0.9864672871925264,0.39244042889812486,0.4890268582944015,4,133,13,0.7680572325014696,-0.2044341522827901,False,-0.8602880872991424,-0.7552880872991424,0.0,0.7552880872991424,,,validation,,0.27670444862744,0.6829970074769284,0.4062925588494884,-0.8178278663975544,0.0,0.8178278663975544,True
asp_neptune_uranus_conj_orb5 & ~asp_neptune_venus_square_orb5 & ~asp_saturn_sun_sextile_orb5,3,7,-0.28045467246337025,-0.17545467246337026,0.33490282710440084,0.48898783505867427,0.5939878350586743,0.9864282639567991,0.39244042889812486,0.48898783505867427,4,93,21,0.7680017313738157,-0.2044341522827901,False,-0.8602880872991424,-0.7552880872991424,0.0,0.7552880872991424,,,validation,,0.29438945630392327,0.7006820151534117,0.4062925588494884,-0.8178278663975544,0.0,0.8178278663975544,True
asp_neptune_uranus_conj_orb5 & ~asp_neptune_venus_square_orb3 & ~asp_saturn_sun_sextile_orb5,3,7,-0.29508559324566086,-0.19008559324566088,0.3202719063221102,0.48898783505867427,0.5939878350586743,0.9864282639567991,0.39244042889812486,0.48898783505867427,4,93,21,0.7680017313738157,-0.2044341522827901,False,-0.8602880872991424,-0.7552880872991424,0.0,0.7552880872991424,,,validation,,0.29438945630392327,0.7006820151534117,0.4062925588494884,-0.8178278663975544,0.0,0.8178278663975544,True
~asp_mercury_sun_conj_orb1 & ~asp_moon_saturn_trine_orb3 & asp_pluto_uranus_sextile_orb3,3,7,-0.5995177366604247,-0.49451773666042476,0.015839762907346334,0.48893697623511123,0.5939369762351112,0.9863774051332361,0.39244042889812486,0.48893697623511123,41,51,51,0.767929397019413,-0.2044341522827901,False,-0.8602880872991424,-0.7552880872991424,0.0,0.7552880872991424,,,validation,,0.4612450965826615,0.8675376554321499,0.4062925588494884,-0.8178278663975544,0.0,0.8178278663975544,True
~asp_mars_uranus_trine_orb3 & asp_neptune_uranus_conj_orb5 & ~asp_saturn_sun_sextile_orb3,3,7,-0.35083033535686425,-0.24583033535686427,0.26452716421090683,0.48892819326806025,0.5939281932680602,0.9863686221661851,0.39244042889812486,0.48892819326806025,4,116,17,0.7679169053811192,-0.2044341522827901,False,-0.8602880872991424,-0.7552880872991424,0.0,0.7552880872991424,,,validation,,0.2635823781538556,0.669874937003344,0.4062925588494884,-0.8178278663975544,0.0,0.8178278663975544,True
asp_neptune_uranus_conj_orb5 & ~asp_pluto_sun_square_orb5 & ~asp_saturn_sun_sextile_orb5,3,7,-0.33726005264859943,-0.23226005264859945,0.27809744691917165,0.4887122863960369,0.5937122863960369,0.9861527152941618,0.39244042889812486,0.4887122863960369,5,91,22,0.7676098306804748,-0.2044341522827901,False,-0.8602880872991424,-0.7552880872991424,0.0,0.7552880872991424,,,validation,,0.2558226923000753,0.6621152511495637,0.4062925588494884,-0.8178278663975544,0.0,0.8178278663975544,True
~asp_pluto_sun_trine_orb5 & asp_pluto_uranus_sextile_orb3 & ~mars_ingress_3d,3,7,-0.6488183880596253,-0.5438183880596253,-0.033460888491854246,0.48865725614361755,0.5936572561436175,0.9860976850417423,0.39244042889812486,0.48865725614361755,27,41,38,0.7675315637353706,-0.2044341522827901,False,-0.8602880872991424,-0.7552880872991424,0.0,0.7552880872991424,,,validation,,0.5752648491809953,0.9815574080304837,0.4062925588494884,-0.8178278663975544,0.0,0.8178278663975544,True
~asp_mars_neptune_square_orb1 & ~asp_mercury_uranus_square_orb5 & asp_pluto_uranus_sextile_orb3,3,7,-0.6578723429112717,-0.5528723429112717,-0.04251484334350068,0.48857180015723745,0.5935718001572374,0.9860122290553623,0.39244042889812486,0.48857180015723745,13,124,17,0.7674100237975587,-0.2044341522827901,False,-0.8602880872991424,-0.7552880872991424,0.0,0.7552880872991424,,,validation,,0.49660199732790294,0.9028945561773913,0.4062925588494884,-0.8178278663975544,0.0,0.8178278663975544,True
~asp_mercury_uranus_square_orb5 & ~asp_neptune_sun_opp_orb1 & asp_pluto_uranus_sextile_orb3,3,7,-0.6726687973950949,-0.5676687973950949,-0.0573112978273238,0.4885591023211133,0.5935591023211133,0.9859995312192381,0.39244042889812486,0.4885591023211133,12,106,18,0.767391964286628,-0.2044341522827901,False,-0.8602880872991424,-0.7552880872991424,0.0,0.7552880872991424,,,validation,,0.5012702044379485,0.9075627632874368,0.4062925588494884,-0.8178278663975544,0.0,0.8178278663975544,True
asp_neptune_uranus_conj_orb5 & ~asp_pluto_sun_sextile_orb3 & ~asp_saturn_sun_sextile_orb3,3,7,-0.30519952987715565,-0.20019952987715567,0.31015796969061543,0.48848532551800017,0.5934853255180002,0.9859257544161251,0.39244042889812486,0.48848532551800017,5,86,22,0.7672870352034185,-0.2044341522827901,False,-0.8602880872991424,-0.7552880872991424,0.0,0.7552880872991424,,,validation,,0.23554315027068023,0.6418357091201686,0.4062925588494884,-0.8178278663975544,0.0,0.8178278663975544,True
~asp_mars_moon_conj_orb3 & ~asp_mars_pluto_sextile_orb3 & asp_neptune_uranus_conj_orb5,3,7,-0.33636344035003996,-0.23136344035003997,0.2789940592177311,0.48842023793392286,0.5934202379339228,0.9858606668320478,0.39244042889812486,0.48842023793392286,10,60,33,0.7671944644406776,-0.2044341522827901,False,-0.8602880872991424,-0.7552880872991424,0.0,0.7552880872991424,,,validation,,0.3095765664634123,0.7158691253129007,0.4062925588494884,-0.8178278663975544,0.0,0.8178278663975544,True
~asp_moon_saturn_trine_orb3 & asp_pluto_uranus_sextile_orb3,2,4,-0.5524754162995733,-0.5124754162995733,-0.0021179167318021433,0.48838988989045046,0.5283898898904504,0.9208303187885752,0.39244042889812486,0.48838988989045046,27,74,35,0.6747397885920623,-0.2044341522827901,False,-0.7952880872991425,-0.7552880872991424,0.0,0.7552880872991424,,,validation,,0.40289575949916107,0.8091883183486495,0.4062925588494884,-0.8178278663975544,0.0,0.8178278663975544,True
~asp_jupiter_sun_sextile_orb1 & ~asp_mars_pluto_sextile_orb3 & asp_neptune_uranus_conj_orb5,3,7,-0.31871410616539636,-0.21371410616539638,0.2966433934023747,0.4883439891152628,0.5933439891152628,0.9857844180133876,0.39244042889812486,0.4883439891152628,5,112,16,0.7670860197115765,-0.2044341522827901,False,-0.8602880872991424,-0.7552880872991424,0.0,0.7552880872991424,,,validation,,0.26962782027521065,0.675920379124699,0.4062925588494884,-0.8178278663975544,0.0,0.8178278663975544,True
~asp_mars_pluto_sextile_orb3 & ~asp_moon_sun_sextile_orb1 & asp_neptune_uranus_conj_orb5,3,7,-0.3109610267934908,-0.20596102679349082,0.3043964727742803,0.48826788847310487,0.5932678884731049,0.9857083173712297,0.39244042889812486,0.48826788847310487,7,116,23,0.7669777858233646,-0.2044341522827901,False,-0.8602880872991424,-0.7552880872991424,0.0,0.7552880872991424,,,validation,,0.2949914935591274,0.7012840524086158,0.4062925588494884,-0.8178278663975544,0.0,0.8178278663975544,True
~asp_moon_saturn_trine_orb1 & ~asp_pluto_sun_square_orb5 & asp_pluto_uranus_sextile_orb3,3,7,-0.6525897269546735,-0.5475897269546736,-0.03723222738690245,0.4880492944427268,0.5930492944427268,0.9854897233408516,0.39244042889812486,0.4880492944427268,18,119,25,0.7666668917218007,-0.2044341522827901,False,-0.8602880872991424,-0.7552880872991424,0.0,0.7552880872991424,,,validation,,0.49211352217252474,0.8984060810220131,0.4062925588494884,-0.8178278663975544,0.0,0.8178278663975544,True
~asp_mercury_uranus_square_orb5 & ~asp_moon_venus_square_orb5 & asp_pluto_uranus_sextile_orb3,3,7,-0.7833973349971272,-0.6783973349971272,-0.1680398354293561,0.48803281948052746,0.5930328194805274,0.9854732483786522,0.39244042889812486,0.48803281948052746,47,48,62,0.7666434603340819,-0.2044341522827901,False,-0.8602880872991424,-0.7552880872991424,0.0,0.7552880872991424,,,validation,,0.6076716775348672,1.0139642363843555,0.4062925588494884,-0.8178278663975544,0.0,0.8178278663975544,True
~asp_jupiter_venus_square_orb3 & ~asp_mars_pluto_sextile_orb3 & asp_neptune_uranus_conj_orb5,3,7,-0.31974554952996664,-0.21474554952996666,0.29561195003780444,0.48801330477788407,0.593013304777884,0.985453733676009,0.39244042889812486,0.48801330477788407,5,88,16,0.7666157057048819,-0.2044341522827901,False,-0.8602880872991424,-0.7552880872991424,0.0,0.7552880872991424,,,validation,,0.25104574577478994,0.6573383046242783,0.4062925588494884,-0.8178278663975544,0.0,0.8178278663975544,True
~asp_moon_saturn_opp_orb3 & asp_neptune_uranus_conj_orb5 & ~asp_saturn_sun_sextile_orb5,3,7,-0.2948750086916861,-0.1898750086916861,0.320482490876085,0.48799126808648774,0.5929912680864877,0.9854316969846125,0.39244042889812486,0.48799126808648774,6,77,28,0.7665843642050916,-0.2044341522827901,False,-0.8602880872991424,-0.7552880872991424,0.0,0.7552880872991424,,,validation,,0.23760022397921216,0.6438927828287005,0.4062925588494884,-0.8178278663975544,0.0,0.8178278663975544,True
~asp_neptune_sun_opp_orb3 & asp_neptune_uranus_conj_orb5 & ~asp_neptune_venus_conj_orb3,3,7,-0.3439950646824736,-0.2389950646824736,0.2713624348852975,0.4878872469552846,0.5928872469552846,0.9853276758534095,0.39244042889812486,0.4878872469552846,4,104,13,0.7664364211322119,-0.2044341522827901,False,-0.8602880872991424,-0.7552880872991424,0.0,0.7552880872991424,,,validation,,0.2613646150730224,0.6676571739225108,0.4062925588494884,-0.8178278663975544,0.0,0.8178278663975544,True
~asp_moon_saturn_trine_orb3 & asp_pluto_uranus_sextile_orb3 & ~mercury_sign_aries,3,7,-0.5795673863494615,-0.47456738634946144,0.03579011321830964,0.48777808126683886,0.5927780812668388,0.9852185101649636,0.39244042889812486,0.48777808126683886,28,74,37,0.7662811614562413,-0.2044341522827901,False,-0.8602880872991424,-0.7552880872991424,0.0,0.7552880872991424,,,validation,,0.4244632494470539,0.8307558082965423,0.4062925588494884,-0.8178278663975544,0.0,0.8178278663975544,True
~asp_mars_pluto_sextile_orb3 & asp_neptune_uranus_conj_orb5 & ~asp_pluto_venus_square_orb5,3,7,-0.3159952927708175,-0.21099529277081752,0.2993622067969536,0.48773098494964806,0.592730984949648,0.985171413847773,0.39244042889812486,0.48773098494964806,4,92,18,0.7662141793089932,-0.2044341522827901,False,-0.8602880872991424,-0.7552880872991424,0.0,0.7552880872991424,,,validation,,0.3152986332363173,0.7215911920858057,0.4062925588494884,-0.8178278663975544,0.0,0.8178278663975544,True
asp_neptune_uranus_conj_orb5 & ~asp_saturn_sun_conj_orb3 & ~asp_saturn_sun_sextile_orb5,3,7,-0.2880887950476071,-0.1830887950476071,0.327268704520164,0.48763954498179474,0.5926395449817947,0.9850799738799196,0.39244042889812486,0.48763954498179474,4,160,17,0.7660841300660768,-0.2044341522827901,False,-0.8602880872991424,-0.7552880872991424,0.0,0.7552880872991424,,,validation,,0.1974759639291866,0.603768522778675,0.4062925588494884,-0.8178278663975544,0.0,0.8178278663975544,True
~asp_mars_sun_square_orb3 & asp_pluto_uranus_sextile_orb3 & ~venus_sign_sagittarius,3,7,-0.6010798783665482,-0.49607987836654815,0.014277621201222942,0.48762352167085554,0.5926235216708555,0.9850639505689803,0.39244042889812486,0.48762352167085554,9,256,11,0.766061341145793,-0.2044341522827901,False,-0.8602880872991424,-0.7552880872991424,0.0,0.7552880872991424,,,validation,,0.4878873535427111,0.8941799123921995,0.4062925588494884,-0.8178278663975544,0.0,0.8178278663975544,True
~asp_mars_pluto_sextile_orb3 & asp_neptune_uranus_conj_orb5 & ~asp_neptune_venus_square_orb1,3,7,-0.28056158302408213,-0.17556158302408215,0.33479591654368895,0.4875871237951601,0.5925871237951601,0.9850275526932849,0.39244042889812486,0.4875871237951601,5,91,17,0.7660095748139246,-0.2044341522827901,False,-0.8602880872991424,-0.7552880872991424,0.0,0.7552880872991424,,,validation,,0.2736352525658248,0.6799278114153132,0.4062925588494884,-0.8178278663975544,0.0,0.8178278663975544,True
~asp_mercury_uranus_square_orb5 & ~asp_pluto_sun_trine_orb1 & asp_pluto_uranus_sextile_orb3,3,7,-0.6285507526807717,-0.5235507526807717,-0.013193253113000595,0.4875677648336898,0.5925677648336898,0.9850081937318146,0.39244042889812486,0.4875677648336898,15,99,22,0.7659820418308592,-0.2044341522827901,False,-0.8602880872991424,-0.7552880872991424,0.0,0.7552880872991424,,,validation,,0.49054090875580897,0.8968334676052974,0.4062925588494884,-0.8178278663975544,0.0,0.8178278663975544,True
~asp_mercury_moon_square_orb1 & asp_neptune_uranus_conj_orb5 & ~asp_saturn_sun_sextile_orb3,3,7,-0.3521328663040261,-0.24713286630402614,0.26322463326374496,0.4875128177235801,0.5925128177235801,0.9849532466217049,0.39244042889812486,0.4875128177235801,7,93,28,0.7659038941888676,-0.2044341522827901,False,-0.8602880872991424,-0.7552880872991424,0.0,0.7552880872991424,,,validation,,0.2606860750182211,0.6669786338677095,0.4062925588494884,-0.8178278663975544,0.0,0.8178278663975544,True
~asp_moon_saturn_trine_orb1 & ~asp_neptune_sun_opp_orb5 & asp_pluto_uranus_sextile_orb3,3,7,-0.6491290816186285,-0.5441290816186285,-0.03377158205085735,0.48737917161295363,0.5923791716129536,0.9848196005110784,0.39244042889812486,0.48737917161295363,14,127,21,0.7657138183724939,-0.2044341522827901,False,-0.8602880872991424,-0.7552880872991424,0.0,0.7552880872991424,,,validation,,0.5126019316170343,0.9188944904665227,0.4062925588494884,-0.8178278663975544,0.0,0.8178278663975544,True
~asp_moon_saturn_opp_orb5 & asp_neptune_uranus_conj_orb5 & ~asp_saturn_sun_sextile_orb5,3,7,-0.34429778831745567,-0.23929778831745568,0.2710597112503154,0.48737669783289483,0.5923766978328948,0.9848171267310196,0.39244042889812486,0.48737669783289483,9,77,40,0.7657103000853909,-0.2044341522827901,False,-0.8602880872991424,-0.7552880872991424,0.0,0.7552880872991424,,,validation,,0.26368217540636757,0.669974734255856,0.4062925588494884,-0.8178278663975544,0.0,0.8178278663975544,True
~asp_mars_moon_trine_orb3 & asp_pluto_uranus_sextile_orb3,2,4,-0.5821328008184812,-0.5421328008184811,-0.03177530125070999,0.4872972593891341,0.5272972593891341,0.9197376882872589,0.39244042889812486,0.4872972593891341,33,92,41,0.6731869566523836,-0.2044341522827901,False,-0.7952880872991425,-0.7552880872991424,0.0,0.7552880872991424,,,validation,,0.48653049418410416,0.8928230530335926,0.4062925588494884,-0.8178278663975544,0.0,0.8178278663975544,True
~asp_mercury_pluto_sextile_orb3 & asp_neptune_uranus_conj_orb5 & ~asp_saturn_sun_sextile_orb5,3,7,-0.29266033797090135,-0.18766033797090137,0.32269716159686973,0.4870046937875059,0.5920046937875059,0.9844451226856307,0.39244042889812486,0.4870046937875059,4,85,21,0.7651812255033288,-0.2044341522827901,False,-0.8602880872991424,-0.7552880872991424,0.0,0.7552880872991424,,,validation,,0.2424997871723778,0.6487923460218662,0.4062925588494884,-0.8178278663975544,0.0,0.8178278663975544,True
~asp_mercury_moon_trine_orb1 & ~asp_mercury_pluto_sextile_orb5 & asp_neptune_uranus_conj_orb5,3,7,-0.36422403105678003,-0.25922403105678005,0.25113346851099105,0.4869844718754861,0.5919844718754861,0.984424900773611,0.39244042889812486,0.4869844718754861,6,72,19,0.7651524653995383,-0.2044341522827901,False,-0.8602880872991424,-0.7552880872991424,0.0,0.7552880872991424,,,validation,,0.28370843696512255,0.6900009958146109,0.4062925588494884,-0.8178278663975544,0.0,0.8178278663975544,True
asp_neptune_uranus_conj_orb5 & ~asp_neptune_venus_conj_orb5 & ~asp_pluto_sun_opp_orb5,3,7,-0.30958632391660484,-0.20458632391660486,0.30577117565116624,0.48695557425049985,0.5919555742504998,0.9843960031486247,0.39244042889812486,0.48695557425049985,4,139,13,0.7651113664939104,-0.2044341522827901,False,-0.8602880872991424,-0.7552880872991424,0.0,0.7552880872991424,,,validation,,0.15741785611084963,0.563710414960338,0.4062925588494884,-0.8178278663975544,0.0,0.8178278663975544,True
~asp_jupiter_moon_square_orb1 & ~asp_neptune_sun_square_orb5 & asp_pluto_uranus_sextile_orb3,3,7,-0.5889814008289813,-0.48398140082898133,0.026376098738789783,0.48692151836142394,0.5919215183614239,0.9843619472595487,0.39244042889812486,0.48692151836142394,20,97,23,0.7650629313974819,-0.2044341522827901,False,-0.8602880872991424,-0.7552880872991424,0.0,0.7552880872991424,,,validation,,0.46485049472349055,0.8711430535729789,0.4062925588494884,-0.8178278663975544,0.0,0.8178278663975544,True
~asp_mars_moon_trine_orb3 & asp_pluto_uranus_sextile_orb3 & ~mercury_sign_aries,3,7,-0.6419784912507888,-0.5369784912507888,-0.026620991683017656,0.4868967613607018,0.5918967613607018,0.9843371902588267,0.39244042889812486,0.4868967613607018,33,82,42,0.7650277214136911,-0.2044341522827901,False,-0.8602880872991424,-0.7552880872991424,0.0,0.7552880872991424,,,validation,,0.4923270480130883,0.8986196068625767,0.4062925588494884,-0.8178278663975544,0.0,0.8178278663975544,True
asp_neptune_uranus_conj_orb5 & ~asp_saturn_sun_sextile_orb3 & ~venus_sign_leo,3,7,-0.23439923304447696,-0.12939923304447698,0.3809582665232941,0.48673346778650606,0.591733467786506,0.9841738966846308,0.39244042889812486,0.48673346778650606,4,94,18,0.7647954817411928,-0.2044341522827901,False,-0.8602880872991424,-0.7552880872991424,0.0,0.7552880872991424,,,validation,,0.1468995407097587,0.5531920995592471,0.4062925588494884,-0.8178278663975544,0.0,0.8178278663975544,True
asp_pluto_uranus_sextile_orb3 & ~sun_sign_cancer & ~venus_sign_aries,3,7,-0.4197236225795409,-0.3147236225795409,0.1956338769882302,0.4865686217788854,0.5915686217788854,0.9840090506770103,0.39244042889812486,0.4865686217788854,8,169,13,0.7645610346166527,-0.2044341522827901,False,-0.8602880872991424,-0.7552880872991424,0.0,0.7552880872991424,,,validation,,0.47943475364724125,0.8857273124967296,0.4062925588494884,-0.8178278663975544,0.0,0.8178278663975544,True
~asp_jupiter_venus_square_orb1 & ~asp_mercury_uranus_square_orb5 & asp_pluto_uranus_sextile_orb3,3,7,-0.6578723429112717,-0.5528723429112717,-0.04251484334350068,0.48651761724083076,0.5915176172408307,0.9839580461389555,0.39244042889812486,0.48651761724083076,15,136,19,0.7644884950855042,-0.2044341522827901,False,-0.8602880872991424,-0.7552880872991424,0.0,0.7552880872991424,,,validation,,0.46649045181980625,0.8727830106692946,0.4062925588494884,-0.8178278663975544,0.0,0.8178278663975544,True
asp_pluto_uranus_sextile_orb3 & ~mars_ingress_3d,2,4,-0.5620411606426419,-0.5220411606426418,-0.011683661074870769,0.48395342750402787,0.5239534275040278,0.9163938564021527,0.39244042889812486,0.48395342750402787,25,76,33,0.6684348629847818,-0.2044341522827901,False,-0.7952880872991425,-0.7552880872991424,0.0,0.7552880872991424,,,validation,,0.5042269163176849,0.9105194751671734,0.4062925588494884,-0.8178278663975544,0.0,0.8178278663975544,True
asp_pluto_uranus_sextile_orb3 & ~sun_sign_cancer,2,4,-0.5649259336980801,-0.52492593369808,-0.014568434130308948,0.4830248352617466,0.5230248352617466,0.9154652641598715,0.39244042889812486,0.4830248352617466,6,183,10,0.6671152230729935,-0.2044341522827901,False,-0.7952880872991425,-0.7552880872991424,0.0,0.7552880872991424,,,validation,,0.48772523028411124,0.8940177891335996,0.4062925588494884,-0.8178278663975544,0.0,0.8178278663975544,True
asp_pluto_uranus_sextile_orb3 & ~mercury_sign_cancer,2,4,-0.5436303098634214,-0.5036303098634214,0.006727189704349713,0.48176484834687044,0.5217648483468704,0.9142052772449953,0.39244042889812486,0.48176484834687044,6,188,10,0.6653246533838704,-0.2044341522827901,False,-0.7952880872991425,-0.7552880872991424,0.0,0.7552880872991424,,,validation,,0.48574970518476596,0.8920422640342544,0.4062925588494884,-0.8178278663975544,0.0,0.8178278663975544,True
asp_neptune_uranus_conj_orb5 & ~asp_saturn_sun_trine_orb3,2,4,-0.26702391589506214,-0.22702391589506216,0.28333358367270894,0.4815866139877752,0.5215866139877752,0.9140270428859,0.39244042889812486,0.4815866139877752,3,135,12,0.6650713662032586,-0.2044341522827901,False,-0.7952880872991425,-0.7552880872991424,0.0,0.7552880872991424,,,validation,,0.26408316599539544,0.6703757248448838,0.4062925588494884,-0.8178278663975544,0.0,0.8178278663975544,True
asp_neptune_uranus_conj_orb5 & ~mars_ingress_3d,2,4,-0.3675955083871884,-0.3275955083871884,0.18276199118058267,0.4759374998311073,0.5159374998311073,0.9083779287292321,0.39244042889812486,0.4759374998311073,8,83,38,0.6570437178303787,-0.2044341522827901,False,-0.7952880872991425,-0.7552880872991424,0.0,0.7552880872991424,,,validation,,0.25794443348010304,0.6642369923295914,0.4062925588494884,-0.8178278663975544,0.0,0.8178278663975544,True
asp_pluto_uranus_sextile_orb3 & ~venus_sign_aries,2,4,-0.3590886920419255,-0.3190886920419255,0.19126880752584557,0.4752479194568034,0.5152479194568034,0.9076883483549283,0.39244042889812486,0.4752479194568034,6,265,9,0.656063826493706,-0.2044341522827901,False,-0.7952880872991425,-0.7552880872991424,0.0,0.7552880872991424,,,validation,,0.38026739334132337,0.7865599521908118,0.4062925588494884,-0.8178278663975544,0.0,0.8178278663975544,True
asp_neptune_uranus_conj_orb5 & ~asp_uranus_venus_square_orb3,2,4,-0.2030137758803168,-0.1630137758803168,0.3473437236874543,0.47232442357950394,0.5123244235795039,0.9047648524776288,0.39244042889812486,0.47232442357950394,3,95,13,0.6519096302374336,-0.2044341522827901,False,-0.7952880872991425,-0.7552880872991424,0.0,0.7552880872991424,,,validation,,0.18578713088994953,0.5920796897394379,0.4062925588494884,-0.8178278663975544,0.0,0.8178278663975544,True
~asp_jupiter_sun_sextile_orb5 & asp_pluto_uranus_sextile_orb3,2,4,-0.5076406283794225,-0.46764062837942244,0.042716871188348673,0.47061727310771523,0.5106172731077152,0.90305770200584,0.39244042889812486,0.47061727310771523,9,165,11,0.6494838835163779,-0.2044341522827901,False,-0.7952880872991425,-0.7552880872991424,0.0,0.7552880872991424,,,validation,,0.503859586875727,0.9101521457252153,0.4062925588494884,-0.8178278663975544,0.0,0.8178278663975544,True
~asp_mercury_sun_conj_orb1 & asp_pluto_uranus_sextile_orb3,2,4,-0.5234360835813974,-0.48343608358139734,0.02692141598637375,0.4703211359925264,0.5103211359925264,0.9027615648906512,0.39244042889812486,0.4703211359925264,19,87,23,0.6490630970178701,-0.2044341522827901,False,-0.7952880872991425,-0.7552880872991424,0.0,0.7552880872991424,,,validation,,0.44493109492902344,0.8512236537785118,0.4062925588494884,-0.8178278663975544,0.0,0.8178278663975544,True
~asp_mercury_moon_trine_orb1 & asp_neptune_uranus_conj_orb5,2,4,-0.26851822524685814,-0.22851822524685816,0.28183927432091294,0.46675379331650696,0.5067537933165069,0.8991942222146317,0.39244042889812486,0.46675379331650696,5,130,11,0.6439943017809857,-0.2044341522827901,False,-0.7952880872991425,-0.7552880872991424,0.0,0.7552880872991424,,,validation,,0.19937890480082837,0.6056714636503168,0.4062925588494884,-0.8178278663975544,0.0,0.8178278663975544,True
asp_pluto_uranus_sextile_orb3 & ~venus_sign_sagittarius,2,4,-0.5409918727073921,-0.5009918727073921,0.009365626860379055,0.4666430397629476,0.5066430397629476,0.8990834686610724,0.39244042889812486,0.4666430397629476,7,262,9,0.6438369364726115,-0.2044341522827901,False,-0.7952880872991425,-0.7552880872991424,0.0,0.7552880872991424,,,validation,,0.43629625245371234,0.8425888113032007,0.4062925588494884,-0.8178278663975544,0.0,0.8178278663975544,True
asp_pluto_uranus_sextile_orb3 & ~mercury_sign_aries,2,4,-0.5349794574561019,-0.49497945745610183,0.015378042111669273,0.46612847719459,0.50612847719459,0.8985689060927148,0.39244042889812486,0.46612847719459,7,238,11,0.6431058174903119,-0.2044341522827901,False,-0.7952880872991425,-0.7552880872991424,0.0,0.7552880872991424,,,validation,,0.397945050369441,0.8042376092189294,0.4062925588494884,-0.8178278663975544,0.0,0.8178278663975544,True
~asp_mercury_uranus_square_orb1 & asp_pluto_uranus_sextile_orb3,2,4,-0.5530362045100778,-0.5130362045100778,-0.002678704942306698,0.4661109481141466,0.5061109481141466,0.8985513770122714,0.39244042889812486,0.4661109481141466,8,250,11,0.6430809112735845,-0.2044341522827901,False,-0.7952880872991425,-0.7552880872991424,0.0,0.7552880872991424,,,validation,,0.4381799960771871,0.8444725549266755,0.4062925588494884,-0.8178278663975544,0.0,0.8178278663975544,True
~asp_neptune_sun_trine_orb1 & asp_neptune_uranus_conj_orb5,2,4,-0.29055536579057023,-0.25055536579057025,0.25980213377720085,0.4655985336436948,0.5055985336436948,0.8980389625418197,0.39244042889812486,0.4655985336436948,3,93,12,0.6423528485777814,-0.2044341522827901,False,-0.7952880872991425,-0.7552880872991424,0.0,0.7552880872991424,,,validation,,0.14536018261355305,0.5516527414630414,0.4062925588494884,-0.8178278663975544,0.0,0.8178278663975544,True
~asp_pluto_sun_trine_orb5 & asp_pluto_uranus_sextile_orb3,2,4,-0.5611266157802242,-0.5211266157802241,-0.010769116212452997,0.46430430693617103,0.504304306936171,0.8967447358342958,0.39244042889812486,0.46430430693617103,9,164,14,0.6405139679232215,-0.2044341522827901,False,-0.7952880872991425,-0.7552880872991424,0.0,0.7552880872991424,,,validation,,0.46346920395148566,0.8697617628009741,0.4062925588494884,-0.8178278663975544,0.0,0.8178278663975544,True
asp_pluto_uranus_sextile_orb3 & ~sun_sign_aries,2,4,-0.36518955128171443,-0.32518955128171445,0.18516794828605662,0.46294480312126113,0.5029448031212611,0.8953852320193859,0.39244042889812486,0.46294480312126113,6,232,9,0.6385823668236332,-0.2044341522827901,False,-0.7952880872991425,-0.7552880872991424,0.0,0.7552880872991424,,,validation,,0.37738730008628124,0.7836798589357696,0.4062925588494884,-0.8178278663975544,0.0,0.8178278663975544,True
asp_neptune_uranus_conj_orb5 & ~asp_sun_uranus_trine_orb5,2,4,-0.2579488844391928,-0.2179488844391928,0.2924086151285783,0.4624226939696217,0.5024226939696217,0.8948631228677466,0.39244042889812486,0.4624226939696217,3,94,12,0.6378405546650014,-0.2044341522827901,False,-0.7952880872991425,-0.7552880872991424,0.0,0.7552880872991424,,,validation,,0.1795289298416391,0.5858214886911275,0.4062925588494884,-0.8178278663975544,0.0,0.8178278663975544,True
asp_pluto_uranus_sextile_orb3 & ~mars_ingress_5d,2,4,-0.5568944084155368,-0.5168944084155368,-0.006536908847765737,0.46115599029447313,0.5011559902944731,0.893596419192598,0.39244042889812486,0.46115599029447313,25,74,33,0.6360408405572751,-0.2044341522827901,False,-0.7952880872991425,-0.7552880872991424,0.0,0.7552880872991424,,,validation,,0.5584855441125158,0.9647781029620043,0.4062925588494884,-0.8178278663975544,0.0,0.8178278663975544,True
~asp_mercury_uranus_square_orb3 & asp_pluto_uranus_sextile_orb3,2,4,-0.6033909314409073,-0.5633909314409072,-0.0530334318731361,0.45979211389098573,0.4997921138909857,0.8922325427891106,0.39244042889812486,0.45979211389098573,10,138,14,0.6341030920601429,-0.2044341522827901,False,-0.7952880872991425,-0.7552880872991424,0.0,0.7552880872991424,,,validation,,0.44503644970095496,0.8513290085504434,0.4062925588494884,-0.8178278663975544,0.0,0.8178278663975544,True
~asp_mars_sun_square_orb5 & asp_pluto_uranus_sextile_orb3,2,4,-0.47824436442218793,-0.43824436442218795,0.07211313514558317,0.45709818789767687,0.49709818789767685,0.8895386167958017,0.39244042889812486,0.45709818789767687,7,254,9,0.6302757377592549,-0.2044341522827901,False,-0.7952880872991425,-0.7552880872991424,0.0,0.7552880872991424,,,validation,,0.39663320163807964,0.802925760487568,0.4062925588494884,-0.8178278663975544,0.0,0.8178278663975544,True
asp_pluto_uranus_sextile_orb3 & ~asp_saturn_sun_sextile_orb3,2,4,-0.5389207435268799,-0.4989207435268799,0.011436756040891246,0.4548819288694359,0.4948819288694359,0.8873223577675607,0.39244042889812486,0.4548819288694359,9,163,13,0.6271271036758661,-0.2044341522827901,False,-0.7952880872991425,-0.7552880872991424,0.0,0.7552880872991424,,,validation,,0.40928928660197356,0.815581845451462,0.4062925588494884,-0.8178278663975544,0.0,0.8178278663975544,True
asp_pluto_uranus_sextile_orb3 & ~asp_uranus_venus_sextile_orb5,2,4,-0.5417836851876324,-0.5017836851876324,0.008573814380138716,0.45425143266994106,0.49425143266994104,0.8866918615680659,0.39244042889812486,0.45425143266994106,11,211,13,0.6262313727031761,-0.2044341522827901,False,-0.7952880872991425,-0.7552880872991424,0.0,0.7552880872991424,,,validation,,0.42139640777158854,0.8276889666210769,0.4062925588494884,-0.8178278663975544,0.0,0.8178278663975544,True
~asp_mars_sun_square_orb3 & asp_pluto_uranus_sextile_orb3,2,4,-0.5360798783665481,-0.49607987836654815,0.014277621201222942,0.45395862227180483,0.4939586222718048,0.8863990511699297,0.39244042889812486,0.45395862227180483,7,256,9,0.6258153859607984,-0.2044341522827901,False,-0.7952880872991425,-0.7552880872991424,0.0,0.7552880872991424,,,validation,,0.41523828555631165,0.8215308444058,0.4062925588494884,-0.8178278663975544,0.0,0.8178278663975544,True
asp_pluto_uranus_sextile_orb3 & ~asp_pluto_venus_opp_orb3,2,4,-0.5412181794928532,-0.5012181794928532,0.009139320074917938,0.4524318335352673,0.49243183353526726,0.8848722624333921,0.39244042889812486,0.4524318335352673,6,255,10,0.6236463449652672,-0.2044341522827901,False,-0.7952880872991425,-0.7552880872991424,0.0,0.7552880872991424,,,validation,,0.3920082634775635,0.7983008223270519,0.4062925588494884,-0.8178278663975544,0.0,0.8178278663975544,True
~asp_jupiter_moon_square_orb1 & asp_pluto_uranus_sextile_orb3,2,4,-0.5455931800074738,-0.5055931800074738,0.004764319560297308,0.4523164285970538,0.49231642859705377,0.8847568574951786,0.39244042889812486,0.4523164285970538,15,151,17,0.6234823957151501,-0.2044341522827901,False,-0.7952880872991425,-0.7552880872991424,0.0,0.7552880872991424,,,validation,,0.42840644397318767,0.8346990028226761,0.4062925588494884,-0.8178278663975544,0.0,0.8178278663975544,True
~asp_moon_venus_trine_orb3 & asp_neptune_uranus_conj_orb5,2,4,-0.36039398282760093,-0.32039398282760095,0.18996351674017015,0.4500241014025882,0.4900241014025882,0.882464530300713,0.39244042889812486,0.4500241014025882,7,75,48,0.6202258578863975,-0.2044341522827901,False,-0.7952880872991425,-0.7552880872991424,0.0,0.7552880872991424,,,validation,,0.18797907354945148,0.5942716323989399,0.4062925588494884,-0.8178278663975544,0.0,0.8178278663975544,True
asp_jupiter_saturn_square_orb5 & ~jupiter_retro,2,4,-0.26848568391319033,-0.22848568391319035,0.28187181565458075,0.44881177040302045,0.48881177040302043,0.8812521993011453,0.39244042889812486,0.44881177040302045,6,98,10,0.6069733730146176,0.40195502596736027,True,-0.7391445878620265,-0.6991445878620265,0.05614349943711596,0.7552880872991424,0.004759904801903962,50000.0,validation,,0.28598716247631834,0.6922797213258067,0.4062925588494884,-0.7619208200360368,0.055907046361517665,0.8178278663975544,True
~asp_jupiter_moon_square_orb3 & asp_pluto_uranus_sextile_orb3,2,4,-0.5424576168924041,-0.5024576168924041,0.007899882675367016,0.44853007100942843,0.4885300710094284,0.8809704999075533,0.39244042889812486,0.44853007100942843,30,76,35,0.6181034429957353,-0.2044341522827901,False,-0.7952880872991425,-0.7552880872991424,0.0,0.7552880872991424,,,validation,,0.40801090172701376,0.8143034605765022,0.4062925588494884,-0.8178278663975544,0.0,0.8178278663975544,True
~asp_mars_neptune_trine_orb1 & asp_pluto_uranus_sextile_orb3,2,4,-0.5141705669950442,-0.4741705669950441,0.036186932572726996,0.44761616784835023,0.4876161678483502,0.8800565967464751,0.39244042889812486,0.44761616784835023,8,266,11,0.616805171483358,-0.2044341522827901,False,-0.7952880872991425,-0.7552880872991424,0.0,0.7552880872991424,,,validation,,0.4147073503114221,0.8209999091609105,0.4062925588494884,-0.8178278663975544,0.0,0.8178278663975544,True
~asp_mars_neptune_square_orb5 & asp_pluto_uranus_sextile_orb3,2,4,-0.6073626212299045,-0.5673626212299044,-0.05700512166213335,0.44693032865388016,0.48693032865388014,0.879370757552005,0.39244042889812486,0.44693032865388016,6,237,9,0.6158308910137889,-0.2044341522827901,False,-0.7952880872991425,-0.7552880872991424,0.0,0.7552880872991424,,,validation,,0.4209910450529651,0.8272836039024535,0.4062925588494884,-0.8178278663975544,0.0,0.8178278663975544,True
asp_pluto_uranus_sextile_orb3 & ~asp_pluto_venus_sextile_orb1,2,4,-0.534450604289745,-0.49445060428974497,0.015906895278026127,0.44542192229738675,0.48542192229738673,0.8778623511955116,0.39244042889812486,0.44542192229738675,10,215,13,0.613688123532744,-0.2044341522827901,False,-0.7952880872991425,-0.7552880872991424,0.0,0.7552880872991424,,,validation,,0.4691850720136275,0.8754776308631159,0.4062925588494884,-0.8178278663975544,0.0,0.8178278663975544,True
asp_neptune_uranus_conj_orb5 & ~asp_pluto_sun_sextile_orb3,2,4,-0.22555288658498748,-0.18555288658498748,0.3248046129827836,0.4451986934748623,0.4851986934748623,0.8776391223729871,0.39244042889812486,0.4451986934748623,3,165,12,0.6133710185861783,-0.2044341522827901,False,-0.7952880872991425,-0.7552880872991424,0.0,0.7552880872991424,,,validation,,0.18265994092275156,0.58895249977224,0.4062925588494884,-0.8178278663975544,0.0,0.8178278663975544,True
~asp_jupiter_moon_square_orb1 & asp_neptune_uranus_conj_orb5,2,4,-0.3097743487560856,-0.26977434875608564,0.2405831508116855,0.4442764152539752,0.4842764152539752,0.8767168441521,0.39244042889812486,0.4442764152539752,4,173,15,0.6120608955153195,-0.2044341522827901,False,-0.7952880872991425,-0.7552880872991424,0.0,0.7552880872991424,,,validation,,0.186927868680218,0.5932204275297064,0.4062925588494884,-0.8178278663975544,0.0,0.8178278663975544,True
~asp_mercury_moon_square_orb1 & asp_neptune_uranus_conj_orb5,2,4,-0.27182593009233474,-0.23182593009233476,0.27853156947543634,0.44340896022683074,0.4834089602268307,0.8758493891249556,0.39244042889812486,0.44340896022683074,5,93,18,0.6108286619351135,-0.2044341522827901,False,-0.7952880872991425,-0.7552880872991424,0.0,0.7552880872991424,,,validation,,0.20361242229049697,0.6099049811399854,0.4062925588494884,-0.8178278663975544,0.0,0.8178278663975544,True
asp_neptune_uranus_conj_orb5 & ~venus_sign_leo,2,4,-0.15580274346545794,-0.11580274346545794,0.39455475610231316,0.44306363798519344,0.4830636379851934,0.8755040668833183,0.39244042889812486,0.44306363798519344,2,145,8,0.6103381293438588,-0.2044341522827901,False,-0.7952880872991425,-0.7552880872991424,0.0,0.7552880872991424,,,validation,,0.09777701467273042,0.5040695735222188,0.4062925588494884,-0.8178278663975544,0.0,0.8178278663975544,True
~asp_moon_saturn_trine_orb1 & asp_neptune_uranus_conj_orb5,2,4,-0.21640385423237848,-0.17640385423237848,0.3339536453353926,0.4426451651332659,0.4826451651332659,0.8750855940313907,0.39244042889812486,0.4426451651332659,2,206,14,0.6097436881874092,-0.2044341522827901,False,-0.7952880872991425,-0.7552880872991424,0.0,0.7552880872991424,,,validation,,0.15406034833344945,0.5603529071829378,0.4062925588494884,-0.8178278663975544,0.0,0.8178278663975544,True
asp_pluto_uranus_sextile_orb3 & ~sun_sign_sagittarius,2,4,-0.5409918727073921,-0.5009918727073921,0.009365626860379055,0.4422072910813212,0.48220729108132115,0.874647719979446,0.39244042889812486,0.4422072910813212,7,233,9,0.609121690388182,-0.2044341522827901,False,-0.7952880872991425,-0.7552880872991424,0.0,0.7552880872991424,,,validation,,0.4192919272343027,0.8255844860837911,0.4062925588494884,-0.8178278663975544,0.0,0.8178278663975544,True
asp_neptune_uranus_conj_orb5 & ~moon_sign_leo,2,4,-0.4468994664840809,-0.40689946648408093,0.10345803308369014,0.44209184027540793,0.4820918402754079,0.8745322691735328,0.39244042889812486,0.44209184027540793,14,37,62,0.6089576935966359,-0.2044341522827901,False,-0.7952880872991425,-0.7552880872991424,0.0,0.7552880872991424,,,validation,,0.2215353763633549,0.6278279352128433,0.4062925588494884,-0.8178278663975544,0.0,0.8178278663975544,True
asp_pluto_uranus_sextile_orb3,1,1,-0.5109918727073921,-0.5009918727073921,0.009365626860379055,0.4414721117257607,0.4514721117257607,0.8439125406238855,0.39244042889812486,0.4414721117257607,4,342,6,0.565469554739749,-0.2044341522827901,False,-0.7652880872991424,-0.7552880872991424,0.0,0.7552880872991424,,,validation,,0.39103458810964736,0.7973271469591358,0.4062925588494884,-0.8178278663975544,0.0,0.8178278663975544,True
asp_pluto_uranus_sextile_orb3 & ~asp_saturn_venus_sextile_orb5,2,4,-0.5594335541714901,-0.5194335541714901,-0.009076054603718959,0.44136899841157085,0.4813689984115708,0.8738094273096957,0.39244042889812486,0.44136899841157085,11,146,15,0.6079309079744957,-0.2044341522827901,False,-0.7952880872991425,-0.7552880872991424,0.0,0.7552880872991424,,,validation,,0.4248555457186152,0.8311481045681036,0.4062925588494884,-0.8178278663975544,0.0,0.8178278663975544,True
asp_pluto_uranus_sextile_orb3 & ~asp_saturn_sun_square_orb5,2,4,-0.6288150439205421,-0.5888150439205421,-0.07845754435277093,0.44099091166105686,0.48099091166105684,0.8734313405591817,0.39244042889812486,0.44099091166105686,10,130,14,0.6073938447133009,-0.2044341522827901,False,-0.7952880872991425,-0.7552880872991424,0.0,0.7552880872991424,,,validation,,0.43710307483300653,0.8433956336824949,0.4062925588494884,-0.8178278663975544,0.0,0.8178278663975544,True
asp_neptune_uranus_conj_orb5 & ~asp_uranus_venus_square_orb5,2,4,-0.21562530357550277,-0.17562530357550277,0.33473219599226833,0.439509707021181,0.47950970702118095,0.8719501359193058,0.39244042889812486,0.439509707021181,3,94,13,0.6052898490521053,-0.2044341522827901,False,-0.7952880872991425,-0.7552880872991424,0.0,0.7552880872991424,,,validation,,0.11226675457749152,0.5185593134269799,0.4062925588494884,-0.8178278663975544,0.0,0.8178278663975544,True
~asp_mars_neptune_square_orb3 & asp_pluto_uranus_sextile_orb3,2,4,-0.6287123067360362,-0.5887123067360361,-0.07835480716826508,0.43889568492625897,0.47889568492625895,0.8713361138243838,0.39244042889812486,0.43889568492625897,6,237,9,0.6044176632048384,-0.2044341522827901,False,-0.7952880872991425,-0.7552880872991424,0.0,0.7552880872991424,,,validation,,0.4385938980902006,0.844886456939689,0.4062925588494884,-0.8178278663975544,0.0,0.8178278663975544,True
asp_pluto_uranus_sextile_orb3 & ~asp_pluto_venus_opp_orb5,2,4,-0.5570379927499302,-0.5170379927499301,-0.006680493182158986,0.43884297065604705,0.47884297065604703,0.8712833995541719,0.39244042889812486,0.43884297065604705,6,253,10,0.6043427856373016,-0.2044341522827901,False,-0.7952880872991425,-0.7552880872991424,0.0,0.7552880872991424,,,validation,,0.3784664432428619,0.7847590020923503,0.4062925588494884,-0.8178278663975544,0.0,0.8178278663975544,True
~asp_mars_saturn_sextile_orb3 & asp_pluto_uranus_sextile_orb3,2,4,-0.564367470128713,-0.524367470128713,-0.014009970560941859,0.43870633078891885,0.47870633078891883,0.8711467596870437,0.39244042889812486,0.43870633078891885,7,201,10,0.6041486968116794,-0.2044341522827901,False,-0.7952880872991425,-0.7552880872991424,0.0,0.7552880872991424,,,validation,,0.4333706331984665,0.8396631920479549,0.4062925588494884,-0.8178278663975544,0.0,0.8178278663975544,True
~asp_moon_venus_conj_orb3 & asp_neptune_uranus_conj_orb5,2,4,-0.26218509377573,-0.22218509377573004,0.28817240579204106,0.43856776476247505,0.47856776476247503,0.8710081936605999,0.39244042889812486,0.43856776476247505,6,102,25,0.603951872272813,-0.2044341522827901,False,-0.7952880872991425,-0.7552880872991424,0.0,0.7552880872991424,,,validation,,0.18993840697893144,0.5962309658284198,0.4062925588494884,-0.8178278663975544,0.0,0.8178278663975544,True
~asp_moon_venus_conj_orb5 & asp_neptune_uranus_conj_orb5,2,4,-0.3036696568005065,-0.2636696568005065,0.24668784276726458,0.43856776476247505,0.47856776476247503,0.8710081936605999,0.39244042889812486,0.43856776476247505,6,102,43,0.603951872272813,-0.2044341522827901,False,-0.7952880872991425,-0.7552880872991424,0.0,0.7552880872991424,,,validation,,0.18993840697893144,0.5962309658284198,0.4062925588494884,-0.8178278663975544,0.0,0.8178278663975544,True
~asp_pluto_sun_trine_orb3 & asp_pluto_uranus_sextile_orb3,2,4,-0.5279865054100341,-0.4879865054100341,0.022370994157736995,0.4372800471306052,0.4772800471306052,0.86972047602873,0.39244042889812486,0.4372800471306052,9,166,14,0.6021227619486067,-0.2044341522827901,False,-0.7952880872991425,-0.7552880872991424,0.0,0.7552880872991424,,,validation,,0.42082149140442576,0.8271140502539142,0.4062925588494884,-0.8178278663975544,0.0,0.8178278663975544,True
~asp_mercury_uranus_sextile_orb1 & asp_pluto_uranus_sextile_orb3,2,4,-0.5253582037835484,-0.4853582037835483,0.024999295784222775,0.4369293529713607,0.4769293529713607,0.8693697818694855,0.39244042889812486,0.4369293529713607,11,201,14,0.6016246303467203,-0.2044341522827901,False,-0.7952880872991425,-0.7552880872991424,0.0,0.7552880872991424,,,validation,,0.4010135198937648,0.8073060787432532,0.4062925588494884,-0.8178278663975544,0.0,0.8178278663975544,True
asp_pluto_uranus_sextile_orb3 & ~asp_saturn_sun_conj_orb3,2,4,-0.5409918727073921,-0.5009918727073921,0.009365626860379055,0.43611842589651406,0.47611842589651404,0.8685588547946389,0.39244042889812486,0.43611842589651406,7,257,9,0.600472783484032,-0.2044341522827901,False,-0.7952880872991425,-0.7552880872991424,0.0,0.7552880872991424,,,validation,,0.41029544945413504,0.8165880083036234,0.4062925588494884,-0.8178278663975544,0.0,0.8178278663975544,True
~asp_moon_venus_square_orb3 & asp_pluto_uranus_sextile_orb3,2,4,-0.6587488790160186,-0.6187488790160186,-0.10839137944824748,0.43584149719348453,0.4758414971934845,0.8682819260916094,0.39244042889812486,0.43584149719348453,32,73,39,0.6000794341096813,-0.2044341522827901,False,-0.7952880872991425,-0.7552880872991424,0.0,0.7552880872991424,,,validation,,0.473149958643399,0.8794425174928874,0.4062925588494884,-0.8178278663975544,0.0,0.8178278663975544,True
~asp_jupiter_sun_square_orb1 & asp_pluto_uranus_sextile_orb3,2,4,-0.5807532299639444,-0.5407532299639444,-0.03039573039617331,0.4354756082661355,0.4754756082661355,0.8679160371642604,0.39244042889812486,0.4354756082661355,8,208,12,0.5995597274148454,-0.2044341522827901,False,-0.7952880872991425,-0.7552880872991424,0.0,0.7552880872991424,,,validation,,0.4124355290442752,0.8187280878937636,0.4062925588494884,-0.8178278663975544,0.0,0.8178278663975544,True
~asp_jupiter_venus_sextile_orb5 & asp_pluto_uranus_sextile_orb3,2,4,-0.5652937574418917,-0.5252937574418917,-0.014936257874120605,0.43492386353053025,0.47492386353053023,0.8673642924286551,0.39244042889812486,0.43492386353053025,11,220,14,0.5987760358412404,-0.2044341522827901,False,-0.7952880872991425,-0.7552880872991424,0.0,0.7552880872991424,,,validation,,0.3992879416167345,0.8055805004662229,0.4062925588494884,-0.8178278663975544,0.0,0.8178278663975544,True
~asp_mars_moon_trine_orb1 & asp_pluto_uranus_sextile_orb3,2,4,-0.575889147041396,-0.535889147041396,-0.025531647473624866,0.4348987007315761,0.4748987007315761,0.867339129629701,0.39244042889812486,0.4348987007315761,11,173,18,0.5987402950116556,-0.2044341522827901,False,-0.7952880872991425,-0.7552880872991424,0.0,0.7552880872991424,,,validation,,0.40165119666446786,0.8079437555139563,0.4062925588494884,-0.8178278663975544,0.0,0.8178278663975544,True
~asp_mercury_moon_square_orb3 & asp_neptune_uranus_conj_orb5,2,4,-0.30018548307190446,-0.2601854830719045,0.2501720164958666,0.434530739643219,0.47453073964321896,0.8669711685413438,0.39244042889812486,0.434530739643219,8,93,39,0.5982176501420764,-0.2044341522827901,False,-0.7952880872991425,-0.7552880872991424,0.0,0.7552880872991424,,,validation,,0.18442585526109206,0.5907184141105805,0.4062925588494884,-0.8178278663975544,0.0,0.8178278663975544,True
asp_neptune_uranus_conj_orb5 & ~mercury_sign_leo,2,4,-0.326835888238146,-0.28683588823814604,0.22352161132962506,0.43426427054677297,0.47426427054677295,0.8667046994448978,0.39244042889812486,0.43426427054677297,2,142,8,0.5978391637936651,-0.2044341522827901,False,-0.7952880872991425,-0.7552880872991424,0.0,0.7552880872991424,,,validation,,0.14263343668049006,0.5489259955299784,0.4062925588494884,-0.8178278663975544,0.0,0.8178278663975544,True
~asp_jupiter_sun_square_orb3 & asp_pluto_uranus_sextile_orb3,2,4,-0.6031013272920416,-0.5631013272920415,-0.052743827724270484,0.434222187253973,0.47422218725397297,0.8666626161520978,0.39244042889812486,0.434222187253973,10,130,14,0.5977793897838664,-0.2044341522827901,False,-0.7952880872991425,-0.7552880872991424,0.0,0.7552880872991424,,,validation,,0.3893564524914472,0.7956490113409356,0.4062925588494884,-0.8178278663975544,0.0,0.8178278663975544,True
~asp_mercury_sun_conj_orb3 & asp_pluto_uranus_sextile_orb3,2,4,-0.6376510178044763,-0.5976510178044763,-0.08729351823670514,0.4331590277281169,0.47315902772811685,0.8655994566262417,0.39244042889812486,0.4331590277281169,22,46,29,0.5962693143995761,-0.2044341522827901,False,-0.7952880872991425,-0.7552880872991424,0.0,0.7552880872991424,,,validation,,0.4244906070557573,0.8307831659052457,0.4062925588494884,-0.8178278663975544,0.0,0.8178278663975544,True
~asp_neptune_sun_opp_orb1 & asp_pluto_uranus_sextile_orb3,2,4,-0.5555700133669497,-0.5155700133669496,-0.005212513799178488,0.4321733463765729,0.4721733463765729,0.8646137752746977,0.39244042889812486,0.4321733463765729,6,184,10,0.5948693011885966,-0.2044341522827901,False,-0.7952880872991425,-0.7552880872991424,0.0,0.7552880872991424,,,validation,,0.4244252246859896,0.830717783535478,0.4062925588494884,-0.8178278663975544,0.0,0.8178278663975544,True
~asp_jupiter_mercury_opp_orb5 & asp_neptune_uranus_conj_orb5,2,4,-0.26057199857137964,-0.22057199857137966,0.28978550099639144,0.43169630373471035,0.47169630373471033,0.8641367326328352,0.39244042889812486,0.43169630373471035,3,142,8,0.594191738450049,-0.2044341522827901,False,-0.7952880872991425,-0.7552880872991424,0.0,0.7552880872991424,,,validation,,0.02344930625743835,0.42974186510692675,0.4062925588494884,-0.8178278663975544,0.0,0.8178278663975544,True
~asp_mars_neptune_square_orb1 & asp_pluto_uranus_sextile_orb3,2,4,-0.5409918727073921,-0.5009918727073921,0.009365626860379055,0.4316600465028314,0.4716600465028314,0.8641004754009562,0.39244042889812486,0.4316600465028314,7,240,9,0.5941402409903138,-0.2044341522827901,False,-0.7952880872991425,-0.7552880872991424,0.0,0.7552880872991424,,,validation,,0.4193075088799307,0.8256000677294191,0.4062925588494884,-0.8178278663975544,0.0,0.8178278663975544,True
~asp_mars_neptune_trine_orb3 & asp_pluto_uranus_sextile_orb3,2,4,-0.5042752728259214,-0.4642752728259214,0.04608222674184971,0.4312996043469489,0.4712996043469489,0.8637400332450738,0.39244042889812486,0.4312996043469489,9,140,12,0.5936282929883312,-0.2044341522827901,False,-0.7952880872991425,-0.7552880872991424,0.0,0.7552880872991424,,,validation,,0.3914333648904033,0.7977259237398917,0.4062925588494884,-0.8178278663975544,0.0,0.8178278663975544,True
~asp_pluto_sun_trine_orb1 & asp_pluto_uranus_sextile_orb3,2,4,-0.5116997327575108,-0.47169973275751076,0.038657766810260334,0.4304990659948126,0.47049906599481256,0.8629394948929374,0.39244042889812486,0.4304990659948126,9,169,14,0.5924912685048533,-0.2044341522827901,False,-0.7952880872991425,-0.7552880872991424,0.0,0.7552880872991424,,,validation,,0.41331544218517063,0.819608001034659,0.4062925588494884,-0.8178278663975544,0.0,0.8178278663975544,True
asp_neptune_uranus_conj_orb5 & ~asp_saturn_sun_square_orb5,2,4,-0.2444733000076559,-0.2044733000076559,0.3058841995601152,0.4304728478600608,0.47047284786006077,0.8629132767581856,0.39244042889812486,0.4304728478600608,3,117,12,0.5924540303962713,-0.2044341522827901,False,-0.7952880872991425,-0.7552880872991424,0.0,0.7552880872991424,,,validation,,0.18069817826868623,0.5869907371181746,0.4062925588494884,-0.8178278663975544,0.0,0.8178278663975544,True
asp_neptune_uranus_conj_orb5 & ~asp_saturn_venus_sextile_orb3,2,4,-0.261296763523776,-0.22129676352377603,0.28906073604399507,0.429117177789209,0.469117177789209,0.8615576066873338,0.39244042889812486,0.429117177789209,4,129,12,0.5905285604691946,-0.2044341522827901,False,-0.7952880872991425,-0.7552880872991424,0.0,0.7552880872991424,,,validation,,0.19578407281274596,0.6020766316622344,0.4062925588494884,-0.8178278663975544,0.0,0.8178278663975544,True
~asp_jupiter_venus_square_orb1 & asp_pluto_uranus_sextile_orb3,2,4,-0.5409918727073921,-0.5009918727073921,0.009365626860379055,0.4287313311852454,0.4687313311852454,0.8611717600833703,0.39244042889812486,0.4287313311852454,9,290,11,0.5899805441123303,-0.2044341522827901,False,-0.7952880872991425,-0.7552880872991424,0.0,0.7552880872991424,,,validation,,0.3907750185707965,0.7970675774202849,0.4062925588494884,-0.8178278663975544,0.0,0.8178278663975544,True
asp_pluto_uranus_sextile_orb3 & ~asp_saturn_sun_conj_orb5,2,4,-0.5409918727073921,-0.5009918727073921,0.009365626860379055,0.42695269158875837,0.46695269158875835,0.8593931204868832,0.39244042889812486,0.42695269158875837,7,253,9,0.5874543776559558,-0.2044341522827901,False,-0.7952880872991425,-0.7552880872991424,0.0,0.7552880872991424,,,validation,,0.3744770001565478,0.7807695590060362,0.4062925588494884,-0.8178278663975544,0.0,0.8178278663975544,True
~asp_neptune_sun_opp_orb5 & asp_pluto_uranus_sextile_orb3,2,4,-0.5889484807140863,-0.5489484807140863,-0.038590981146315165,0.42645266782491764,0.4664526678249176,0.8588930967230425,0.39244042889812486,0.42645266782491764,6,182,10,0.5867442121542124,-0.2044341522827901,False,-0.7952880872991425,-0.7552880872991424,0.0,0.7552880872991424,,,validation,,0.42763816803215465,0.833930726881643,0.4062925588494884,-0.8178278663975544,0.0,0.8178278663975544,True
asp_pluto_uranus_sextile_orb3 & ~asp_saturn_sun_sextile_orb5,2,4,-0.4354884572862134,-0.3954884572862134,0.11486904228155768,0.4262618346269782,0.4662618346269782,0.858702263525103,0.39244042889812486,0.4262618346269782,9,159,13,0.5864731796887384,-0.2044341522827901,False,-0.7952880872991425,-0.7552880872991424,0.0,0.7552880872991424,,,validation,,0.3703317203211078,0.7766242791705962,0.4062925588494884,-0.8178278663975544,0.0,0.8178278663975544,True
asp_neptune_uranus_conj_orb5 & ~asp_pluto_sun_sextile_orb5,2,4,-0.22549186451887007,-0.18549186451887006,0.32486563504890104,0.42614938094653687,0.46614938094653685,0.8585898098446617,0.39244042889812486,0.42614938094653687,3,162,12,0.5863134666451473,-0.2044341522827901,False,-0.7952880872991425,-0.7552880872991424,0.0,0.7552880872991424,,,validation,,0.20890518214404669,0.6151977409935351,0.4062925588494884,-0.8178278663975544,0.0,0.8178278663975544,True
asp_pluto_uranus_sextile_orb3 & ~asp_sun_uranus_sextile_orb1,2,4,-0.5660578962089633,-0.5260578962089633,-0.015700396641192143,0.4241337736413763,0.46413377364137626,0.8565742025395011,0.39244042889812486,0.4241337736413763,9,246,12,0.5834508189626497,-0.2044341522827901,False,-0.7952880872991425,-0.7552880872991424,0.0,0.7552880872991424,,,validation,,0.40842326236349397,0.8147158212129824,0.4062925588494884,-0.8178278663975544,0.0,0.8178278663975544,True
~asp_pluto_sun_square_orb5 & asp_pluto_uranus_sextile_orb3,2,4,-0.5873405546542654,-0.5473405546542653,-0.03698305508649428,0.42406187292008246,0.46406187292008244,0.8565023018182073,0.39244042889812486,0.42406187292008246,10,121,13,0.5833487037176315,-0.2044341522827901,False,-0.7952880872991425,-0.7552880872991424,0.0,0.7552880872991424,,,validation,,0.4086912927796706,0.814983851629159,0.4062925588494884,-0.8178278663975544,0.0,0.8178278663975544,True
asp_neptune_uranus_conj_orb5 & ~asp_pluto_sun_square_orb5,2,4,-0.2855769924581289,-0.24557699245812892,0.2647805071096422,0.42386757773886974,0.4638675777388697,0.8563080066369946,0.39244042889812486,0.42386757773886974,3,119,12,0.5830727611030404,-0.2044341522827901,False,-0.7952880872991425,-0.7552880872991424,0.0,0.7552880872991424,,,validation,,0.19821047227769933,0.6045030311271877,0.4062925588494884,-0.8178278663975544,0.0,0.8178278663975544,True
~asp_moon_saturn_square_orb1 & asp_pluto_uranus_sextile_orb3,2,4,-0.5202180921715153,-0.4802180921715153,0.03013940739625583,0.4232588799072342,0.4632588799072342,0.855699308805359,0.39244042889812486,0.4232588799072342,13,180,22,0.5822082775859272,-0.2044341522827901,False,-0.7952880872991425,-0.7552880872991424,0.0,0.7552880872991424,,,validation,,0.3694575260224337,0.7757500848719221,0.4062925588494884,-0.8178278663975544,0.0,0.8178278663975544,True
~asp_jupiter_sun_opp_orb5 & asp_pluto_uranus_sextile_orb3,2,4,-0.5432816951931528,-0.5032816951931528,0.007075804374618283,0.42317808133147916,0.46317808133147914,0.855618510229604,0.39244042889812486,0.42317808133147916,6,193,9,0.5820935264118934,-0.2044341522827901,False,-0.7952880872991425,-0.7552880872991424,0.0,0.7552880872991424,,,validation,,0.4013864752858957,0.8076790341353841,0.4062925588494884,-0.8178278663975544,0.0,0.8178278663975544,True
asp_neptune_uranus_conj_orb5 & ~mercury_sign_capricorn,2,4,-0.38573700970937813,-0.34573700970937815,0.16462048985839292,0.4231453438709004,0.4631453438709004,0.8555857727690253,0.39244042889812486,0.4231453438709004,2,235,8,0.5820470322772877,-0.2044341522827901,False,-0.7952880872991425,-0.7552880872991424,0.0,0.7552880872991424,,,validation,,0.13223764276297495,0.5385302016124633,0.4062925588494884,-0.8178278663975544,0.0,0.8178278663975544,True
~asp_jupiter_sun_opp_orb3 & asp_pluto_uranus_sextile_orb3,2,4,-0.5670701563296061,-0.5270701563296061,-0.016712656761834963,0.42302899267738536,0.46302899267738534,0.8554694215755102,0.39244042889812486,0.42302899267738536,6,194,9,0.5818817890410422,-0.2044341522827901,False,-0.7952880872991425,-0.7552880872991424,0.0,0.7552880872991424,,,validation,,0.39717062167982237,0.8034631805293108,0.4062925588494884,-0.8178278663975544,0.0,0.8178278663975544,True
~asp_mars_saturn_trine_orb5 & asp_pluto_uranus_sextile_orb3,2,4,-0.5563255615597135,-0.5163255615597134,-0.005968061991942362,0.4227081968822439,0.4627081968822439,0.8551486257803688,0.39244042889812486,0.4227081968822439,7,193,10,0.5814261923651669,-0.2044341522827901,False,-0.7952880872991425,-0.7552880872991424,0.0,0.7552880872991424,,,validation,,0.4240353560560755,0.8303279149055639,0.4062925588494884,-0.8178278663975544,0.0,0.8178278663975544,True
~asp_jupiter_mercury_trine_orb3 & asp_pluto_uranus_sextile_orb3,2,4,-0.3621904924176746,-0.3221904924176746,0.18816700715009652,0.4227038313802769,0.4627038313802769,0.8551442602784017,0.39244042889812486,0.4227038313802769,11,169,18,0.5814199924557164,-0.2044341522827901,False,-0.7952880872991425,-0.7552880872991424,0.0,0.7552880872991424,,,validation,,0.3503798889194449,0.7566724477689333,0.4062925588494884,-0.8178278663975544,0.0,0.8178278663975544,True
asp_pluto_uranus_sextile_orb3 & ~asp_sun_uranus_trine_orb5,2,4,-0.5901492980745414,-0.5501492980745414,-0.03979179850677023,0.4226971395206378,0.4626971395206378,0.8551375684187627,0.39244042889812486,0.4226971395206378,9,135,13,0.5814104886410834,-0.2044341522827901,False,-0.7952880872991425,-0.7552880872991424,0.0,0.7552880872991424,,,validation,,0.42904401606630377,0.8353365749157922,0.4062925588494884,-0.8178278663975544,0.0,0.8178278663975544,True
~asp_pluto_sun_opp_orb5 & asp_pluto_uranus_sextile_orb3,2,4,-0.6482821320824151,-0.6082821320824151,-0.09792463251464402,0.42186096747346025,0.4618609674734602,0.8543013963715851,0.39244042889812486,0.42186096747346025,6,222,10,0.5802229577639897,-0.2044341522827901,False,-0.7952880872991425,-0.7552880872991424,0.0,0.7552880872991424,,,validation,,0.3932865852642207,0.7995791441137091,0.4062925588494884,-0.8178278663975544,0.0,0.8178278663975544,True
asp_neptune_uranus_conj_orb5 & ~asp_saturn_venus_square_orb3,2,4,-0.24681623287522683,-0.20681623287522682,0.3035412666925443,0.42165965353868406,0.46165965353868404,0.8541000824368089,0.39244042889812486,0.42165965353868406,4,110,12,0.5799370533872814,-0.2044341522827901,False,-0.7952880872991425,-0.7552880872991424,0.0,0.7552880872991424,,,validation,,0.14881436703678358,0.555106925886272,0.4062925588494884,-0.8178278663975544,0.0,0.8178278663975544,True
asp_pluto_uranus_sextile_orb3 & ~jupiter_ingress_1d,2,4,-0.5409918727073921,-0.5009918727073921,0.009365626860379055,0.42100967523257826,0.46100967523257824,0.8534501041307031,0.39244042889812486,0.42100967523257826,7,265,9,0.5790139636070317,-0.2044341522827901,False,-0.7952880872991425,-0.7552880872991424,0.0,0.7552880872991424,,,validation,,0.4045251304252901,0.8108176892747785,0.4062925588494884,-0.8178278663975544,0.0,0.8178278663975544,True
asp_neptune_uranus_conj_orb5 & ~asp_neptune_venus_trine_orb1,2,4,-0.24928385268830752,-0.20928385268830751,0.3010736468794636,0.4209901420240957,0.46099014202409566,0.8534305709222205,0.39244042889812486,0.4209901420240957,2,155,8,0.5789862229218101,-0.2044341522827901,False,-0.7952880872991425,-0.7552880872991424,0.0,0.7552880872991424,,,validation,,0.13286545100961872,0.5391580098591071,0.4062925588494884,-0.8178278663975544,0.0,0.8178278663975544,True
~asp_mercury_venus_conj_orb3 & asp_neptune_uranus_conj_orb5,2,4,-0.27143065308719766,-0.23143065308719768,0.2789268464805734,0.4209533319612212,0.4609533319612212,0.853393760859346,0.39244042889812486,0.4209533319612212,4,115,15,0.5789339459968539,-0.2044341522827901,False,-0.7952880872991425,-0.7552880872991424,0.0,0.7552880872991424,,,validation,,0.18978731193830684,0.5960798707877952,0.4062925588494884,-0.8178278663975544,0.0,0.8178278663975544,True
asp_neptune_uranus_conj_orb5 & ~asp_neptune_venus_trine_orb3,2,4,-0.3036380939993805,-0.26363809399938054,0.24671940556839053,0.42085592377572245,0.46085592377572243,0.8532963526738473,0.39244042889812486,0.42085592377572245,3,106,12,0.5787956089084865,-0.2044341522827901,False,-0.7952880872991425,-0.7552880872991424,0.0,0.7552880872991424,,,validation,,0.11908398358403954,0.5253765424335279,0.4062925588494884,-0.8178278663975544,0.0,0.8178278663975544,True
~asp_moon_venus_trine_orb5 & asp_pluto_uranus_sextile_orb3,2,4,-0.6066882963736274,-0.5666882963736274,-0.05633079680585626,0.42069134935010344,0.4606913493501034,0.8531317782482283,0.39244042889812486,0.42069134935010344,56,54,69,0.5785618840284485,-0.2044341522827901,False,-0.7952880872991425,-0.7552880872991424,0.0,0.7552880872991424,,,validation,,0.39790925865464194,0.8042018175041303,0.4062925588494884,-0.8178278663975544,0.0,0.8178278663975544,True
~asp_moon_uranus_square_orb1 & asp_pluto_uranus_sextile_orb3,2,4,-0.5605247926039618,-0.5205247926039618,-0.010167293036190654,0.42041825065286065,0.46041825065286063,0.8528586795509855,0.39244042889812486,0.42041825065286065,15,226,20,0.5781740362951084,-0.2044341522827901,False,-0.7952880872991425,-0.7552880872991424,0.0,0.7552880872991424,,,validation,,0.39396861954080337,0.8002611783902918,0.4062925588494884,-0.8178278663975544,0.0,0.8178278663975544,True
~asp_neptune_venus_square_orb1 & asp_pluto_uranus_sextile_orb3,2,4,-0.5408132321479162,-0.5008132321479162,0.009544267419854941,0.4202167968222472,0.4602167968222472,0.8526572257203721,0.39244042889812486,0.4202167968222472,8,243,12,0.5778879374468355,-0.2044341522827901,False,-0.7952880872991425,-0.7552880872991424,0.0,0.7552880872991424,,,validation,,0.3786792595945611,0.7849718184440495,0.4062925588494884,-0.8178278663975544,0.0,0.8178278663975544,True
asp_neptune_uranus_conj_orb5 & ~venus_sign_aquarius,2,4,-0.2797453349744765,-0.23974533497447653,0.27061216459329457,0.41940599805738343,0.4594059980573834,0.8518464269555083,0.39244042889812486,0.41940599805738343,3,188,8,0.5767364706473104,-0.2044341522827901,False,-0.7952880872991425,-0.7552880872991424,0.0,0.7552880872991424,,,validation,,0.21948643189213596,0.6257789907416244,0.4062925588494884,-0.8178278663975544,0.0,0.8178278663975544,True
~asp_jupiter_venus_square_orb3 & asp_pluto_uranus_sextile_orb3,2,4,-0.5171888614777486,-0.4771888614777485,0.033168638090022545,0.41888887700939437,0.45888887700939435,0.8513293059075192,0.39244042889812486,0.41888887700939437,10,183,13,0.5760020791786622,-0.2044341522827901,False,-0.7952880872991425,-0.7552880872991424,0.0,0.7552880872991424,,,validation,,0.33461788227844086,0.7409104411279293,0.4062925588494884,-0.8178278663975544,0.0,0.8178278663975544,True
~asp_mercury_neptune_opp_orb5 & asp_pluto_uranus_sextile_orb3,2,4,-0.5730157064746466,-0.5330157064746466,-0.022658206906875422,0.4186413412962484,0.4586413412962484,0.8510817701943733,0.39244042889812486,0.4186413412962484,6,187,10,0.5756505417389612,-0.2044341522827901,False,-0.7952880872991425,-0.7552880872991424,0.0,0.7552880872991424,,,validation,,0.3848066539143367,0.7910992127638251,0.4062925588494884,-0.8178278663975544,0.0,0.8178278663975544,True
~asp_jupiter_mercury_trine_orb3 & asp_neptune_uranus_conj_orb5,2,4,-0.19037930502887326,-0.15037930502887326,0.35997819453889784,0.4182529158154322,0.4582529158154322,0.8506933447135571,0.39244042889812486,0.4182529158154322,3,118,13,0.5750989217079481,-0.2044341522827901,False,-0.7952880872991425,-0.7552880872991424,0.0,0.7552880872991424,,,validation,,0.13543767261095369,0.5417302314604421,0.4062925588494884,-0.8178278663975544,0.0,0.8178278663975544,True
~asp_moon_saturn_opp_orb3 & asp_neptune_uranus_conj_orb5,2,4,-0.261014009889958,-0.221014009889958,0.2893434896778131,0.4179664565520482,0.4579664565520482,0.8504068854501731,0.39244042889812486,0.4179664565520482,6,77,21,0.5746921097611704,-0.2044341522827901,False,-0.7952880872991425,-0.7552880872991424,0.0,0.7552880872991424,,,validation,,0.16667346836724167,0.5729660272167301,0.4062925588494884,-0.8178278663975544,0.0,0.8178278663975544,True
~asp_neptune_sun_trine_orb3 & asp_neptune_uranus_conj_orb5,2,4,-0.28075302866569246,-0.24075302866569248,0.2696044709020786,0.41759464652581957,0.45759464652581955,0.8500350754239444,0.39244042889812486,0.41759464652581957,3,92,12,0.5741640896397693,-0.2044341522827901,False,-0.7952880872991425,-0.7552880872991424,0.0,0.7552880872991424,,,validation,,0.13530128454404639,0.5415938433935348,0.4062925588494884,-0.8178278663975544,0.0,0.8178278663975544,True
asp_neptune_uranus_conj_orb5 & ~asp_sun_uranus_square_orb5,2,4,-0.25233141112541013,-0.21233141112541015,0.29802608844236095,0.4175886886998639,0.45758868869986385,0.8500291175979887,0.39244042889812486,0.4175886886998639,3,120,12,0.5741556287438017,-0.2044341522827901,False,-0.7952880872991425,-0.7552880872991424,0.0,0.7552880872991424,,,validation,,0.1337013162052581,0.5399938750547465,0.4062925588494884,-0.8178278663975544,0.0,0.8178278663975544,True
asp_pluto_uranus_sextile_orb3 & ~asp_pluto_venus_sextile_orb3,2,4,-0.529353110420786,-0.48935311042078605,0.021004389146985037,0.4174609006682757,0.45746090066827566,0.8499013295664005,0.39244042889812486,0.4174609006682757,11,214,14,0.5739741530653755,-0.2044341522827901,False,-0.7952880872991425,-0.7552880872991424,0.0,0.7552880872991424,,,validation,,0.4537365778204227,0.8600291366699111,0.4062925588494884,-0.8178278663975544,0.0,0.8178278663975544,True
~asp_moon_saturn_opp_orb5 & asp_neptune_uranus_conj_orb5,2,4,-0.30954300520721034,-0.26954300520721036,0.24081449436056074,0.41714595785287545,0.45714595785287543,0.8495863867510003,0.39244042889812486,0.41714595785287545,9,77,35,0.5735268941791096,-0.2044341522827901,False,-0.7952880872991425,-0.7552880872991424,0.0,0.7552880872991424,,,validation,,0.19102752981287513,0.5973200886623635,0.4062925588494884,-0.8178278663975544,0.0,0.8178278663975544,True
asp_pluto_uranus_sextile_orb3 & ~asp_saturn_sun_sextile_orb1,2,4,-0.5409918727073921,-0.5009918727073921,0.009365626860379055,0.41679596422048293,0.4567959642204829,0.8492363931186078,0.39244042889812486,0.41679596422048293,7,260,9,0.5730298603477353,-0.2044341522827901,False,-0.7952880872991425,-0.7552880872991424,0.0,0.7552880872991424,,,validation,,0.3814669444553705,0.7877595033048589,0.4062925588494884,-0.8178278663975544,0.0,0.8178278663975544,True
~asp_mercury_uranus_sextile_orb1 & asp_neptune_uranus_conj_orb5,2,4,-0.27485619598136196,-0.23485619598136198,0.2755013035864091,0.41641976392992064,0.4564197639299206,0.8488601928280455,0.39244042889812486,0.41641976392992064,2,225,11,0.5724956118188111,-0.2044341522827901,False,-0.7952880872991425,-0.7552880872991424,0.0,0.7552880872991424,,,validation,,0.1441642347593423,0.5504567936088307,0.4062925588494884,-0.8178278663975544,0.0,0.8178278663975544,True
~asp_jupiter_moon_opp_orb5 & asp_pluto_uranus_sextile_orb3,2,4,-0.5764606436474965,-0.5364606436474965,-0.026103144079725315,0.41601585261419616,0.45601585261419614,0.848456281512321,0.39244042889812486,0.41601585261419616,33,94,38,0.5719220126525568,-0.2044341522827901,False,-0.7952880872991425,-0.7552880872991424,0.0,0.7552880872991424,,,validation,,0.41466614187337275,0.8209587007228611,0.4062925588494884,-0.8178278663975544,0.0,0.8178278663975544,True
~asp_pluto_sun_conj_orb3 & asp_pluto_uranus_sextile_orb3,2,4,-0.5409918727073921,-0.5009918727073921,0.009365626860379055,0.41582528724288403,0.455825287242884,0.8482657161410089,0.39244042889812486,0.41582528724288403,7,246,9,0.5716513893631987,-0.2044341522827901,False,-0.7952880872991425,-0.7552880872991424,0.0,0.7552880872991424,,,validation,,0.38873447222731256,0.795027031076801,0.4062925588494884,-0.8178278663975544,0.0,0.8178278663975544,True
~asp_neptune_venus_trine_orb5 & asp_pluto_uranus_sextile_orb3,2,4,-0.6615295945394788,-0.6215295945394788,-0.11117209497170763,0.4154692882205585,0.4554692882205585,0.8479097171186833,0.39244042889812486,0.4154692882205585,8,140,13,0.5711458339253093,-0.2044341522827901,False,-0.7952880872991425,-0.7552880872991424,0.0,0.7552880872991424,,,validation,,0.3948311635598771,0.8011237224093655,0.4062925588494884,-0.8178278663975544,0.0,0.8178278663975544,True
~asp_moon_neptune_trine_orb3 & asp_neptune_uranus_conj_orb5,2,4,-0.3145081750212299,-0.2745081750212299,0.23584932454654114,0.41495646625070104,0.454956466250701,0.8473968951488259,0.39244042889812486,0.41495646625070104,11,73,44,0.570417576882642,-0.2044341522827901,False,-0.7952880872991425,-0.7552880872991424,0.0,0.7552880872991424,,,validation,,0.20246607279300638,0.6087586316424948,0.4062925588494884,-0.8178278663975544,0.0,0.8178278663975544,True
~asp_neptune_sun_opp_orb3 & asp_pluto_uranus_sextile_orb3,2,4,-0.5963618277638222,-0.5563618277638221,-0.046004328196051,0.4146700919803108,0.4546700919803108,0.8471105208784356,0.39244042889812486,0.4146700919803108,6,184,10,0.5700108992282285,-0.2044341522827901,False,-0.7952880872991425,-0.7552880872991424,0.0,0.7552880872991424,,,validation,,0.41081204964657464,0.817104608496063,0.4062925588494884,-0.8178278663975544,0.0,0.8178278663975544,True
~asp_jupiter_mercury_trine_orb1 & asp_neptune_uranus_conj_orb5,2,4,-0.20909941366650628,-0.16909941366650627,0.34125808590126483,0.41414397456152685,0.45414397456152683,0.8465844034596517,0.39244042889812486,0.41414397456152685,3,118,12,0.5692637674474574,-0.2044341522827901,False,-0.7952880872991425,-0.7552880872991424,0.0,0.7552880872991424,,,validation,,0.13326639657851852,0.5395589554280069,0.4062925588494884,-0.8178278663975544,0.0,0.8178278663975544,True
asp_neptune_uranus_conj_orb5 & ~asp_saturn_venus_sextile_orb1,2,4,-0.24240038041433445,-0.20240038041433445,0.30795711915343665,0.4140053069501354,0.45400530695013536,0.8464457358482602,0.39244042889812486,0.4140053069501354,4,131,11,0.5690668482284162,-0.2044341522827901,False,-0.7952880872991425,-0.7552880872991424,0.0,0.7552880872991424,,,validation,,0.14557132443573,0.5518638832852184,0.4062925588494884,-0.8178278663975544,0.0,0.8178278663975544,True
asp_pluto_uranus_sextile_orb3 & ~asp_sun_uranus_square_orb5,2,4,-0.5286665701507315,-0.4886665701507315,0.021690929417039612,0.4138062817176319,0.4538062817176319,0.8462467106157567,0.39244042889812486,0.4138062817176319,10,121,13,0.5687842167900237,-0.2044341522827901,False,-0.7952880872991425,-0.7552880872991424,0.0,0.7552880872991424,,,validation,,0.35681807526239234,0.7631106341118807,0.4062925588494884,-0.8178278663975544,0.0,0.8178278663975544,True
asp_neptune_uranus_conj_orb5 & ~asp_saturn_venus_trine_orb1,2,4,-0.23532227000865805,-0.19532227000865804,0.31503522955911306,0.4137612442859743,0.45376124428597425,0.8462016731840991,0.39244042889812486,0.4137612442859743,3,140,11,0.5687202601839583,-0.2044341522827901,False,-0.7952880872991425,-0.7552880872991424,0.0,0.7552880872991424,,,validation,,0.1144630618251184,0.5207556206746068,0.4062925588494884,-0.8178278663975544,0.0,0.8178278663975544,True
~asp_mars_saturn_sextile_orb1 & asp_pluto_uranus_sextile_orb3,2,4,-0.5566693033727809,-0.5166693033727808,-0.006311803805009681,0.41366473214658395,0.4536647321465839,0.8461051610447088,0.39244042889812486,0.41366473214658395,7,203,10,0.5685832056442606,-0.2044341522827901,False,-0.7952880872991425,-0.7552880872991424,0.0,0.7552880872991424,,,validation,,0.3893415990663643,0.7956341579158527,0.4062925588494884,-0.8178278663975544,0.0,0.8178278663975544,True
~asp_neptune_venus_trine_orb1 & asp_pluto_uranus_sextile_orb3,2,4,-0.5775754883841713,-0.5375754883841712,-0.02721798881640012,0.41335302284184483,0.4533530228418448,0.8457934517399697,0.39244042889812486,0.41335302284184483,7,144,10,0.5681405557615395,-0.2044341522827901,False,-0.7952880872991425,-0.7552880872991424,0.0,0.7552880872991424,,,validation,,0.3853779613109772,0.7916705201604656,0.4062925588494884,-0.8178278663975544,0.0,0.8178278663975544,True
~asp_moon_venus_trine_orb3 & asp_pluto_uranus_sextile_orb3,2,4,-0.5467715709089815,-0.5067715709089815,0.003585928658789589,0.4131633796557588,0.45316337965575876,0.8456038085538836,0.39244042889812486,0.4131633796557588,30,67,39,0.5678712493268228,-0.2044341522827901,False,-0.7952880872991425,-0.7552880872991424,0.0,0.7552880872991424,,,validation,,0.4260379275678204,0.8323304864173088,0.4062925588494884,-0.8178278663975544,0.0,0.8178278663975544,True
~asp_jupiter_mercury_conj_orb3 & asp_neptune_uranus_conj_orb5,2,4,-0.265448721796186,-0.22544872179618602,0.2849087777715851,0.4125997839603964,0.4525997839603964,0.8450402128585213,0.39244042889812486,0.4125997839603964,2,235,9,0.5670709075200746,-0.2044341522827901,False,-0.7952880872991425,-0.7552880872991424,0.0,0.7552880872991424,,,validation,,0.1390639391545137,0.5453564980040021,0.4062925588494884,-0.8178278663975544,0.0,0.8178278663975544,True
asp_pluto_uranus_sextile_orb3 & ~asp_saturn_sun_opp_orb3,2,4,-0.5242691757243296,-0.48426917572432965,0.026088323843441445,0.41221503628756606,0.45221503628756604,0.8446554651856909,0.39244042889812486,0.41221503628756606,8,203,11,0.5665245439182829,-0.2044341522827901,False,-0.7952880872991425,-0.7552880872991424,0.0,0.7552880872991424,,,validation,,0.36902187937447334,0.7753144382239617,0.4062925588494884,-0.8178278663975544,0.0,0.8178278663975544,True
~asp_neptune_venus_conj_orb3 & asp_pluto_uranus_sextile_orb3,2,4,-0.5409918727073921,-0.5009918727073921,0.009365626860379055,0.41201163504145155,0.45201163504145153,0.8444520639395764,0.39244042889812486,0.41201163504145155,11,281,13,0.5662357034245757,-0.2044341522827901,False,-0.7952880872991425,-0.7552880872991424,0.0,0.7552880872991424,,,validation,,0.4241929836548432,0.8304855425043316,0.4062925588494884,-0.8178278663975544,0.0,0.8178278663975544,True
~asp_mercury_uranus_trine_orb1 & asp_pluto_uranus_sextile_orb3,2,4,-0.5522125670623464,-0.5122125670623464,-0.0018550674945753106,0.4119070188011553,0.4519070188011553,0.8443474476992802,0.39244042889812486,0.4119070188011553,9,140,13,0.5660871430782504,-0.2044341522827901,False,-0.7952880872991425,-0.7552880872991424,0.0,0.7552880872991424,,,validation,,0.3920370419105745,0.7983296007600629,0.4062925588494884,-0.8178278663975544,0.0,0.8178278663975544,True
asp_pluto_uranus_sextile_orb3 & ~asp_pluto_venus_trine_orb3,2,4,-0.5705581910212747,-0.5305581910212747,-0.020200691453503585,0.411790050628848,0.451790050628848,0.8442304795269728,0.39244042889812486,0.411790050628848,9,141,12,0.5659210425500143,-0.2044341522827901,False,-0.7952880872991425,-0.7552880872991424,0.0,0.7552880872991424,,,validation,,0.37749005763142746,0.7837826164809159,0.4062925588494884,-0.8178278663975544,0.0,0.8178278663975544,True
~asp_mercury_neptune_sextile_orb3 & asp_neptune_uranus_conj_orb5,2,4,-0.34614672934630114,-0.30614672934630116,0.2042107702214699,0.41176167688007415,0.4517616768800741,0.844202105778199,0.39244042889812486,0.41176167688007415,3,160,16,0.5658807504678738,-0.2044341522827901,False,-0.7952880872991425,-0.7552880872991424,0.0,0.7552880872991424,,,validation,,0.1740343648450679,0.5803269236945563,0.4062925588494884,-0.8178278663975544,0.0,0.8178278663975544,True
asp_pluto_uranus_sextile_orb3 & ~asp_pluto_venus_trine_orb5,2,4,-0.5695403029139517,-0.5295403029139517,-0.019182803346180607,0.4116190902855794,0.4516190902855794,0.8440595191837043,0.39244042889812486,0.4116190902855794,9,140,12,0.5656782708493815,-0.2044341522827901,False,-0.7952880872991425,-0.7552880872991424,0.0,0.7552880872991424,,,validation,,0.3665981621144902,0.7728907209639786,0.4062925588494884,-0.8178278663975544,0.0,0.8178278663975544,True
~asp_mercury_saturn_opp_orb3 & asp_neptune_uranus_conj_orb5,2,4,-0.30358758814820236,-0.2635875881482024,0.24676991141956872,0.41152621222132313,0.4515262122213231,0.843966641119448,0.39244042889812486,0.41152621222132313,2,161,8,0.5655463798201688,-0.2044341522827901,False,-0.7952880872991425,-0.7552880872991424,0.0,0.7552880872991424,,,validation,,0.1700503317318,0.5763428905812884,0.4062925588494884,-0.8178278663975544,0.0,0.8178278663975544,True
asp_neptune_uranus_conj_orb5 & ~asp_saturn_sun_trine_orb5,2,4,-0.2798947490874581,-0.23989474908745811,0.270462750480313,0.41110770368007854,0.4511077036800785,0.8435481325782034,0.39244042889812486,0.41110770368007854,3,133,12,0.5649520803969728,-0.2044341522827901,False,-0.7952880872991425,-0.7552880872991424,0.0,0.7552880872991424,,,validation,,0.23869337674691155,0.6449859355963999,0.4062925588494884,-0.8178278663975544,0.0,0.8178278663975544,True
asp_pluto_uranus_sextile_orb3 & ~asp_saturn_sun_conj_orb1,2,4,-0.5409918727073921,-0.5009918727073921,0.009365626860379055,0.4110418490874621,0.4510418490874621,0.843482277985587,0.39244042889812486,0.4110418490874621,7,260,9,0.5648585643822255,-0.2044341522827901,False,-0.7952880872991425,-0.7552880872991424,0.0,0.7552880872991424,,,validation,,0.39739081227472356,0.803683371124212,0.4062925588494884,-0.8178278663975544,0.0,0.8178278663975544,True
asp_jupiter_pluto_square_orb3 & ~moon_sign_aries,2,4,-0.5417936941588862,-0.5017936941588862,0.008563805408884892,0.4107444134531171,0.45074441345311705,0.8431848423512419,0.39244042889812486,0.4107444134531171,6,18,17,-0.07169593859919454,0.8529051750854706,False,-0.7738578047569179,-0.7338578047569179,0.02143028254222461,0.7552880872991424,,,validation,,0.1336413187187681,0.5399338775682565,0.4062925588494884,-0.7334141763926669,0.08441369000488756,0.8178278663975544,True
~asp_mercury_venus_sextile_orb1 & asp_neptune_uranus_conj_orb5,2,4,-0.2873013241070103,-0.24730132410701033,0.26305617546076077,0.41063958878928264,0.4506395887892826,0.8430800176874075,0.39244042889812486,0.41063958878928264,3,244,12,0.5642873408758906,-0.2044341522827901,False,-0.7952880872991425,-0.7552880872991424,0.0,0.7552880872991424,,,validation,,0.1367552876915767,0.5430478465410651,0.4062925588494884,-0.8178278663975544,0.0,0.8178278663975544,True
asp_pluto_uranus_sextile_orb3 & ~venus_sign_taurus,2,4,-0.5947262743674863,-0.5547262743674862,-0.044368774799715106,0.41054863325198543,0.4505486332519854,0.8429890621501103,0.39244042889812486,0.41054863325198543,6,258,10,0.5641581811945608,-0.2044341522827901,False,-0.7952880872991425,-0.7552880872991424,0.0,0.7552880872991424,,,validation,,0.3628828846375111,0.7691754434869995,0.4062925588494884,-0.8178278663975544,0.0,0.8178278663975544,True
~asp_neptune_sun_square_orb3 & asp_neptune_uranus_conj_orb5,2,4,-0.27079855536814995,-0.23079855536814997,0.27955894419962113,0.41053663144760755,0.4505366314476075,0.8429770603457324,0.39244042889812486,0.41053663144760755,3,125,13,0.5641411382692862,-0.2044341522827901,False,-0.7952880872991425,-0.7552880872991424,0.0,0.7552880872991424,,,validation,,0.13869022444080298,0.5449827832902914,0.4062925588494884,-0.8178278663975544,0.0,0.8178278663975544,True
~asp_jupiter_mercury_trine_orb1 & asp_pluto_uranus_sextile_orb3,2,4,-0.46261137496050214,-0.42261137496050216,0.08774612460726897,0.41026736208668757,0.45026736208668755,0.8427077909848124,0.39244042889812486,0.41026736208668757,9,171,16,0.5637587681725684,-0.2044341522827901,False,-0.7952880872991425,-0.7552880872991424,0.0,0.7552880872991424,,,validation,,0.3747992466687486,0.781091805518237,0.4062925588494884,-0.8178278663975544,0.0,0.8178278663975544,True
~asp_moon_sun_trine_orb1 & asp_pluto_uranus_sextile_orb3,2,4,-0.5571749808920132,-0.5171749808920132,-0.006817481324242054,0.410017362943464,0.450017362943464,0.8424577918415889,0.39244042889812486,0.410017362943464,10,194,16,0.5634037632567275,-0.2044341522827901,False,-0.7952880872991425,-0.7552880872991424,0.0,0.7552880872991424,,,validation,,0.3955595324887026,0.801852091338191,0.4062925588494884,-0.8178278663975544,0.0,0.8178278663975544,True
asp_neptune_uranus_conj_orb5 & ~venus_sign_capricorn,2,4,-0.22533229100603494,-0.18533229100603493,0.32502520856173617,0.4099477130418935,0.44994771304189346,0.8423881419400183,0.39244042889812486,0.4099477130418935,3,187,8,0.5633048588470266,-0.2044341522827901,False,-0.7952880872991425,-0.7552880872991424,0.0,0.7552880872991424,,,validation,,0.13081873661368576,0.5371112954631742,0.4062925588494884,-0.8178278663975544,0.0,0.8178278663975544,True
~asp_mercury_pluto_opp_orb5 & asp_pluto_uranus_sextile_orb3,2,4,-0.5218181143541845,-0.4818181143541844,0.02853938521358668,0.4099216132359056,0.44992161323590557,0.8423620421340304,0.39244042889812486,0.4099216132359056,7,206,11,0.5632677965597426,-0.2044341522827901,False,-0.7952880872991425,-0.7552880872991424,0.0,0.7552880872991424,,,validation,,0.40796686502967433,0.8142594238791627,0.4062925588494884,-0.8178278663975544,0.0,0.8178278663975544,True
~asp_moon_pluto_sextile_orb1 & asp_neptune_uranus_conj_orb5,2,4,-0.2725074458537378,-0.23250744585373784,0.27785005371403326,0.40989003998235685,0.4498900399823568,0.8423304688804817,0.39244042889812486,0.40989003998235685,2,154,17,0.5632229618719049,-0.2044341522827901,False,-0.7952880872991425,-0.7552880872991424,0.0,0.7552880872991424,,,validation,,0.12809419037301834,0.5343867492225067,0.4062925588494884,-0.8178278663975544,0.0,0.8178278663975544,True
~asp_moon_sun_conj_orb1 & asp_neptune_uranus_conj_orb5,2,4,-0.25787375395714796,-0.21787375395714798,0.2924837456106231,0.4096667912014744,0.4496667912014744,0.8421072200995993,0.39244042889812486,0.4096667912014744,2,222,10,0.5629059442874256,-0.2044341522827901,False,-0.7952880872991425,-0.7552880872991424,0.0,0.7552880872991424,,,validation,,0.1332366290738632,0.5395291879233516,0.4062925588494884,-0.8178278663975544,0.0,0.8178278663975544,True
~asp_jupiter_sun_square_orb5 & asp_pluto_uranus_sextile_orb3,2,4,-0.5487499437497868,-0.5087499437497868,0.0016075558179843282,0.40918324000209394,0.4491832400020939,0.8416236689002188,0.39244042889812486,0.40918324000209394,10,129,14,0.5622192946767401,-0.2044341522827901,False,-0.7952880872991425,-0.7552880872991424,0.0,0.7552880872991424,,,validation,,0.3752101710208296,0.781502729870318,0.4062925588494884,-0.8178278663975544,0.0,0.8178278663975544,True
asp_neptune_uranus_conj_orb5 & ~asp_neptune_venus_sextile_orb1,2,4,-0.24800007005784827,-0.20800007005784826,0.30235742950992284,0.40911610792549546,0.44911610792549544,0.8415565368236203,0.39244042889812486,0.40911610792549546,2,189,10,0.5621239664328246,-0.2044341522827901,False,-0.7952880872991425,-0.7552880872991424,0.0,0.7552880872991424,,,validation,,0.1590605374854564,0.5653530963349448,0.4062925588494884,-0.8178278663975544,0.0,0.8178278663975544,True
~asp_jupiter_venus_conj_orb3 & asp_pluto_uranus_sextile_orb3,2,4,-0.5409918727073921,-0.5009918727073921,0.009365626860379055,0.40896380026788404,0.448963800267884,0.8414042291660089,0.39244042889812486,0.40896380026788404,5,294,7,0.561907688220352,-0.2044341522827901,False,-0.7952880872991425,-0.7552880872991424,0.0,0.7552880872991424,,,validation,,0.4155578470355253,0.8218504058850137,0.4062925588494884,-0.8178278663975544,0.0,0.8178278663975544,True
~asp_neptune_sun_trine_orb1 & asp_pluto_uranus_sextile_orb3,2,4,-0.5242965162892236,-0.48429651628922354,0.026060983278547573,0.4089184315027746,0.4489184315027746,0.8413588604008995,0.39244042889812486,0.4089184315027746,9,142,13,0.5618432642391222,-0.2044341522827901,False,-0.7952880872991425,-0.7552880872991424,0.0,0.7552880872991424,,,validation,,0.37411679216055155,0.7804093510100399,0.4062925588494884,-0.8178278663975544,0.0,0.8178278663975544,True
~asp_moon_uranus_square_orb1 & asp_neptune_uranus_conj_orb5,2,4,-0.25536042763939537,-0.2153604276393954,0.2949970719283757,0.4084704788081387,0.4484704788081387,0.8409109077062635,0.39244042889812486,0.4084704788081387,4,119,17,0.5612071696834413,-0.2044341522827901,False,-0.7952880872991425,-0.7552880872991424,0.0,0.7552880872991424,,,validation,,0.15703103042174033,0.5633235892712287,0.4062925588494884,-0.8178278663975544,0.0,0.8178278663975544,True
~asp_neptune_sun_conj_orb3 & asp_pluto_uranus_sextile_orb3,2,4,-0.5409918727073921,-0.5009918727073921,0.009365626860379055,0.4081021754338511,0.44810217543385106,0.8405426043319759,0.39244042889812486,0.4081021754338511,8,249,10,0.5606841796135749,-0.2044341522827901,False,-0.7952880872991425,-0.7552880872991424,0.0,0.7552880872991424,,,validation,,0.3689471800036552,0.7752397388531436,0.4062925588494884,-0.8178278663975544,0.0,0.8178278663975544,True
asp_neptune_uranus_conj_orb5 & ~asp_pluto_venus_square_orb1,2,4,-0.25093795268885105,-0.21093795268885107,0.29941954687892003,0.4079333473962663,0.4479333473962663,0.8403737762943911,0.39244042889812486,0.4079333473962663,3,101,11,0.5604444447772885,-0.2044341522827901,False,-0.7952880872991425,-0.7552880872991424,0.0,0.7552880872991424,,,validation,,0.1358676207789788,0.5421601796284672,0.4062925588494884,-0.8178278663975544,0.0,0.8178278663975544,True
~asp_neptune_venus_trine_orb3 & asp_pluto_uranus_sextile_orb3,2,4,-0.6715489862741058,-0.6315489862741057,-0.1211914867063346,0.4077502365722434,0.4477502365722434,0.8401906654703682,0.39244042889812486,0.4077502365722434,8,140,13,0.5601844289260791,-0.2044341522827901,False,-0.7952880872991425,-0.7552880872991424,0.0,0.7552880872991424,,,validation,,0.37387189068573984,0.7801644495352282,0.4062925588494884,-0.8178278663975544,0.0,0.8178278663975544,True
~asp_jupiter_moon_square_orb3 & asp_neptune_uranus_conj_orb5,2,4,-0.3583843843633648,-0.3183843843633648,0.19197311520440632,0.4076644470468359,0.4476644470468359,0.8401048759449607,0.39244042889812486,0.4076644470468359,10,75,39,0.560062608675959,-0.2044341522827901,False,-0.7952880872991425,-0.7552880872991424,0.0,0.7552880872991424,,,validation,,0.1641735208111939,0.5704660796606823,0.4062925588494884,-0.8178278663975544,0.0,0.8178278663975544,True
~asp_moon_sun_conj_orb5 & asp_neptune_uranus_conj_orb5,2,4,-0.3340781578288056,-0.29407815782880564,0.21627934173896549,0.4075555270794545,0.4475555270794545,0.8399959559775794,0.39244042889812486,0.4075555270794545,6,80,34,0.559907943585465,-0.2044341522827901,False,-0.7952880872991425,-0.7552880872991424,0.0,0.7552880872991424,,,validation,,0.13575549420098815,0.5420480530504765,0.4062925588494884,-0.8178278663975544,0.0,0.8178278663975544,True
asp_pluto_uranus_sextile_orb3 & ~asp_sun_uranus_trine_orb1,2,4,-0.5727164375671484,-0.5327164375671484,-0.022358937999377267,0.40746479087570386,0.44746479087570384,0.8399052197738287,0.39244042889812486,0.40746479087570386,8,140,12,0.559779099357461,-0.2044341522827901,False,-0.7952880872991425,-0.7552880872991424,0.0,0.7552880872991424,,,validation,,0.3778625416396429,0.7841551004891313,0.4062925588494884,-0.8178278663975544,0.0,0.8178278663975544,True
asp_pluto_uranus_sextile_orb3 & ~mercury_sign_aquarius,2,4,-0.5496311143590507,-0.5096311143590506,0.000726385208720511,0.40731796592055813,0.4473179659205581,0.839758394818683,0.39244042889812486,0.40731796592055813,8,235,10,0.5595706100810847,-0.2044341522827901,False,-0.7952880872991425,-0.7552880872991424,0.0,0.7552880872991424,,,validation,,0.45506486054167666,0.8613574193911651,0.4062925588494884,-0.8178278663975544,0.0,0.8178278663975544,True
~asp_mercury_neptune_square_orb3 & asp_pluto_uranus_sextile_orb3,2,4,-0.5974469488626656,-0.5574469488626655,-0.0470894492948944,0.4072963285216933,0.44729632852169326,0.8397367574198181,0.39244042889812486,0.4072963285216933,10,223,14,0.5595398853189557,-0.2044341522827901,False,-0.7952880872991425,-0.7552880872991424,0.0,0.7552880872991424,,,validation,,0.39421587338529157,0.80050843223478,0.4062925588494884,-0.8178278663975544,0.0,0.8178278663975544,True
~asp_mercury_saturn_square_orb1 & asp_pluto_uranus_sextile_orb3,2,4,-0.586529963248094,-0.546529963248094,-0.03617246368032293,0.40714568095897596,0.44714568095897594,0.8395861098571008,0.39244042889812486,0.40714568095897596,9,147,12,0.5593259683615297,-0.2044341522827901,False,-0.7952880872991425,-0.7552880872991424,0.0,0.7552880872991424,,,validation,,0.3976726364049394,0.8039651952544278,0.4062925588494884,-0.8178278663975544,0.0,0.8178278663975544,True
asp_pluto_uranus_sextile_orb3 & ~asp_saturn_venus_conj_orb3,2,4,-0.5409918727073921,-0.5009918727073921,0.009365626860379055,0.40686387398723245,0.44686387398723243,0.8393043028853573,0.39244042889812486,0.40686387398723245,7,290,9,0.558925808158393,-0.2044341522827901,False,-0.7952880872991425,-0.7552880872991424,0.0,0.7552880872991424,,,validation,,0.3699220727566686,0.776214631606157,0.4062925588494884,-0.8178278663975544,0.0,0.8178278663975544,True
~asp_mars_mercury_sextile_orb3 & asp_neptune_uranus_conj_orb5,2,4,-0.28810021055275115,-0.24810021055275117,0.26225728901501993,0.40673402691573046,0.44673402691573044,0.8391744558138553,0.39244042889812486,0.40673402691573046,2,142,12,0.5587414283220999,-0.2044341522827901,False,-0.7952880872991425,-0.7552880872991424,0.0,0.7552880872991424,,,validation,,0.1369191680986232,0.5432117269481116,0.4062925588494884,-0.8178278663975544,0.0,0.8178278663975544,True
~asp_mars_moon_trine_orb3 & asp_neptune_uranus_conj_orb5,2,4,-0.3115060676498731,-0.2715060676498731,0.23885143191789798,0.4064525410652674,0.4464525410652674,0.8388929699633922,0.39244042889812486,0.4064525410652674,10,87,48,0.5583417257529975,-0.2044341522827901,False,-0.7952880872991425,-0.7552880872991424,0.0,0.7552880872991424,,,validation,,0.19326194220950127,0.5995545010589897,0.4062925588494884,-0.8178278663975544,0.0,0.8178278663975544,True
~asp_mercury_neptune_square_orb1 & asp_pluto_uranus_sextile_orb3,2,4,-0.585777915570545,-0.545777915570545,-0.0354204160027739,0.4063821921929385,0.44638219219293845,0.8388226210910633,0.39244042889812486,0.4063821921929385,8,225,12,0.5582418323643918,-0.2044341522827901,False,-0.7952880872991425,-0.7552880872991424,0.0,0.7552880872991424,,,validation,,0.3899607877591134,0.7962533466086018,0.4062925588494884,-0.8178278663975544,0.0,0.8178278663975544,True
asp_pluto_uranus_sextile_orb3 & ~asp_saturn_venus_trine_orb1,2,4,-0.5518525441065805,-0.5118525441065804,-0.001495044538809324,0.4060626139676131,0.4460626139676131,0.838503042865738,0.39244042889812486,0.4060626139676131,10,194,13,0.5577880413019509,-0.2044341522827901,False,-0.7952880872991425,-0.7552880872991424,0.0,0.7552880872991424,,,validation,,0.37594004486519167,0.7822326037146801,0.4062925588494884,-0.8178278663975544,0.0,0.8178278663975544,True
~asp_mercury_neptune_trine_orb3 & asp_neptune_uranus_conj_orb5,2,4,-0.2081015757514139,-0.16810157575141388,0.3422559238163572,0.4058311977197724,0.44583119771977237,0.8382716266178972,0.39244042889812486,0.4058311977197724,3,98,12,0.5574594383904878,-0.2044341522827901,False,-0.7952880872991425,-0.7552880872991424,0.0,0.7552880872991424,,,validation,,0.17150013184583973,0.5777926906953281,0.4062925588494884,-0.8178278663975544,0.0,0.8178278663975544,True
~asp_mars_moon_trine_orb1 & asp_neptune_uranus_conj_orb5,2,4,-0.2388167763551969,-0.1988167763551969,0.3115407232125742,0.40575952467911025,0.44575952467911023,0.8381999535772351,0.39244042889812486,0.40575952467911025,2,207,15,0.5573576653545618,-0.2044341522827901,False,-0.7952880872991425,-0.7552880872991424,0.0,0.7552880872991424,,,validation,,0.1323545217995042,0.5386470806489926,0.4062925588494884,-0.8178278663975544,0.0,0.8178278663975544,True
~asp_jupiter_mercury_conj_orb5 & asp_neptune_uranus_conj_orb5,2,4,-0.28331335351110976,-0.24331335351110978,0.2670441460566613,0.40564094291672015,0.44564094291672013,0.838081371814845,0.39244042889812486,0.40564094291672015,2,234,8,0.5571892838493018,-0.2044341522827901,False,-0.7952880872991425,-0.7552880872991424,0.0,0.7552880872991424,,,validation,,0.16395519848172008,0.5702477573312085,0.4062925588494884,-0.8178278663975544,0.0,0.8178278663975544,True
asp_pluto_uranus_sextile_orb3 & ~asp_uranus_venus_trine_orb5,2,4,-0.6307496188879209,-0.5907496188879209,-0.08039211932014982,0.40534510370021315,0.44534510370021313,0.837785532598338,0.39244042889812486,0.40534510370021315,8,137,13,0.5567692045024037,-0.2044341522827901,False,-0.7952880872991425,-0.7552880872991424,0.0,0.7552880872991424,,,validation,,0.40591922262639485,0.8122117814758832,0.4062925588494884,-0.8178278663975544,0.0,0.8178278663975544,True
asp_pluto_uranus_sextile_orb3 & ~asp_sun_uranus_opp_orb5,2,4,-0.5649076387927066,-0.5249076387927065,-0.014550139224935412,0.40482504029425337,0.44482504029425335,0.8372654691923782,0.39244042889812486,0.40482504029425337,6,178,10,0.5560307391732631,-0.2044341522827901,False,-0.7952880872991425,-0.7552880872991424,0.0,0.7552880872991424,,,validation,,0.40558951175935704,0.8118820706088454,0.4062925588494884,-0.8178278663975544,0.0,0.8178278663975544,True
~asp_moon_venus_trine_orb5 & asp_neptune_uranus_conj_orb5,2,4,-0.44868653109165496,-0.408686531091655,0.1016709684761161,0.40451547015313116,0.44451547015313114,0.836955899051256,0.39244042889812486,0.40451547015313116,19,26,80,0.5555911661032151,-0.2044341522827901,False,-0.7952880872991425,-0.7552880872991424,0.0,0.7552880872991424,,,validation,,0.15370492585397616,0.5599974847034646,0.4062925588494884,-0.8178278663975544,0.0,0.8178278663975544,True
~asp_moon_venus_conj_orb3 & asp_pluto_uranus_sextile_orb3,2,4,-0.5597938806663451,-0.519793880666345,-0.009436381098573884,0.40439218901347695,0.44439218901347693,0.8368326179116018,0.39244042889812486,0.40439218901347695,19,152,25,0.5554161138465072,-0.2044341522827901,False,-0.7952880872991425,-0.7552880872991424,0.0,0.7552880872991424,,,validation,,0.4039667989304813,0.8102593577799697,0.4062925588494884,-0.8178278663975544,0.0,0.8178278663975544,True
~asp_mercury_saturn_opp_orb5 & asp_neptune_uranus_conj_orb5,2,4,-0.31048136627516043,-0.27048136627516045,0.23987613329261065,0.40422111396779203,0.444221113967792,0.8366615428659169,0.39244042889812486,0.40422111396779203,2,160,8,0.5551731972993763,-0.2044341522827901,False,-0.7952880872991425,-0.7552880872991424,0.0,0.7552880872991424,,,validation,,0.16050983461444018,0.5668023934639286,0.4062925588494884,-0.8178278663975544,0.0,0.8178278663975544,True
~asp_moon_pluto_trine_orb1 & asp_pluto_uranus_sextile_orb3,2,4,-0.5687073473257994,-0.5287073473257994,-0.01834984775802826,0.40418535442045567,0.44418535442045565,0.8366257833185805,0.39244042889812486,0.40418535442045567,13,168,17,0.5551224208886172,-0.2044341522827901,False,-0.7952880872991425,-0.7552880872991424,0.0,0.7552880872991424,,,validation,,0.39057678264628987,0.7968693414957783,0.4062925588494884,-0.8178278663975544,0.0,0.8178278663975544,True
~asp_mercury_neptune_square_orb1 & asp_neptune_uranus_conj_orb5,2,4,-0.2582691125128374,-0.21826911251283743,0.2920883870549337,0.40406034087177156,0.44406034087177154,0.8365007697698964,0.39244042889812486,0.40406034087177156,2,209,11,0.5549449092959451,-0.2044341522827901,False,-0.7952880872991425,-0.7552880872991424,0.0,0.7552880872991424,,,validation,,0.13653109718944606,0.5428236560389345,0.4062925588494884,-0.8178278663975544,0.0,0.8178278663975544,True
~asp_mars_pluto_square_orb1 & asp_neptune_uranus_conj_orb5,2,4,-0.2581099758752027,-0.2181099758752027,0.2922475236925684,0.40397140285076527,0.44397140285076525,0.8364118317488901,0.39244042889812486,0.40397140285076527,3,162,10,0.5548186228809595,-0.2044341522827901,False,-0.7952880872991425,-0.7552880872991424,0.0,0.7552880872991424,,,validation,,0.16127499280509877,0.5675675516545872,0.4062925588494884,-0.8178278663975544,0.0,0.8178278663975544,True
~asp_mercury_moon_square_orb3 & asp_pluto_uranus_sextile_orb3,2,4,-0.5365592556651294,-0.4965592556651294,0.01379824390264175,0.4033590769774168,0.4433590769774168,0.8357995058755416,0.39244042889812486,0.4033590769774168,20,99,28,0.5539491615670353,-0.2044341522827901,False,-0.7952880872991425,-0.7552880872991424,0.0,0.7552880872991424,,,validation,,0.4159158186845629,0.8222083775340513,0.4062925588494884,-0.8178278663975544,0.0,0.8178278663975544,True
asp_neptune_uranus_conj_orb5 & ~asp_sun_venus_conj_orb1,2,4,-0.22043134907909898,-0.18043134907909897,0.32992615048867213,0.40319275825960976,0.44319275825960974,0.8356331871577346,0.39244042889812486,0.40319275825960976,2,158,8,0.5537130011576392,-0.2044341522827901,False,-0.7952880872991425,-0.7552880872991424,0.0,0.7552880872991424,,,validation,,0.1559942917886193,0.5622868506381077,0.4062925588494884,-0.8178278663975544,0.0,0.8178278663975544,True
~asp_moon_sun_conj_orb3 & asp_neptune_uranus_conj_orb5,2,4,-0.2900633037888499,-0.25006330378884994,0.26029419577892116,0.40306323266635824,0.4430632326663582,0.8355036615644831,0.39244042889812486,0.40306323266635824,4,102,21,0.5535290845643488,-0.2044341522827901,False,-0.7952880872991425,-0.7552880872991424,0.0,0.7552880872991424,,,validation,,0.12098709735630603,0.5272796562057944,0.4062925588494884,-0.8178278663975544,0.0,0.8178278663975544,True
~asp_neptune_sun_conj_orb1 & asp_pluto_uranus_sextile_orb3,2,4,-0.5409918727073921,-0.5009918727073921,0.009365626860379055,0.4030557957439609,0.44305579574396087,0.8354962246420857,0.39244042889812486,0.4030557957439609,8,254,10,0.5535185247015213,-0.2044341522827901,False,-0.7952880872991425,-0.7552880872991424,0.0,0.7552880872991424,,,validation,,0.361914068412778,0.7682066272622664,0.4062925588494884,-0.8178278663975544,0.0,0.8178278663975544,True
~asp_mercury_pluto_conj_orb3 & asp_neptune_uranus_conj_orb5,2,4,-0.2835252614457159,-0.2435252614457159,0.2668322381220552,0.40301227083190094,0.4430122708319009,0.8354526997300258,0.39244042889812486,0.40301227083190094,2,225,9,0.5534567226603646,-0.2044341522827901,False,-0.7952880872991425,-0.7552880872991424,0.0,0.7552880872991424,,,validation,,0.13114901314713218,0.5374415719966206,0.4062925588494884,-0.8178278663975544,0.0,0.8178278663975544,True
~asp_moon_saturn_sextile_orb1 & asp_neptune_uranus_conj_orb5,2,4,-0.27233996296318547,-0.2323399629631855,0.2780175366045856,0.40295907302358813,0.4429590730235881,0.835399501921713,0.39244042889812486,0.40295907302358813,2,189,12,0.5533811858839073,-0.2044341522827901,False,-0.7952880872991425,-0.7552880872991424,0.0,0.7552880872991424,,,validation,,0.14983163077094513,0.5561241896204335,0.4062925588494884,-0.8178278663975544,0.0,0.8178278663975544,True
~asp_moon_venus_square_orb5 & asp_pluto_uranus_sextile_orb3,2,4,-0.6620834017874301,-0.62208340178743,-0.11172590221965892,0.40292844935318683,0.4429284493531868,0.8353688782513117,0.39244042889812486,0.40292844935318683,45,50,58,0.5533377026568409,-0.2044341522827901,False,-0.7952880872991425,-0.7552880872991424,0.0,0.7552880872991424,,,validation,,0.4986843433809391,0.9049769022304275,0.4062925588494884,-0.8178278663975544,0.0,0.8178278663975544,True
~asp_moon_uranus_opp_orb3 & asp_pluto_uranus_sextile_orb3,2,4,-0.5873072903929288,-0.5473072903929288,-0.036949790825157744,0.4022585811361772,0.44225858113617716,0.834699010034302,0.39244042889812486,0.4022585811361772,22,132,28,0.5523865452787979,-0.2044341522827901,False,-0.7952880872991425,-0.7552880872991424,0.0,0.7552880872991424,,,validation,,0.39510466711788966,0.8013972259673781,0.4062925588494884,-0.8178278663975544,0.0,0.8178278663975544,True
asp_pluto_uranus_sextile_orb3 & ~asp_uranus_venus_square_orb3,2,4,-0.4479745117044782,-0.40797451170447824,0.10238298786329288,0.40220567260608553,0.4422056726060855,0.8346461015042104,0.39244042889812486,0.40220567260608553,10,179,15,0.5523114198195389,-0.2044341522827901,False,-0.7952880872991425,-0.7552880872991424,0.0,0.7552880872991424,,,validation,,0.3847552236309281,0.7910477824804165,0.4062925588494884,-0.8178278663975544,0.0,0.8178278663975544,True
~asp_moon_saturn_trine_orb3 & asp_neptune_uranus_conj_orb5,2,4,-0.20954436326455242,-0.1695443632645524,0.3408131363032187,0.4020987820700863,0.4420987820700863,0.8345392109682112,0.39244042889812486,0.4020987820700863,8,74,43,0.5521596447806367,-0.2044341522827901,False,-0.7952880872991425,-0.7552880872991424,0.0,0.7552880872991424,,,validation,,0.08292296629516499,0.4892155251446534,0.4062925588494884,-0.8178278663975544,0.0,0.8178278663975544,True
~asp_mercury_neptune_opp_orb3 & asp_pluto_uranus_sextile_orb3,2,4,-0.5792564255023804,-0.5392564255023804,-0.02889892593460931,0.40178950340988695,0.44178950340988693,0.8342299323080118,0.39244042889812486,0.40178950340988695,6,188,10,0.551720497545418,-0.2044341522827901,False,-0.7952880872991425,-0.7552880872991424,0.0,0.7552880872991424,,,validation,,0.381787878167037,0.7880804370165254,0.4062925588494884,-0.8178278663975544,0.0,0.8178278663975544,True
~asp_mercury_neptune_square_orb3 & asp_neptune_uranus_conj_orb5,2,4,-0.27896331032669647,-0.2389633103266965,0.2713941892410746,0.40175076464853354,0.4417507646485335,0.8341911935466584,0.39244042889812486,0.40175076464853354,3,181,14,0.5516654921646984,-0.2044341522827901,False,-0.7952880872991425,-0.7552880872991424,0.0,0.7552880872991424,,,validation,,0.1405579563469767,0.5468505151964651,0.4062925588494884,-0.8178278663975544,0.0,0.8178278663975544,True
~asp_mercury_sun_conj_orb1 & asp_neptune_uranus_conj_orb5,2,4,-0.23400198133248287,-0.19400198133248286,0.31635551823528824,0.40171825645179715,0.44171825645179713,0.834158685349922,0.39244042889812486,0.40171825645179715,5,106,21,0.5516193336133917,-0.2044341522827901,False,-0.7952880872991425,-0.7552880872991424,0.0,0.7552880872991424,,,validation,,0.14807607199417833,0.5543686308436667,0.4062925588494884,-0.8178278663975544,0.0,0.8178278663975544,True
~asp_moon_uranus_trine_orb1 & asp_neptune_uranus_conj_orb5,2,4,-0.2822463381919975,-0.24224633819199753,0.26811116137577357,0.4015201967523262,0.4415201967523262,0.833960625650451,0.39244042889812486,0.4015201967523262,3,154,16,0.5513381079773865,-0.2044341522827901,False,-0.7952880872991425,-0.7552880872991424,0.0,0.7552880872991424,,,validation,,0.12436750852253148,0.5306600673720199,0.4062925588494884,-0.8178278663975544,0.0,0.8178278663975544,True
asp_neptune_uranus_conj_orb5 & ~mercury_sign_virgo,2,4,-0.2702937337992416,-0.23029373379924162,0.2800637657685295,0.4014885951149283,0.4414885951149283,0.8339290240130531,0.39244042889812486,0.4014885951149283,2,153,8,0.5512932367570602,-0.2044341522827901,False,-0.7952880872991425,-0.7552880872991424,0.0,0.7552880872991424,,,validation,,0.13995405606229777,0.5462466149117862,0.4062925588494884,-0.8178278663975544,0.0,0.8178278663975544,True
~asp_mercury_pluto_opp_orb3 & asp_pluto_uranus_sextile_orb3,2,4,-0.5755007007604241,-0.5355007007604241,-0.02514320119265304,0.40135874914285574,0.4413587491428557,0.8337991780409806,0.39244042889812486,0.40135874914285574,6,208,10,0.5511088683819412,-0.2044341522827901,False,-0.7952880872991425,-0.7552880872991424,0.0,0.7552880872991424,,,validation,,0.4021222407030011,0.8084147995524895,0.4062925588494884,-0.8178278663975544,0.0,0.8178278663975544,True
asp_neptune_uranus_conj_orb5 & ~asp_pluto_venus_square_orb3,2,4,-0.2794296246826553,-0.23942962468265533,0.27092787488511577,0.4011224374701561,0.44112243747015606,0.8335628663682809,0.39244042889812486,0.4011224374701561,3,98,13,0.5507733299050097,-0.2044341522827901,False,-0.7952880872991425,-0.7552880872991424,0.0,0.7552880872991424,,,validation,,0.12855905123668737,0.5348516100861758,0.4062925588494884,-0.8178278663975544,0.0,0.8178278663975544,True
asp_pluto_uranus_sextile_orb3 & ~asp_sun_venus_conj_orb3,2,4,-0.5409918727073921,-0.5009918727073921,0.009365626860379055,0.4007737568344337,0.4407737568344337,0.8332141857325586,0.39244042889812486,0.4007737568344337,8,196,10,0.5502782404009234,-0.2044341522827901,False,-0.7952880872991425,-0.7552880872991424,0.0,0.7552880872991424,,,validation,,0.28858378351380903,0.6948763423632974,0.4062925588494884,-0.8178278663975544,0.0,0.8178278663975544,True
asp_pluto_uranus_sextile_orb3 & ~venus_sign_gemini,2,4,-0.6003615656102427,-0.5603615656102426,-0.05000406604247158,0.4006103497607355,0.4406103497607355,0.8330507786588603,0.39244042889812486,0.4006103497607355,6,172,9,0.5500462202865646,-0.2044341522827901,False,-0.7952880872991425,-0.7552880872991424,0.0,0.7552880872991424,,,validation,,0.3694387671158655,0.7757313259653539,0.4062925588494884,-0.8178278663975544,0.0,0.8178278663975544,True
~asp_mars_moon_opp_orb3 & asp_pluto_uranus_sextile_orb3,2,4,-0.5182741698099382,-0.47827416980993825,0.03208332975783284,0.4005300002659393,0.4405300002659393,0.8329704291640642,0.39244042889812486,0.4005300002659393,11,174,16,0.5499321329588438,-0.2044341522827901,False,-0.7952880872991425,-0.7552880872991424,0.0,0.7552880872991424,,,validation,,0.37112192229176094,0.7774144811412493,0.4062925588494884,-0.8178278663975544,0.0,0.8178278663975544,True
asp_neptune_uranus_conj_orb5 & ~asp_neptune_venus_square_orb5,2,4,-0.22331556646542802,-0.18331556646542801,0.3270419331023431,0.40044316593294205,0.440443165932942,0.8328835948310669,0.39244042889812486,0.40044316593294205,3,95,13,0.5498088379861195,-0.2044341522827901,False,-0.7952880872991425,-0.7552880872991424,0.0,0.7552880872991424,,,validation,,0.17944110000791053,0.5857336588573989,0.4062925588494884,-0.8178278663975544,0.0,0.8178278663975544,True
asp_pluto_uranus_sextile_orb3 & ~asp_saturn_venus_sextile_orb3,2,4,-0.5219069445670242,-0.48190694456702426,0.02845055500074686,0.4003699710017804,0.4403699710017804,0.8328103998999052,0.39244042889812486,0.4003699710017804,10,210,14,0.549704909510502,-0.2044341522827901,False,-0.7952880872991425,-0.7552880872991424,0.0,0.7552880872991424,,,validation,,0.3969095751536324,0.8032021340031208,0.4062925588494884,-0.8178278663975544,0.0,0.8178278663975544,True
asp_pluto_uranus_sextile_orb3 & ~asp_saturn_venus_sextile_orb1,2,4,-0.5290183791814026,-0.4890183791814026,0.021339120386368506,0.40007433672241943,0.4400743367224194,0.8325147656205443,0.39244042889812486,0.40007433672241943,10,213,14,0.5492851432348103,-0.2044341522827901,False,-0.7952880872991425,-0.7552880872991424,0.0,0.7552880872991424,,,validation,,0.3858907099996259,0.7921832688491143,0.4062925588494884,-0.8178278663975544,0.0,0.8178278663975544,True
~asp_mercury_uranus_square_orb1 & asp_neptune_uranus_conj_orb5,2,4,-0.24942870591904312,-0.2094287059190431,0.300928793648728,0.4000447335087911,0.4400447335087911,0.832485162406916,0.39244042889812486,0.4000447335087911,3,139,11,0.5492431101841446,-0.2044341522827901,False,-0.7952880872991425,-0.7552880872991424,0.0,0.7552880872991424,,,validation,,0.1312118095857699,0.5375043684352583,0.4062925588494884,-0.8178278663975544,0.0,0.8178278663975544,True
asp_neptune_uranus_conj_orb5 & ~asp_pluto_sun_sextile_orb1,2,4,-0.2501612766117335,-0.2101612766117335,0.3001962229560376,0.40001550915794726,0.44001550915794724,0.8324559380560721,0.39244042889812486,0.40001550915794726,3,168,11,0.5492016150858099,-0.2044341522827901,False,-0.7952880872991425,-0.7552880872991424,0.0,0.7552880872991424,,,validation,,0.16175149233585645,0.5680440511853448,0.4062925588494884,-0.8178278663975544,0.0,0.8178278663975544,True
~uranus_retro & venus_sign_libra,2,4,-0.39433518971866727,-0.3543351897186673,0.15602230984910384,0.3999362444308142,0.4399362444308142,0.832376673328939,0.39244042889812486,0.3999362444308142,7,18,30,0.4621967842005148,0.3011851614890188,True,-1.0541460321140366,-1.0141460321140365,-0.2588579448148942,0.7552880872991424,1.999960000799984e-05,50000.0,validation,,0.49934257203207105,0.9056351308815594,0.4062925588494884,-1.00601045009263,-0.1881825836950754,0.8178278663975544,True
asp_neptune_uranus_conj_orb5 & ~jupiter_station,2,4,-0.40654744116752084,-0.36654744116752086,0.14381005840025024,0.39973570166484707,0.43973570166484705,0.8321761305629719,0.39244042889812486,0.39973570166484707,3,100,11,0.5488043223735817,-0.2044341522827901,False,-0.7952880872991425,-0.7552880872991424,0.0,0.7552880872991424,,,validation,,0.10962009913270926,0.5159126579821977,0.4062925588494884,-0.8178278663975544,0.0,0.8178278663975544,True
asp_neptune_uranus_conj_orb5 & ~asp_neptune_venus_square_orb3,2,4,-0.2443608095244346,-0.20436080952443458,0.3059966900433365,0.39969542938098424,0.4396954293809842,0.8321358582791091,0.39244042889812486,0.39969542938098424,3,96,13,0.5487471407046443,-0.2044341522827901,False,-0.7952880872991425,-0.7552880872991424,0.0,0.7552880872991424,,,validation,,0.19917145211542803,0.6054640109649164,0.4062925588494884,-0.8178278663975544,0.0,0.8178278663975544,True
~asp_mercury_saturn_sextile_orb1 & asp_neptune_uranus_conj_orb5,2,4,-0.2635741886650556,-0.22357418866505563,0.28678331090271547,0.39964465909068936,0.43964465909068934,0.8320850879888142,0.39244042889812486,0.39964465909068936,2,182,9,0.5486750531958189,-0.2044341522827901,False,-0.7952880872991425,-0.7552880872991424,0.0,0.7552880872991424,,,validation,,0.1307127112972411,0.5370052701467295,0.4062925588494884,-0.8178278663975544,0.0,0.8178278663975544,True
~asp_jupiter_sun_trine_orb1 & asp_neptune_uranus_conj_orb5,2,4,-0.2855721389256018,-0.2455721389256018,0.2647853606421693,0.3995770915340501,0.43957709153405006,0.8320175204321749,0.39244042889812486,0.3995770915340501,3,118,12,0.5485791157106517,-0.2044341522827901,False,-0.7952880872991425,-0.7552880872991424,0.0,0.7552880872991424,,,validation,,0.1447259301763179,0.5510184890258063,0.4062925588494884,-0.8178278663975544,0.0,0.8178278663975544,True
~asp_mars_sun_square_orb1 & asp_pluto_uranus_sextile_orb3,2,4,-0.5411582134681626,-0.5011582134681626,0.009199286099608558,0.399556950777465,0.439556950777465,0.8319973796755898,0.39244042889812486,0.399556950777465,7,259,9,0.5485505183661512,-0.2044341522827901,False,-0.7952880872991425,-0.7552880872991424,0.0,0.7552880872991424,,,validation,,0.36954970546051175,0.7758422643100001,0.4062925588494884,-0.8178278663975544,0.0,0.8178278663975544,True
~asp_moon_pluto_sextile_orb1 & asp_pluto_uranus_sextile_orb3,2,4,-0.5406183462032379,-0.5006183462032379,0.00973915336453323,0.39953445198231974,0.4395344519823197,0.8319748808804446,0.39244042889812486,0.39953445198231974,11,188,15,0.5485185729098512,-0.2044341522827901,False,-0.7952880872991425,-0.7552880872991424,0.0,0.7552880872991424,,,validation,,0.36928851635676724,0.7755810752062556,0.4062925588494884,-0.8178278663975544,0.0,0.8178278663975544,True
~asp_mars_neptune_sextile_orb3 & asp_pluto_uranus_sextile_orb3,2,4,-0.6088677947799415,-0.5688677947799414,-0.058510295212170355,0.39917925188247594,0.4391792518824759,0.8316196807806008,0.39244042889812486,0.39917925188247594,8,266,11,0.548014234437112,-0.2044341522827901,False,-0.7952880872991425,-0.7552880872991424,0.0,0.7552880872991424,,,validation,,0.41429750327436504,0.8205900621238534,0.4062925588494884,-0.8178278663975544,0.0,0.8178278663975544,True
~asp_mars_pluto_square_orb3 & asp_neptune_uranus_conj_orb5,2,4,-0.28718035481368526,-0.24718035481368528,0.2631771447540858,0.3990457434874849,0.4390457434874849,0.8314861723856097,0.39244042889812486,0.3990457434874849,3,161,10,0.5478246701417735,-0.2044341522827901,False,-0.7952880872991425,-0.7552880872991424,0.0,0.7552880872991424,,,validation,,0.14399383770912827,0.5502863965586167,0.4062925588494884,-0.8178278663975544,0.0,0.8178278663975544,True
asp_pluto_uranus_sextile_orb3 & ~asp_sun_uranus_conj_orb3,2,4,-0.5409918727073921,-0.5009918727073921,0.009365626860379055,0.3990398168935675,0.43903981689356747,0.8314802457916923,0.39244042889812486,0.3990398168935675,8,251,10,0.547816255166655,-0.2044341522827901,False,-0.7952880872991425,-0.7552880872991424,0.0,0.7552880872991424,,,validation,,0.38108142780151294,0.7873739866510013,0.4062925588494884,-0.8178278663975544,0.0,0.8178278663975544,True
~asp_mercury_uranus_sextile_orb3 & asp_pluto_uranus_sextile_orb3,2,4,-0.5546047459792505,-0.5146047459792504,-0.004247246411479342,0.3989042201462285,0.4389042201462285,0.8313446490443533,0.39244042889812486,0.3989042201462285,12,160,15,0.5476237259552119,-0.2044341522827901,False,-0.7952880872991425,-0.7552880872991424,0.0,0.7552880872991424,,,validation,,0.38546181139803076,0.7917543702475192,0.4062925588494884,-0.8178278663975544,0.0,0.8178278663975544,True
~asp_neptune_venus_conj_orb5 & asp_pluto_uranus_sextile_orb3,2,4,-0.5409918727073921,-0.5009918727073921,0.009365626860379055,0.39876736839258986,0.43876736839258984,0.8312077972907147,0.39244042889812486,0.39876736839258986,10,278,12,0.5474294150657542,-0.2044341522827901,False,-0.7952880872991425,-0.7552880872991424,0.0,0.7552880872991424,,,validation,,0.40094487646138127,0.8072374353108697,0.4062925588494884,-0.8178278663975544,0.0,0.8178278663975544,True
asp_neptune_uranus_conj_orb5 & ~asp_pluto_sun_square_orb1,2,4,-0.2398847486824142,-0.19988474868241418,0.3104727508853569,0.3985235069131199,0.43852350691311986,0.8309639358112447,0.39244042889812486,0.3985235069131199,2,160,8,0.5470831655643853,-0.2044341522827901,False,-0.7952880872991425,-0.7552880872991424,0.0,0.7552880872991424,,,validation,,0.12768395326219079,0.5339765121116792,0.4062925588494884,-0.8178278663975544,0.0,0.8178278663975544,True
asp_neptune_uranus_conj_orb5 & ~mercury_sign_cancer,2,4,-0.23852791911814006,-0.19852791911814005,0.31182958044963105,0.3983615912343935,0.4383615912343935,0.8308020201325184,0.39244042889812486,0.3983615912343935,2,131,8,0.5468532682051153,-0.2044341522827901,False,-0.7952880872991425,-0.7552880872991424,0.0,0.7552880872991424,,,validation,,0.11586482659575498,0.5221573854452434,0.4062925588494884,-0.8178278663975544,0.0,0.8178278663975544,True
asp_pluto_uranus_sextile_orb3 & ~asp_pluto_venus_square_orb3,2,4,-0.555081885121586,-0.5150818851215859,-0.004724385553814842,0.3981216490528108,0.43812164905281076,0.8305620779509356,0.39244042889812486,0.3981216490528108,10,177,13,0.5465125849284396,-0.2044341522827901,False,-0.7952880872991425,-0.7552880872991424,0.0,0.7552880872991424,,,validation,,0.3852411164148964,0.7915336752643848,0.4062925588494884,-0.8178278663975544,0.0,0.8178278663975544,True
~asp_moon_saturn_sextile_orb1 & asp_pluto_uranus_sextile_orb3,2,4,-0.5574482554943908,-0.5174482554943908,-0.007090755926619725,0.3980948490170635,0.43809484901706347,0.8305352779151883,0.39244042889812486,0.3980948490170635,11,167,16,0.5464745327949816,-0.2044341522827901,False,-0.7952880872991425,-0.7552880872991424,0.0,0.7552880872991424,,,validation,,0.39666487980263404,0.8029574386521224,0.4062925588494884,-0.8178278663975544,0.0,0.8178278663975544,True
~asp_mars_saturn_trine_orb5 & asp_neptune_uranus_conj_orb5,2,4,-0.2834815217457929,-0.2434815217457929,0.2668759778219782,0.398010249356345,0.43801024935634497,0.8304506782544698,0.39244042889812486,0.398010249356345,2,189,8,0.5463544137088612,-0.2044341522827901,False,-0.7952880872991425,-0.7552880872991424,0.0,0.7552880872991424,,,validation,,0.17783108672764386,0.5841236455771323,0.4062925588494884,-0.8178278663975544,0.0,0.8178278663975544,True
~asp_jupiter_venus_conj_orb5 & asp_pluto_uranus_sextile_orb3,2,4,-0.5409918727073921,-0.5009918727073921,0.009365626860379055,0.3979352154928749,0.4379352154928749,0.8303756443909998,0.39244042889812486,0.3979352154928749,5,294,7,0.5462478767334402,-0.2044341522827901,False,-0.7952880872991425,-0.7552880872991424,0.0,0.7552880872991424,,,validation,,0.41608078168672075,0.8223733405362091,0.4062925588494884,-0.8178278663975544,0.0,0.8178278663975544,True
~asp_jupiter_mercury_opp_orb5 & asp_pluto_uranus_sextile_orb3,2,4,-0.4943886540023487,-0.45438865400234874,0.055968845565422386,0.39787027125248065,0.4378702712524806,0.8303107001506055,0.39244042889812486,0.39787027125248065,7,192,11,0.5461556655927478,-0.2044341522827901,False,-0.7952880872991425,-0.7552880872991424,0.0,0.7552880872991424,,,validation,,0.3416505164350007,0.7479430752844891,0.4062925588494884,-0.8178278663975544,0.0,0.8178278663975544,True
asp_pluto_uranus_sextile_orb3 & ~asp_pluto_venus_square_orb1,2,4,-0.5644393305042656,-0.5244393305042656,-0.014081830936494486,0.39768022738114595,0.4376802273811459,0.8301206562792708,0.39244042889812486,0.39768022738114595,10,181,13,0.545885831964682,-0.2044341522827901,False,-0.7952880872991425,-0.7552880872991424,0.0,0.7552880872991424,,,validation,,0.3592910246091398,0.7655835834586282,0.4062925588494884,-0.8178278663975544,0.0,0.8178278663975544,True
~asp_pluto_sun_square_orb1 & asp_pluto_uranus_sextile_orb3,2,4,-0.5309170158012514,-0.49091701580125136,0.019440483766519745,0.3974300196395246,0.4374300196395246,0.8298704485376495,0.39244042889812486,0.3974300196395246,10,138,13,0.5455305754920021,-0.2044341522827901,False,-0.7952880872991425,-0.7552880872991424,0.0,0.7552880872991424,,,validation,,0.37661938405643297,0.7829119429059214,0.4062925588494884,-0.8178278663975544,0.0,0.8178278663975544,True
asp_pluto_uranus_sextile_orb3 & ~asp_sun_uranus_sextile_orb5,2,4,-0.5582149905710277,-0.5182149905710277,-0.007857491003256572,0.3971513825761541,0.4371513825761541,0.829591811474279,0.39244042889812486,0.3971513825761541,10,163,13,0.5451349547958306,-0.2044341522827901,False,-0.7952880872991425,-0.7552880872991424,0.0,0.7552880872991424,,,validation,,0.36366915024044005,0.7699617090899284,0.4062925588494884,-0.8178278663975544,0.0,0.8178278663975544,True
~asp_neptune_venus_square_orb5 & asp_pluto_uranus_sextile_orb3,2,4,-0.5143893954460604,-0.47438939544606046,0.03596810412171065,0.3970054411560864,0.43700544115608636,0.8294458700542112,0.39244042889812486,0.3970054411560864,10,176,15,0.5449277414262692,-0.2044341522827901,False,-0.7952880872991425,-0.7552880872991424,0.0,0.7552880872991424,,,validation,,0.3787196709060621,0.7850122297555505,0.4062925588494884,-0.8178278663975544,0.0,0.8178278663975544,True
~asp_pluto_sun_square_orb3 & asp_pluto_uranus_sextile_orb3,2,4,-0.5516986440538109,-0.5116986440538108,-0.0013411444860397703,0.396656491621066,0.43665649162106596,0.8290969205191908,0.39244042889812486,0.396656491621066,11,124,14,0.5444322903628454,-0.2044341522827901,False,-0.7952880872991425,-0.7552880872991424,0.0,0.7552880872991424,,,validation,,0.3701296356838955,0.7764221945333839,0.4062925588494884,-0.8178278663975544,0.0,0.8178278663975544,True
~asp_jupiter_sun_conj_orb1 & asp_pluto_uranus_sextile_orb3,2,4,-0.5409918727073921,-0.5009918727073921,0.009365626860379055,0.3966102862937152,0.4366102862937152,0.82905071519184,0.39244042889812486,0.3966102862937152,7,273,9,0.5443666865104495,-0.2044341522827901,False,-0.7952880872991425,-0.7552880872991424,0.0,0.7552880872991424,,,validation,,0.3574164381220169,0.7637089969715053,0.4062925588494884,-0.8178278663975544,0.0,0.8178278663975544,True
~asp_jupiter_sun_trine_orb1 & asp_pluto_uranus_sextile_orb3,2,4,-0.5633767783995679,-0.5233767783995679,-0.013019278831796809,0.39580641112251336,0.43580641112251334,0.8282468400206382,0.39244042889812486,0.39580641112251336,9,154,13,0.5432253227484862,-0.2044341522827901,False,-0.7952880872991425,-0.7552880872991424,0.0,0.7552880872991424,,,validation,,0.3904302977701282,0.7967228566196166,0.4062925588494884,-0.8178278663975544,0.0,0.8178278663975544,True
asp_pluto_uranus_sextile_orb3 & ~asp_sun_uranus_opp_orb3,2,4,-0.5233780651945471,-0.4833780651945471,0.026979434373223976,0.3955012415692549,0.4355012415692549,0.8279416704673798,0.39244042889812486,0.3955012415692549,6,179,10,0.5427920371199382,-0.2044341522827901,False,-0.7952880872991425,-0.7552880872991424,0.0,0.7552880872991424,,,validation,,0.373119168722626,0.7794117275721144,0.4062925588494884,-0.8178278663975544,0.0,0.8178278663975544,True
~asp_neptune_venus_square_orb3 & asp_pluto_uranus_sextile_orb3,2,4,-0.53261355798945,-0.49261355798944995,0.017743941578321154,0.3954974078587653,0.4354974078587653,0.8279378367568901,0.39244042889812486,0.3954974078587653,10,179,15,0.5427865939520209,-0.2044341522827901,False,-0.7952880872991425,-0.7552880872991424,0.0,0.7552880872991424,,,validation,,0.3842121821998044,0.7905047410492928,0.4062925588494884,-0.8178278663975544,0.0,0.8178278663975544,True
~asp_mars_uranus_sextile_orb5 & asp_pluto_uranus_sextile_orb3,2,4,-0.5670468090357594,-0.5270468090357594,-0.016689309467988286,0.3952808028363173,0.43528080283631726,0.8277212317344421,0.39244042889812486,0.3952808028363173,7,257,10,0.5424790547605258,-0.2044341522827901,False,-0.7952880872991425,-0.7552880872991424,0.0,0.7552880872991424,,,validation,,0.3102997173168665,0.7165922761663549,0.4062925588494884,-0.8178278663975544,0.0,0.8178278663975544,True
asp_pluto_uranus_sextile_orb3 & ~sun_sign_pisces,2,4,-0.5496311143590507,-0.5096311143590506,0.000726385208720511,0.39512423560016263,0.4351242356001626,0.8275646644982875,0.39244042889812486,0.39512423560016263,7,232,9,0.5422567585649838,-0.2044341522827901,False,-0.7952880872991425,-0.7552880872991424,0.0,0.7552880872991424,,,validation,,0.42137286737253427,0.8276654262220227,0.4062925588494884,-0.8178278663975544,0.0,0.8178278663975544,True
asp_jupiter_pluto_square_orb3 & ~asp_neptune_sun_opp_orb5,2,4,-0.4666860847113749,-0.4266860847113749,0.08367141485639618,0.3950431587532093,0.43504315875320926,0.8274835876513341,0.39244042889812486,0.3950431587532093,4,42,9,-0.07169593859919454,0.8270033939879036,False,-0.6449347294742109,-0.6049347294742109,0.1503533578249316,0.7552880872991424,,,validation,,0.13436231274050608,0.5406548715899945,0.4062925588494884,-0.6281891009731322,0.18963876542442223,0.8178278663975544,True
~asp_jupiter_mars_square_orb1 & asp_pluto_uranus_sextile_orb3,2,4,-0.5409918727073921,-0.5009918727073921,0.009365626860379055,0.3949744512904736,0.4349744512904736,0.8274148801885984,0.39244042889812486,0.3949744512904736,7,250,9,0.5420440931784312,-0.2044341522827901,False,-0.7952880872991425,-0.7552880872991424,0.0,0.7552880872991424,,,validation,,0.35673694803015416,0.7630295068796425,0.4062925588494884,-0.8178278663975544,0.0,0.8178278663975544,True
~asp_jupiter_mercury_trine_orb5 & asp_pluto_uranus_sextile_orb3,2,4,-0.4535425536767139,-0.41354255367671394,0.09681494589105714,0.39485059744575524,0.4348505974457552,0.8272910263438801,0.39244042889812486,0.39485059744575524,11,169,17,0.5418682443848306,-0.2044341522827901,False,-0.7952880872991425,-0.7552880872991424,0.0,0.7552880872991424,,,validation,,0.2983354623519557,0.7046280212014441,0.4062925588494884,-0.8178278663975544,0.0,0.8178278663975544,True
~asp_moon_saturn_conj_orb3 & asp_neptune_uranus_conj_orb5,2,4,-0.28663374434879274,-0.24663374434879276,0.26372375521897834,0.3943929577792077,0.43439295777920767,0.8268333866773325,0.39244042889812486,0.3943929577792077,5,132,22,0.5412184853696587,-0.2044341522827901,False,-0.7952880872991425,-0.7552880872991424,0.0,0.7552880872991424,,,validation,,0.11863798449622714,0.5249305433457155,0.4062925588494884,-0.8178278663975544,0.0,0.8178278663975544,True
~asp_jupiter_sun_conj_orb5 & asp_pluto_uranus_sextile_orb3,2,4,-0.5409918727073921,-0.5009918727073921,0.009365626860379055,0.3942465847003158,0.4342465847003158,0.8266870135984407,0.39244042889812486,0.3942465847003158,7,265,9,0.5410106647829984,-0.2044341522827901,False,-0.7952880872991425,-0.7552880872991424,0.0,0.7552880872991424,,,validation,,0.36435662946480013,0.7706491883142885,0.4062925588494884,-0.8178278663975544,0.0,0.8178278663975544,True
~asp_jupiter_mercury_square_orb1 & asp_neptune_uranus_conj_orb5,2,4,-0.2508924472660596,-0.2108924472660596,0.2994650523017115,0.3940949184752046,0.4340949184752046,0.8265353473733295,0.39244042889812486,0.3940949184752046,2,205,10,0.5407953293008576,-0.2044341522827901,False,-0.7952880872991425,-0.7552880872991424,0.0,0.7552880872991424,,,validation,,0.12878099993791675,0.5350735587874051,0.4062925588494884,-0.8178278663975544,0.0,0.8178278663975544,True
~asp_mars_venus_sextile_orb1 & asp_pluto_uranus_sextile_orb3,2,4,-0.5965499280695883,-0.5565499280695883,-0.04619242850181717,0.39400405936254634,0.4340040593625463,0.8264444882606712,0.39244042889812486,0.39400405936254634,7,256,10,0.5406663278214467,-0.2044341522827901,False,-0.7952880872991425,-0.7552880872991424,0.0,0.7552880872991424,,,validation,,0.3809846480991797,0.7872772069486681,0.4062925588494884,-0.8178278663975544,0.0,0.8178278663975544,True
~asp_mars_venus_square_orb3 & asp_neptune_uranus_conj_orb5,2,4,-0.26089504732454327,-0.2208950473245433,0.2894624522432278,0.39391424819235366,0.43391424819235364,0.8263546770904785,0.39244042889812486,0.39391424819235366,3,142,11,0.5405388143210872,-0.2044341522827901,False,-0.7952880872991425,-0.7552880872991424,0.0,0.7552880872991424,,,validation,,0.10528159601972747,0.5115741548692159,0.4062925588494884,-0.8178278663975544,0.0,0.8178278663975544,True
~asp_mars_saturn_sextile_orb5 & asp_pluto_uranus_sextile_orb3,2,4,-0.5687277453416265,-0.5287277453416265,-0.018370245773855327,0.39385604956096965,0.4338560495609696,0.8262964784590945,0.39244042889812486,0.39385604956096965,7,201,10,0.5404561842231936,-0.2044341522827901,False,-0.7952880872991425,-0.7552880872991424,0.0,0.7552880872991424,,,validation,,0.3796814788898602,0.7859740377393486,0.4062925588494884,-0.8178278663975544,0.0,0.8178278663975544,True
~asp_mercury_saturn_conj_orb3 & asp_pluto_uranus_sextile_orb3,2,4,-0.4996341124556353,-0.45963411245563535,0.050723387112135775,0.3938261427147498,0.4338261427147498,0.8262665716128746,0.39244042889812486,0.3938261427147498,7,249,10,0.5404137226652845,-0.2044341522827901,False,-0.7952880872991425,-0.7552880872991424,0.0,0.7552880872991424,,,validation,,0.39561933015208856,0.801911889001577,0.4062925588494884,-0.8178278663975544,0.0,0.8178278663975544,True
asp_neptune_uranus_conj_orb5 & ~asp_saturn_venus_trine_orb3,2,4,-0.220752769394674,-0.180752769394674,0.3296047301730971,0.3937717151119179,0.43377171511191787,0.8262121440100427,0.39244042889812486,0.3937717151119179,3,140,14,0.5403364467187981,-0.2044341522827901,False,-0.7952880872991425,-0.7552880872991424,0.0,0.7552880872991424,,,validation,,0.09006473468844178,0.4963572935379302,0.4062925588494884,-0.8178278663975544,0.0,0.8178278663975544,True
~asp_mercury_neptune_sextile_orb3 & asp_pluto_uranus_sextile_orb3,2,4,-0.613853804632332,-0.5738538046323319,-0.06349630506456083,0.3936761063081673,0.4336761063081673,0.8261165352062921,0.39244042889812486,0.3936761063081673,12,161,15,0.5402007020791275,-0.2044341522827901,False,-0.7952880872991425,-0.7552880872991424,0.0,0.7552880872991424,,,validation,,0.38627184617547944,0.7925644050249678,0.4062925588494884,-0.8178278663975544,0.0,0.8178278663975544,True
~asp_mercury_venus_conj_orb1 & asp_pluto_uranus_sextile_orb3,2,4,-0.5409918727073921,-0.5009918727073921,0.009365626860379055,0.39364573090241617,0.43364573090241615,0.826086159800541,0.39244042889812486,0.39364573090241617,9,313,11,0.5401575753399079,-0.2044341522827901,False,-0.7952880872991425,-0.7552880872991424,0.0,0.7552880872991424,,,validation,,0.35115915689576077,0.7574517157452492,0.4062925588494884,-0.8178278663975544,0.0,0.8178278663975544,True
~asp_neptune_sun_square_orb3 & asp_pluto_uranus_sextile_orb3,2,4,-0.5069271656421881,-0.4669271656421881,0.043430333925582966,0.39364315434418296,0.43364315434418294,0.8260835832423078,0.39244042889812486,0.39364315434418296,10,125,13,0.5401539171653356,-0.2044341522827901,False,-0.7952880872991425,-0.7552880872991424,0.0,0.7552880872991424,,,validation,,0.34939676512264856,0.755689323972137,0.4062925588494884,-0.8178278663975544,0.0,0.8178278663975544,True
~asp_mars_moon_square_orb3 & asp_neptune_uranus_conj_orb5,2,4,-0.25178200536374556,-0.21178200536374558,0.2985754942040255,0.3935245485403537,0.43352454854035366,0.8259649774384785,0.39244042889812486,0.3935245485403537,12,57,48,0.539985521795562,-0.2044341522827901,False,-0.7952880872991425,-0.7552880872991424,0.0,0.7552880872991424,,,validation,,0.13123007536340686,0.5375226342128953,0.4062925588494884,-0.8178278663975544,0.0,0.8178278663975544,True
~asp_mars_moon_conj_orb3 & asp_pluto_uranus_sextile_orb3,2,4,-0.5693826317695768,-0.5293826317695768,-0.019025132201805683,0.3930016949261016,0.4330016949261016,0.8254421238242264,0.39244042889812486,0.3930016949261016,12,212,16,0.5392431816535652,-0.2044341522827901,False,-0.7952880872991425,-0.7552880872991424,0.0,0.7552880872991424,,,validation,,0.38163192824743525,0.7879244870969236,0.4062925588494884,-0.8178278663975544,0.0,0.8178278663975544,True
~asp_moon_neptune_square_orb1 & asp_neptune_uranus_conj_orb5,2,4,-0.25228711503304785,-0.21228711503304787,0.29807038453472323,0.39282911519275476,0.43282911519275474,0.8252695440908796,0.39244042889812486,0.39282911519275476,3,141,15,0.5389981562369828,-0.2044341522827901,False,-0.7952880872991425,-0.7552880872991424,0.0,0.7552880872991424,,,validation,,0.10329434905343188,0.5095869079029203,0.4062925588494884,-0.8178278663975544,0.0,0.8178278663975544,True
~asp_jupiter_moon_opp_orb1 & asp_pluto_uranus_sextile_orb3,2,4,-0.5409918727073921,-0.5009918727073921,0.009365626860379055,0.39272097243309956,0.43272097243309954,0.8251614013312244,0.39244042889812486,0.39272097243309956,11,227,13,0.5388446174200483,-0.2044341522827901,False,-0.7952880872991425,-0.7552880872991424,0.0,0.7552880872991424,,,validation,,0.36495211129364297,0.7712446701431314,0.4062925588494884,-0.8178278663975544,0.0,0.8178278663975544,True
asp_neptune_uranus_conj_orb5 & ~asp_sun_uranus_square_orb1,2,4,-0.20897226412137623,-0.16897226412137623,0.3413852354463949,0.39270698454138886,0.43270698454138884,0.8251474134395137,0.39244042889812486,0.39270698454138886,3,125,11,0.5388247577173801,-0.2044341522827901,False,-0.7952880872991425,-0.7552880872991424,0.0,0.7552880872991424,,,validation,,0.1309328674239683,0.5372254262734567,0.4062925588494884,-0.8178278663975544,0.0,0.8178278663975544,True
~asp_pluto_sun_opp_orb3 & asp_pluto_uranus_sextile_orb3,2,4,-0.5745796861211533,-0.5345796861211533,-0.024222186553382104,0.3926356744385311,0.43263567443853107,0.8250761033366559,0.39244042889812486,0.3926356744385311,6,222,10,0.5387235132357808,-0.2044341522827901,False,-0.7952880872991425,-0.7552880872991424,0.0,0.7552880872991424,,,validation,,0.38340718713646055,0.7896997459859489,0.4062925588494884,-0.8178278663975544,0.0,0.8178278663975544,True
~asp_mars_neptune_trine_orb5 & asp_pluto_uranus_sextile_orb3,2,4,-0.4836046396217533,-0.44360463962175334,0.06675285994601773,0.3924770465600985,0.4324770465600985,0.8249174754582234,0.39244042889812486,0.3924770465600985,9,140,12,0.5384982971936487,-0.2044341522827901,False,-0.7952880872991425,-0.7552880872991424,0.0,0.7552880872991424,,,validation,,0.4131195617219448,0.8194121205714332,0.4062925588494884,-0.8178278663975544,0.0,0.8178278663975544,True
~asp_mercury_moon_square_orb1 & asp_pluto_uranus_sextile_orb3,2,4,-0.5455232247834005,-0.5055232247834005,0.0048342747843706,0.3924636899892834,0.43246368998928336,0.8249041188874082,0.39244042889812486,0.3924636899892834,10,191,15,0.5384793338720868,-0.2044341522827901,False,-0.7952880872991425,-0.7552880872991424,0.0,0.7552880872991424,,,validation,,0.4042355547905611,0.8105281136400495,0.4062925588494884,-0.8178278663975544,0.0,0.8178278663975544,True
~asp_mercury_venus_conj_orb5 & asp_neptune_uranus_conj_orb5,2,4,-0.30742400413171694,-0.26742400413171696,0.2429334954360541,0.39241090661078437,0.43241090661078435,0.8248513355089092,0.39244042889812486,0.39241090661078437,4,114,15,0.5384043933901741,-0.2044341522827901,False,-0.7952880872991425,-0.7552880872991424,0.0,0.7552880872991424,,,validation,,0.12363845283931857,0.529931011688807,0.4062925588494884,-0.8178278663975544,0.0,0.8178278663975544,True
asp_neptune_uranus_conj_orb5 & ~mercury_sign_aquarius,2,4,-0.286876125593115,-0.246876125593115,0.2634813739746561,0.39219989265701183,0.4321998926570118,0.8246403215551367,0.39244042889812486,0.39219989265701183,2,202,8,0.5381048016002106,-0.2044341522827901,False,-0.7952880872991425,-0.7552880872991424,0.0,0.7552880872991424,,,validation,,0.1686120982527039,0.5749046571021923,0.4062925588494884,-0.8178278663975544,0.0,0.8178278663975544,True
~asp_mars_venus_sextile_orb5 & asp_pluto_uranus_sextile_orb3,2,4,-0.5800211808300504,-0.5400211808300504,-0.02966368126227922,0.3920145629285674,0.4320145629285674,0.8244549918266922,0.39244042889812486,0.3920145629285674,7,252,10,0.5378416760782065,-0.2044341522827901,False,-0.7952880872991425,-0.7552880872991424,0.0,0.7552880872991424,,,validation,,0.3562218503754639,0.7625144092249523,0.4062925588494884,-0.8178278663975544,0.0,0.8178278663975544,True
asp_neptune_uranus_conj_orb5 & ~asp_saturn_sun_sextile_orb1,2,4,-0.24548842020538833,-0.20548842020538832,0.3048690793623828,0.3919575478309978,0.43195754783099777,0.8243979767291226,0.39244042889812486,0.3919575478309978,2,258,8,0.5377607278701666,-0.2044341522827901,False,-0.7952880872991425,-0.7552880872991424,0.0,0.7552880872991424,,,validation,,0.10936532153157502,0.5156578803810634,0.4062925588494884,-0.8178278663975544,0.0,0.8178278663975544,True
~asp_jupiter_mercury_square_orb5 & asp_pluto_uranus_sextile_orb3,2,4,-0.49844737577739473,-0.45844737577739475,0.051910123790376336,0.3918638555307775,0.4318638555307775,0.8243042844289024,0.39244042889812486,0.3918638555307775,12,120,16,0.5376277066440727,-0.2044341522827901,False,-0.7952880872991425,-0.7552880872991424,0.0,0.7552880872991424,,,validation,,0.34109235136512467,0.7473849102146131,0.4062925588494884,-0.8178278663975544,0.0,0.8178278663975544,True
asp_jupiter_pluto_square_orb3 & ~asp_neptune_sun_opp_orb3,2,4,-0.4250347111289139,-0.3850347111289139,0.1253227884388572,0.3917787016347908,0.43177870163479076,0.8242191305329156,0.39244042889812486,0.3917787016347908,4,42,10,-0.07169593859919454,0.8205867168762535,False,-0.6450251983742067,-0.6050251983742067,0.15026288892493575,0.7552880872991424,,,validation,,0.07687884476582779,0.4831714036153162,0.4062925588494884,-0.6229663534118098,0.19486151298574464,0.8178278663975544,True
~asp_neptune_venus_opp_orb3 & asp_pluto_uranus_sextile_orb3,2,4,-0.5505707419129202,-0.5105707419129202,-0.00021324234514903928,0.3915072705017264,0.4315072705017264,0.8239476993998512,0.39244042889812486,0.3915072705017264,6,188,9,0.5371214401465665,-0.2044341522827901,False,-0.7952880872991425,-0.7552880872991424,0.0,0.7552880872991424,,,validation,,0.3665873322771626,0.772879891126651,0.4062925588494884,-0.8178278663975544,0.0,0.8178278663975544,True
~asp_moon_pluto_sextile_orb3 & asp_neptune_uranus_conj_orb5,2,4,-0.31205991855478726,-0.2720599185547873,0.23829758101298382,0.3913724500285769,0.4313724500285769,0.8238128789267017,0.39244042889812486,0.3913724500285769,6,56,40,0.536930027388963,-0.2044341522827901,False,-0.7952880872991425,-0.7552880872991424,0.0,0.7552880872991424,,,validation,,0.1127254138962937,0.5190179727457821,0.4062925588494884,-0.8178278663975544,0.0,0.8178278663975544,True
asp_pluto_uranus_sextile_orb3 & ~asp_pluto_venus_conj_orb5,2,4,-0.5409918727073921,-0.5009918727073921,0.009365626860379055,0.3912196818152921,0.4312196818152921,0.8236601107134169,0.39244042889812486,0.3912196818152921,8,261,10,0.5367131334489244,-0.2044341522827901,False,-0.7952880872991425,-0.7552880872991424,0.0,0.7552880872991424,,,validation,,0.3811083196618336,0.787400878511322,0.4062925588494884,-0.8178278663975544,0.0,0.8178278663975544,True
~asp_mercury_uranus_square_orb3 & asp_neptune_uranus_conj_orb5,2,4,-0.24799021651995964,-0.20799021651995964,0.30236728304781146,0.39100623689616665,0.43100623689616663,0.8234466657942915,0.39244042889812486,0.39100623689616665,3,137,13,0.5364100937973473,-0.2044341522827901,False,-0.7952880872991425,-0.7552880872991424,0.0,0.7552880872991424,,,validation,,0.13335335360975747,0.5396459124592459,0.4062925588494884,-0.8178278663975544,0.0,0.8178278663975544,True
~asp_neptune_sun_trine_orb5 & asp_neptune_uranus_conj_orb5,2,4,-0.2712122179885179,-0.23121221798851793,0.27914528157925317,0.3906606899597451,0.4306606899597451,0.82310111885787,0.39244042889812486,0.3906606899597451,3,91,12,0.5359195028949906,-0.2044341522827901,False,-0.7952880872991425,-0.7552880872991424,0.0,0.7552880872991424,,,validation,,0.12908065034197752,0.5353732091914659,0.4062925588494884,-0.8178278663975544,0.0,0.8178278663975544,True
asp_neptune_uranus_conj_orb5 & ~mars_ingress_1d,2,4,-0.2821845117207718,-0.24218451172077182,0.2681729878469993,0.39038397819329096,0.43038397819329094,0.8228244070914158,0.39244042889812486,0.39038397819329096,8,85,38,0.5355266420538607,-0.2044341522827901,False,-0.7952880872991425,-0.7552880872991424,0.0,0.7552880872991424,,,validation,,0.16150272945630012,0.5677952883057885,0.4062925588494884,-0.8178278663975544,0.0,0.8178278663975544,True
~asp_moon_neptune_square_orb1 & asp_pluto_uranus_sextile_orb3,2,4,-0.5480411196714945,-0.5080411196714945,0.002316379896276627,0.3902750975149648,0.4302750975149648,0.8227155264130896,0.39244042889812486,0.3902750975149648,10,163,15,0.5353720592748512,-0.2044341522827901,False,-0.7952880872991425,-0.7552880872991424,0.0,0.7552880872991424,,,validation,,0.3659118104071943,0.7722043692566827,0.4062925588494884,-0.8178278663975544,0.0,0.8178278663975544,True
asp_pluto_uranus_sextile_orb3 & ~asp_saturn_venus_conj_orb5,2,4,-0.5409918727073921,-0.5009918727073921,0.009365626860379055,0.39002918874651427,0.43002918874651425,0.8224696176446391,0.39244042889812486,0.39002918874651427,7,287,9,0.5350229321830964,-0.2044341522827901,False,-0.7952880872991425,-0.7552880872991424,0.0,0.7552880872991424,,,validation,,0.3544621007713676,0.760754659620856,0.4062925588494884,-0.8178278663975544,0.0,0.8178278663975544,True
~asp_mercury_pluto_square_orb1 & asp_pluto_uranus_sextile_orb3,2,4,-0.5910513753835155,-0.5510513753835155,-0.04069387581574432,0.38981350278555615,0.42981350278555613,0.822253931683681,0.39244042889812486,0.38981350278555615,10,166,14,0.5347167143849951,-0.2044341522827901,False,-0.7952880872991425,-0.7552880872991424,0.0,0.7552880872991424,,,validation,,0.35001657968455707,0.7563091385340455,0.4062925588494884,-0.8178278663975544,0.0,0.8178278663975544,True
~asp_mercury_neptune_square_orb5 & asp_neptune_uranus_conj_orb5,2,4,-0.21628997091897986,-0.17628997091897985,0.33406752864879125,0.3898057263293512,0.42980572632935116,0.822246155227476,0.39244042889812486,0.3898057263293512,4,105,15,0.5347056738579568,-0.2044341522827901,False,-0.7952880872991425,-0.7552880872991424,0.0,0.7552880872991424,,,validation,,0.12751787477283877,0.5338104336223272,0.4062925588494884,-0.8178278663975544,0.0,0.8178278663975544,True
~asp_mars_moon_opp_orb3 & asp_neptune_uranus_conj_orb5,2,4,-0.28804818065786736,-0.24804818065786738,0.2623093189099037,0.3897686130678737,0.4297686130678737,0.8222090419659985,0.39244042889812486,0.3897686130678737,2,196,18,0.534652982777889,-0.2044341522827901,False,-0.7952880872991425,-0.7552880872991424,0.0,0.7552880872991424,,,validation,,0.1143305635607576,0.520623122410246,0.4062925588494884,-0.8178278663975544,0.0,0.8178278663975544,True
asp_pluto_uranus_sextile_orb3 & ~venus_sign_cancer,2,4,-0.5857830482656539,-0.5457830482656538,-0.03542554869788276,0.3897160025539077,0.4297160025539077,0.8221564314520325,0.39244042889812486,0.3897160025539077,6,170,9,0.5345782897039704,-0.2044341522827901,False,-0.7952880872991425,-0.7552880872991424,0.0,0.7552880872991424,,,validation,,0.34797092990545614,0.7542634887549445,0.4062925588494884,-0.8178278663975544,0.0,0.8178278663975544,True
~asp_mercury_saturn_conj_orb3 & asp_neptune_uranus_conj_orb5,2,4,-0.2604226703000671,-0.22042267030006713,0.289934829267704,0.3896563545764339,0.42965635457643386,0.8220967834745587,0.39244042889812486,0.3896563545764339,2,204,9,0.534493605331972,-0.2044341522827901,False,-0.7952880872991425,-0.7552880872991424,0.0,0.7552880872991424,,,validation,,0.12096547158869048,0.5272580304381789,0.4062925588494884,-0.8178278663975544,0.0,0.8178278663975544,True
~asp_mars_uranus_sextile_orb3 & asp_pluto_uranus_sextile_orb3,2,4,-0.5368328759601646,-0.4968328759601646,0.013524623607606505,0.3896086267484956,0.4296086267484956,0.8220490556466205,0.39244042889812486,0.3896086267484956,7,259,10,0.5344258444593155,-0.2044341522827901,False,-0.7952880872991425,-0.7552880872991424,0.0,0.7552880872991424,,,validation,,0.3327169095614287,0.7390094684109171,0.4062925588494884,-0.8178278663975544,0.0,0.8178278663975544,True
~asp_mars_uranus_square_orb1 & asp_pluto_uranus_sextile_orb3,2,4,-0.5524812030983163,-0.5124812030983162,-0.002123703530545121,0.3886220648171911,0.42862206481719106,0.8210624937153159,0.39244042889812486,0.3886220648171911,7,233,10,0.5330251949621838,-0.2044341522827901,False,-0.7952880872991425,-0.7552880872991424,0.0,0.7552880872991424,,,validation,,0.3581720253795652,0.7644645842290536,0.4062925588494884,-0.8178278663975544,0.0,0.8178278663975544,True
~asp_jupiter_mercury_trine_orb5 & asp_neptune_uranus_conj_orb5,2,4,-0.19781271779730056,-0.15781271779730055,0.35254478177047055,0.3885430973588567,0.4285430973588567,0.8209835262569816,0.39244042889812486,0.3885430973588567,3,118,12,0.5329130832443061,-0.2044341522827901,False,-0.7952880872991425,-0.7552880872991424,0.0,0.7552880872991424,,,validation,,0.10899161457307499,0.5152841734225634,0.4062925588494884,-0.8178278663975544,0.0,0.8178278663975544,True
asp_neptune_uranus_conj_orb5 & ~asp_pluto_sun_trine_orb3,2,4,-0.25320714245481785,-0.21320714245481787,0.29715035711295323,0.38822602153174834,0.4282260215317483,0.8206664504298732,0.39244042889812486,0.38822602153174834,3,123,12,0.5324629250724544,-0.2044341522827901,False,-0.7952880872991425,-0.7552880872991424,0.0,0.7552880872991424,,,validation,,0.1486455821843991,0.5549381410338875,0.4062925588494884,-0.8178278663975544,0.0,0.8178278663975544,True
asp_pluto_uranus_sextile_orb3 & ~asp_uranus_venus_trine_orb3,2,4,-0.5753207787503312,-0.5353207787503311,-0.02496327918256,0.3881047513075879,0.4281047513075879,0.8205451802057128,0.39244042889812486,0.3881047513075879,9,139,14,0.5322907559555026,-0.2044341522827901,False,-0.7952880872991425,-0.7552880872991424,0.0,0.7552880872991424,,,validation,,0.39889088941661993,0.8051834482661083,0.4062925588494884,-0.8178278663975544,0.0,0.8178278663975544,True
~asp_mars_pluto_sextile_orb1 & asp_pluto_uranus_sextile_orb3,2,4,-0.5409918727073921,-0.5009918727073921,0.009365626860379055,0.38796598366631196,0.42796598366631194,0.8204064125644368,0.39244042889812486,0.38796598366631196,9,257,11,0.5320937457496402,-0.2044341522827901,False,-0.7952880872991425,-0.7552880872991424,0.0,0.7552880872991424,,,validation,,0.4565123921222251,0.8628049509717135,0.4062925588494884,-0.8178278663975544,0.0,0.8178278663975544,True
asp_neptune_uranus_conj_orb5 & ~asp_sun_uranus_sextile_orb1,2,4,-0.2765142239588925,-0.23651422395889254,0.27384327560887856,0.38766630489742526,0.42766630489742524,0.8201067337955501,0.39244042889812486,0.38766630489742526,3,169,12,0.5316682888590099,-0.2044341522827901,False,-0.7952880872991425,-0.7552880872991424,0.0,0.7552880872991424,,,validation,,0.14471377109679745,0.5510063299462858,0.4062925588494884,-0.8178278663975544,0.0,0.8178278663975544,True
~asp_mercury_uranus_opp_orb5 & asp_pluto_uranus_sextile_orb3,2,4,-0.5857257787685961,-0.5457257787685961,-0.03536827920082492,0.38765056243507134,0.4276505624350713,0.8200909913331962,0.39244042889812486,0.38765056243507134,6,184,10,0.5316459391651549,-0.2044341522827901,False,-0.7952880872991425,-0.7552880872991424,0.0,0.7552880872991424,,,validation,,0.35298905989949597,0.7592816187489844,0.4062925588494884,-0.8178278663975544,0.0,0.8178278663975544,True
~asp_jupiter_sun_square_orb1 & asp_neptune_uranus_conj_orb5,2,4,-0.24209293062704976,-0.20209293062704975,0.30826456894072135,0.38763970049479224,0.4276397004947922,0.8200801293929171,0.39244042889812486,0.38763970049479224,2,166,10,0.5316305183877164,-0.2044341522827901,False,-0.7952880872991425,-0.7552880872991424,0.0,0.7552880872991424,,,validation,,0.11091648739131915,0.5172090462408075,0.4062925588494884,-0.8178278663975544,0.0,0.8178278663975544,True
~asp_mercury_pluto_conj_orb5 & asp_neptune_uranus_conj_orb5,2,4,-0.30206239479882274,-0.26206239479882276,0.24829510476894837,0.3875954126486266,0.4275954126486266,0.8200358415467515,0.39244042889812486,0.3875954126486266,2,224,9,0.5315676426199436,-0.2044341522827901,False,-0.7952880872991425,-0.7552880872991424,0.0,0.7552880872991424,,,validation,,0.13929899241624727,0.5455915512657357,0.4062925588494884,-0.8178278663975544,0.0,0.8178278663975544,True
~asp_mercury_moon_trine_orb1 & asp_pluto_uranus_sextile_orb3,2,4,-0.5692674826526748,-0.5292674826526748,-0.018909983084903624,0.3873146092383597,0.4273146092383597,0.8197550381364845,0.39244042889812486,0.3873146092383597,13,140,17,0.5311689846709553,-0.2044341522827901,False,-0.7952880872991425,-0.7552880872991424,0.0,0.7552880872991424,,,validation,,0.3885914174292349,0.7948839762787233,0.4062925588494884,-0.8178278663975544,0.0,0.8178278663975544,True
asp_neptune_uranus_conj_orb5 & ~asp_pluto_sun_trine_orb5,2,4,-0.2718678731905066,-0.2318678731905066,0.2784896263772645,0.3872558081683296,0.4272558081683296,0.8196962370664544,0.39244042889812486,0.3872558081683296,3,121,12,0.5310855046484309,-0.2044341522827901,False,-0.7952880872991425,-0.7552880872991424,0.0,0.7552880872991424,,,validation,,0.14321905258448503,0.5495116114339734,0.4062925588494884,-0.8178278663975544,0.0,0.8178278663975544,True
asp_pluto_uranus_sextile_orb3 & ~asp_uranus_venus_sextile_orb3,2,4,-0.5409918727073921,-0.5009918727073921,0.009365626860379055,0.3871178606006269,0.4271178606006269,0.8195582894987518,0.39244042889812486,0.3871178606006269,11,214,13,0.5308896603386912,-0.2044341522827901,False,-0.7952880872991425,-0.7552880872991424,0.0,0.7552880872991424,,,validation,,0.3941603878766175,0.8004529467261059,0.4062925588494884,-0.8178278663975544,0.0,0.8178278663975544,True
~asp_jupiter_venus_opp_orb3 & asp_pluto_uranus_sextile_orb3,2,4,-0.5840195417631698,-0.5440195417631698,-0.03366204219539872,0.38708122924630894,0.4270812292463089,0.8195216581444338,0.39244042889812486,0.38708122924630894,6,175,10,0.5308376548101217,-0.2044341522827901,False,-0.7952880872991425,-0.7552880872991424,0.0,0.7552880872991424,,,validation,,0.371536282073932,0.7778288409234204,0.4062925588494884,-0.8178278663975544,0.0,0.8178278663975544,True
asp_neptune_uranus_conj_orb5 & ~mercury_sign_aries,2,4,-0.2290183924720133,-0.1890183924720133,0.3213391070957578,0.38706458460662774,0.4270645846066277,0.8195050135047526,0.39244042889812486,0.38706458460662774,2,191,8,0.5308140244236683,-0.2044341522827901,False,-0.7952880872991425,-0.7552880872991424,0.0,0.7552880872991424,,,validation,,0.11111394872694808,0.5174065075764365,0.4062925588494884,-0.8178278663975544,0.0,0.8178278663975544,True
~asp_mercury_venus_conj_orb3 & asp_pluto_uranus_sextile_orb3,2,4,-0.5330229929521363,-0.49302299295213625,0.01733450661563485,0.38700041711346944,0.4270004171134694,0.8194408460115943,0.39244042889812486,0.38700041711346944,12,139,15,0.5307229259024238,-0.2044341522827901,False,-0.7952880872991425,-0.7552880872991424,0.0,0.7552880872991424,,,validation,,0.4244760010380964,0.8307685598875848,0.4062925588494884,-0.8178278663975544,0.0,0.8178278663975544,True
~asp_jupiter_venus_opp_orb5 & asp_pluto_uranus_sextile_orb3,2,4,-0.5211054018864675,-0.48110540188646744,0.029252097681303664,0.3868849699715814,0.4268849699715814,0.8193253988697062,0.39244042889812486,0.3868849699715814,6,173,9,0.5305590258628645,-0.2044341522827901,False,-0.7952880872991425,-0.7552880872991424,0.0,0.7552880872991424,,,validation,,0.3571036671499988,0.7633962259994872,0.4062925588494884,-0.8178278663975544,0.0,0.8178278663975544,True
~asp_neptune_sun_square_orb5 & asp_neptune_uranus_conj_orb5,2,4,-0.340284197925728,-0.300284197925728,0.21007330164204305,0.3866500796727109,0.4266500796727109,0.8190905085708358,0.39244042889812486,0.3866500796727109,3,121,13,0.5302255532217934,-0.2044341522827901,False,-0.7952880872991425,-0.7552880872991424,0.0,0.7552880872991424,,,validation,,0.10745547601530175,0.5137480348647901,0.4062925588494884,-0.8178278663975544,0.0,0.8178278663975544,True
asp_pluto_uranus_sextile_orb3 & ~mars_ingress_1d,2,4,-0.5591419058083211,-0.5191419058083211,-0.008784406240550014,0.38642579956441403,0.426425799564414,0.8188662284625389,0.39244042889812486,0.38642579956441403,26,78,34,0.5299071445327768,-0.2044341522827901,False,-0.7952880872991425,-0.7552880872991424,0.0,0.7552880872991424,,,validation,,0.39284990070297593,0.7991424595524643,0.4062925588494884,-0.8178278663975544,0.0,0.8178278663975544,True
~asp_neptune_sun_square_orb1 & asp_neptune_uranus_conj_orb5,2,4,-0.2567434504242142,-0.21674345042421422,0.2936140491435569,0.3864219181394888,0.42642191813948876,0.8188623470376136,0.39244042889812486,0.3864219181394888,2,199,10,0.5299016341107745,-0.2044341522827901,False,-0.7952880872991425,-0.7552880872991424,0.0,0.7552880872991424,,,validation,,0.09376680137100407,0.5000593602204925,0.4062925588494884,-0.8178278663975544,0.0,0.8178278663975544,True
~asp_jupiter_moon_trine_orb1 & asp_neptune_uranus_conj_orb5,2,4,-0.26154979619575164,-0.22154979619575166,0.28880770337201944,0.3864217151393149,0.42642171513931487,0.8188621440374397,0.39244042889812486,0.3864217151393149,4,194,13,0.529901345913367,-0.2044341522827901,False,-0.7952880872991425,-0.7552880872991424,0.0,0.7552880872991424,,,validation,,0.10933295467088427,0.5156255135203727,0.4062925588494884,-0.8178278663975544,0.0,0.8178278663975544,True
~asp_moon_uranus_opp_orb3 & asp_neptune_uranus_conj_orb5,2,4,-0.3220119903280276,-0.2820119903280276,0.2283455092397435,0.38637595454107176,0.42637595454107174,0.8188163834391966,0.39244042889812486,0.38637595454107176,5,132,25,0.5298363800437316,-0.2044341522827901,False,-0.7952880872991425,-0.7552880872991424,0.0,0.7552880872991424,,,validation,,0.16356845051809027,0.5698610093675787,0.4062925588494884,-0.8178278663975544,0.0,0.8178278663975544,True
~asp_jupiter_sun_trine_orb3 & asp_neptune_uranus_conj_orb5,2,4,-0.30105369414233657,-0.2610536941423366,0.24930380542543454,0.38627311724131674,0.4262731172413167,0.8187135461394416,0.39244042889812486,0.38627311724131674,3,117,11,0.5296903830503947,-0.2044341522827901,False,-0.7952880872991425,-0.7552880872991424,0.0,0.7552880872991424,,,validation,,0.14750093030428696,0.5537934891537754,0.4062925588494884,-0.8178278663975544,0.0,0.8178278663975544,True
~asp_mercury_uranus_square_orb5 & asp_neptune_uranus_conj_orb5,2,4,-0.22935557973894724,-0.18935557973894723,0.32100191982882387,0.3860825312696209,0.42608253126962087,0.8185229601677457,0.39244042889812486,0.3860825312696209,3,134,14,0.5294198106121566,-0.2044341522827901,False,-0.7952880872991425,-0.7552880872991424,0.0,0.7552880872991424,,,validation,,0.12698266283919785,0.5332752216886862,0.4062925588494884,-0.8178278663975544,0.0,0.8178278663975544,True
~asp_moon_sun_square_orb1 & asp_pluto_uranus_sextile_orb3,2,4,-0.5795856734551292,-0.5395856734551292,-0.02922817388735813,0.3860743118304151,0.42607431183041505,0.8185147407285399,0.39244042889812486,0.3860743118304151,17,201,22,0.5294081415919951,-0.2044341522827901,False,-0.7952880872991425,-0.7552880872991424,0.0,0.7552880872991424,,,validation,,0.4076577664937017,0.8139503253431901,0.4062925588494884,-0.8178278663975544,0.0,0.8178278663975544,True
~asp_mercury_pluto_square_orb3 & asp_neptune_uranus_conj_orb5,2,4,-0.25880668967900927,-0.2188066896790093,0.2915508098887618,0.38604503742848695,0.42604503742848693,0.8184854663266118,0.39244042889812486,0.38604503742848695,3,110,15,0.5293665811503179,-0.2044341522827901,False,-0.7952880872991425,-0.7552880872991424,0.0,0.7552880872991424,,,validation,,0.11214135324431679,0.5184339120938052,0.4062925588494884,-0.8178278663975544,0.0,0.8178278663975544,True
asp_neptune_uranus_conj_orb5 & ~asp_sun_uranus_trine_orb1,2,4,-0.25265416752099207,-0.2126541675209921,0.297703332046779,0.3858700339207908,0.42587003392079076,0.8183104628189156,0.39244042889812486,0.3858700339207908,3,97,10,0.5291181314694837,-0.2044341522827901,False,-0.7952880872991425,-0.7552880872991424,0.0,0.7552880872991424,,,validation,,0.12076236189392348,0.5270549207434119,0.4062925588494884,-0.8178278663975544,0.0,0.8178278663975544,True
asp_neptune_uranus_conj_orb5 & ~asp_pluto_venus_sextile_orb1,2,4,-0.25759667808153197,-0.217596678081532,0.2927608214862391,0.3857959894658236,0.4257959894658236,0.8182364183639484,0.39244042889812486,0.3857959894658236,4,134,13,0.5290130118689476,-0.2044341522827901,False,-0.7952880872991425,-0.7552880872991424,0.0,0.7552880872991424,,,validation,,0.15952420099784032,0.5658167598473287,0.4062925588494884,-0.8178278663975544,0.0,0.8178278663975544,True
~asp_mercury_venus_sextile_orb3 & asp_neptune_uranus_conj_orb5,2,4,-0.23787890133750486,-0.19787890133750485,0.31247859823026625,0.38571428228873417,0.42571428228873415,0.818154711186859,0.39244042889812486,0.38571428228873417,2,244,13,0.5288970137258613,-0.2044341522827901,False,-0.7952880872991425,-0.7552880872991424,0.0,0.7552880872991424,,,validation,,0.13213531254660388,0.5384278713960923,0.4062925588494884,-0.8178278663975544,0.0,0.8178278663975544,True
~asp_mercury_neptune_opp_orb3 & asp_neptune_uranus_conj_orb5,2,4,-0.2645188869941963,-0.2245188869941963,0.2858386125735748,0.3857005401289746,0.42570054012897457,0.8181409690270994,0.39244042889812486,0.3857005401289746,2,140,8,0.5288775042491212,-0.2044341522827901,False,-0.7952880872991425,-0.7552880872991424,0.0,0.7552880872991424,,,validation,,0.1123062153925653,0.5185987742420537,0.4062925588494884,-0.8178278663975544,0.0,0.8178278663975544,True
~asp_neptune_sun_square_orb1 & asp_pluto_uranus_sextile_orb3,2,4,-0.538316099042991,-0.498316099042991,0.012041400524780106,0.3856468415009707,0.4256468415009707,0.8180872703990956,0.39244042889812486,0.3856468415009707,9,177,12,0.5288012693772173,-0.2044341522827901,False,-0.7952880872991425,-0.7552880872991424,0.0,0.7552880872991424,,,validation,,0.33977951866646233,0.7460720775159507,0.4062925588494884,-0.8178278663975544,0.0,0.8178278663975544,True
~asp_moon_neptune_trine_orb3 & asp_pluto_uranus_sextile_orb3,2,4,-0.5146671196694056,-0.47466711966940556,0.035690379898365536,0.38550379546057234,0.4255037954605723,0.8179442243586972,0.39244042889812486,0.38550379546057234,31,73,39,0.528598189959856,-0.2044341522827901,False,-0.7952880872991425,-0.7552880872991424,0.0,0.7552880872991424,,,validation,,0.43069129024416014,0.8369838490936485,0.4062925588494884,-0.8178278663975544,0.0,0.8178278663975544,True
~asp_moon_pluto_square_orb1 & asp_neptune_uranus_conj_orb5,2,4,-0.22666060242996325,-0.18666060242996324,0.32369689713780786,0.384850056483628,0.424850056483628,0.8172904853817529,0.39244042889812486,0.384850056483628,5,141,14,0.5276700942659545,-0.2044341522827901,False,-0.7952880872991425,-0.7552880872991424,0.0,0.7552880872991424,,,validation,,0.13803563314462958,0.544328191994118,0.4062925588494884,-0.8178278663975544,0.0,0.8178278663975544,True
asp_neptune_uranus_conj_orb5 & ~asp_uranus_venus_trine_orb1,2,4,-0.2572708600061471,-0.2172708600061471,0.293086639561624,0.38484507323864026,0.42484507323864024,0.8172855021367651,0.39244042889812486,0.38484507323864026,2,176,8,0.5276630197094268,-0.2044341522827901,False,-0.7952880872991425,-0.7552880872991424,0.0,0.7552880872991424,,,validation,,0.13748389439042225,0.5437764532399106,0.4062925588494884,-0.8178278663975544,0.0,0.8178278663975544,True
~asp_neptune_venus_opp_orb5 & asp_pluto_uranus_sextile_orb3,2,4,-0.5470206230287865,-0.5070206230287865,0.003336876538984675,0.3847086615579812,0.4247086615579812,0.8171490904561061,0.39244042889812486,0.3847086615579812,6,186,9,0.5274693604607881,-0.2044341522827901,False,-0.7952880872991425,-0.7552880872991424,0.0,0.7552880872991424,,,validation,,0.3568795481586768,0.7631721070081652,0.4062925588494884,-0.8178278663975544,0.0,0.8178278663975544,True
asp_pluto_uranus_sextile_orb3 & ~asp_uranus_venus_trine_orb1,2,4,-0.5808014199863202,-0.5408014199863201,-0.030443920418549042,0.38468737125306507,0.42468737125306505,0.8171278001511899,0.39244042889812486,0.38468737125306507,9,154,13,0.5274391353271237,-0.2044341522827901,False,-0.7952880872991425,-0.7552880872991424,0.0,0.7552880872991424,,,validation,,0.3634289808807161,0.7697215397302045,0.4062925588494884,-0.8178278663975544,0.0,0.8178278663975544,True
~asp_mercury_pluto_square_orb1 & asp_neptune_uranus_conj_orb5,2,4,-0.23818385095630026,-0.19818385095630026,0.31217364861147084,0.3846129715135487,0.42461297151354865,0.8170534004116735,0.39244042889812486,0.3846129715135487,3,111,12,0.5273335125551295,-0.2044341522827901,False,-0.7952880872991425,-0.7552880872991424,0.0,0.7552880872991424,,,validation,,0.1153733371714058,0.5216658960208942,0.4062925588494884,-0.8178278663975544,0.0,0.8178278663975544,True
~asp_jupiter_moon_conj_orb3 & asp_neptune_uranus_conj_orb5,2,4,-0.2937300613591784,-0.2537300613591784,0.2566274382085927,0.38457415998726363,0.4245741599872636,0.8170145888853885,0.39244042889812486,0.38457415998726363,4,76,22,0.5272784131857711,-0.2044341522827901,False,-0.7952880872991425,-0.7552880872991424,0.0,0.7552880872991424,,,validation,,0.14371302467359387,0.5500055835230823,0.4062925588494884,-0.8178278663975544,0.0,0.8178278663975544,True
~asp_mercury_pluto_trine_orb3 & asp_pluto_uranus_sextile_orb3,2,4,-0.5506032957846533,-0.5106032957846532,-0.0002457962168821838,0.3844392758661448,0.42443927586614477,0.8168797047642696,0.39244042889812486,0.3844392758661448,9,167,15,0.5270869230686452,-0.2044341522827901,False,-0.7952880872991425,-0.7552880872991424,0.0,0.7552880872991424,,,validation,,0.3411387081504477,0.7474312669999361,0.4062925588494884,-0.8178278663975544,0.0,0.8178278663975544,True
~asp_mars_sun_sextile_orb1 & asp_pluto_uranus_sextile_orb3,2,4,-0.555460632362789,-0.5154606323627889,-0.005103132795017819,0.38437225341618186,0.42437225341618184,0.8168126823143067,0.39244042889812486,0.38437225341618186,8,216,12,0.5269917738097856,-0.2044341522827901,False,-0.7952880872991425,-0.7552880872991424,0.0,0.7552880872991424,,,validation,,0.3409618104968067,0.7472543693462951,0.4062925588494884,-0.8178278663975544,0.0,0.8178278663975544,True
asp_pluto_uranus_sextile_orb3 & ~mercury_sign_pisces,2,4,-0.4398988984888576,-0.3998988984888576,0.11045860107891346,0.3843503786066804,0.4243503786066804,0.8167908075048053,0.39244042889812486,0.3843503786066804,8,236,11,0.5269607189765071,-0.2044341522827901,False,-0.7952880872991425,-0.7552880872991424,0.0,0.7552880872991424,,,validation,,0.41536916309622945,0.8216617219457178,0.4062925588494884,-0.8178278663975544,0.0,0.8178278663975544,True
asp_pluto_uranus_sextile_orb3 & ~asp_saturn_sun_square_orb3,2,4,-0.607904925219988,-0.5679049252199879,-0.05754742565221679,0.3843029218218623,0.4243029218218623,0.8167433507199872,0.39244042889812486,0.3843029218218623,10,133,14,0.5268933464107188,-0.2044341522827901,False,-0.7952880872991425,-0.7552880872991424,0.0,0.7552880872991424,,,validation,,0.38656515765133187,0.7928577165008203,0.4062925588494884,-0.8178278663975544,0.0,0.8178278663975544,True
asp_pluto_uranus_sextile_orb3 & ~jupiter_ingress_5d,2,4,-0.5409918727073921,-0.5009918727073921,0.009365626860379055,0.384136385752635,0.42413638575263496,0.8165768146507598,0.39244042889812486,0.384136385752635,7,261,9,0.5266569218274475,-0.2044341522827901,False,-0.7952880872991425,-0.7552880872991424,0.0,0.7552880872991424,,,validation,,0.3855440479709256,0.791836606820414,0.4062925588494884,-0.8178278663975544,0.0,0.8178278663975544,True
~asp_moon_uranus_square_orb3 & asp_pluto_uranus_sextile_orb3,2,4,-0.6169737314936065,-0.5769737314936064,-0.06661623192583532,0.3841054694348349,0.4241054694348349,0.8165458983329598,0.39244042889812486,0.3841054694348349,28,113,35,0.5266130312123385,-0.2044341522827901,False,-0.7952880872991425,-0.7552880872991424,0.0,0.7552880872991424,,,validation,,0.35911439073373946,0.7654069495832279,0.4062925588494884,-0.8178278663975544,0.0,0.8178278663975544,True
~asp_moon_neptune_sextile_orb1 & asp_neptune_uranus_conj_orb5,2,4,-0.2553024693210074,-0.21530246932100744,0.29505503024676366,0.3840866580865756,0.4240866580865756,0.8165270869847004,0.39244042889812486,0.3840866580865756,5,132,24,0.5265863255272911,-0.2044341522827901,False,-0.7952880872991425,-0.7552880872991424,0.0,0.7552880872991424,,,validation,,0.13696037446571957,0.543252933315208,0.4062925588494884,-0.8178278663975544,0.0,0.8178278663975544,True
~asp_mars_uranus_square_orb3 & asp_pluto_uranus_sextile_orb3,2,4,-0.5941512923268353,-0.5541512923268352,-0.04379379275906418,0.38396104447054114,0.4239610444705411,0.816401473368666,0.39244042889812486,0.38396104447054114,6,232,9,0.5264079972512028,-0.2044341522827901,False,-0.7952880872991425,-0.7552880872991424,0.0,0.7552880872991424,,,validation,,0.34407732661449536,0.7503698854639838,0.4062925588494884,-0.8178278663975544,0.0,0.8178278663975544,True
~asp_mercury_saturn_conj_orb5 & asp_pluto_uranus_sextile_orb3,2,4,-0.4592191520942795,-0.4192191520942795,0.09113834747349156,0.3838100765535972,0.4238100765535972,0.8162505054517221,0.39244042889812486,0.3838100765535972,7,247,10,0.5261936748478404,-0.2044341522827901,False,-0.7952880872991425,-0.7552880872991424,0.0,0.7552880872991424,,,validation,,0.40689419220239204,0.8131867510518804,0.4062925588494884,-0.8178278663975544,0.0,0.8178278663975544,True
~asp_mars_venus_sextile_orb3 & asp_pluto_uranus_sextile_orb3,2,4,-0.6073626212299045,-0.5673626212299044,-0.05700512166213335,0.3837593674257841,0.4237593674257841,0.8161997963239089,0.39244042889812486,0.3837593674257841,7,255,10,0.5261216854365505,-0.2044341522827901,False,-0.7952880872991425,-0.7552880872991424,0.0,0.7552880872991424,,,validation,,0.3343082940755416,0.74060085292503,0.4062925588494884,-0.8178278663975544,0.0,0.8178278663975544,True
~asp_moon_sun_sextile_orb1 & asp_neptune_uranus_conj_orb5,2,4,-0.2601078093639011,-0.22010780936390112,0.29024969020387,0.3837350770265867,0.4237350770265867,0.8161755059247116,0.39244042889812486,0.3837350770265867,5,143,17,0.5260872014890918,-0.2044341522827901,False,-0.7952880872991425,-0.7552880872991424,0.0,0.7552880872991424,,,validation,,0.12566469237262362,0.531957251222112,0.4062925588494884,-0.8178278663975544,0.0,0.8178278663975544,True
~asp_jupiter_sun_sextile_orb1 & asp_neptune_uranus_conj_orb5,2,4,-0.2678537911855039,-0.22785379118550392,0.2825037083822672,0.38353600157144485,0.42353600157144483,0.8159764304695697,0.39244042889812486,0.38353600157144485,3,170,11,0.5258045836527612,-0.2044341522827901,False,-0.7952880872991425,-0.7552880872991424,0.0,0.7552880872991424,,,validation,,0.1020501666610169,0.5083427255105053,0.4062925588494884,-0.8178278663975544,0.0,0.8178278663975544,True
~asp_jupiter_moon_trine_orb1 & asp_pluto_uranus_sextile_orb3,2,4,-0.5390026923275514,-0.4990026923275514,0.011354807240219684,0.38330991098264244,0.4233099109826424,0.8157503398807673,0.39244042889812486,0.38330991098264244,13,246,17,0.5254836143969395,-0.2044341522827901,False,-0.7952880872991425,-0.7552880872991424,0.0,0.7552880872991424,,,validation,,0.3849204025719544,0.7912129614214428,0.4062925588494884,-0.8178278663975544,0.0,0.8178278663975544,True
~asp_jupiter_moon_conj_orb3 & asp_pluto_uranus_sextile_orb3,2,4,-0.5680776014732304,-0.5280776014732304,-0.01772010190545921,0.3832759568345171,0.4232759568345171,0.8157163857326419,0.39244042889812486,0.3832759568345171,15,110,19,0.5254354114889312,-0.2044341522827901,False,-0.7952880872991425,-0.7552880872991424,0.0,0.7552880872991424,,,validation,,0.39186899850857343,0.7981615573580618,0.4062925588494884,-0.8178278663975544,0.0,0.8178278663975544,True
asp_neptune_uranus_conj_orb5 & ~asp_saturn_venus_trine_orb5,2,4,-0.18985212644321756,-0.14985212644321755,0.36050537312455355,0.3832652066547253,0.4232652066547253,0.8157056355528501,0.39244042889812486,0.3832652066547253,3,139,13,0.5254201500306594,-0.2044341522827901,False,-0.7952880872991425,-0.7552880872991424,0.0,0.7552880872991424,,,validation,,0.06903682850435572,0.4753293873538441,0.4062925588494884,-0.8178278663975544,0.0,0.8178278663975544,True
~asp_mars_mercury_sextile_orb5 & asp_neptune_uranus_conj_orb5,2,4,-0.26817400379066736,-0.22817400379066738,0.2821834957771037,0.3832565349358532,0.4232565349358532,0.815696963833978,0.39244042889812486,0.3832565349358532,2,140,12,0.5254078392539323,-0.2044341522827901,False,-0.7952880872991425,-0.7552880872991424,0.0,0.7552880872991424,,,validation,,0.1005744894411888,0.5068670482906772,0.4062925588494884,-0.8178278663975544,0.0,0.8178278663975544,True
asp_pluto_uranus_sextile_orb3 & ~asp_uranus_venus_conj_orb3,2,4,-0.5409918727073921,-0.5009918727073921,0.009365626860379055,0.38322965699330935,0.42322965699330933,0.8156700858914342,0.39244042889812486,0.38322965699330935,9,282,11,0.5253696820791958,-0.2044341522827901,False,-0.7952880872991425,-0.7552880872991424,0.0,0.7552880872991424,,,validation,,0.3324721246540829,0.7387646835035713,0.4062925588494884,-0.8178278663975544,0.0,0.8178278663975544,True
asp_pluto_sun_trine_orb5 & venus_ingress_5d,2,3,-0.15318179953874042,-0.12318179953874042,0.3871757000290307,0.38317153232307444,0.4131715323230744,0.8056119612211993,0.39244042889812486,0.38317153232307444,19,6,46,0.4611253413029197,0.4853629084361904,True,-1.0669064583768544,-1.0369064583768544,-0.281618371077712,0.7552880872991424,1.999960000799984e-05,50000.0,validation,,0.037612704460817936,0.44390526331030633,0.4062925588494884,-0.9564116140149552,-0.13858374761740078,0.8178278663975544,True
~asp_mercury_venus_conj_orb1 & asp_neptune_uranus_conj_orb5,2,4,-0.21034849605536507,-0.17034849605536506,0.34000900351240604,0.38313474622094756,0.42313474622094754,0.8155751751190724,0.39244042889812486,0.38313474622094756,4,116,12,0.5252349424215061,-0.2044341522827901,False,-0.7952880872991425,-0.7552880872991424,0.0,0.7552880872991424,,,validation,,0.10257798613953933,0.5088705449890277,0.4062925588494884,-0.8178278663975544,0.0,0.8178278663975544,True
asp_pluto_uranus_sextile_orb3 & ~asp_sun_uranus_sextile_orb3,2,4,-0.5518956982216742,-0.5118956982216741,-0.0015381986539030083,0.3830591250821932,0.4230591250821932,0.815499553980318,0.39244042889812486,0.3830591250821932,10,166,13,0.525127587295882,-0.2044341522827901,False,-0.7952880872991425,-0.7552880872991424,0.0,0.7552880872991424,,,validation,,0.3395814639382289,0.7458740227877173,0.4062925588494884,-0.8178278663975544,0.0,0.8178278663975544,True
~asp_jupiter_sun_conj_orb3 & asp_pluto_uranus_sextile_orb3,2,4,-0.5409918727073921,-0.5009918727073921,0.009365626860379055,0.38293038225929443,0.4229303822592944,0.8153708111574193,0.39244042889812486,0.38293038225929443,7,268,9,0.5249448184510506,-0.2044341522827901,False,-0.7952880872991425,-0.7552880872991424,0.0,0.7552880872991424,,,validation,,0.33702057656031653,0.7433131354098049,0.4062925588494884,-0.8178278663975544,0.0,0.8178278663975544,True
~asp_moon_pluto_conj_orb1 & asp_neptune_uranus_conj_orb5,2,4,-0.2573914525134721,-0.21739145251347214,0.29296604705429896,0.38287038548115027,0.42287038548115025,0.8153108143792751,0.39244042889812486,0.38287038548115027,2,169,9,0.5248596445243503,-0.2044341522827901,False,-0.7952880872991425,-0.7552880872991424,0.0,0.7552880872991424,,,validation,,0.10684994040017343,0.5131424992496618,0.4062925588494884,-0.8178278663975544,0.0,0.8178278663975544,True
~asp_jupiter_venus_square_orb3 & asp_neptune_uranus_conj_orb5,2,4,-0.2763731594836196,-0.23637315948361964,0.27398434008415146,0.3827764143528435,0.42277641435284347,0.8152168432509683,0.39244042889812486,0.3827764143528435,3,95,11,0.5247262392942031,-0.2044341522827901,False,-0.7952880872991425,-0.7552880872991424,0.0,0.7552880872991424,,,validation,,0.08469511285517106,0.49098767170465946,0.4062925588494884,-0.8178278663975544,0.0,0.8178278663975544,True
asp_neptune_uranus_conj_orb5 & ~asp_neptune_venus_square_orb1,2,4,-0.23013424921969697,-0.19013424921969696,0.32022325034807414,0.3827344769181339,0.4227344769181339,0.8151749058162587,0.39244042889812486,0.3827344769181339,3,99,11,0.5246667032480841,-0.2044341522827901,False,-0.7952880872991425,-0.7552880872991424,0.0,0.7552880872991424,,,validation,,0.10545445379779211,0.5117470126472805,0.4062925588494884,-0.8178278663975544,0.0,0.8178278663975544,True
asp_pluto_uranus_sextile_orb3 & ~venus_sign_aquarius,2,4,-0.5409918727073921,-0.5009918727073921,0.009365626860379055,0.3827001148218373,0.4227001148218373,0.8151405437199621,0.39244042889812486,0.3827001148218373,9,267,11,0.5246179214710289,-0.2044341522827901,False,-0.7952880872991425,-0.7552880872991424,0.0,0.7552880872991424,,,validation,,0.3985750017181631,0.8048675605676515,0.4062925588494884,-0.8178278663975544,0.0,0.8178278663975544,True
~asp_mercury_moon_opp_orb3 & asp_neptune_uranus_conj_orb5,2,4,-0.25744542444328106,-0.21744542444328108,0.29291207512449,0.3824770681475792,0.4224770681475792,0.814917497045704,0.39244042889812486,0.3824770681475792,6,81,22,0.5243012760773733,-0.2044341522827901,False,-0.7952880872991425,-0.7552880872991424,0.0,0.7552880872991424,,,validation,,0.14988485279115255,0.5561774116406409,0.4062925588494884,-0.8178278663975544,0.0,0.8178278663975544,True
asp_neptune_uranus_conj_orb5 & ~asp_sun_venus_conj_orb3,2,4,-0.22509088291846782,-0.18509088291846781,0.3252666166493033,0.38245210559540355,0.4224521055954035,0.8148925344935284,0.39244042889812486,0.38245210559540355,2,153,8,0.5242658383482559,-0.2044341522827901,False,-0.7952880872991425,-0.7552880872991424,0.0,0.7552880872991424,,,validation,,0.11311764686103504,0.5194102057105234,0.4062925588494884,-0.8178278663975544,0.0,0.8178278663975544,True
~asp_mars_moon_conj_orb3 & asp_neptune_uranus_conj_orb5,2,4,-0.28525814791442433,-0.24525814791442435,0.26509935165334675,0.3824075343920178,0.4224075343920178,0.8148479632901426,0.39244042889812486,0.3824075343920178,8,60,27,0.52420256350013,-0.2044341522827901,False,-0.7952880872991425,-0.7552880872991424,0.0,0.7552880872991424,,,validation,,0.1368481702255247,0.5431407290750131,0.4062925588494884,-0.8178278663975544,0.0,0.8178278663975544,True
asp_pluto_uranus_sextile_orb3 & ~asp_uranus_venus_conj_orb5,2,4,-0.5409918727073921,-0.5009918727073921,0.009365626860379055,0.38237385412932967,0.42237385412932965,0.8148142830274545,0.39244042889812486,0.38237385412932967,9,280,11,0.5241547498327097,-0.2044341522827901,False,-0.7952880872991425,-0.7552880872991424,0.0,0.7552880872991424,,,validation,,0.3217630775625669,0.7280556364120553,0.4062925588494884,-0.8178278663975544,0.0,0.8178278663975544,True
asp_neptune_uranus_conj_orb5 & ~asp_sun_uranus_sextile_orb3,2,4,-0.2512881463493635,-0.2112881463493635,0.2990693532184076,0.38221413655917524,0.4222141365591752,0.8146545654573001,0.39244042889812486,0.38221413655917524,3,166,12,0.5239280094516239,-0.2044341522827901,False,-0.7952880872991425,-0.7552880872991424,0.0,0.7552880872991424,,,validation,,0.14669355892394714,0.5529861177734355,0.4062925588494884,-0.8178278663975544,0.0,0.8178278663975544,True
~asp_mercury_pluto_conj_orb3 & asp_pluto_uranus_sextile_orb3,2,4,-0.5409918727073921,-0.5009918727073921,0.009365626860379055,0.38216208976597266,0.42216208976597264,0.8146025186640975,0.39244042889812486,0.38216208976597266,9,240,11,0.5238541221669655,-0.2044341522827901,False,-0.7952880872991425,-0.7552880872991424,0.0,0.7552880872991424,,,validation,,0.3576949073325703,0.7639874661820587,0.4062925588494884,-0.8178278663975544,0.0,0.8178278663975544,True
asp_neptune_uranus_conj_orb5 & ~asp_pluto_sun_trine_orb1,2,4,-0.23055132810508158,-0.19055132810508157,0.3198061714626895,0.38162816867035076,0.42162816867035074,0.8140685975684756,0.39244042889812486,0.38162816867035076,3,123,11,0.523096152940441,-0.2044341522827901,False,-0.7952880872991425,-0.7552880872991424,0.0,0.7552880872991424,,,validation,,0.10058207678393521,0.5068746356334236,0.4062925588494884,-0.8178278663975544,0.0,0.8178278663975544,True
~asp_moon_pluto_opp_orb3 & asp_neptune_uranus_conj_orb5,2,4,-0.2595689195782346,-0.2195689195782346,0.2907885799895365,0.38154560412396943,0.4215456041239694,0.8139860330220943,0.39244042889812486,0.38154560412396943,6,76,25,0.5229789423669176,-0.2044341522827901,False,-0.7952880872991425,-0.7552880872991424,0.0,0.7552880872991424,,,validation,,0.1368716503714969,0.5431642092209853,0.4062925588494884,-0.8178278663975544,0.0,0.8178278663975544,True
~asp_moon_venus_conj_orb5 & asp_pluto_uranus_sextile_orb3,2,4,-0.5659564160505314,-0.5259564160505313,-0.015598916482760228,0.38151461186019664,0.4215146118601966,0.8139550407583215,0.39244042889812486,0.38151461186019664,23,99,33,0.5229349450440193,-0.2044341522827901,False,-0.7952880872991425,-0.7552880872991424,0.0,0.7552880872991424,,,validation,,0.37060408947449414,0.7768966483239825,0.4062925588494884,-0.8178278663975544,0.0,0.8178278663975544,True
~asp_mars_uranus_sextile_orb1 & asp_pluto_uranus_sextile_orb3,2,4,-0.5409918727073921,-0.5009918727073921,0.009365626860379055,0.38147894957687534,0.4214789495768753,0.8139193784750002,0.39244042889812486,0.38147894957687534,7,261,9,0.5228843180714979,-0.2044341522827901,False,-0.7952880872991425,-0.7552880872991424,0.0,0.7552880872991424,,,validation,,0.358461888203961,0.7647544470534494,0.4062925588494884,-0.8178278663975544,0.0,0.8178278663975544,True
asp_pluto_uranus_sextile_orb3 & ~moon_sign_leo,2,4,-0.647005736719603,-0.607005736719603,-0.09664823715183193,0.38141851971921026,0.42141851971921024,0.8138589486173351,0.39244042889812486,0.38141851971921026,42,37,53,0.522798530538279,-0.2044341522827901,False,-0.7952880872991425,-0.7552880872991424,0.0,0.7552880872991424,,,validation,,0.39210985122989545,0.7984024100793838,0.4062925588494884,-0.8178278663975544,0.0,0.8178278663975544,True
~asp_mars_moon_square_orb1 & asp_neptune_uranus_conj_orb5,2,4,-0.23843066705370272,-0.19843066705370271,0.3119268325140684,0.3812907822933198,0.4212907822933198,0.8137312111914446,0.39244042889812486,0.3812907822933198,3,156,16,0.5226171918909202,-0.2044341522827901,False,-0.7952880872991425,-0.7552880872991424,0.0,0.7552880872991424,,,validation,,0.10639576287405578,0.5126883217235442,0.4062925588494884,-0.8178278663975544,0.0,0.8178278663975544,True
~asp_mars_moon_trine_orb5 & asp_neptune_uranus_conj_orb5,2,4,-0.3459687316651043,-0.3059687316651043,0.2043887679026668,0.3810743407501014,0.42107434075010136,0.8135147696482262,0.39244042889812486,0.3810743407501014,15,39,71,0.5223099275884884,-0.2044341522827901,False,-0.7952880872991425,-0.7552880872991424,0.0,0.7552880872991424,,,validation,,0.21686941315274538,0.6231619720022338,0.4062925588494884,-0.8178278663975544,0.0,0.8178278663975544,True
asp_pluto_uranus_sextile_orb3 & ~asp_pluto_venus_square_orb5,2,4,-0.5544856605749109,-0.5144856605749109,-0.004128161007139794,0.38089436557015366,0.42089436557015364,0.8133347944682785,0.39244042889812486,0.38089436557015366,9,176,12,0.5220544320822336,-0.2044341522827901,False,-0.7952880872991425,-0.7552880872991424,0.0,0.7552880872991424,,,validation,,0.4078305529255712,0.8141231117750596,0.4062925588494884,-0.8178278663975544,0.0,0.8178278663975544,True
asp_pluto_uranus_sextile_orb3 & ~asp_saturn_venus_opp_orb3,2,4,-0.5479697054187345,-0.5079697054187344,0.0023877941490366276,0.38007688289419117,0.42007688289419115,0.812517311792316,0.39244042889812486,0.38007688289419117,8,227,11,0.5208939268450008,-0.2044341522827901,False,-0.7952880872991425,-0.7552880872991424,0.0,0.7552880872991424,,,validation,,0.3493020855679912,0.7555946444174796,0.4062925588494884,-0.8178278663975544,0.0,0.8178278663975544,True
~asp_jupiter_sun_sextile_orb3 & asp_neptune_uranus_conj_orb5,2,4,-0.2645033975154266,-0.22450339751542664,0.28585410205234446,0.38003246713085737,0.42003246713085735,0.8124728960289822,0.39244042889812486,0.38003246713085737,3,166,11,0.5208308741199386,-0.2044341522827901,False,-0.7952880872991425,-0.7552880872991424,0.0,0.7552880872991424,,,validation,,0.20151560781605032,0.6078081666655387,0.4062925588494884,-0.8178278663975544,0.0,0.8178278663975544,True
~asp_mercury_moon_sextile_orb3 & asp_neptune_uranus_conj_orb5,2,4,-0.2724855841314346,-0.2324855841314346,0.2778719154363365,0.379777690809857,0.419777690809857,0.8122181197079819,0.39244042889812486,0.379777690809857,9,53,42,0.5204691935631869,-0.2044341522827901,False,-0.7952880872991425,-0.7552880872991424,0.0,0.7552880872991424,,,validation,,0.06936167754207523,0.4756542363915636,0.4062925588494884,-0.8178278663975544,0.0,0.8178278663975544,True
~asp_mercury_uranus_trine_orb1 & asp_neptune_uranus_conj_orb5,2,4,-0.2542352573815827,-0.21423525738158272,0.2961222421861884,0.3794521621820046,0.4194521621820046,0.8118925910801295,0.39244042889812486,0.3794521621820046,2,178,9,0.5200070743064449,-0.2044341522827901,False,-0.7952880872991425,-0.7552880872991424,0.0,0.7552880872991424,,,validation,,0.12784865107528026,0.5341412099247687,0.4062925588494884,-0.8178278663975544,0.0,0.8178278663975544,True
~asp_mercury_saturn_sextile_orb3 & asp_neptune_uranus_conj_orb5,2,4,-0.2959894917076822,-0.2559894917076822,0.2543680078600889,0.37930148504180305,0.41930148504180303,0.8117419139399279,0.39244042889812486,0.37930148504180305,3,165,12,0.5197931740796731,-0.2044341522827901,False,-0.7952880872991425,-0.7552880872991424,0.0,0.7552880872991424,,,validation,,0.1216499398695498,0.5279424987190382,0.4062925588494884,-0.8178278663975544,0.0,0.8178278663975544,True
asp_pluto_uranus_sextile_orb3 & ~asp_saturn_sun_opp_orb5,2,4,-0.5318477230582024,-0.4918477230582024,0.018509776509568678,0.3787968894667961,0.4187968894667961,0.811237318364921,0.39244042889812486,0.3787968894667961,8,202,11,0.5190768559632715,-0.2044341522827901,False,-0.7952880872991425,-0.7552880872991424,0.0,0.7552880872991424,,,validation,,0.3368743757396058,0.7431669345890942,0.4062925588494884,-0.8178278663975544,0.0,0.8178278663975544,True
asp_pluto_uranus_sextile_orb3 & ~asp_sun_uranus_trine_orb3,2,4,-0.5955342816646673,-0.5555342816646672,-0.045176782096896156,0.3787828383764451,0.4187828383764451,0.81122326727457,0.39244042889812486,0.3787828383764451,9,136,13,0.5190569092459656,-0.2044341522827901,False,-0.7952880872991425,-0.7552880872991424,0.0,0.7552880872991424,,,validation,,0.37139244632065277,0.7776850051701412,0.4062925588494884,-0.8178278663975544,0.0,0.8178278663975544,True
asp_pluto_uranus_sextile_orb3 & ~asp_pluto_venus_conj_orb3,2,4,-0.5409918727073921,-0.5009918727073921,0.009365626860379055,0.37844163127784336,0.41844163127784334,0.8108820601759682,0.39244042889812486,0.37844163127784336,8,263,10,0.5185725375949903,-0.2044341522827901,False,-0.7952880872991425,-0.7552880872991424,0.0,0.7552880872991424,,,validation,,0.3691178416820307,0.7754104005315191,0.4062925588494884,-0.8178278663975544,0.0,0.8178278663975544,True
~asp_mercury_saturn_square_orb1 & asp_neptune_uranus_conj_orb5,2,4,-0.2786737651459849,-0.23867376514598493,0.27168373442178617,0.3783861362884252,0.4183861362884252,0.81082656518655,0.39244042889812486,0.3783861362884252,3,129,10,0.5184937580264177,-0.2044341522827901,False,-0.7952880872991425,-0.7552880872991424,0.0,0.7552880872991424,,,validation,,0.12782581283513111,0.5341183716846195,0.4062925588494884,-0.8178278663975544,0.0,0.8178278663975544,True
~asp_neptune_venus_sextile_orb1 & asp_pluto_uranus_sextile_orb3,2,4,-0.5409918727073921,-0.5009918727073921,0.009365626860379055,0.3782777337301939,0.4182777337301939,0.8107181626283188,0.39244042889812486,0.3782777337301939,9,216,11,0.5183398720614931,-0.2044341522827901,False,-0.7952880872991425,-0.7552880872991424,0.0,0.7552880872991424,,,validation,,0.38437361128987785,0.7906661701393662,0.4062925588494884,-0.8178278663975544,0.0,0.8178278663975544,True
~asp_pluto_sun_conj_orb1 & asp_pluto_uranus_sextile_orb3,2,4,-0.5409918727073921,-0.5009918727073921,0.009365626860379055,0.3780688911773802,0.41806889117738016,0.810509320075505,0.39244042889812486,0.3780688911773802,7,247,9,0.5180434040727229,-0.2044341522827901,False,-0.7952880872991425,-0.7552880872991424,0.0,0.7552880872991424,,,validation,,0.3522110432871615,0.7585036021366499,0.4062925588494884,-0.8178278663975544,0.0,0.8178278663975544,True
~asp_jupiter_sun_trine_orb5 & asp_neptune_uranus_conj_orb5,2,4,-0.27113763694820237,-0.23113763694820239,0.2792198626195687,0.3779573224424524,0.4179573224424524,0.8103977513405772,0.39244042889812486,0.3779573224424524,3,115,11,0.5178850239594335,-0.2044341522827901,False,-0.7952880872991425,-0.7552880872991424,0.0,0.7552880872991424,,,validation,,0.12009120808096801,0.5263837669304564,0.4062925588494884,-0.8178278663975544,0.0,0.8178278663975544,True
~asp_neptune_sun_trine_orb3 & asp_pluto_uranus_sextile_orb3,2,4,-0.5814155221987072,-0.5414155221987071,-0.031058022630936065,0.37755606619688487,0.41755606619688485,0.8099964950950097,0.39244042889812486,0.37755606619688487,9,140,13,0.517315412302292,-0.2044341522827901,False,-0.7952880872991425,-0.7552880872991424,0.0,0.7552880872991424,,,validation,,0.3501217023176236,0.756414261167112,0.4062925588494884,-0.8178278663975544,0.0,0.8178278663975544,True
asp_pluto_uranus_sextile_orb3 & ~jupiter_ingress_3d,2,4,-0.5409918727073921,-0.5009918727073921,0.009365626860379055,0.3773597089545846,0.4173597089545846,0.8098001378527094,0.39244042889812486,0.3773597089545846,7,263,9,0.517036670096557,-0.2044341522827901,False,-0.7952880872991425,-0.7552880872991424,0.0,0.7552880872991424,,,validation,,0.35513016068123276,0.7614227195307212,0.4062925588494884,-0.8178278663975544,0.0,0.8178278663975544,True
~asp_jupiter_sun_sextile_orb3 & asp_pluto_uranus_sextile_orb3,2,4,-0.5242691757243296,-0.48426917572432965,0.026088323843441445,0.37729905366316874,0.4172990536631687,0.8097394825612936,0.39244042889812486,0.37729905366316874,10,169,13,0.5169505659706606,-0.2044341522827901,False,-0.7952880872991425,-0.7552880872991424,0.0,0.7552880872991424,,,validation,,0.4340010233736317,0.8402935822231201,0.4062925588494884,-0.8178278663975544,0.0,0.8178278663975544,True
~asp_mercury_pluto_trine_orb5 & asp_pluto_uranus_sextile_orb3,2,4,-0.657785840807779,-0.617785840807779,-0.10742834124000787,0.37698624446941464,0.4169862444694146,0.8094266733675395,0.39244042889812486,0.37698624446941464,9,166,14,0.5165065138038236,-0.2044341522827901,False,-0.7952880872991425,-0.7552880872991424,0.0,0.7552880872991424,,,validation,,0.3376927468214665,0.7439853056709549,0.4062925588494884,-0.8178278663975544,0.0,0.8178278663975544,True
~asp_moon_pluto_conj_orb1 & asp_pluto_uranus_sextile_orb3,2,4,-0.5409918727073921,-0.5009918727073921,0.009365626860379055,0.3768467485358308,0.41684674853583076,0.8092871774339556,0.39244042889812486,0.3768467485358308,8,147,10,0.5163084910556937,-0.2044341522827901,False,-0.7952880872991425,-0.7552880872991424,0.0,0.7552880872991424,,,validation,,0.3432935236826186,0.749586082532107,0.4062925588494884,-0.8178278663975544,0.0,0.8178278663975544,True
~asp_jupiter_mars_square_orb1 & asp_neptune_uranus_conj_orb5,2,4,-0.29699539353523746,-0.2569953935352375,0.2533621060325336,0.3767165108068742,0.41671651080687416,0.809156939704999,0.39244042889812486,0.3767165108068742,2,149,9,0.5161236111188472,-0.2044341522827901,False,-0.7952880872991425,-0.7552880872991424,0.0,0.7552880872991424,,,validation,,0.10892809666861719,0.5152206555181056,0.4062925588494884,-0.8178278663975544,0.0,0.8178278663975544,True
~asp_moon_pluto_square_orb1 & asp_pluto_uranus_sextile_orb3,2,4,-0.560789586377101,-0.5207895863771009,-0.010432086809329779,0.37664718356910765,0.4166471835691076,0.8090876124672325,0.39244042889812486,0.37664718356910765,12,180,15,0.5160251972176886,-0.2044341522827901,False,-0.7952880872991425,-0.7552880872991424,0.0,0.7552880872991424,,,validation,,0.3561982820707767,0.7624908409202651,0.4062925588494884,-0.8178278663975544,0.0,0.8178278663975544,True
~asp_moon_sun_sextile_orb3 & asp_pluto_uranus_sextile_orb3,2,4,-0.5563014585086998,-0.5163014585086998,-0.005943958940928738,0.37658134632636486,0.41658134632636484,0.8090217752244897,0.39244042889812486,0.37658134632636486,33,82,42,0.5159317376211616,-0.2044341522827901,False,-0.7952880872991425,-0.7552880872991424,0.0,0.7552880872991424,,,validation,,0.38459580753709594,0.7908883663865843,0.4062925588494884,-0.8178278663975544,0.0,0.8178278663975544,True
~asp_mars_venus_square_orb3 & asp_pluto_uranus_sextile_orb3,2,4,-0.5768582573998655,-0.5368582573998655,-0.026500757832094417,0.3763288806349373,0.4163288806349373,0.8087693095330621,0.39244042889812486,0.3763288806349373,7,277,10,0.5155733492013801,-0.2044341522827901,False,-0.7952880872991425,-0.7552880872991424,0.0,0.7552880872991424,,,validation,,0.366277358175169,0.7725699170246574,0.4062925588494884,-0.8178278663975544,0.0,0.8178278663975544,True
~asp_moon_saturn_square_orb1 & asp_neptune_uranus_conj_orb5,2,4,-0.2304925446764632,-0.1904925446764632,0.3198649548913079,0.3757616712469021,0.41576167124690205,0.8082021001450269,0.39244042889812486,0.3757616712469021,3,180,23,0.5147681686211143,-0.2044341522827901,False,-0.7952880872991425,-0.7552880872991424,0.0,0.7552880872991424,,,validation,,0.09981171289313412,0.5061042717426225,0.4062925588494884,-0.8178278663975544,0.0,0.8178278663975544,True
~asp_moon_saturn_conj_orb3 & asp_pluto_uranus_sextile_orb3,2,4,-0.5557890156490033,-0.5157890156490033,-0.005431516081232151,0.3757005240125151,0.41570052401251506,0.8081409529106399,0.39244042889812486,0.3757005240125151,17,114,24,0.5146813674901431,-0.2044341522827901,False,-0.7952880872991425,-0.7552880872991424,0.0,0.7552880872991424,,,validation,,0.36304725705764745,0.7693398159071358,0.4062925588494884,-0.8178278663975544,0.0,0.8178278663975544,True
~asp_moon_pluto_trine_orb3 & asp_pluto_uranus_sextile_orb3,2,4,-0.6127837100066941,-0.572783710006694,-0.06242621043892289,0.37547790319417895,0.41547790319417893,0.8079183320923038,0.39244042889812486,0.37547790319417895,31,56,42,0.5143653480895625,-0.2044341522827901,False,-0.7952880872991425,-0.7552880872991424,0.0,0.7552880872991424,,,validation,,0.38336942032674753,0.7896619791762359,0.4062925588494884,-0.8178278663975544,0.0,0.8178278663975544,True
~asp_mercury_pluto_sextile_orb3 & asp_pluto_uranus_sextile_orb3,2,4,-0.5272374151571688,-0.4872374151571688,0.023120084410602308,0.3754559236779279,0.4154559236779279,0.8078963525760527,0.39244042889812486,0.3754559236779279,13,142,16,0.5143341472997707,-0.2044341522827901,False,-0.7952880872991425,-0.7552880872991424,0.0,0.7552880872991424,,,validation,,0.3840555653207109,0.7903481241701993,0.4062925588494884,-0.8178278663975544,0.0,0.8178278663975544,True
asp_jupiter_saturn_square_orb5 & ~mercury_sign_cancer,2,4,-0.16400919539720402,-0.12400919539720401,0.3863483041705671,0.37515819104464565,0.41515819104464563,0.8075986199427705,0.39244042889812486,0.37515819104464565,8,73,13,0.5855652355612073,0.2166002013429923,True,-0.6406692429455785,-0.6006692429455784,0.154618844353564,0.7552880872991424,0.0059598808023839525,50000.0,validation,,0.29328313571409254,0.6995756945635809,0.4062925588494884,-0.6933721294646039,0.12445573693295049,0.8178278663975544,True
~asp_mercury_moon_trine_orb3 & asp_pluto_uranus_sextile_orb3,2,4,-0.6392334118518153,-0.5992334118518152,-0.0888759122840441,0.3746449206863498,0.4146449206863498,0.8070853495844746,0.39244042889812486,0.3746449206863498,32,57,41,0.5131829012052636,-0.2044341522827901,False,-0.7952880872991425,-0.7552880872991424,0.0,0.7552880872991424,,,validation,,0.3597102023294501,0.7660027611789385,0.4062925588494884,-0.8178278663975544,0.0,0.8178278663975544,True
~asp_mercury_pluto_square_orb5 & asp_neptune_uranus_conj_orb5,2,4,-0.24854618144149979,-0.20854618144149978,0.3018113181262713,0.37443749536652393,0.4144374953665239,0.8068779242646488,0.39244042889812486,0.37443749536652393,3,108,15,0.5128884554142401,-0.2044341522827901,False,-0.7952880872991425,-0.7552880872991424,0.0,0.7552880872991424,,,validation,,0.0867816931998065,0.4930742520492949,0.4062925588494884,-0.8178278663975544,0.0,0.8178278663975544,True
~asp_mars_pluto_sextile_orb3 & asp_pluto_uranus_sextile_orb3,2,4,-0.5409918727073921,-0.5009918727073921,0.009365626860379055,0.37434919235735664,0.4143491923573566,0.8067896212554815,0.39244042889812486,0.37434919235735664,9,250,11,0.5127631071087912,-0.2044341522827901,False,-0.7952880872991425,-0.7552880872991424,0.0,0.7552880872991424,,,validation,,0.4109048739710946,0.817197432820583,0.4062925588494884,-0.8178278663975544,0.0,0.8178278663975544,True
~asp_mercury_uranus_trine_orb3 & asp_neptune_uranus_conj_orb5,2,4,-0.279880128418765,-0.239880128418765,0.2704773711490061,0.3742497612721035,0.4142497612721035,0.8066901901702284,0.39244042889812486,0.3742497612721035,3,97,12,0.5126219623517287,-0.2044341522827901,False,-0.7952880872991425,-0.7552880872991424,0.0,0.7552880872991424,,,validation,,0.16279321639660277,0.5690857752460912,0.4062925588494884,-0.8178278663975544,0.0,0.8178278663975544,True
asp_neptune_uranus_conj_orb5 & ~asp_pluto_venus_square_orb5,2,4,-0.2655393788935854,-0.22553937889358544,0.28481812067418566,0.37359612630884564,0.4135961263088456,0.8060365552069705,0.39244042889812486,0.37359612630884564,3,97,13,0.5116941155583112,-0.2044341522827901,False,-0.7952880872991425,-0.7552880872991424,0.0,0.7552880872991424,,,validation,,0.1380408245383979,0.5443333833878863,0.4062925588494884,-0.8178278663975544,0.0,0.8178278663975544,True
~asp_moon_uranus_sextile_orb1 & asp_pluto_uranus_sextile_orb3,2,4,-0.5685855882196817,-0.5285855882196817,-0.01822808865191063,0.37340651670758485,0.4134065167075848,0.8058469456057097,0.39244042889812486,0.37340651670758485,12,121,16,0.5114249623512597,-0.2044341522827901,False,-0.7952880872991425,-0.7552880872991424,0.0,0.7552880872991424,,,validation,,0.35525084290085424,0.7615434017503426,0.4062925588494884,-0.8178278663975544,0.0,0.8178278663975544,True
~asp_mars_moon_sextile_orb3 & asp_neptune_uranus_conj_orb5,2,4,-0.30143305190793696,-0.261433051907937,0.2489244476598341,0.37337925189096566,0.41337925189096564,0.8058196807890905,0.39244042889812486,0.37337925189096566,9,64,38,0.5113862596424954,-0.2044341522827901,False,-0.7952880872991425,-0.7552880872991424,0.0,0.7552880872991424,,,validation,,0.1501820014198973,0.5564745602693857,0.4062925588494884,-0.8178278663975544,0.0,0.8178278663975544,True
~asp_mercury_neptune_trine_orb3 & asp_pluto_uranus_sextile_orb3,2,4,-0.5169712743719677,-0.4769712743719677,0.03338622519580343,0.3733280128222122,0.41332801282221215,0.805768441720337,0.39244042889812486,0.3733280128222122,12,129,17,0.5113135252451162,-0.2044341522827901,False,-0.7952880872991425,-0.7552880872991424,0.0,0.7552880872991424,,,validation,,0.34767525989744946,0.7539678187469379,0.4062925588494884,-0.8178278663975544,0.0,0.8178278663975544,True
~asp_neptune_sun_conj_orb5 & asp_pluto_uranus_sextile_orb3,2,4,-0.5409918727073921,-0.5009918727073921,0.009365626860379055,0.37310895975463676,0.41310895975463674,0.8055493886527616,0.39244042889812486,0.37310895975463676,8,247,10,0.5110025775144205,-0.2044341522827901,False,-0.7952880872991425,-0.7552880872991424,0.0,0.7552880872991424,,,validation,,0.34758770447495285,0.7538802633244412,0.4062925588494884,-0.8178278663975544,0.0,0.8178278663975544,True
asp_pluto_uranus_sextile_orb3 & ~sun_sign_gemini,2,4,-0.5534586448061989,-0.5134586448061988,-0.0031011452384277945,0.373036692685651,0.41303669268565096,0.8054771215837758,0.39244042889812486,0.373036692685651,6,204,10,0.5108999939264649,-0.2044341522827901,False,-0.7952880872991425,-0.7552880872991424,0.0,0.7552880872991424,,,validation,,0.38110201160644025,0.7873945704559286,0.4062925588494884,-0.8178278663975544,0.0,0.8178278663975544,True
~asp_mercury_uranus_conj_orb5 & asp_neptune_uranus_conj_orb5,2,4,-0.27977151534027594,-0.23977151534027596,0.27058598422749514,0.3728970404267399,0.41289704042673986,0.8053374693248647,0.39244042889812486,0.3728970404267399,2,246,9,0.5107017568125303,-0.2044341522827901,False,-0.7952880872991425,-0.7552880872991424,0.0,0.7552880872991424,,,validation,,0.16959138314091843,0.5758839419904068,0.4062925588494884,-0.8178278663975544,0.0,0.8178278663975544,True
~asp_jupiter_moon_trine_orb3 & asp_pluto_uranus_sextile_orb3,2,4,-0.5845324669490612,-0.5445324669490612,-0.03417496738129008,0.3728955362041182,0.4128955362041182,0.805335965102243,0.39244042889812486,0.3728955362041182,30,56,38,0.5106996215620789,-0.2044341522827901,False,-0.7952880872991425,-0.7552880872991424,0.0,0.7552880872991424,,,validation,,0.38947859897408593,0.7957711578235743,0.4062925588494884,-0.8178278663975544,0.0,0.8178278663975544,True
asp_neptune_uranus_conj_orb5 & ~asp_neptune_venus_trine_orb5,2,4,-0.2837780518032129,-0.24377805180321294,0.26657944776455816,0.3728857304436163,0.41288573044361626,0.8053261593417411,0.39244042889812486,0.3728857304436163,3,106,12,0.5106857022438225,-0.2044341522827901,False,-0.7952880872991425,-0.7552880872991424,0.0,0.7552880872991424,,,validation,,0.12812120208863703,0.5344137609381254,0.4062925588494884,-0.8178278663975544,0.0,0.8178278663975544,True
asp_pluto_uranus_sextile_orb3 & ~asp_saturn_sun_square_orb1,2,4,-0.543348040001398,-0.503348040001398,0.007009459566373122,0.37274891241091346,0.41274891241091344,0.8051893413090383,0.39244042889812486,0.37274891241091346,8,140,12,0.5104914886080985,-0.2044341522827901,False,-0.7952880872991425,-0.7552880872991424,0.0,0.7552880872991424,,,validation,,0.35075490085360855,0.757047459703097,0.4062925588494884,-0.8178278663975544,0.0,0.8178278663975544,True
~asp_jupiter_venus_opp_orb5 & asp_neptune_uranus_conj_orb5,2,4,-0.3030294850093442,-0.2630294850093442,0.24732801455842693,0.3726620314992374,0.41266203149923736,0.8051024603973622,0.39244042889812486,0.3726620314992374,2,145,8,0.5103681610082513,-0.2044341522827901,False,-0.7952880872991425,-0.7552880872991424,0.0,0.7552880872991424,,,validation,,0.07538655040973474,0.48167910925922314,0.4062925588494884,-0.8178278663975544,0.0,0.8178278663975544,True
~asp_mercury_neptune_square_orb5 & asp_pluto_uranus_sextile_orb3,2,4,-0.6632379795758573,-0.6232379795758572,-0.11288048000808615,0.37260035503992106,0.41260035503992104,0.8050407839380459,0.39244042889812486,0.37260035503992106,12,136,16,0.5102806112333105,-0.2044341522827901,False,-0.7952880872991425,-0.7552880872991424,0.0,0.7552880872991424,,,validation,,0.3400813604818553,0.7463739193313437,0.4062925588494884,-0.8178278663975544,0.0,0.8178278663975544,True
~asp_pluto_sun_sextile_orb3 & asp_pluto_uranus_sextile_orb3,2,4,-0.5409918727073921,-0.5009918727073921,0.009365626860379055,0.37256132376374085,0.41256132376374083,0.8050017526618657,0.39244042889812486,0.37256132376374085,11,165,13,0.5102252063376769,-0.2044341522827901,False,-0.7952880872991425,-0.7552880872991424,0.0,0.7552880872991424,,,validation,,0.3465176617244929,0.7528102205739813,0.4062925588494884,-0.8178278663975544,0.0,0.8178278663975544,True
~asp_mars_pluto_square_orb1 & asp_pluto_uranus_sextile_orb3,2,4,-0.5585359138005069,-0.5185359138005069,-0.008178414232735834,0.3720270107729313,0.4120270107729313,0.8044674396710562,0.39244042889812486,0.3720270107729313,9,178,12,0.5094667511487931,-0.2044341522827901,False,-0.7952880872991425,-0.7552880872991424,0.0,0.7552880872991424,,,validation,,0.35626199859414337,0.7625545574436318,0.4062925588494884,-0.8178278663975544,0.0,0.8178278663975544,True
~asp_mercury_saturn_sextile_orb1 & asp_pluto_uranus_sextile_orb3,2,4,-0.5545694020427088,-0.5145694020427087,-0.004211902474937669,0.3720058130327628,0.4120058130327628,0.8044462419308877,0.39244042889812486,0.3720058130327628,10,164,13,0.5094366611202856,-0.2044341522827901,False,-0.7952880872991425,-0.7552880872991424,0.0,0.7552880872991424,,,validation,,0.3831585342441502,0.7894510930936386,0.4062925588494884,-0.8178278663975544,0.0,0.8178278663975544,True
~asp_mercury_venus_conj_orb5 & asp_pluto_uranus_sextile_orb3,2,4,-0.49666328792158543,-0.45666328792158545,0.053694211646185666,0.37185909893386326,0.41185909893386324,0.8042995278319881,0.39244042889812486,0.37185909893386326,12,138,15,0.5092284017575452,-0.2044341522827901,False,-0.7952880872991425,-0.7552880872991424,0.0,0.7552880872991424,,,validation,,0.400891769696809,0.8071843285462974,0.4062925588494884,-0.8178278663975544,0.0,0.8178278663975544,True
~asp_jupiter_sun_trine_orb5 & asp_pluto_uranus_sextile_orb3,2,4,-0.5423286392186571,-0.5023286392186571,0.008028860349113948,0.3717013814066962,0.41170138140669615,0.804141810304821,0.39244042889812486,0.3717013814066962,10,152,14,0.5090045234531475,-0.2044341522827901,False,-0.7952880872991425,-0.7552880872991424,0.0,0.7552880872991424,,,validation,,0.3353043016191329,0.7415968604686213,0.4062925588494884,-0.8178278663975544,0.0,0.8178278663975544,True
~asp_mercury_saturn_sextile_orb5 & asp_neptune_uranus_conj_orb5,2,4,-0.34828730911598643,-0.30828730911598645,0.20207019045178465,0.37156554303608036,0.41156554303608034,0.8040059719342052,0.39244042889812486,0.37156554303608036,3,164,15,0.5088117026438268,-0.2044341522827901,False,-0.7952880872991425,-0.7552880872991424,0.0,0.7552880872991424,,,validation,,0.1105546405264673,0.5168471993759557,0.4062925588494884,-0.8178278663975544,0.0,0.8178278663975544,True
asp_pluto_uranus_sextile_orb3 & ~mercury_sign_taurus,2,4,-0.4970610682804784,-0.45706106828047843,0.05329643128729269,0.3715041264138187,0.41150412641381867,0.8039445553119435,0.39244042889812486,0.3715041264138187,6,201,10,0.5087245226258013,-0.2044341522827901,False,-0.7952880872991425,-0.7552880872991424,0.0,0.7552880872991424,,,validation,,0.29800871132882883,0.7043012701783172,0.4062925588494884,-0.8178278663975544,0.0,0.8178278663975544,True
~asp_moon_neptune_sextile_orb1 & asp_pluto_uranus_sextile_orb3,2,4,-0.5559335855351163,-0.5159335855351163,-0.0055760859673451135,0.37144862848019977,0.41144862848019975,0.8038890573783246,0.39244042889812486,0.37144862848019977,13,205,20,0.508645744145962,-0.2044341522827901,False,-0.7952880872991425,-0.7552880872991424,0.0,0.7552880872991424,,,validation,,0.35159940904932724,0.7578919678988156,0.4062925588494884,-0.8178278663975544,0.0,0.8178278663975544,True
~asp_moon_pluto_conj_orb3 & asp_pluto_uranus_sextile_orb3,2,4,-0.5483314323597388,-0.5083314323597388,0.002026067208032317,0.37128419740615004,0.41128419740615,0.8037246263042749,0.39244042889812486,0.37128419740615004,12,140,17,0.5084123369623572,-0.2044341522827901,False,-0.7952880872991425,-0.7552880872991424,0.0,0.7552880872991424,,,validation,,0.34220614728224846,0.7484987061317369,0.4062925588494884,-0.8178278663975544,0.0,0.8178278663975544,True
~asp_mercury_neptune_opp_orb5 & asp_neptune_uranus_conj_orb5,2,4,-0.2744902477498626,-0.2344902477498626,0.2758672518179085,0.3708114491589466,0.4108114491589466,0.8032518780570714,0.39244042889812486,0.3708114491589466,2,139,8,0.507741280714006,-0.2044341522827901,False,-0.7952880872991425,-0.7552880872991424,0.0,0.7552880872991424,,,validation,,0.08424673473007277,0.49053929357956116,0.4062925588494884,-0.8178278663975544,0.0,0.8178278663975544,True
~asp_moon_uranus_sextile_orb3 & asp_pluto_uranus_sextile_orb3,2,4,-0.5679925000672628,-0.5279925000672627,-0.01763500049949163,0.37025676695796517,0.41025676695796515,0.80269719585609,0.39244042889812486,0.37025676695796517,28,85,35,0.5069539248107453,-0.2044341522827901,False,-0.7952880872991425,-0.7552880872991424,0.0,0.7552880872991424,,,validation,,0.3580518178649777,0.7643443767144661,0.4062925588494884,-0.8178278663975544,0.0,0.8178278663975544,True
~asp_mercury_saturn_conj_orb5 & asp_neptune_uranus_conj_orb5,2,4,-0.27052239239511067,-0.2305223923951107,0.2798351071726604,0.36942904383648245,0.40942904383648243,0.8018694727346073,0.39244042889812486,0.36942904383648245,2,203,9,0.5057790027228781,-0.2044341522827901,False,-0.7952880872991425,-0.7552880872991424,0.0,0.7552880872991424,,,validation,,0.12215451791414017,0.5284470767636286,0.4062925588494884,-0.8178278663975544,0.0,0.8178278663975544,True
~asp_pluto_sun_sextile_orb1 & asp_pluto_uranus_sextile_orb3,2,4,-0.5409918727073921,-0.5009918727073921,0.009365626860379055,0.36941915555527216,0.40941915555527214,0.801859584453397,0.39244042889812486,0.36941915555527216,11,168,13,0.5057649667329331,-0.2044341522827901,False,-0.7952880872991425,-0.7552880872991424,0.0,0.7552880872991424,,,validation,,0.34949327810234393,0.7557858369518323,0.4062925588494884,-0.8178278663975544,0.0,0.8178278663975544,True
asp_neptune_uranus_conj_orb5 & ~asp_pluto_sun_square_orb3,2,4,-0.26183695338852125,-0.22183695338852127,0.2885205461792498,0.3694152819374876,0.4094152819374876,0.8018557108356125,0.39244042889812486,0.3694152819374876,3,123,12,0.5057594682994306,-0.2044341522827901,False,-0.7952880872991425,-0.7552880872991424,0.0,0.7552880872991424,,,validation,,0.14636526728666294,0.5526578261361513,0.4062925588494884,-0.8178278663975544,0.0,0.8178278663975544,True
~asp_mercury_uranus_sextile_orb3 & asp_neptune_uranus_conj_orb5,2,4,-0.3175606443547606,-0.27756064435476063,0.23279685521301047,0.3693276121127065,0.40932761211270646,0.8017680410108313,0.39244042889812486,0.3693276121127065,3,160,16,0.5056350248160097,-0.2044341522827901,False,-0.7952880872991425,-0.7552880872991424,0.0,0.7552880872991424,,,validation,,0.14364055740123188,0.5499331162507203,0.4062925588494884,-0.8178278663975544,0.0,0.8178278663975544,True
asp_pluto_uranus_sextile_orb3 & ~asp_pluto_venus_sextile_orb5,2,4,-0.529353110420786,-0.48935311042078605,0.021004389146985037,0.36930941115196414,0.4093094111519641,0.801749840050089,0.39244042889812486,0.36930941115196414,11,212,14,0.5056091893610586,-0.2044341522827901,False,-0.7952880872991425,-0.7552880872991424,0.0,0.7552880872991424,,,validation,,0.3394561994757716,0.74574875832526,0.4062925588494884,-0.8178278663975544,0.0,0.8178278663975544,True
asp_pluto_uranus_sextile_orb3 & ~asp_sun_uranus_square_orb1,2,4,-0.5301200647974971,-0.4901200647974971,0.020237434770274013,0.36930563085920554,0.4093056308592055,0.8017460597573304,0.39244042889812486,0.36930563085920554,10,126,13,0.5056038234040428,-0.2044341522827901,False,-0.7952880872991425,-0.7552880872991424,0.0,0.7552880872991424,,,validation,,0.3485827412270976,0.754875300076586,0.4062925588494884,-0.8178278663975544,0.0,0.8178278663975544,True
~asp_moon_pluto_trine_orb1 & asp_neptune_uranus_conj_orb5,2,4,-0.27938456551362817,-0.2393845655136282,0.2709729340541429,0.36916311136581137,0.40916311136581135,0.8016035402639362,0.39244042889812486,0.36916311136581137,5,87,18,0.5054015234794316,-0.2044341522827901,False,-0.7952880872991425,-0.7552880872991424,0.0,0.7552880872991424,,,validation,,0.11279806460179281,0.5190906234512812,0.4062925588494884,-0.8178278663975544,0.0,0.8178278663975544,True
~asp_mercury_uranus_conj_orb5 & asp_pluto_uranus_sextile_orb3,2,4,-0.5409918727073921,-0.5009918727073921,0.009365626860379055,0.36895046716298996,0.40895046716298994,0.8013908960611148,0.39244042889812486,0.36895046716298996,10,246,12,0.5050996852391203,-0.2044341522827901,False,-0.7952880872991425,-0.7552880872991424,0.0,0.7552880872991424,,,validation,,0.3865383241086409,0.7928308829581293,0.4062925588494884,-0.8178278663975544,0.0,0.8178278663975544,True
~asp_jupiter_venus_opp_orb3 & asp_neptune_uranus_conj_orb5,2,4,-0.2790592063487,-0.23905920634870004,0.27129829321907106,0.36882489717972355,0.40882489717972353,0.8012653260778484,0.39244042889812486,0.36882489717972355,2,146,9,0.5049214449628334,-0.2044341522827901,False,-0.7952880872991425,-0.7552880872991424,0.0,0.7552880872991424,,,validation,,0.0872679247114625,0.4935604835609509,0.4062925588494884,-0.8178278663975544,0.0,0.8178278663975544,True
asp_neptune_uranus_conj_orb5 & ~asp_neptune_venus_sextile_orb3,2,4,-0.29964812591181095,-0.25964812591181097,0.25070937365596013,0.36878940836730734,0.4087894083673073,0.8012298372654322,0.39244042889812486,0.36878940836730734,3,131,13,0.5048710704171602,-0.2044341522827901,False,-0.7952880872991425,-0.7552880872991424,0.0,0.7552880872991424,,,validation,,0.1229610626587389,0.5292536215082273,0.4062925588494884,-0.8178278663975544,0.0,0.8178278663975544,True
~asp_jupiter_sun_square_orb3 & asp_neptune_uranus_conj_orb5,2,4,-0.22919024538008262,-0.1891902453800826,0.3211672541876885,0.36877096964353073,0.4087709696435307,0.8012113985416556,0.39244042889812486,0.36877096964353073,3,119,11,0.504844897602962,-0.2044341522827901,False,-0.7952880872991425,-0.7552880872991424,0.0,0.7552880872991424,,,validation,,0.08043043385939153,0.4867229927088799,0.4062925588494884,-0.8178278663975544,0.0,0.8178278663975544,True
~asp_mars_moon_opp_orb5 & asp_pluto_uranus_sextile_orb3,2,4,-0.4964342567131226,-0.4564342567131226,0.0539232428546485,0.36874521828568096,0.40874521828568094,0.8011856471838058,0.39244042889812486,0.36874521828568096,23,96,31,0.5048083448908509,-0.2044341522827901,False,-0.7952880872991425,-0.7552880872991424,0.0,0.7552880872991424,,,validation,,0.37409373087045733,0.7803862897199457,0.4062925588494884,-0.8178278663975544,0.0,0.8178278663975544,True
asp_pluto_uranus_sextile_orb3 & ~mercury_sign_leo,2,4,-0.5552225317828545,-0.5152225317828545,-0.004865032215083373,0.36871426788350603,0.408714267883506,0.8011546967816309,0.39244042889812486,0.36871426788350603,6,175,9,0.5047644124178432,-0.2044341522827901,False,-0.7952880872991425,-0.7552880872991424,0.0,0.7552880872991424,,,validation,,0.3509339097752943,0.7572264686247827,0.4062925588494884,-0.8178278663975544,0.0,0.8178278663975544,True
~asp_mercury_neptune_conj_orb5 & asp_neptune_uranus_conj_orb5,2,4,-0.30313963835472774,-0.26313963835472776,0.24721786121304334,0.36865208776039216,0.40865208776039214,0.801092516658517,0.39244042889812486,0.36865208776039216,2,245,9,0.5046761510327968,-0.2044341522827901,False,-0.7952880872991425,-0.7552880872991424,0.0,0.7552880872991424,,,validation,,0.10846955617892856,0.514762115028417,0.4062925588494884,-0.8178278663975544,0.0,0.8178278663975544,True
~asp_mercury_neptune_conj_orb3 & asp_neptune_uranus_conj_orb5,2,4,-0.26677886118005334,-0.22677886118005336,0.28357863838771774,0.368265223650997,0.408265223650997,0.8007056525491218,0.39244042889812486,0.368265223650997,2,247,8,0.5041270191382066,-0.2044341522827901,False,-0.7952880872991425,-0.7552880872991424,0.0,0.7552880872991424,,,validation,,0.11737979719813513,0.5236723560476235,0.4062925588494884,-0.8178278663975544,0.0,0.8178278663975544,True
asp_jupiter_pluto_square_orb3 & ~venus_sign_gemini,2,4,-0.47611244092874044,-0.43611244092874046,0.07424505863903064,0.36816814946059984,0.4081681494605998,0.8006085783587247,0.39244042889812486,0.36816814946059984,3,42,8,-0.07169593859919454,0.782288677854752,False,-0.7057087501099494,-0.6657087501099493,0.0895793371891931,0.7552880872991424,,,validation,,0.08815473989527595,0.49444729874476434,0.4062925588494884,-0.677304933097692,0.14052293329986246,0.8178278663975544,True
~asp_mars_saturn_square_orb1 & asp_pluto_uranus_sextile_orb3,2,4,-0.5418490939108516,-0.5018490939108515,0.008508405656919597,0.36812380542512735,0.40812380542512733,0.8005642343232522,0.39244042889812486,0.36812380542512735,7,197,10,0.5039262844090973,-0.2044341522827901,False,-0.7952880872991425,-0.7552880872991424,0.0,0.7552880872991424,,,validation,,0.3668491826412679,0.7731417414907563,0.4062925588494884,-0.8178278663975544,0.0,0.8178278663975544,True
~asp_pluto_sun_conj_orb5 & asp_pluto_uranus_sextile_orb3,2,4,-0.5409918727073921,-0.5009918727073921,0.009365626860379055,0.36790393091348095,0.4079039309134809,0.8003443598116058,0.39244042889812486,0.36790393091348095,7,244,9,0.5036141862049037,-0.2044341522827901,False,-0.7952880872991425,-0.7552880872991424,0.0,0.7552880872991424,,,validation,,0.3425367469145451,0.7488293057640335,0.4062925588494884,-0.8178278663975544,0.0,0.8178278663975544,True
~asp_jupiter_venus_trine_orb3 & asp_pluto_uranus_sextile_orb3,2,4,-0.5422438256027887,-0.5022438256027887,0.008113673964982455,0.36785797718725655,0.4078579771872565,0.8002984060853814,0.39244042889812486,0.36785797718725655,10,139,14,0.5035489578293719,-0.2044341522827901,False,-0.7952880872991425,-0.7552880872991424,0.0,0.7552880872991424,,,validation,,0.3646138258500567,0.7709063846995451,0.4062925588494884,-0.8178278663975544,0.0,0.8178278663975544,True
asp_neptune_uranus_conj_orb5 & ~asp_uranus_venus_conj_orb3,2,4,-0.26482749765677605,-0.22482749765677607,0.28553000191099503,0.3676966701655683,0.40769667016556826,0.8001370990636931,0.39244042889812486,0.3676966701655683,3,200,8,0.5033199930547194,-0.2044341522827901,False,-0.7952880872991425,-0.7552880872991424,0.0,0.7552880872991424,,,validation,,0.03065130306186392,0.4369438619113523,0.4062925588494884,-0.8178278663975544,0.0,0.8178278663975544,True
asp_neptune_uranus_conj_orb5 & ~asp_uranus_venus_conj_orb5,2,4,-0.27792947111399524,-0.23792947111399526,0.27242802845377584,0.3676966701655683,0.40769667016556826,0.8001370990636931,0.39244042889812486,0.3676966701655683,3,200,8,0.5033199930547194,-0.2044341522827901,False,-0.7952880872991425,-0.7552880872991424,0.0,0.7552880872991424,,,validation,,0.03065130306186392,0.4369438619113523,0.4062925588494884,-0.8178278663975544,0.0,0.8178278663975544,True
~asp_jupiter_mercury_sextile_orb3 & asp_pluto_uranus_sextile_orb3,2,4,-0.5811961486443523,-0.5411961486443523,-0.030838649076581185,0.3676004025083782,0.4076004025083782,0.8000408314065031,0.39244042889812486,0.3676004025083782,16,161,19,0.5031833475752645,-0.2044341522827901,False,-0.7952880872991425,-0.7552880872991424,0.0,0.7552880872991424,,,validation,,0.35770367755696714,0.7639962364064555,0.4062925588494884,-0.8178278663975544,0.0,0.8178278663975544,True
~asp_mercury_moon_conj_orb3 & asp_pluto_uranus_sextile_orb3,2,4,-0.568103150652383,-0.528103150652383,-0.017745651084611853,0.36719754992362663,0.4071975499236266,0.7996379788217515,0.39244042889812486,0.36719754992362663,13,112,17,0.5026115267269533,-0.2044341522827901,False,-0.7952880872991425,-0.7552880872991424,0.0,0.7552880872991424,,,validation,,0.35741541601757537,0.7637079748670638,0.4062925588494884,-0.8178278663975544,0.0,0.8178278663975544,True
asp_pluto_uranus_sextile_orb3 & ~asp_uranus_venus_opp_orb5,2,4,-0.5656472023693444,-0.5256472023693444,-0.01528970280157325,0.36680577079374277,0.40680577079374275,0.7992461996918676,0.39244042889812486,0.36680577079374277,6,189,9,0.5020554259765309,-0.2044341522827901,False,-0.7952880872991425,-0.7552880872991424,0.0,0.7552880872991424,,,validation,,0.3515851578857319,0.7578777167352203,0.4062925588494884,-0.8178278663975544,0.0,0.8178278663975544,True
asp_neptune_uranus_conj_orb5 & ~asp_sun_uranus_square_orb3,2,4,-0.26581155676036294,-0.22581155676036296,0.28454594280740814,0.3663994108499832,0.40639941084998316,0.798839839748108,0.39244042889812486,0.3663994108499832,3,123,12,0.5014786310633406,-0.2044341522827901,False,-0.7952880872991425,-0.7552880872991424,0.0,0.7552880872991424,,,validation,,0.12408359558337584,0.5303761544328642,0.4062925588494884,-0.8178278663975544,0.0,0.8178278663975544,True
asp_neptune_uranus_conj_orb5 & ~asp_pluto_venus_trine_orb3,2,4,-0.2899196335238327,-0.24991963352383273,0.26043786604393837,0.36631079705557945,0.40631079705557943,0.7987512259537043,0.39244042889812486,0.36631079705557945,3,118,12,0.501352851281192,-0.2044341522827901,False,-0.7952880872991425,-0.7552880872991424,0.0,0.7552880872991424,,,validation,,0.10741608502664352,0.5137086438761319,0.4062925588494884,-0.8178278663975544,0.0,0.8178278663975544,True
~asp_moon_uranus_opp_orb5 & asp_pluto_uranus_sextile_orb3,2,4,-0.6288955411037583,-0.5888955411037583,-0.07853804153598724,0.3660150281090263,0.4060150281090263,0.7984554570071511,0.39244042889812486,0.3660150281090263,28,80,36,0.5009330330605428,-0.2044341522827901,False,-0.7952880872991425,-0.7552880872991424,0.0,0.7552880872991424,,,validation,,0.36040030925938865,0.766692868108877,0.4062925588494884,-0.8178278663975544,0.0,0.8178278663975544,True
~asp_mercury_moon_conj_orb3 & asp_neptune_uranus_conj_orb5,2,4,-0.26505027409200504,-0.22505027409200506,0.28530722547576604,0.3659516383330026,0.4059516383330026,0.7983920672311274,0.39244042889812486,0.3659516383330026,6,82,20,0.5008430569567983,-0.2044341522827901,False,-0.7952880872991425,-0.7552880872991424,0.0,0.7552880872991424,,,validation,,0.09073144522402521,0.4970240040735136,0.4062925588494884,-0.8178278663975544,0.0,0.8178278663975544,True
~asp_mercury_moon_square_orb5 & asp_pluto_uranus_sextile_orb3,2,4,-0.5912206785198697,-0.5512206785198697,-0.04086317895209857,0.3658423343423749,0.4058423343423749,0.7982827632404997,0.39244042889812486,0.3658423343423749,42,71,56,0.5006879098696255,-0.2044341522827901,False,-0.7952880872991425,-0.7552880872991424,0.0,0.7552880872991424,,,validation,,0.3687906523173215,0.7750832111668099,0.4062925588494884,-0.8178278663975544,0.0,0.8178278663975544,True
~asp_jupiter_mercury_conj_orb3 & asp_pluto_uranus_sextile_orb3,2,4,-0.5409918727073921,-0.5009918727073921,0.009365626860379055,0.36572513715807475,0.40572513715807473,0.7981655660561996,0.39244042889812486,0.36572513715807475,7,295,9,0.500521559290471,-0.2044341522827901,False,-0.7952880872991425,-0.7552880872991424,0.0,0.7552880872991424,,,validation,,0.36472686077635413,0.7710194196258425,0.4062925588494884,-0.8178278663975544,0.0,0.8178278663975544,True
asp_pluto_uranus_sextile_orb3 & ~venus_sign_pisces,2,4,-0.5417836851876324,-0.5017836851876324,0.008573814380138716,0.3656739965698088,0.4056739965698088,0.7981144254679337,0.39244042889812486,0.3656739965698088,7,265,9,0.5004489700068286,-0.2044341522827901,False,-0.7952880872991425,-0.7552880872991424,0.0,0.7552880872991424,,,validation,,0.4344711905225989,0.8407637493720873,0.4062925588494884,-0.8178278663975544,0.0,0.8178278663975544,True
asp_neptune_uranus_conj_orb5 & ~asp_saturn_sun_square_orb1,2,4,-0.23578071200240527,-0.19578071200240527,0.31457678756536583,0.36565772958814813,0.4056577295881481,0.798098158486273,0.39244042889812486,0.36565772958814813,3,122,12,0.5004258805546615,-0.2044341522827901,False,-0.7952880872991425,-0.7552880872991424,0.0,0.7552880872991424,,,validation,,0.11554874962811484,0.5218413084776032,0.4062925588494884,-0.8178278663975544,0.0,0.8178278663975544,True
~asp_moon_uranus_conj_orb5 & asp_neptune_uranus_conj_orb5,2,4,-0.30809011369018147,-0.2680901136901815,0.2422673858775896,0.36555995316779044,0.4055599531677904,0.7980003820659153,0.39244042889812486,0.36555995316779044,6,96,37,0.5002870961875592,-0.2044341522827901,False,-0.7952880872991425,-0.7552880872991424,0.0,0.7552880872991424,,,validation,,0.10545448708969968,0.5117470459391881,0.4062925588494884,-0.8178278663975544,0.0,0.8178278663975544,True
~asp_moon_sun_opp_orb3 & asp_neptune_uranus_conj_orb5,2,4,-0.25490101621443517,-0.2149010162144352,0.2954564833533359,0.3653711801314523,0.4053711801314523,0.7978116090295772,0.39244042889812486,0.3653711801314523,4,100,20,0.5000191511091796,-0.2044341522827901,False,-0.7952880872991425,-0.7552880872991424,0.0,0.7552880872991424,,,validation,,0.11908842052753804,0.5253809793770264,0.4062925588494884,-0.8178278663975544,0.0,0.8178278663975544,True
asp_neptune_uranus_conj_orb5 & ~mercury_sign_scorpio,2,4,-0.2979145181227675,-0.2579145181227675,0.2524429814450036,0.3653517736389519,0.40535177363895186,0.7977922025370767,0.39244042889812486,0.3653517736389519,2,214,9,0.4999916054962068,-0.2044341522827901,False,-0.7952880872991425,-0.7552880872991424,0.0,0.7552880872991424,,,validation,,0.21033552976212894,0.6166280886116173,0.4062925588494884,-0.8178278663975544,0.0,0.8178278663975544,True
~asp_jupiter_venus_trine_orb5 & asp_neptune_uranus_conj_orb5,2,4,-0.2990775218504103,-0.25907752185041033,0.25127997771736077,0.365207449901897,0.405207449901897,0.7976478788000219,0.39244042889812486,0.365207449901897,3,113,12,0.49978675226453184,-0.2044341522827901,False,-0.7952880872991425,-0.7552880872991424,0.0,0.7552880872991424,,,validation,,0.13326017995012623,0.5395527387996146,0.4062925588494884,-0.8178278663975544,0.0,0.8178278663975544,True
~asp_mercury_uranus_opp_orb5 & asp_neptune_uranus_conj_orb5,2,4,-0.25683501538333764,-0.21683501538333766,0.29352248418443344,0.36517185935123464,0.4051718593512346,0.7976122882493595,0.39244042889812486,0.36517185935123464,2,140,8,0.499736235050777,-0.2044341522827901,False,-0.7952880872991425,-0.7552880872991424,0.0,0.7552880872991424,,,validation,,0.08302465209066312,0.4893172109401515,0.4062925588494884,-0.8178278663975544,0.0,0.8178278663975544,True
asp_mercury_saturn_sextile_orb3 & asp_pluto_uranus_sextile_orb3,2,3,-0.31516031292683444,-0.28516031292683447,0.22519718664093663,0.3650257326999792,0.39502573269997915,0.787466161598104,0.39244042889812486,0.3650257326999792,6,15,8,0.4853355219514901,-0.2044341522827901,False,-0.7852880872991425,-0.7552880872991424,0.0,0.7552880872991424,,,validation,,-0.11238182552322962,0.2939107333262588,0.4062925588494884,-0.8178278663975544,0.0,0.8178278663975544,False
~asp_mercury_moon_square_orb5 & asp_neptune_uranus_conj_orb5,2,4,-0.3666424980300846,-0.3266424980300846,0.1837150015376865,0.3646963081690857,0.4046963081690857,0.7971367370672106,0.39244042889812486,0.3646963081690857,12,71,72,0.49906123953029247,-0.2044341522827901,False,-0.7952880872991425,-0.7552880872991424,0.0,0.7552880872991424,,,validation,,0.1422146144217999,0.5485071732712883,0.4062925588494884,-0.8178278663975544,0.0,0.8178278663975544,True
~asp_mars_moon_trine_orb5 & asp_pluto_uranus_sextile_orb3,2,4,-0.6167198070167994,-0.5767198070167994,-0.06636230744902825,0.36465313530056387,0.40465313530056385,0.7970935641986887,0.39244042889812486,0.36465313530056387,50,56,63,0.4989999602778923,-0.2044341522827901,False,-0.7952880872991425,-0.7552880872991424,0.0,0.7552880872991424,,,validation,,0.42351716663603406,0.8298097254855225,0.4062925588494884,-0.8178278663975544,0.0,0.8178278663975544,True
asp_pluto_uranus_sextile_orb3 & ~venus_sign_virgo,2,4,-0.6002246144509771,-0.560224614450977,-0.04986711488320598,0.3646138542980739,0.4046138542980739,0.7970542831961988,0.39244042889812486,0.3646138542980739,6,211,9,0.4989442051334183,-0.2044341522827901,False,-0.7952880872991425,-0.7552880872991424,0.0,0.7552880872991424,,,validation,,0.40447086374307445,0.8107634225925628,0.4062925588494884,-0.8178278663975544,0.0,0.8178278663975544,True
~asp_moon_uranus_sextile_orb1 & asp_neptune_uranus_conj_orb5,2,4,-0.2440433156930393,-0.2040433156930393,0.3063141838747318,0.36454192374212235,0.40454192374212233,0.7969823526402472,0.39244042889812486,0.36454192374212235,5,114,16,0.49884210752482816,-0.2044341522827901,False,-0.7952880872991425,-0.7552880872991424,0.0,0.7552880872991424,,,validation,,0.08813559921040537,0.49442815805989376,0.4062925588494884,-0.8178278663975544,0.0,0.8178278663975544,True
~asp_moon_saturn_opp_orb3 & asp_pluto_uranus_sextile_orb3,2,4,-0.5398654953120856,-0.4998654953120856,0.010492004255685515,0.36431604501519865,0.40431604501519863,0.7967564739133235,0.39244042889812486,0.36431604501519865,20,77,26,0.49852149766890497,-0.2044341522827901,False,-0.7952880872991425,-0.7552880872991424,0.0,0.7552880872991424,,,validation,,0.34436032520738197,0.7506528840568704,0.4062925588494884,-0.8178278663975544,0.0,0.8178278663975544,True
~asp_moon_sun_trine_orb1 & asp_neptune_uranus_conj_orb5,2,4,-0.27120538004543415,-0.23120538004543417,0.27915211952233693,0.3641465988887479,0.4041465988887479,0.7965870277868727,0.39244042889812486,0.3641465988887479,5,101,23,0.4982809880964141,-0.2044341522827901,False,-0.7952880872991425,-0.7552880872991424,0.0,0.7552880872991424,,,validation,,0.09660848764470426,0.5029010464941926,0.4062925588494884,-0.8178278663975544,0.0,0.8178278663975544,True
~asp_mercury_neptune_trine_orb5 & asp_neptune_uranus_conj_orb5,2,4,-0.20445872610234458,-0.16445872610234458,0.3458987734654265,0.36410127873791376,0.40410127873791374,0.7965417076360386,0.39244042889812486,0.36410127873791376,3,98,12,0.49821666134431086,-0.2044341522827901,False,-0.7952880872991425,-0.7552880872991424,0.0,0.7552880872991424,,,validation,,0.13825134202543404,0.5445439008749224,0.4062925588494884,-0.8178278663975544,0.0,0.8178278663975544,True
~asp_moon_sun_sextile_orb3 & asp_neptune_uranus_conj_orb5,2,4,-0.31849684427577374,-0.27849684427577376,0.23186065529199734,0.36356798286622405,0.40356798286622403,0.7960084117643489,0.39244042889812486,0.36356798286622405,13,45,50,0.49745971115000764,-0.2044341522827901,False,-0.7952880872991425,-0.7552880872991424,0.0,0.7552880872991424,,,validation,,0.13962212038892113,0.5459146792384095,0.4062925588494884,-0.8178278663975544,0.0,0.8178278663975544,True
~asp_jupiter_venus_trine_orb5 & asp_pluto_uranus_sextile_orb3,2,4,-0.5543311469424109,-0.5143311469424109,-0.003973647374639801,0.36337483544929605,0.40337483544929603,0.7958152643474209,0.39244042889812486,0.36337483544929605,10,137,14,0.4971855622622505,-0.2044341522827901,False,-0.7952880872991425,-0.7552880872991424,0.0,0.7552880872991424,,,validation,,0.3668070577773143,0.7730996166268027,0.4062925588494884,-0.8178278663975544,0.0,0.8178278663975544,True
~asp_jupiter_mercury_opp_orb3 & asp_pluto_uranus_sextile_orb3,2,4,-0.5181244297786062,-0.47812442977860614,0.03223306978916494,0.3632455823103572,0.4032455823103572,0.795686011208482,0.39244042889812486,0.3632455823103572,7,193,11,0.4970021036865442,-0.2044341522827901,False,-0.7952880872991425,-0.7552880872991424,0.0,0.7552880872991424,,,validation,,0.3193553663095013,0.7256479251589897,0.4062925588494884,-0.8178278663975544,0.0,0.8178278663975544,True
asp_neptune_uranus_conj_orb5 & ~asp_saturn_sun_square_orb3,2,4,-0.2340706250406621,-0.19407062504066208,0.316286874527109,0.3631356176847469,0.40313561768474687,0.7955760465828717,0.39244042889812486,0.3631356176847469,3,121,13,0.496846022907095,-0.2044341522827901,False,-0.7952880872991425,-0.7552880872991424,0.0,0.7552880872991424,,,validation,,0.12865365499799225,0.5349462138474806,0.4062925588494884,-0.8178278663975544,0.0,0.8178278663975544,True
asp_pluto_uranus_sextile_orb3 & ~venus_sign_leo,2,4,-0.47573587179754934,-0.43573587179754936,0.07462162777022176,0.36278846846991164,0.4027884684699116,0.7952288973680365,0.39244042889812486,0.36278846846991164,6,192,9,0.4963532898838079,-0.2044341522827901,False,-0.7952880872991425,-0.7552880872991424,0.0,0.7552880872991424,,,validation,,0.3057841431028178,0.7120767019523062,0.4062925588494884,-0.8178278663975544,0.0,0.8178278663975544,True
~asp_moon_sun_trine_orb3 & asp_pluto_uranus_sextile_orb3,2,4,-0.5547722773356459,-0.5147722773356459,-0.0044147777678747715,0.3622520836976907,0.40225208369769067,0.7946925125958155,0.39244042889812486,0.3622520836976907,24,82,31,0.4955919648660707,-0.2044341522827901,False,-0.7952880872991425,-0.7552880872991424,0.0,0.7552880872991424,,,validation,,0.342798239247418,0.7490907980969064,0.4062925588494884,-0.8178278663975544,0.0,0.8178278663975544,True
~asp_moon_venus_opp_orb3 & asp_pluto_uranus_sextile_orb3,2,4,-0.5521008911950596,-0.5121008911950595,-0.0017433916272884434,0.3622301115572475,0.40223011155724747,0.7946705404553723,0.39244042889812486,0.3622301115572475,12,140,20,0.4955607784924734,-0.2044341522827901,False,-0.7952880872991425,-0.7552880872991424,0.0,0.7552880872991424,,,validation,,0.3539036871839169,0.7601962460334053,0.4062925588494884,-0.8178278663975544,0.0,0.8178278663975544,True
asp_neptune_uranus_conj_orb5 & ~asp_sun_uranus_trine_orb3,2,4,-0.27892041657931865,-0.23892041657931867,0.2714370829884524,0.3621742048414145,0.4021742048414145,0.7946146337395393,0.39244042889812486,0.3621742048414145,3,96,12,0.495481426774919,-0.2044341522827901,False,-0.7952880872991425,-0.7552880872991424,0.0,0.7552880872991424,,,validation,,0.11815174815992796,0.5244443070094164,0.4062925588494884,-0.8178278663975544,0.0,0.8178278663975544,True
~asp_moon_pluto_square_orb3 & asp_neptune_uranus_conj_orb5,2,4,-0.3164400316529999,-0.2764400316529999,0.23391746791477117,0.36214244201792967,0.40214244201792965,0.7945828709160545,0.39244042889812486,0.36214244201792967,8,84,47,0.49543634393447133,-0.2044341522827901,False,-0.7952880872991425,-0.7552880872991424,0.0,0.7552880872991424,,,validation,,0.12077100734357332,0.5270635661930617,0.4062925588494884,-0.8178278663975544,0.0,0.8178278663975544,True
~asp_jupiter_sun_trine_orb3 & asp_pluto_uranus_sextile_orb3,2,4,-0.5862595540983921,-0.5462595540983921,-0.03590205453062102,0.3621309868782052,0.4021309868782052,0.7945714157763301,0.39244042889812486,0.3621309868782052,10,154,14,0.4954200849853607,-0.2044341522827901,False,-0.7952880872991425,-0.7552880872991424,0.0,0.7552880872991424,,,validation,,0.3551361749618949,0.7614287338113833,0.4062925588494884,-0.8178278663975544,0.0,0.8178278663975544,True
~asp_moon_sun_conj_orb1 & asp_pluto_uranus_sextile_orb3,2,4,-0.5528101381735426,-0.5128101381735426,-0.0024526386057715076,0.3619087594825118,0.40190875948251176,0.7943491883806366,0.39244042889812486,0.3619087594825118,10,222,13,0.4951046650079223,-0.2044341522827901,False,-0.7952880872991425,-0.7552880872991424,0.0,0.7552880872991424,,,validation,,0.34779484269209965,0.754087401541588,0.4062925588494884,-0.8178278663975544,0.0,0.8178278663975544,True
~asp_moon_sun_sextile_orb1 & asp_pluto_uranus_sextile_orb3,2,4,-0.5327903348361063,-0.4927903348361063,0.017567164731664787,0.36185214076578376,0.40185214076578374,0.7942925696639086,0.39244042889812486,0.36185214076578376,15,138,20,0.49502430295047106,-0.2044341522827901,False,-0.7952880872991425,-0.7552880872991424,0.0,0.7552880872991424,,,validation,,0.35806212515187513,0.7643546840013635,0.4062925588494884,-0.8178278663975544,0.0,0.8178278663975544,True
~asp_moon_uranus_conj_orb3 & asp_neptune_uranus_conj_orb5,2,4,-0.2790287764624894,-0.23902877646248943,0.27132872310528167,0.3615931962443728,0.4015931962443728,0.7940336251424976,0.39244042889812486,0.3615931962443728,5,96,25,0.494656769304731,-0.2044341522827901,False,-0.7952880872991425,-0.7552880872991424,0.0,0.7552880872991424,,,validation,,0.10250678565759147,0.5087993445070799,0.4062925588494884,-0.8178278663975544,0.0,0.8178278663975544,True
~asp_jupiter_moon_opp_orb3 & asp_pluto_uranus_sextile_orb3,2,4,-0.553497879751307,-0.513497879751307,-0.0031403801835358887,0.36099100006770124,0.4009910000677012,0.7934314289658261,0.39244042889812486,0.36099100006770124,22,94,25,0.4938020439300874,-0.2044341522827901,False,-0.7952880872991425,-0.7552880872991424,0.0,0.7552880872991424,,,validation,,0.3609194553582103,0.7672120142076987,0.4062925588494884,-0.8178278663975544,0.0,0.8178278663975544,True
~asp_neptune_sun_sextile_orb1 & asp_pluto_uranus_sextile_orb3,2,4,-0.5438681249709015,-0.5038681249709015,0.006489374596869598,0.3608905847663201,0.40089058476632006,0.7933310136644449,0.39244042889812486,0.3608905847663201,9,170,12,0.4936595202413503,-0.2044341522827901,False,-0.7952880872991425,-0.7552880872991424,0.0,0.7552880872991424,,,validation,,0.3640755505743906,0.770368109423879,0.4062925588494884,-0.8178278663975544,0.0,0.8178278663975544,True
~asp_mercury_moon_trine_orb3 & asp_neptune_uranus_conj_orb5,2,4,-0.32094074733553474,-0.28094074733553476,0.22941675223223637,0.36085922867234543,0.4008592286723454,0.7932996575704703,0.39244042889812486,0.36085922867234543,11,42,44,0.49361501523735596,-0.2044341522827901,False,-0.7952880872991425,-0.7552880872991424,0.0,0.7552880872991424,,,validation,,0.08770771164990399,0.4940002704993924,0.4062925588494884,-0.8178278663975544,0.0,0.8178278663975544,True
~asp_mars_pluto_trine_orb3 & asp_pluto_uranus_sextile_orb3,2,4,-0.47790089760671395,-0.43790089760671397,0.07245660196105715,0.3608410969207816,0.40084109692078157,0.7932815258189064,0.39244042889812486,0.3608410969207816,6,201,9,0.49358928009677006,-0.2044341522827901,False,-0.7952880872991425,-0.7552880872991424,0.0,0.7552880872991424,,,validation,,0.3315477399924958,0.7378402988419842,0.4062925588494884,-0.8178278663975544,0.0,0.8178278663975544,True
~asp_moon_uranus_opp_orb5 & asp_neptune_uranus_conj_orb5,2,4,-0.37782595471520025,-0.33782595471520027,0.17253154485257086,0.36074674386595174,0.4007467438659517,0.7931871727640766,0.39244042889812486,0.36074674386595174,8,75,37,0.4934553609975041,-0.2044341522827901,False,-0.7952880872991425,-0.7552880872991424,0.0,0.7552880872991424,,,validation,,0.13441770429545047,0.5407102631449389,0.4062925588494884,-0.8178278663975544,0.0,0.8178278663975544,True
~asp_moon_saturn_opp_orb5 & asp_pluto_uranus_sextile_orb3,2,4,-0.5820983586418547,-0.5420983586418546,-0.03174085907408348,0.3599297428214655,0.3999297428214655,0.7923701717195903,0.39244042889812486,0.3599297428214655,27,77,35,0.4922957634387901,-0.2044341522827901,False,-0.7952880872991425,-0.7552880872991424,0.0,0.7552880872991424,,,validation,,0.3365814893144718,0.7428740481639602,0.4062925588494884,-0.8178278663975544,0.0,0.8178278663975544,True
~asp_mercury_uranus_sextile_orb5 & asp_pluto_uranus_sextile_orb3,2,4,-0.6136604967300218,-0.5736604967300217,-0.06330299716225062,0.3595838341284624,0.3995838341284624,0.7920242630265872,0.39244042889812486,0.3595838341284624,12,158,15,0.49180480608679944,-0.2044341522827901,False,-0.7952880872991425,-0.7552880872991424,0.0,0.7552880872991424,,,validation,,0.35874567421124176,0.7650382330607302,0.4062925588494884,-0.8178278663975544,0.0,0.8178278663975544,True
asp_neptune_uranus_conj_orb5 & ~asp_uranus_venus_sextile_orb1,2,4,-0.2952432020367221,-0.2552432020367221,0.255114297531049,0.359452445245775,0.399452445245775,0.7918928741438999,0.39244042889812486,0.359452445245775,2,209,10,0.49161832279318807,-0.2044341522827901,False,-0.7952880872991425,-0.7552880872991424,0.0,0.7552880872991424,,,validation,,0.09834829271220197,0.5046408515616904,0.4062925588494884,-0.8178278663975544,0.0,0.8178278663975544,True
~asp_mercury_pluto_trine_orb3 & asp_neptune_uranus_conj_orb5,2,4,-0.2830810615173152,-0.24308106151731523,0.26727643805045587,0.3594317764559255,0.3994317764559255,0.7918722053540503,0.39244042889812486,0.3594317764559255,3,121,15,0.4915889871206647,-0.2044341522827901,False,-0.7952880872991425,-0.7552880872991424,0.0,0.7552880872991424,,,validation,,0.10757345928109235,0.5138660181305807,0.4062925588494884,-0.8178278663975544,0.0,0.8178278663975544,True
asp_pluto_uranus_sextile_orb3 & ~asp_uranus_venus_sextile_orb1,2,4,-0.5409918727073921,-0.5009918727073921,0.009365626860379055,0.3592101436267954,0.39921014362679536,0.7916505725249202,0.39244042889812486,0.3592101436267954,8,263,10,0.49127441908365554,-0.2044341522827901,False,-0.7952880872991425,-0.7552880872991424,0.0,0.7552880872991424,,,validation,,0.3599188603860752,0.7662114192355636,0.4062925588494884,-0.8178278663975544,0.0,0.8178278663975544,True
~asp_jupiter_mars_square_orb5 & asp_pluto_uranus_sextile_orb3,2,4,-0.5409918727073921,-0.5009918727073921,0.009365626860379055,0.3591362101423067,0.39913621014230666,0.7915766390404315,0.39244042889812486,0.3591362101423067,7,246,9,0.49116948391365867,-0.2044341522827901,False,-0.7952880872991425,-0.7552880872991424,0.0,0.7552880872991424,,,validation,,0.27956197269780175,0.6858545315472901,0.4062925588494884,-0.8178278663975544,0.0,0.8178278663975544,True
~asp_moon_venus_opp_orb3 & asp_neptune_uranus_conj_orb5,2,4,-0.223884359282043,-0.183884359282043,0.3264731402857281,0.35906369216305334,0.3990636921630533,0.7915041210611782,0.39244042889812486,0.35906369216305334,4,123,29,0.49106655786779596,-0.2044341522827901,False,-0.7952880872991425,-0.7552880872991424,0.0,0.7552880872991424,,,validation,,0.08136832837466584,0.48766088722415424,0.4062925588494884,-0.8178278663975544,0.0,0.8178278663975544,True
~asp_moon_uranus_sextile_orb3 & asp_neptune_uranus_conj_orb5,2,4,-0.2958398048708007,-0.2558398048708007,0.2545176946969704,0.3582914082123355,0.3982914082123355,0.7907318371104604,0.39244042889812486,0.3582914082123355,11,42,49,0.48997044602081874,-0.2044341522827901,False,-0.7952880872991425,-0.7552880872991424,0.0,0.7552880872991424,,,validation,,0.06696628191226511,0.4732588407617535,0.4062925588494884,-0.8178278663975544,0.0,0.8178278663975544,True
asp_pluto_uranus_sextile_orb3 & ~mercury_sign_libra,2,4,-0.5218850542293179,-0.4818850542293178,0.028472445338453282,0.3581313302500413,0.39813133025004127,0.7905717591481661,0.39244042889812486,0.3581313302500413,8,183,10,0.4897432464546121,-0.2044341522827901,False,-0.7952880872991425,-0.7552880872991424,0.0,0.7552880872991424,,,validation,,0.38555020092418363,0.791842759773672,0.4062925588494884,-0.8178278663975544,0.0,0.8178278663975544,True
~asp_jupiter_sun_sextile_orb5 & asp_neptune_uranus_conj_orb5,2,4,-0.279988367177251,-0.23998836717725103,0.2703691323905201,0.3578974605113331,0.39789746051133307,0.7903378894094579,0.39244042889812486,0.3578974605113331,3,164,11,0.4894113144156842,-0.2044341522827901,False,-0.7952880872991425,-0.7552880872991424,0.0,0.7552880872991424,,,validation,,0.19777829658961316,0.6040708554391016,0.4062925588494884,-0.8178278663975544,0.0,0.8178278663975544,True
~asp_jupiter_sun_sextile_orb1 & asp_pluto_uranus_sextile_orb3,2,4,-0.5503276620545359,-0.5103276620545358,2.9837513235227256e-05,0.3578838425460731,0.39788384254607306,0.7903242714441979,0.39244042889812486,0.3578838425460731,10,172,13,0.48939198641830384,-0.2044341522827901,False,-0.7952880872991425,-0.7552880872991424,0.0,0.7552880872991424,,,validation,,0.3444390832994662,0.7507316421489546,0.4062925588494884,-0.8178278663975544,0.0,0.8178278663975544,True
~asp_jupiter_mars_trine_orb3 & asp_pluto_uranus_sextile_orb3,2,4,-0.49110082664417126,-0.4511008266441713,0.05925667292359981,0.35756316904511254,0.3975631690451125,0.7900035979432374,0.39244042889812486,0.35756316904511254,8,146,12,0.48893685478185667,-0.2044341522827901,False,-0.7952880872991425,-0.7552880872991424,0.0,0.7552880872991424,,,validation,,0.3949898131207327,0.8012823719702211,0.4062925588494884,-0.8178278663975544,0.0,0.8178278663975544,True
asp_pluto_uranus_sextile_orb3 & ~asp_saturn_venus_opp_orb5,2,4,-0.5359249730408945,-0.4959249730408945,0.014432526526876622,0.3575104069905123,0.39751040699051227,0.7899508358886371,0.39244042889812486,0.3575104069905123,8,227,11,0.4888619697729897,-0.2044341522827901,False,-0.7952880872991425,-0.7552880872991424,0.0,0.7552880872991424,,,validation,,0.3165972744338374,0.7228898332833258,0.4062925588494884,-0.8178278663975544,0.0,0.8178278663975544,True
~asp_mars_moon_sextile_orb3 & asp_pluto_uranus_sextile_orb3,2,4,-0.5515235611698692,-0.5115235611698692,-0.0011660616020980684,0.35742605320923326,0.39742605320923324,0.7898664821073581,0.39244042889812486,0.35742605320923326,30,98,34,0.48874224680876677,-0.2044341522827901,False,-0.7952880872991425,-0.7552880872991424,0.0,0.7552880872991424,,,validation,,0.38344042324851685,0.7897329820980052,0.4062925588494884,-0.8178278663975544,0.0,0.8178278663975544,True
~asp_mercury_saturn_square_orb3 & asp_pluto_uranus_sextile_orb3,2,4,-0.6360458713760779,-0.5960458713760779,-0.08568837180830678,0.35729228433214977,0.39729228433214975,0.7897327132302746,0.39244042889812486,0.35729228433214977,10,146,14,0.48855238940375645,-0.2044341522827901,False,-0.7952880872991425,-0.7552880872991424,0.0,0.7552880872991424,,,validation,,0.3353696216793029,0.7416621805287913,0.4062925588494884,-0.8178278663975544,0.0,0.8178278663975544,True
~asp_mars_neptune_sextile_orb5 & asp_pluto_uranus_sextile_orb3,2,4,-0.5495152494964575,-0.5095152494964574,0.000842250071313621,0.35720359215635056,0.39720359215635054,0.7896440210544754,0.39244042889812486,0.35720359215635056,7,263,10,0.4884265092360276,-0.2044341522827901,False,-0.7952880872991425,-0.7552880872991424,0.0,0.7552880872991424,,,validation,,0.34907833887873946,0.7553708977282279,0.4062925588494884,-0.8178278663975544,0.0,0.8178278663975544,True
asp_neptune_uranus_conj_orb5 & ~sun_ingress_5d,2,4,-0.29080830048684236,-0.2508083004868424,0.2595491990809287,0.3571788910537137,0.3971788910537137,0.7896193199518385,0.39244042889812486,0.3571788910537137,13,17,63,0.488391451157306,-0.2044341522827901,False,-0.7952880872991425,-0.7552880872991424,0.0,0.7552880872991424,,,validation,,0.1515575968591602,0.5578501557086486,0.4062925588494884,-0.8178278663975544,0.0,0.8178278663975544,True
asp_neptune_uranus_conj_orb5 & ~mercury_sign_pisces,2,4,-0.21313573370134617,-0.17313573370134616,0.33722176586642494,0.35705565692776753,0.3970556569277675,0.7894960858258924,0.39244042889812486,0.35705565692776753,2,200,9,0.4882165460633898,-0.2044341522827901,False,-0.7952880872991425,-0.7552880872991424,0.0,0.7552880872991424,,,validation,,0.11595122391714224,0.5222437827666306,0.4062925588494884,-0.8178278663975544,0.0,0.8178278663975544,True
asp_pluto_uranus_sextile_orb3 & ~venus_station,2,4,-0.4980666013281251,-0.4580666013281251,0.05229089823964598,0.35656667450507706,0.39656667450507704,0.7890071034032019,0.39244042889812486,0.35656667450507706,8,201,11,0.48752253968155235,-0.2044341522827901,False,-0.7952880872991425,-0.7552880872991424,0.0,0.7552880872991424,,,validation,,0.3383109714013021,0.7446035302507905,0.4062925588494884,-0.8178278663975544,0.0,0.8178278663975544,True
~asp_mercury_moon_opp_orb3 & asp_pluto_uranus_sextile_orb3,2,4,-0.51818650091043,-0.4781865009104299,0.03217099865734119,0.3563523557246855,0.39635235572468547,0.7887927846228103,0.39244042889812486,0.3563523557246855,21,78,27,0.48721836083637404,-0.2044341522827901,False,-0.7952880872991425,-0.7552880872991424,0.0,0.7552880872991424,,,validation,,0.36098484776251244,0.7672774066120008,0.4062925588494884,-0.8178278663975544,0.0,0.8178278663975544,True
~asp_mercury_neptune_conj_orb3 & asp_pluto_uranus_sextile_orb3,2,4,-0.5409918727073921,-0.5009918727073921,0.009365626860379055,0.3558707441656087,0.3958707441656087,0.7883111730637336,0.39244042889812486,0.3558707441656087,10,247,12,0.4865348203288169,-0.2044341522827901,False,-0.7952880872991425,-0.7552880872991424,0.0,0.7552880872991424,,,validation,,0.3349785154407701,0.7412710742902585,0.4062925588494884,-0.8178278663975544,0.0,0.8178278663975544,True
asp_pluto_uranus_sextile_orb3 & ~sun_sign_capricorn,2,4,-0.5409918727073921,-0.5009918727073921,0.009365626860379055,0.35586508833001806,0.39586508833001804,0.7883055172281429,0.39244042889812486,0.35586508833001806,8,234,10,0.48652679314634595,-0.2044341522827901,False,-0.7952880872991425,-0.7552880872991424,0.0,0.7552880872991424,,,validation,,0.2773606453579484,0.6836532042074368,0.4062925588494884,-0.8178278663975544,0.0,0.8178278663975544,True
~asp_jupiter_moon_opp_orb3 & asp_neptune_uranus_conj_orb5,2,4,-0.24594371907526055,-0.20594371907526055,0.30441378049251056,0.3556830147894353,0.3956830147894353,0.7881234436875602,0.39244042889812486,0.3556830147894353,7,94,19,0.48626838106573156,-0.2044341522827901,False,-0.7952880872991425,-0.7552880872991424,0.0,0.7552880872991424,,,validation,,0.09297811613813212,0.4992706749876205,0.4062925588494884,-0.8178278663975544,0.0,0.8178278663975544,True
~asp_moon_saturn_square_orb3 & asp_pluto_uranus_sextile_orb3,2,4,-0.5644407641800281,-0.524440764180028,-0.014083264612256978,0.3555875433488215,0.39558754334882146,0.7880279722469463,0.39244042889812486,0.3555875433488215,31,67,43,0.48613288119398623,-0.2044341522827901,False,-0.7952880872991425,-0.7552880872991424,0.0,0.7552880872991424,,,validation,,0.32053163379162136,0.7268241926411098,0.4062925588494884,-0.8178278663975544,0.0,0.8178278663975544,True
~asp_mars_sun_sextile_orb5 & asp_pluto_uranus_sextile_orb3,2,4,-0.5688218547986275,-0.5288218547986274,-0.01846435523085632,0.35556912707037847,0.39556912707037845,0.7880095559685033,0.39244042889812486,0.35556912707037847,8,208,11,0.48610674351329086,-0.2044341522827901,False,-0.7952880872991425,-0.7552880872991424,0.0,0.7552880872991424,,,validation,,0.3102381357177065,0.7165306945671949,0.4062925588494884,-0.8178278663975544,0.0,0.8178278663975544,True
~asp_jupiter_venus_conj_orb5 & asp_neptune_uranus_conj_orb5,2,4,-0.23469621400084786,-0.19469621400084786,0.31566128556692324,0.3552859501147957,0.39528595011479567,0.7877263790129205,0.39244042889812486,0.3552859501147957,3,207,10,0.4857048393842771,-0.2044341522827901,False,-0.7952880872991425,-0.7552880872991424,0.0,0.7552880872991424,,,validation,,0.1441588695379738,0.5504514283874622,0.4062925588494884,-0.8178278663975544,0.0,0.8178278663975544,True
~asp_jupiter_sun_square_orb5 & asp_neptune_uranus_conj_orb5,2,4,-0.22413605725610666,-0.18413605725610666,0.32622144231166444,0.3550372943977528,0.39503729439775276,0.7874777232958776,0.39244042889812486,0.3550372943977528,3,116,11,0.4853519310436816,-0.2044341522827901,False,-0.7952880872991425,-0.7552880872991424,0.0,0.7552880872991424,,,validation,,0.0903691305317541,0.4966616893812425,0.4062925588494884,-0.8178278663975544,0.0,0.8178278663975544,True
~asp_mercury_uranus_sextile_orb5 & asp_neptune_uranus_conj_orb5,2,4,-0.3744739137959039,-0.3344739137959039,0.1758835857718672,0.3548550088778587,0.3948550088778587,0.7872954377759835,0.39244042889812486,0.3548550088778587,3,159,14,0.4850932201207987,-0.2044341522827901,False,-0.7952880872991425,-0.7552880872991424,0.0,0.7552880872991424,,,validation,,0.13802837335859913,0.5443209322080875,0.4062925588494884,-0.8178278663975544,0.0,0.8178278663975544,True
asp_pluto_uranus_sextile_orb3 & ~sun_sign_leo,2,4,-0.6132798350739015,-0.5732798350739015,-0.06292233550613037,0.35468609268617624,0.3946860926861762,0.7871265215843011,0.39244042889812486,0.35468609268617624,6,160,9,0.4848534841738896,-0.2044341522827901,False,-0.7952880872991425,-0.7552880872991424,0.0,0.7552880872991424,,,validation,,0.29881762024089426,0.7051101790903826,0.4062925588494884,-0.8178278663975544,0.0,0.8178278663975544,True
~asp_jupiter_venus_conj_orb3 & asp_neptune_uranus_conj_orb5,2,4,-0.2331623501570779,-0.1931623501570779,0.3171951494106932,0.3545011477793061,0.39450114777930606,0.7869415766774309,0.39244042889812486,0.3545011477793061,3,211,10,0.48459099975352005,-0.2044341522827901,False,-0.7952880872991425,-0.7552880872991424,0.0,0.7552880872991424,,,validation,,0.1399050426914205,0.5461976015409089,0.4062925588494884,-0.8178278663975544,0.0,0.8178278663975544,True
~asp_jupiter_venus_sextile_orb3 & asp_neptune_uranus_conj_orb5,2,4,-0.32993916898367776,-0.2899391689836778,0.2204183305840933,0.35444948986161207,0.39444948986161205,0.7868899187597369,0.39244042889812486,0.35444948986161207,3,129,11,0.48451768395508443,-0.2044341522827901,False,-0.7952880872991425,-0.7552880872991424,0.0,0.7552880872991424,,,validation,,0.13564991804893273,0.5419424768984211,0.4062925588494884,-0.8178278663975544,0.0,0.8178278663975544,True
asp_neptune_uranus_conj_orb5 & ~asp_pluto_venus_trine_orb5,2,4,-0.3223674877986802,-0.2823674877986802,0.2279900117690909,0.35440915419905283,0.3944091541990528,0.7868495830971777,0.39244042889812486,0.35440915419905283,3,117,12,0.4844604373574617,-0.2044341522827901,False,-0.7952880872991425,-0.7552880872991424,0.0,0.7552880872991424,,,validation,,0.09528586739598494,0.5015784262454733,0.4062925588494884,-0.8178278663975544,0.0,0.8178278663975544,True
~asp_mercury_saturn_square_orb5 & asp_pluto_uranus_sextile_orb3,2,4,-0.6530160874631916,-0.6130160874631916,-0.10265858789542051,0.35401440961306974,0.3940144096130697,0.7864548385111946,0.39244042889812486,0.35401440961306974,11,143,15,0.483900195207555,-0.2044341522827901,False,-0.7952880872991425,-0.7552880872991424,0.0,0.7552880872991424,,,validation,,0.2967922201590251,0.7030847790085135,0.4062925588494884,-0.8178278663975544,0.0,0.8178278663975544,True
asp_neptune_uranus_conj_orb5 & ~asp_pluto_venus_sextile_orb5,2,4,-0.25593070753426767,-0.21593070753426769,0.2944267920335034,0.3537788536800811,0.3937788536800811,0.786219282578206,0.39244042889812486,0.3537788536800811,4,129,13,0.48356588290402547,-0.2044341522827901,False,-0.7952880872991425,-0.7552880872991424,0.0,0.7552880872991424,,,validation,,0.08664113519863653,0.4929336940481249,0.4062925588494884,-0.8178278663975544,0.0,0.8178278663975544,True
~asp_neptune_sun_sextile_orb3 & asp_neptune_uranus_conj_orb5,2,4,-0.29128496182820207,-0.2512849618282021,0.259072537739569,0.35376434789326083,0.3937643478932608,0.7862047767913857,0.39244042889812486,0.35376434789326083,3,166,12,0.48354529561822157,-0.2044341522827901,False,-0.7952880872991425,-0.7552880872991424,0.0,0.7552880872991424,,,validation,,0.17302544345925558,0.579318002308744,0.4062925588494884,-0.8178278663975544,0.0,0.8178278663975544,True
asp_mercury_neptune_sextile_orb5,1,1,-0.46565641457350593,-0.4556564145735059,0.05470108499426518,0.267612051613114,0.27761205161311403,0.6700524805112389,0.39244042889812486,0.267612051613114,36,15,97,0.5031330292703728,-0.041515385374571806,False,-0.5190564842913703,-0.5090564842913703,0.24623160300777217,0.7552880872991424,,,validation,,0.3233889110437567,0.7296814698932451,0.4062925588494884,-0.5657558210505242,0.25207204534703026,0.8178278663975544,True
asp_jupiter_pluto_square_orb3,1,1,-0.36896482066341785,-0.35896482066341784,0.1513926789043533,0.24976198839059643,0.25976198839059644,0.6522024172887213,0.39244042889812486,0.24976198839059643,3,42,8,-0.07169593859919454,0.5414274450927778,False,-0.66039955709716,-0.65039955709716,0.10488853020198244,0.7552880872991424,,,validation,,-0.05875802830690985,0.34753453054257855,0.4062925588494884,-0.6610214774552836,0.1568063889422708,0.8178278663975544,False
asp_jupiter_saturn_square_orb5,1,1,-0.24780506840187588,-0.23780506840187587,0.2725524311658952,0.2175670059380928,0.22756700593809281,0.6200074348362177,0.39244042889812486,0.2175670059380928,6,127,10,0.3035419862212909,0.16032229010311472,True,-0.5816012919204985,-0.5716012919204985,0.18368679537864396,0.7552880872991424,0.02785944281114378,50000.0,validation,,0.023888387558414215,0.4301809464079026,0.4062925588494884,-0.6448166318372994,0.17301123456025497,0.8178278663975544,True
asp_jupiter_saturn_square_orb3,1,1,-0.3828490093940703,-0.3728490093940703,0.13750849017370081,0.18699487314946966,0.19699487314946967,0.5894353020475945,0.39244042889812486,0.18699487314946966,7,63,11,0.5877609812449351,-0.2502650531791237,False,-0.5407990744873316,-0.5307990744873315,0.22448901281181088,0.7552880872991424,,,validation,,-0.015032725708940653,0.39125983314054774,0.4062925588494884,-0.704002531230989,0.11382533516656547,0.8178278663975544,False
asp_mercury_saturn_opp_orb5,1,1,-0.02826859404216641,-0.01826859404216641,0.4920889055256047,0.17487810565942535,0.18487810565942536,0.5773185345575502,0.39244042889812486,0.17487810565942535,17,14,45,-0.17068281788805822,0.47228135123675513,False,-0.48966963254043494,-0.47966963254043493,0.2756184547587075,0.7552880872991424,,,validation,,0.05872780921001369,0.4650203680595021,0.4062925588494884,-0.46884597248426757,0.3489818939132869,0.8178278663975544,True
~mercury_sign_libra,1,2,-0.07021038173901926,-0.05021038173901926,0.46014711782875184,0.16207194405516653,0.18207194405516652,0.5745123729532914,0.39244042889812486,0.16207194405516653,21,235,52,0.07617095310870248,0.24834348315204707,True,-0.10775092848164534,-0.08775092848164534,0.6675371588174971,0.7552880872991424,0.002259954800903982,50000.0,validation,,0.15164708639826247,0.5579396452477509,0.4062925588494884,-0.05820216345207552,0.7596257029454789,0.8178278663975544,True
mars_sign_aries,1,1,-0.45896128940678477,-0.44896128940678476,0.06139621016098635,0.15953251725817147,0.16953251725817148,0.5619729461562963,0.39244042889812486,0.15953251725817147,8,32,23,-0.09670657589181764,0.3935009405750121,False,-0.17896588667043545,-0.16896588667043544,0.586322200628707,0.7552880872991424,,,validation,,0.22193389484260378,0.6282264536920922,0.4062925588494884,-0.14857501633821435,0.6692528500593401,0.8178278663975544,True
asp_neptune_pluto_sextile_orb5,1,1,-0.09220264844324359,-0.0822026484432436,0.4281548511245275,0.15877070059554993,0.16877070059554994,0.5612111294936748,0.39244042889812486,0.15877070059554993,6,107,12,0.16452855381472964,-0.2044341522827901,False,-0.17499987037888642,-0.16499987037888642,0.590288216920256,0.7552880872991424,,,validation,,0.3749915669937815,0.7812841258432699,0.4062925588494884,-0.23727815212664127,0.5805497142709132,0.8178278663975544,True
~neptune_retro,1,2,-0.06342515363479494,-0.04342515363479493,0.46693234593297617,0.14424199326448126,0.16424199326448125,0.5566824221626061,0.39244042889812486,0.14424199326448126,16,143,40,0.28613951113174607,0.046811455045392025,True,-0.2956350122526595,-0.27563501225265946,0.47965307504648297,0.7552880872991424,0.02243955120897582,50000.0,validation,,0.041352199631243425,0.4476447584807318,0.4062925588494884,-0.2496332060169243,0.5681946603806302,0.8178278663975544,True
asp_mars_mercury_trine_orb5,1,1,-0.5611583356560359,-0.5511583356560359,-0.04080083608826478,0.12621826254994423,0.13621826254994424,0.5286586914480691,0.39244042889812486,0.12621826254994423,17,22,49,0.04831732525079124,0.23206379865317772,True,-0.9634044620012525,-0.9534044620012525,-0.19811637470211005,0.7552880872991424,0.011839763204735905,50000.0,validation,,0.08464540798785253,0.4909379668373409,0.4062925588494884,-0.9230318108916262,-0.10520394449407176,0.8178278663975544,True
mars_sign_virgo,1,1,-0.5956017360608628,-0.5856017360608627,-0.07524423649309167,0.10931491418921453,0.11931491418921453,0.5117553430873394,0.39244042889812486,0.10931491418921453,10,71,23,0.427562749154355,-0.20897108358731706,False,-0.27143508975893915,-0.26143508975893914,0.4938529975402033,0.7552880872991424,,,validation,,0.14869972903312195,0.5549922878826103,0.4062925588494884,-0.34590686200190013,0.4719210043956543,0.8178278663975544,True
mercury_sign_taurus,1,1,-0.12954458177731654,-0.11954458177731653,0.3908129177904546,0.10915633052761005,0.11915633052761004,0.5115967594257349,0.39244042889812486,0.10915633052761005,18,48,46,-0.1980914485260718,0.37974834375607597,False,-0.9446036638330106,-0.9346036638330106,-0.17931557653386823,0.7552880872991424,,,validation,,0.1061678967567809,0.5124604556062693,0.4062925588494884,-0.8920162990929953,-0.07418843269544083,0.8178278663975544,True
venus_retro,1,1,-0.7542762666520914,-0.7442762666520913,-0.23391876708432027,0.1072635041665629,0.11726350416656289,0.5097039330646878,0.39244042889812486,0.1072635041665629,9,30,24,-0.3387677027743281,0.4735313563463452,False,-0.978398601191282,-0.968398601191282,-0.21311051389213956,0.7552880872991424,,,validation,,0.1718938821870562,0.5781864410365446,0.4062925588494884,-0.9999272256681645,-0.18209935927061002,0.8178278663975544,True
~mercury_sign_aquarius,1,2,-0.19261449066694994,-0.17261449066694995,0.33774300890082115,0.10223982058841315,0.12223982058841315,0.514680249486538,0.39244042889812486,0.10223982058841315,21,235,51,0.06537075610968979,0.169452948851182,True,0.11389901391159131,0.1338990139115913,0.8891871012107337,0.7552880872991424,0.020559588808223835,50000.0,validation,,0.1545966946246014,0.5608892534740898,0.4062925588494884,0.11913585804808569,0.9369637244456401,0.8178278663975544,True
~asp_neptune_venus_sextile_orb3,1,2,-0.01777710101075745,0.00222289898924255,0.5125803985570137,0.08679130619092885,0.10679130619092886,0.4992317350890537,0.39244042889812486,0.08679130619092885,33,214,84,0.15519429750739855,0.07369018963654439,True,-0.11439977096660202,-0.09439977096660201,0.6608883163325404,0.7552880872991424,0.0008599828003439931,50000.0,validation,,0.17421808823148482,0.5805106470809732,0.4062925588494884,-0.07278102210794668,0.7450468442896078,0.8178278663975544,True
~uranus_retro,1,2,-0.22333018007447317,-0.20333018007447318,0.3070273194932979,0.08366199470676079,0.1036619947067608,0.49610242360488566,0.39244042889812486,0.08366199470676079,16,149,39,0.10395960416996464,0.060610885915419466,True,-0.17261350038122988,-0.1526135003812299,0.6026745869179125,0.7552880872991424,,,validation,,-0.05891148969597115,0.34738106915351724,0.4062925588494884,-0.13273736525113067,0.6850905011464238,0.8178278663975544,False
asp_jupiter_pluto_square_orb5,1,1,-0.05723604751721511,-0.04723604751721511,0.463121452050556,0.0784112155761988,0.0884112155761988,0.48085164447432366,0.39244042889812486,0.0784112155761988,3,68,10,0.06280007661640963,0.19412548751362446,True,-0.35772782017134014,-0.34772782017134013,0.4075602671278023,0.7552880872991424,,,validation,,-0.23228663272731975,0.17400592612216864,0.4062925588494884,-0.3457565872932145,0.47207127910433994,0.8178278663975544,False
~mercury_retro,1,2,-0.317870169452878,-0.297870169452878,0.21248733011489312,0.07473400463701442,0.09473400463701442,0.4871744335351393,0.39244042889812486,0.07473400463701442,48,72,123,-0.09847949289154312,0.24470520859077582,False,-0.0026365415361354443,0.017363458463864556,0.772651545763007,0.7552880872991424,,,validation,,0.006283935244018046,0.41257649409350644,0.4062925588494884,-0.035296733861356344,0.7825311325361981,0.8178278663975544,True
asp_pluto_venus_square_orb3,1,1,-0.3921825173739574,-0.38218251737395736,0.12817498219381374,0.07360286803520501,0.083602868035205,0.47604329693332986,0.39244042889812486,0.07360286803520501,33,9,85,-0.24166485718429948,0.3517153231706382,False,-1.0220049397961701,-1.0120049397961701,-0.25671685249702775,0.7552880872991424,,,validation,,0.02325224014955224,0.42954479899904063,0.4062925588494884,-0.9667122107924918,-0.1488843443949374,0.8178278663975544,True
~asp_mars_venus_sextile_orb5,1,2,-0.058495732651970764,-0.03849573265197076,0.47186176691580034,0.06624272208024425,0.08624272208024425,0.4786831509783691,0.39244042889812486,0.06624272208024425,21,330,51,-0.008133748529358886,0.15847369594196636,False,-0.12506777275887446,-0.10506777275887447,0.650220314540268,0.7552880872991424,,,validation,,0.051450758558506116,0.4577433174079945,0.4062925588494884,-0.12693950276194654,0.6908883636356079,0.8178278663975544,True
~sun_sign_virgo,1,2,-0.0036388817543366696,0.01636111824566333,0.5267186178134344,0.05683697002950662,0.07683697002950662,0.4692773989276315,0.39244042889812486,0.05683697002950662,16,233,40,0.15674974615670612,0.023566514958588414,True,-0.026229937701429656,-0.006229937701429655,0.7490581495977128,0.7552880872991424,0.05113897722045559,50000.0,validation,,0.03966745808434047,0.44596001693382886,0.4062925588494884,-0.025494454893582374,0.7923334115039721,0.8178278663975544,True
~asp_jupiter_sun_square_orb3,1,2,-0.09128350864318412,-0.07128350864318411,0.439073990924587,0.04700407654043827,0.06700407654043827,0.45944450543856313,0.39244042889812486,0.04700407654043827,29,155,73,-0.03272886460210467,0.14521945508342088,False,-0.06997506923045226,-0.04997506923045225,0.7053130180686902,0.7552880872991424,,,validation,,0.006293726289761548,0.41258628513924994,0.4062925588494884,-0.04776952042442584,0.7700583459731286,0.8178278663975544,True
~asp_mars_venus_sextile_orb3,1,2,-0.04933193614310198,-0.029331936143101978,0.4810255634246691,0.044336408990756485,0.06433640899075649,0.45677683788888135,0.39244042889812486,0.044336408990756485,21,334,50,-0.023444213298836503,0.13091590161791278,False,-0.08722055828854046,-0.06722055828854046,0.688067529010602,0.7552880872991424,,,validation,,0.03810392284272951,0.4443964816922179,0.4062925588494884,-0.0723975265541359,0.7454303398434186,0.8178278663975544,True
~asp_jupiter_venus_trine_orb3,1,2,-0.09549227441716367,-0.07549227441716366,0.43486522515060744,0.04251868302626667,0.06251868302626667,0.45495911192439153,0.39244042889812486,0.04251868302626667,30,236,77,0.10505757847308195,0.03143375289975292,True,-0.0313762538675245,-0.0113762538675245,0.7439118334316179,0.7552880872991424,0.023079538409231815,50000.0,validation,,0.08575037969002103,0.4920429385395094,0.4062925588494884,-0.014163965958702951,0.8036639004388515,0.8178278663975544,True
~asp_neptune_venus_sextile_orb1,1,2,-0.03271525696119158,-0.012715256961191579,0.4976422426065795,0.03769542754224793,0.057695427542247935,0.4501358564403728,0.39244042889812486,0.03769542754224793,29,278,69,0.09331237558661809,0.030878008340463753,True,-0.08285832542226577,-0.06285832542226577,0.6924297618768767,0.7552880872991424,0.0016399672006559868,50000.0,validation,,0.07183307778213976,0.47812563663162816,0.4062925588494884,-0.04449882123873827,0.7733290451588162,0.8178278663975544,True
~asp_jupiter_venus_trine_orb5,1,2,-0.10798588686791198,-0.08798588686791198,0.4223716126998591,0.03743236851750799,0.05743236851750799,0.44987279741563285,0.39244042889812486,0.03743236851750799,31,234,78,0.1170870633100285,0.014290108819090597,True,-0.07131780126595964,-0.05131780126595964,0.7039702860331828,0.7552880872991424,0.0502989940201196,50000.0,validation,,0.08615980030834691,0.4924523591578353,0.4062925588494884,-0.04498826327794592,0.7728396031196085,0.8178278663975544,True
mercury_sign_sagittarius,1,1,-0.09687106000608635,-0.08687106000608635,0.42348643956168475,0.03650363979038019,0.04650363979038019,0.43894406868850505,0.39244042889812486,0.03650363979038019,19,45,50,0.007959289467084352,0.0694804543004518,True,-0.6003348637283995,-0.5903348637283995,0.16495322357074294,0.7552880872991424,0.051858962820743586,50000.0,validation,,0.14546706383554237,0.5517596226850308,0.4062925588494884,-0.6984525414762957,0.11937532492125875,0.8178278663975544,True
~venus_sign_sagittarius,1,2,-0.060074218925975184,-0.04007421892597518,0.4702832806417959,0.03591748263853779,0.0559174826385378,0.44835791153666266,0.39244042889812486,0.03591748263853779,17,267,40,-0.011291841958498083,0.10678368378702263,False,-0.11005922892292418,-0.09005922892292417,0.6652288583762183,0.7552880872991424,,,validation,,0.0651935594178783,0.4714861182673667,0.4062925588494884,-0.0810342359260624,0.736793630471492,0.8178278663975544,True
~mercury_sign_gemini,1,2,-0.015586363900715754,0.004413636099284246,0.5147711356670553,0.035575110578278404,0.05557511057827841,0.44801553947640327,0.39244042889812486,0.035575110578278404,17,238,45,0.06268934464743026,0.06131496868002251,True,-0.07366657963133304,-0.05366657963133303,0.7016215076678094,0.7552880872991424,0.13181736365272695,50000.0,validation,,0.0646215277699978,0.4709140866194862,0.4062925588494884,-0.05752715139605691,0.7603007150014975,0.8178278663975544,True
asp_mars_venus_trine_orb5,1,1,-0.49359910620544223,-0.4835991062054422,0.026758393362328863,0.03476775232889107,0.044767752328891075,0.43720818122701594,0.39244042889812486,0.03476775232889107,19,17,47,0.1693744972524439,-0.20530563561627013,False,-0.30914933557980945,-0.29914933557980944,0.456138751719333,0.7552880872991424,,,validation,,0.24574974831547197,0.6520423071649604,0.4062925588494884,-0.2794292115416318,0.5383986548559226,0.8178278663975544,True
~asp_mercury_pluto_sextile_orb3,1,2,-0.07667042624585534,-0.05667042624585533,0.45368707332191577,0.03066507729995573,0.05066507729995573,0.4431055061980806,0.39244042889812486,0.03066507729995573,41,160,100,0.07084182977625719,0.032374675107415235,True,-0.07595725736367596,-0.05595725736367596,0.6993308299354665,0.7552880872991424,0.03865922681546369,50000.0,validation,,0.07538472436558763,0.481677283215076,0.4062925588494884,-0.0334711967996586,0.7843566695978959,0.8178278663975544,True
~mercury_station,1,2,-0.2279713166235254,-0.20797131662352542,0.3023861829442457,0.030454530676777797,0.0504545306767778,0.44289495957490266,0.39244042889812486,0.030454530676777797,95,64,245,-0.13363184048209092,0.19692278335305574,False,0.0687769661901211,0.0887769661901211,0.8440650534892635,0.7552880872991424,,,validation,,0.0762134132806388,0.4825059721301272,0.4062925588494884,0.08051000762291505,0.8983378740204695,0.8178278663975544,True
~asp_neptune_sun_opp_orb5,1,2,-0.07937759100735496,-0.05937759100735496,0.45097990856041614,0.029872662523983202,0.0498726625239832,0.44231309142210806,0.39244042889812486,0.029872662523983202,16,248,40,0.07762847545931184,0.02796653335424576,True,0.01493740141367474,0.03493740141367474,0.7902254887128172,0.7552880872991424,0.046499070018599625,50000.0,validation,,0.08284215603657297,0.48913471488606136,0.4062925588494884,0.030755051538865152,0.8485829179364196,0.8178278663975544,True
~moon_phase_waning_gibbous,1,2,-0.37876249720551114,-0.3587624972055111,0.15159500236226,0.029560848646681088,0.04956084864668109,0.44200127754480595,0.39244042889812486,0.029560848646681088,183,39,479,-0.14358344845967808,0.20745458046092158,False,-0.18963823086098328,-0.16963823086098329,0.5856498564381591,0.7552880872991424,,,validation,,0.037816030878002616,0.444108589727491,0.4062925588494884,-0.15080208361530045,0.667025782782254,0.8178278663975544,True
asp_mars_venus_trine_orb1,1,1,-0.11172173499511155,-0.10172173499511156,0.40863576457265954,0.02815220334683311,0.03815220334683311,0.430592632244958,0.39244042889812486,0.02815220334683311,19,4,45,-0.4448991461207319,0.4508227176365656,False,-0.9037900405077444,-0.8937900405077444,-0.13850195320860187,0.7552880872991424,,,validation,,0.1367724302967555,0.5430649891462439,0.4062925588494884,-0.9522459998091028,-0.13441813341154835,0.8178278663975544,True
~asp_mercury_pluto_sextile_orb5,1,2,-0.05683369959161426,-0.036833699591614255,0.47352379997615685,0.02708363895678791,0.04708363895678791,0.43952406785491277,0.39244042889812486,0.02708363895678791,39,159,99,0.07081082957636586,0.027817526949677096,True,-0.09065028023112585,-0.07065028023112585,0.6846378070680166,0.7552880872991424,0.07281854362912742,50000.0,validation,,0.07287856076940363,0.479171119618892,0.4062925588494884,-0.0563596319101104,0.761468234487444,0.8178278663975544,True
~asp_saturn_sun_trine_orb3,1,2,-0.05962302005667845,-0.03962302005667845,0.47073447951109265,0.025846651099732627,0.04584665109973263,0.4382870799978575,0.39244042889812486,0.025846651099732627,29,182,75,0.08252562772861138,0.022768181287478817,True,-0.018321140727594148,0.0016788592724058526,0.7569669465715483,0.7552880872991424,0.05757884842303154,50000.0,validation,,0.03134709305177624,0.43763965190126464,0.4062925588494884,0.008331535495703757,0.8261594018932582,0.8178278663975544,True
~asp_saturn_venus_sextile_orb5,1,2,-0.10831204184132202,-0.08831204184132202,0.4220454577264491,0.024457087374386805,0.044457087374386806,0.43689751627251167,0.39244042889812486,0.024457087374386805,33,213,84,0.0638301799035087,0.030445533675540676,True,-0.09812096556837112,-0.07812096556837111,0.6771671217307713,0.7552880872991424,0.07793844123117538,50000.0,validation,,0.029647018048783946,0.43593957689827234,0.4062925588494884,-0.1011796931384672,0.7166481732590873,0.8178278663975544,True
~asp_jupiter_venus_square_orb3,1,2,-0.11936338305262666,-0.09936338305262665,0.41099411651514445,0.022450976262083328,0.04245097626208333,0.4348914051602082,0.39244042889812486,0.022450976262083328,32,202,81,0.03063612995622922,0.04924844364225539,True,0.03613869074138633,0.05613869074138633,0.8114267780405288,0.7552880872991424,0.05983880322393552,50000.0,validation,,0.01336288210125186,0.41965544095074025,0.4062925588494884,0.052819944606040115,0.8706478110035946,0.8178278663975544,True
asp_uranus_venus_conj_orb5,1,1,-0.4315424945487684,-0.4215424945487684,0.08881500501900268,0.021615765206249422,0.031615765206249424,0.4240561941043743,0.39244042889812486,0.021615765206249422,17,13,42,-0.1235319714750055,0.1610351811423511,False,-1.123854147737901,-1.113854147737901,-0.35856606043875855,0.7552880872991424,,,validation,,0.07784858737693828,0.4841411462264267,0.4062925588494884,-1.1636152496677612,-0.3457873832702067,0.8178278663975544,True
mars_sign_pisces,1,1,-0.08678777797295427,-0.07678777797295427,0.4335697215948168,0.021597357845284777,0.03159735784528478,0.42403778674340964,0.39244042889812486,0.021597357845284777,8,128,22,-0.45677891888965516,0.39524248036289705,False,-0.8129705172447144,-0.8029705172447144,-0.04768242994557193,0.7552880872991424,,,validation,,0.15401963313686845,0.5603121919863568,0.4062925588494884,-0.8219008365643765,-0.0040729701668220965,0.8178278663975544,True
~asp_saturn_venus_sextile_orb3,1,2,-0.09298245444362623,-0.07298245444362622,0.4373750451241449,0.01943149620911185,0.03943149620911185,0.4318719251072367,0.39244042889812486,0.01943149620911185,32,214,82,-0.010313243532498073,0.08344793389842681,False,-0.06110907569662059,-0.04110907569662059,0.7141790116025218,0.7552880872991424,,,validation,,0.014749477443722125,0.4210420362932105,0.4062925588494884,-0.051388166478258834,0.7664396999192956,0.8178278663975544,True
~asp_jupiter_sun_sextile_orb3,1,2,-0.10452142195279916,-0.08452142195279916,0.42583607761497194,0.01914250420956622,0.03914250420956622,0.4315829331076911,0.39244042889812486,0.01914250420956622,29,170,72,0.030164771571125293,0.04495974089322688,True,-0.022911828506090953,-0.002911828506090952,0.7523762587930515,0.7552880872991424,0.052658946821063576,50000.0,validation,,0.08153201015661626,0.48782456900610466,0.4062925588494884,-0.01008774902575793,0.8077401173717965,0.8178278663975544,True
~asp_mercury_neptune_trine_orb5,1,2,-0.05125158371791187,-0.03125158371791187,0.47910591584985923,0.019074292523029796,0.0390742925230298,0.43151472142115466,0.39244042889812486,0.019074292523029796,39,166,96,-0.04783506962731643,0.10086559758481622,False,-0.0751907493267706,-0.055190749326770594,0.7000973379723718,0.7552880872991424,,,validation,,0.027375019575944293,0.4336675784254327,0.4062925588494884,-0.0541600514393652,0.7636678149581893,0.8178278663975544,True
~asp_neptune_venus_square_orb5,1,2,-0.03604255803778704,-0.016042558037787036,0.49431494152998406,0.017698542319523353,0.037698542319523354,0.4301389712176482,0.39244042889812486,0.017698542319523353,33,177,84,-0.009134029359001095,0.06721094568122127,False,-0.10455607191605996,-0.08455607191605996,0.6707320153830825,0.7552880872991424,,,validation,,0.0266757836994449,0.4329683425489333,0.4062925588494884,-0.0994378969649985,0.718389969432556,0.8178278663975544,True
~sun_sign_cancer,1,2,-0.029476425840729386,-0.009476425840729386,0.5008810737270417,0.01686530097266405,0.03686530097266405,0.4293057298707889,0.39244042889812486,0.01686530097266405,16,232,40,0.029118238499245663,0.04819636676118749,True,-0.17883607455410463,-0.15883607455410464,0.5964520127450378,0.7552880872991424,,,validation,,-0.013178719082363788,0.3931138397671246,0.4062925588494884,-0.15071408309531098,0.6671137833022435,0.8178278663975544,False
~asp_jupiter_sun_square_orb5,1,2,-0.07886848740308121,-0.058868487403081204,0.4514890121646899,0.016696586168180667,0.03669658616818067,0.4291370150663055,0.39244042889812486,0.016696586168180667,29,151,73,0.0100673311177355,0.05224275217913116,True,-0.036929668811157765,-0.01692966881115776,0.7383584184879847,0.7552880872991424,,,validation,,-0.02146923134127182,0.3848233275082166,0.4062925588494884,-0.013274266476349994,0.8045535999212045,0.8178278663975544,False
~asp_saturn_sun_trine_orb5,1,2,-0.0681856512140288,-0.04818565121402879,0.4621718483537423,0.016329033604578064,0.036329033604578065,0.4287694625027029,0.39244042889812486,0.016329033604578064,29,180,75,0.030434432848791992,0.04634006976280286,True,-0.02799377252688549,-0.00799377252688549,0.7472943147722569,0.7552880872991424,,,validation,,0.01247630435191499,0.4187688632014034,0.4062925588494884,-0.02209531671193732,0.7957325496856171,0.8178278663975544,True
~sun_sign_libra,1,2,0.11089395081343235,0.13089395081343236,0.6412514503812035,0.016320655545439173,0.03632065554543917,0.42876108444356403,0.39244042889812486,0.016320655545439173,16,232,40,-0.06882892163380583,0.10981901034212582,False,-0.11368882707241966,-0.09368882707241966,0.6615992602267228,0.7552880872991424,,,validation,,0.019395280745347354,0.42568783959483575,0.4062925588494884,-0.07001558485830683,0.7478122815392476,0.8178278663975544,True
~asp_mars_neptune_square_orb5,1,2,0.017969201697053423,0.03796920169705342,0.5483267012648245,0.015560170267077029,0.03556017026707703,0.4280005991652019,0.39244042889812486,0.015560170267077029,21,315,48,0.07748995810943726,0.00563819541685967,True,-0.07491485956761067,-0.05491485956761066,0.7003732277315318,0.7552880872991424,,,validation,,0.05097338551730085,0.45726594436678925,0.4062925588494884,-0.02572257664818034,0.7921052897493741,0.8178278663975544,True
~asp_neptune_venus_sextile_orb5,1,2,-0.03576104967435155,-0.015761049674351546,0.49459644989341955,0.015173939550549315,0.035173939550549316,0.4276143684486742,0.39244042889812486,0.015173939550549315,33,212,84,0.030738483475150624,0.04581848867792526,True,-0.10891882828302,-0.08891882828302,0.6663692590161224,0.7552880872991424,,,validation,,0.06668679530098548,0.4729793541504739,0.4062925588494884,-0.05968846861352761,0.7581393977840268,0.8178278663975544,True
~venus_sign_scorpio,1,2,0.04722036677331844,0.06722036677331844,0.5775778663410895,0.01205367426377298,0.03205367426377298,0.42449410316189784,0.39244042889812486,0.01205367426377298,16,268,40,-0.08142568625470181,0.10903482335497183,False,-0.11942278568570862,-0.09942278568570861,0.6558653016134338,0.7552880872991424,,,validation,,-0.057996752784103434,0.34829580606538496,0.4062925588494884,-0.09030381273784716,0.7275240536597073,0.8178278663975544,False
asp_mars_mercury_sextile_orb1,1,1,-0.7941948335829392,-0.7841948335829392,-0.27383733401516813,0.011867854769412831,0.02186785476941283,0.4143082836675377,0.39244042889812486,0.011867854769412831,32,6,76,-0.3798793136689058,0.3763077006353322,False,-1.2206355004399843,-1.2106355004399842,-0.45534741314084176,0.7552880872991424,,,validation,,0.027062061644191726,0.4333546204936801,0.4062925588494884,-1.2821362869976518,-0.46430842060009725,0.8178278663975544,True
~asp_mars_neptune_square_orb3,1,2,0.00851130378971367,0.02851130378971367,0.5388688033574848,0.009515065727405753,0.029515065727405754,0.4219554946255306,0.39244042889812486,0.009515065727405753,21,319,48,0.05720585582071447,0.009975295882222512,True,-0.008740379538329495,0.011259620461670505,0.7665477077608129,0.7552880872991424,,,validation,,0.05810770912539609,0.4644002679748845,0.4062925588494884,0.03059791502116682,0.8484257814187213,0.8178278663975544,True
~asp_mars_neptune_trine_orb5,1,2,0.007029975803811723,0.027029975803811723,0.5373874753715828,0.008419807822246179,0.02841980782224618,0.42086023672037104,0.39244042889812486,0.008419807822246179,20,357,47,0.06616370777010172,-0.0033586666982068913,False,-0.08495274168179544,-0.06495274168179543,0.690335345617347,0.7552880872991424,,,validation,,0.08467009144061016,0.49096265029009856,0.4062925588494884,-0.0795472922933923,0.7382805741041621,0.8178278663975544,True
~asp_mercury_uranus_trine_orb5,1,2,-0.08234757945071695,-0.06234757945071695,0.44800992011705415,0.008293224931178695,0.028293224931178695,0.42073365382930356,0.39244042889812486,0.008293224931178695,36,198,92,0.023906235548311172,0.03571131126574298,True,-0.07862193020684448,-0.058621930206844475,0.696666157092298,0.7552880872991424,,,validation,,0.013636572964781213,0.4199291318142696,0.4062925588494884,-0.06163386008563554,0.7561940063119189,0.8178278663975544,True
~asp_jupiter_sun_opp_orb3,1,2,0.04665371056935687,0.06665371056935687,0.577011210137128,0.007863060190470856,0.027863060190470856,0.4203034890885957,0.39244042889812486,0.007863060190470856,15,275,37,0.02757842806634425,0.029108266600770066,True,-0.048926777996971635,-0.02892677799697163,0.7263613093021708,0.7552880872991424,,,validation,,0.025446085399201568,0.43173864424868996,0.4062925588494884,-0.029465714189231274,0.7883621522083232,0.8178278663975544,True
~asp_jupiter_mercury_sextile_orb5,1,2,-0.11653904432664129,-0.09653904432664129,0.4138184552411298,0.007692671631614318,0.02769267163161432,0.4201331005297392,0.39244042889812486,0.007692671631614318,41,165,97,-0.19568787342808253,0.2052707427685822,False,-0.13851522571106697,-0.11851522571106698,0.6367728615880754,0.7552880872991424,,,validation,,0.050872160411807976,0.45716471926129637,0.4062925588494884,-0.08359391983593967,0.7342339465616148,0.8178278663975544,True
asp_mercury_saturn_opp_orb3,1,1,-0.1617683049024493,-0.1517683049024493,0.3585891946653218,0.0076453617470737065,0.017645361747073707,0.41008579064519857,0.39244042889812486,0.0076453617470737065,16,11,40,-0.1613248840457034,0.18125407592540865,False,-0.6596214474646126,-0.6496214474646126,0.10566663983452987,0.7552880872991424,,,validation,,-0.103624542998428,0.3026680158510604,0.4062925588494884,-0.6776172471644852,0.14021061923306927,0.8178278663975544,False
~asp_jupiter_venus_conj_orb3,1,2,-0.026580708145647485,-0.006580708145647485,0.5037767914221236,0.00762080110028825,0.02762080110028825,0.4200612299984131,0.39244042889812486,0.00762080110028825,15,306,40,0.08079476221091497,-0.01704249389673157,False,-0.06290703442915456,-0.042907034429154556,0.7123810528699879,0.7552880872991424,,,validation,,0.041389454447235186,0.4476820132967236,0.4062925588494884,-0.047084335980668524,0.7707435304168859,0.8178278663975544,True
~mercury_sign_cancer,1,2,-0.07951959873860402,-0.05951959873860402,0.4508379008291671,0.0065515223438044785,0.02655152234380448,0.41899195124192934,0.39244042889812486,0.0065515223438044785,18,238,46,-0.030930703089388945,0.0720912547155042,False,-0.12042722656556913,-0.10042722656556913,0.6548608607335733,0.7552880872991424,,,validation,,-0.03937611327317575,0.36691644557631264,0.4062925588494884,-0.11839873413644342,0.699429132261111,0.8178278663975544,False
~asp_neptune_sun_opp_orb3,1,2,-0.05495864279743061,-0.034958642797430606,0.4753988567703405,0.006320885305238073,0.026320885305238073,0.41876131420336293,0.39244042889812486,0.006320885305238073,16,252,40,0.011821144465563482,0.03774616239608114,True,-0.011109394617005091,0.00889060538299491,0.7641786926821373,0.7552880872991424,,,validation,,0.05746658881314387,0.46375914766263227,0.4062925588494884,0.0006986895489445866,0.818526555946499,0.8178278663975544,True
~venus_sign_cancer,1,2,0.013166760364119585,0.033166760364119585,0.5435242599318907,0.006296672107005925,0.026296672107005925,0.4187371010051308,0.39244042889812486,0.006296672107005925,16,266,43,0.07414994853079127,-0.005662275751957713,False,-0.09775380117663278,-0.07775380117663278,0.6775342861225097,0.7552880872991424,,,validation,,0.031170196941293193,0.4374627557907816,0.4062925588494884,-0.12784844044070054,0.6899794259568539,0.8178278663975544,True
~asp_mercury_uranus_square_orb5,1,2,-0.03860050891685167,-0.018600508916851666,0.49175699065091943,0.006045767435949829,0.02604576743594983,0.4184861963340747,0.39244042889812486,0.006045767435949829,37,142,94,0.11249815932292939,-0.034609727249374805,False,-0.1162070721359396,-0.0962070721359396,0.6590810151632028,0.7552880872991424,,,validation,,0.04157654784975118,0.44786910669923957,0.4062925588494884,-0.08926126465876882,0.7285666017387856,0.8178278663975544,True
~asp_jupiter_sun_sextile_orb5,1,2,-0.16518721777792797,-0.14518721777792798,0.3651702817898431,0.005711772126547294,0.025711772126547294,0.41815220102467215,0.39244042889812486,0.005711772126547294,29,165,72,0.08537891228570227,-0.024026935619635592,False,0.03399351566342203,0.05399351566342203,0.8092816029625645,0.7552880872991424,,,validation,,0.05201641856666078,0.4583089774161492,0.4062925588494884,0.02694634028220122,0.8447742066797557,0.8178278663975544,True
~asp_neptune_sun_conj_orb3,1,2,-0.01960251255370214,0.0003974874462978617,0.510754987014069,0.005222878315064312,0.025222878315064312,0.41766330721318917,0.39244042889812486,0.005222878315064312,16,252,39,0.004145456355240329,0.041907254535753447,True,-0.0011961935594486488,0.01880380644055135,0.7740918937396938,0.7552880872991424,,,validation,,0.02499328623132535,0.43128584508081375,0.4062925588494884,0.0018673330808262056,0.8196951994783807,0.8178278663975544,True
~sun_sign_capricorn,1,2,-0.11743130349342716,-0.09743130349342716,0.41292619607434394,0.004650715291898661,0.02465071529189866,0.4170911441900235,0.39244042889812486,0.004650715291898661,15,234,39,-0.08379566299607666,0.11296199504595611,False,-0.1111078365472443,-0.0911078365472443,0.6641802507518981,0.7552880872991424,,,validation,,-0.03975822794716333,0.36653433090232507,0.4062925588494884,-0.07459087576745294,0.7432369906301015,0.8178278663975544,False
~asp_neptune_sun_opp_orb1,1,2,-0.030218559177623377,-0.010218559177623376,0.5001389403901477,0.003574763770230655,0.023574763770230656,0.4160151926683555,0.39244042889812486,0.003574763770230655,16,254,39,-0.019694596762579897,0.0578372119985181,False,-0.04122793224781128,-0.021227932247811276,0.7340601550513312,0.7552880872991424,,,validation,,0.03040665038636131,0.4366992092358497,0.4062925588494884,-0.021887173106769575,0.7959406932907849,0.8178278663975544,True
asp_mercury_uranus_opp_orb5,1,1,-0.4730286127490309,-0.4630286127490309,0.04732888681874019,0.003345716085441994,0.013345716085441994,0.40578614498356685,0.39244042889812486,0.003345716085441994,17,21,45,-0.10615165636940327,0.1989444529285344,False,-0.7433081220842711,-0.7333081220842711,0.021979965214871305,0.7552880872991424,,,validation,,0.13707917430744337,0.5433717331569318,0.4062925588494884,-0.7294862634353917,0.08834160296216279,0.8178278663975544,True
~jupiter_ingress_1d,1,2,-0.03691158869092702,-0.016911588690927015,0.4934459108768441,0.002605545650898062,0.022605545650898062,0.4150459745490229,0.39244042889812486,0.002605545650898062,17,272,53,-0.015899191854818473,0.05318884271610069,False,-0.03142497223035555,-0.011424972230355546,0.7438631150687869,0.7552880872991424,,,validation,,0.018423898366854374,0.42471645721634277,0.4062925588494884,0.0015036332875716374,0.8193314996851261,0.8178278663975544,True
~asp_saturn_sun_sextile_orb3,1,2,-0.01604476949093357,0.003955230509066432,0.5143127300768375,0.0025671454916063215,0.022567145491606322,0.4150075743897312,0.39244042889812486,0.0025671454916063215,30,163,77,-0.012174618098848788,0.04810960839621037,False,0.03526463167654982,0.055264631676549825,0.8105527189756923,0.7552880872991424,,,validation,,0.027723062106688345,0.43401562095617674,0.4062925588494884,0.042506240880474166,0.8603341072780286,0.8178278663975544,True
~asp_uranus_venus_sextile_orb5,1,2,-0.06246746034792415,-0.042467460347924146,0.46789003921984695,0.0024407271948513505,0.02244072719485135,0.4148811560929762,0.39244042889812486,0.0024407271948513505,31,212,83,-0.02112175886354617,0.05612833386615701,False,-0.05281109622119616,-0.03281109622119616,0.7224769910779463,0.7552880872991424,,,validation,,0.03217932817061547,0.43847188702010387,0.4062925588494884,-0.0010381617282335664,0.8167897046693209,0.8178278663975544,True
~venus_sign_aries,1,2,-0.046379118907832625,-0.02637911890783262,0.4839783806599385,4.1972876913338314e-05,0.02004197287691334,0.4124824017750382,0.39244042889812486,4.1972876913338314e-05,17,268,41,0.12099075281040372,-0.05790809020474458,False,0.02952624176175635,0.04952624176175635,0.8048143290608988,0.7552880872991424,,,validation,,0.06506394421162676,0.47135650306111515,0.4062925588494884,0.061652282359877075,0.8794801487574315,0.8178278663975544,True
~asp_mars_sun_sextile_orb5,1,2,-0.14105481799430755,-0.12105481799430756,0.38930268157346354,-0.000375780443570322,0.01962421955642968,0.41206464845455454,0.39244042889812486,-0.000375780443570322,15,289,37,-0.04892042104414496,0.0769486614053661,False,0.05631328040698082,0.07631328040698082,0.8316013677061233,0.7552880872991424,,,validation,,0.022694078728508205,0.4289866375779966,0.4062925588494884,0.05405533320555467,0.8718831996031091,0.8178278663975544,True
~asp_jupiter_sun_opp_orb5,1,2,0.06479060869594545,0.08479060869594546,0.5951481082637166,-0.0018021362011249424,0.018197863798875058,0.4106382926969999,0.39244042889812486,-0.0018021362011249424,15,272,37,-0.01185872720121639,0.043474143976171636,False,-0.07637296847858142,-0.05637296847858142,0.698915118820561,0.7552880872991424,,,validation,,0.032246789945812315,0.4385393487953007,0.4062925588494884,-0.05758290583304215,0.7602449605645123,0.8178278663975544,True
~asp_jupiter_venus_sextile_orb5,1,2,-0.13743253824224352,-0.11743253824224353,0.39292496132552757,-0.001860059904436922,0.01813994009556308,0.41058036899368794,0.39244042889812486,-0.001860059904436922,33,220,81,-0.040736048932697555,0.05920090337005873,False,-0.031809350131619216,-0.011809350131619212,0.7434787371675232,0.7552880872991424,,,validation,,0.021836626687071203,0.4281291855365596,0.4062925588494884,-0.02427406216429384,0.7935538042332606,0.8178278663975544,True
~asp_uranus_venus_sextile_orb3,1,2,-0.0777017784022556,-0.0577017784022556,0.4526557211655155,-0.0019145445859539527,0.018085455414046048,0.4105258843121709,0.39244042889812486,-0.0019145445859539527,30,214,81,-0.07946401513396406,0.09480261499262449,False,-0.04615636777133979,-0.026156367771339784,0.7291317195278026,0.7552880872991424,,,validation,,0.019407315600091735,0.42569987444958013,0.4062925588494884,0.008014174740909374,0.8258420411384638,0.8178278663975544,True
~asp_uranus_venus_square_orb3,1,2,-0.02639820299800986,-0.006398202998009861,0.5039592965697612,-0.0021942423379687596,0.01780575766203124,0.4102461865601561,0.39244042889812486,-0.0021942423379687596,32,179,84,0.053422883200650695,-0.010863364126606712,False,0.0157385462460309,0.0357385462460309,0.7910266335451733,0.7552880872991424,,,validation,,0.01370274854191228,0.4199953073914007,0.4062925588494884,0.050336597057461074,0.8681644634550155,0.8178278663975544,True
~asp_mercury_moon_trine_orb5,1,2,-0.2985130600699752,-0.27851306006997517,0.23184443949779593,-0.003362873076784661,0.01663712692321534,0.4090775558213402,0.39244042889812486,-0.003362873076784661,224,62,573,-0.04832046884100338,0.07011657118200881,False,-0.23269534095380548,-0.2126953409538055,0.5425927463453369,0.7552880872991424,,,validation,,0.06380846479412228,0.47010102364361067,0.4062925588494884,-0.1856493752395777,0.6321784911579768,0.8178278663975544,True
~asp_jupiter_sun_square_orb1,1,2,-0.0757967595981041,-0.055796759598104095,0.454560739969667,-0.003730516725524307,0.016269483274475693,0.40870991217260055,0.39244042889812486,-0.003730516725524307,23,279,62,0.021396425813449804,0.011413405755587858,True,-0.04787496960913505,-0.027874969609135047,0.7274131176900074,0.7552880872991424,,,validation,,0.004057075632222074,0.41034963448171047,0.4062925588494884,-0.025518590927735563,0.7923092754698189,0.8178278663975544,True
~asp_neptune_sun_conj_orb5,1,2,-0.014196143657950838,0.005803856342049163,0.5161613559098203,-0.0037468006696522553,0.016253199330347745,0.4086936282284726,0.39244042889812486,-0.0037468006696522553,16,248,39,-0.009070362557220157,0.03738555181060135,False,0.02006044624880478,0.04006044624880478,0.7953485335479472,0.7552880872991424,,,validation,,0.0258391651502467,0.4321317239997351,0.4062925588494884,0.01419659988929578,0.8320244662868502,0.8178278663975544,True
~asp_mercury_uranus_trine_orb3,1,2,-0.06790405967040013,-0.04790405967040012,0.462453439897371,-0.004335776988535638,0.015664223011464362,0.4081046519095892,0.39244042889812486,-0.004335776988535638,37,202,90,0.07613834010762366,-0.028866869175414644,False,-0.09709688357193001,-0.07709688357193001,0.6781912037272124,0.7552880872991424,,,validation,,0.0166283333263888,0.4229208921758772,0.4062925588494884,-0.07170531834541716,0.7461225480521373,0.8178278663975544,True
asp_mars_uranus_opp_orb1,1,1,-0.898705880424514,-0.888705880424514,-0.37834838085674294,-0.00451637312028135,0.0054836268797186505,0.3979240557778435,0.39244042889812486,-0.00451637312028135,7,3,22,-0.20873670155395307,0.18079539455090526,False,-0.9815695051261877,-0.9715695051261877,-0.21628141782704524,0.7552880872991424,,,validation,,0.20025792615717125,0.6065504850066596,0.4062925588494884,-1.0970551956171173,-0.2792273292195628,0.8178278663975544,True
~asp_uranus_venus_sextile_orb1,1,2,-0.07040052889930869,-0.05040052889930868,0.4599569706684624,-0.0055443607880292615,0.014455639211970739,0.4068960681100956,0.39244042889812486,-0.0055443607880292615,21,285,64,-0.06976889928891972,0.07970756335856372,False,-0.06164629393117714,-0.041646293931177136,0.7136417933679653,0.7552880872991424,,,validation,,-0.005228968142461987,0.4010635907070264,0.4062925588494884,-0.042484648024849525,0.7753432183727049,0.8178278663975544,False
~asp_jupiter_moon_opp_orb1,1,2,-0.04148272001139479,-0.021482720011394785,0.4888747795563763,-0.005768219908139621,0.01423178009186038,0.40667220898998524,0.39244042889812486,-0.005768219908139621,32,265,67,0.020224333041981235,0.01022832748536523,True,-0.06893474789001473,-0.04893474789001473,0.7063533394091277,0.7552880872991424,,,validation,,0.019645942363928304,0.4259385012134167,0.4062925588494884,-0.04161660126410194,0.7762112651334525,0.8178278663975544,True
~asp_pluto_sun_sextile_orb3,1,2,-0.0657579279884739,-0.04575792798847389,0.4645995715792972,-0.00614674390678625,0.01385325609321375,0.4062936849913386,0.39244042889812486,-0.00614674390678625,31,167,78,-0.0034202063309279884,0.02555022506341234,False,-0.05255477115807837,-0.032554771158078366,0.7227333161410641,0.7552880872991424,,,validation,,0.007048092414872087,0.4133406512643605,0.4062925588494884,-0.03474359415458972,0.7830842722429647,0.8178278663975544,True
~asp_pluto_venus_sextile_orb1,1,2,-0.05479178710547798,-0.03479178710547798,0.4755657124622931,-0.00674997704201195,0.01325002295798805,0.4056904518561129,0.39244042889812486,-0.00674997704201195,30,279,73,0.04583381854056967,-0.011419511955687606,False,-0.04898953344176647,-0.02898953344176647,0.726298553857376,0.7552880872991424,,,validation,,0.03536729345078826,0.44165985230027666,0.4062925588494884,-0.03494883088060763,0.7828790355169468,0.8178278663975544,True
~asp_pluto_sun_square_orb1,1,2,-0.06709205143484952,-0.04709205143484951,0.4632654481329216,-0.006909163595543482,0.013090836404456518,0.4055312653025814,0.39244042889812486,-0.006909163595543482,26,252,64,0.04199769694224309,-0.006967606598064974,False,-0.07857950436820126,-0.05857950436820125,0.6967085829309412,0.7552880872991424,,,validation,,0.004400467580160383,0.4106930264296488,0.4062925588494884,-0.04148936024237704,0.7763385061551774,0.8178278663975544,True
~asp_saturn_sun_conj_orb5,1,2,0.038785280014587045,0.05878528001458705,0.5691427795823581,-0.007230525744235421,0.012769474255764579,0.40520990315388944,0.39244042889812486,-0.007230525744235421,16,256,39,0.014651456577578603,0.012902364628126023,True,-0.03700349992837147,-0.01700349992837147,0.738284587370771,0.7552880872991424,,,validation,,0.018529136438035665,0.42482169528752406,0.4062925588494884,-0.014563380681884563,0.8032644857156699,0.8178278663975544,True
~asp_saturn_venus_square_orb3,1,2,-0.04967483797170773,-0.029674837971707724,0.4806826615960634,-0.0072519158446829705,0.01274808415531703,0.4051885130534419,0.39244042889812486,-0.0072519158446829705,32,192,81,-0.053776971076346824,0.06462340628436286,False,-0.004656452168570007,0.015343547831429993,0.7706316351305724,0.7552880872991424,,,validation,,-0.0019786240071046346,0.40431393484238376,0.4062925588494884,0.001859882045846195,0.8196877484434006,0.8178278663975544,False
~asp_saturn_venus_conj_orb3,1,2,0.0014130240120382616,0.021413024012038262,0.5317705235798094,-0.00813809410511888,0.01186190589488112,0.404302334793006,0.39244042889812486,-0.00813809410511888,18,291,42,0.04777772080380782,-0.015091301442652444,False,-0.0035377788412931203,0.01646222115870688,0.7717503084578493,0.7552880872991424,,,validation,,0.020309545649676797,0.4266021044991652,0.4062925588494884,0.005917049138605357,0.8237449155361598,0.8178278663975544,True
~asp_jupiter_sun_conj_orb1,1,2,-0.004767606336901414,0.015232393663098587,0.5255898932308697,-0.008637154047646072,0.011362845952353928,0.4038032748504788,0.39244042889812486,-0.008637154047646072,14,277,35,0.006876607316974481,0.015412809149429996,True,-0.03512631380036922,-0.015126313800369218,0.7401617734987732,0.7552880872991424,,,validation,,0.01577445520895837,0.42206701405844677,0.4062925588494884,-0.026247991957099703,0.7915798744404547,0.8178278663975544,True
~asp_moon_pluto_square_orb1,1,2,-0.03743590289500191,-0.01743590289500191,0.4929215966727692,-0.00884971576544306,0.01115028423455694,0.4035907131326818,0.39244042889812486,-0.00884971576544306,41,255,103,0.01431757199503958,0.009729855615849076,True,-0.06747287186006111,-0.047472871860061105,0.7078152154390813,0.7552880872991424,,,validation,,0.0196697150495167,0.4259622738990051,0.4062925588494884,-0.039521506716171384,0.7783063596813831,0.8178278663975544,True
~asp_sun_uranus_trine_orb5,1,2,-0.12223788060144351,-0.10223788060144351,0.4081196189663276,-0.008955706129491408,0.011044293870508592,0.40348472276863345,0.39244042889812486,-0.008955706129491408,31,165,78,0.10533421390908315,-0.06604399773654138,False,-0.003234382877052449,0.01676561712294755,0.77205370442209,0.7552880872991424,,,validation,,0.04097235068865673,0.44726490953814513,0.4062925588494884,0.005344971528514542,0.823172837926069,0.8178278663975544,True
~asp_moon_sun_square_orb1,1,2,-0.07208706210050585,-0.05208706210050584,0.45827043746726526,-0.009012238154738044,0.010987761845261956,0.4034281907433868,0.39244042889812486,-0.009012238154738044,57,376,126,-0.05269028779434348,0.06164104564242795,False,-0.052659565544710726,-0.03265956554471072,0.7226285217544317,0.7552880872991424,,,validation,,0.002407192034579675,0.40869975088406807,0.4062925588494884,-0.032247601565148276,0.7855802648324062,0.8178278663975544,True
asp_mars_venus_trine_orb3,1,1,-0.31768736872357345,-0.30768736872357344,0.20267013084419766,-0.009762753265249549,0.00023724673475045144,0.3926776756328753,0.39244042889812486,-0.009762753265249549,19,10,48,0.06851098959873614,-0.12181305104831439,False,-0.4402329922916302,-0.4302329922916302,0.32505509500751223,0.7552880872991424,,,validation,,0.2938037512818244,0.7000963101313128,0.4062925588494884,-0.4393022090472668,0.37852565735028765,0.8178278663975544,True
~mars_ingress_3d,1,2,-0.20201933535939712,-0.18201933535939713,0.328338164208374,-0.010159393235009456,0.009840606764990545,0.4022810356631154,0.39244042889812486,-0.010159393235009456,104,138,269,0.13791156817826844,-0.09188739798957336,False,-0.050538349761243925,-0.03053834976124392,0.7247497375378985,0.7552880872991424,,,validation,,0.011201442452062393,0.4174940013015508,0.4062925588494884,-0.011795167794726447,0.806032698602828,0.8178278663975544,True
~asp_jupiter_mercury_square_orb3,1,2,-0.04429949114163871,-0.024299491141638707,0.4860580084261324,-0.010649122795658921,0.00935087720434108,0.40179130610246594,0.39244042889812486,-0.010649122795658921,39,159,95,0.01679188038772228,0.00037354114731261157,True,-0.037759248057894865,-0.01775924805789486,0.7375288392412476,0.7552880872991424,,,validation,,0.004238101512613668,0.41053066036210206,0.4062925588494884,0.0036290429512206845,0.8214569093487751,0.8178278663975544,True
asp_mars_uranus_trine_orb5,1,1,-0.5341392175155804,-0.5241392175155803,-0.013781717947809262,-0.010810791138532774,-0.0008107911385327737,0.3916296377595921,0.39244042889812486,-0.010810791138532774,18,44,45,-0.19611190306440668,0.1772610469851142,False,-0.9331324285653614,-0.9231324285653614,-0.16784434126621894,0.7552880872991424,,,validation,,-0.02075205788042722,0.3855405009690612,0.4062925588494884,-0.8979016382098153,-0.08007377181226086,0.8178278663975544,False
~asp_jupiter_mars_square_orb1,1,2,-0.08157331018689627,-0.06157331018689627,0.44878418938087483,-0.011148217508774743,0.008851782491225257,0.4012922113893501,0.39244042889812486,-0.011148217508774743,15,350,41,0.008372822418255654,0.0096031758113653,True,-0.05091181472822613,-0.030911814728226128,0.7243762725709163,0.7552880872991424,,,validation,,0.006312117531703798,0.4126046763811922,0.4062925588494884,-0.03899529020489512,0.7788325761926593,0.8178278663975544,True
~asp_pluto_sun_sextile_orb1,1,2,-0.05189682225473595,-0.031896822254735946,0.47846067731303515,-0.011546232950169915,0.008453767049830085,0.40089419594795495,0.39244042889812486,-0.011546232950169915,25,336,65,-0.03230981235914998,0.03955664243340154,False,-0.02145176104245859,-0.001451761042458588,0.7538363262566838,0.7552880872991424,,,validation,,-0.006622068525074243,0.39967049032441415,0.4062925588494884,0.0067642307632057586,0.8245920971607602,0.8178278663975544,False
~asp_sun_uranus_trine_orb3,1,2,-0.08195584895152368,-0.06195584895152367,0.4484016506162474,-0.011883500011165542,0.008116499988834458,0.4005569288869593,0.39244042889812486,-0.011883500011165542,31,168,78,0.07919152728914591,-0.04926311728958491,False,0.008342422343725859,0.02834242234372586,0.7836305096428683,0.7552880872991424,,,validation,,0.04013604060290227,0.44642859945239066,0.4062925588494884,0.03799882092807372,0.8558266873256282,0.8178278663975544,True
~asp_mars_uranus_sextile_orb3,1,2,-0.05672947022143697,-0.036729470221436966,0.47362802934633413,-0.012125898017529706,0.007874101982470294,0.40031453088059515,0.39244042889812486,-0.012125898017529706,20,379,46,0.024310529138182435,-8.687999936024537e-05,False,-0.018730939757665693,0.0012690602423343078,0.7565571475414767,0.7552880872991424,,,validation,,0.011392937257538593,0.417685496107027,0.4062925588494884,0.02231296594950205,0.8401408323470565,0.8178278663975544,True
~asp_saturn_venus_conj_orb5,1,2,-0.021420941366853335,-0.0014209413668533344,0.5089365582009178,-0.012392128020523401,0.007607871979476599,0.40004830087760146,0.39244042889812486,-0.012392128020523401,18,289,43,0.018838128185817538,0.0007662152182739135,True,-0.012135856829024388,0.007864143170975613,0.763152230470118,0.7552880872991424,,,validation,,-0.004093855109534195,0.4021987037399542,0.4062925588494884,-0.0030566983431835615,0.8147711680543709,0.8178278663975544,False
~mars_ingress_5d,1,2,-0.17881254045117354,-0.15881254045117355,0.35154495911659756,-0.012434775830029204,0.007565224169970797,0.40000565306809566,0.39244042889812486,-0.012434775830029204,104,136,269,0.11765419315868253,-0.08440137800086986,False,-0.14197290883040478,-0.12197290883040479,0.6333151784687376,0.7552880872991424,,,validation,,0.04151030931556593,0.4478028681650543,0.4062925588494884,-0.08307379922376312,0.7347540671737913,0.8178278663975544,True
~asp_moon_pluto_trine_orb1,1,2,-0.059453779051473685,-0.03945377905147368,0.4709037205162974,-0.013016821282849016,0.006983178717150984,0.39942360761527584,0.39244042889812486,-0.013016821282849016,38,237,107,-0.0305129465154258,0.03479414762463173,False,-0.04912806860972117,-0.02912806860972117,0.7261600186894213,0.7552880872991424,,,validation,,0.013323673284447113,0.4196162321339355,0.4062925588494884,-0.020658726501516345,0.7971691398960381,0.8178278663975544,True
~asp_saturn_sun_conj_orb1,1,2,-0.019895953569055585,0.00010404643094441557,0.5104615459987155,-0.014384316816940784,0.005615683183059217,0.3980561120811841,0.39244042889812486,-0.014384316816940784,16,261,37,0.0031766024015448258,0.0076792561967220785,True,-0.013046373227876145,0.006953626772123855,0.7622417140712663,0.7552880872991424,,,validation,,0.01764914069103396,0.42394169954052235,0.4062925588494884,0.018750017799793794,0.8365778841973482,0.8178278663975544,True
~asp_saturn_sun_conj_orb3,1,2,0.015470341562473195,0.035470341562473195,0.5458278411302443,-0.014751518982074035,0.0052484810179259656,0.3976889099160508,0.39244042889812486,-0.014751518982074035,16,259,39,0.02694068863530763,-0.01066711920769764,False,-0.01142723305501257,0.008572766944987431,0.7638608542441299,0.7552880872991424,,,validation,,0.035885017807038455,0.44217757665652685,0.4062925588494884,0.002175958452720894,0.8200038248502753,0.8178278663975544,True
~asp_mercury_neptune_conj_orb3,1,2,-0.02953407567639586,-0.009534075676395859,0.5008234238913752,-0.015482371773724728,0.004517628226275272,0.39695805712440013,0.39244042889812486,-0.015482371773724728,20,247,51,-0.010417393070842329,0.015645639954714297,False,-0.03054278059856817,-0.010542780598568169,0.7447453067005743,0.7552880872991424,,,validation,,0.0017743198071413224,0.4080668786566297,0.4062925588494884,-0.010621526705203554,0.8072063396923509,0.8178278663975544,True
~asp_uranus_venus_opp_orb5,1,2,-0.059329653721537076,-0.03932965372153707,0.47102784584623403,-0.015628050112700114,0.004371949887299886,0.39681237878542475,0.39244042889812486,-0.015628050112700114,16,280,41,0.016445568597955873,-0.003766142337657652,False,-0.020923435532585893,-0.0009234355325858923,0.7543646517665565,0.7552880872991424,,,validation,,0.013255177778649208,0.4195477366281376,0.4062925588494884,-0.0006012130523029846,0.8172266533452515,0.8178278663975544,True
~asp_pluto_venus_trine_orb5,1,2,-0.1491127093965581,-0.1291127093965581,0.381244790171213,-0.015822092576281848,0.004177907423718152,0.396618336321843,0.39244042889812486,-0.015822092576281848,34,210,84,0.1280673647107864,-0.07554862968281556,False,-0.14022562758610643,-0.12022562758610644,0.635062459713036,0.7552880872991424,,,validation,,0.024929007391162605,0.431221566240651,0.4062925588494884,-0.09841651475270108,0.7194113516448534,0.8178278663975544,True
~asp_jupiter_mars_square_orb5,1,2,-0.07793951480357174,-0.057939514803571734,0.45241798476419937,-0.015871453894898673,0.004128546105101327,0.3965689750032262,0.39244042889812486,-0.015871453894898673,15,343,42,0.0012875194933397172,0.006643503330474615,True,-0.14422350537124526,-0.12422350537124527,0.6310645819278972,0.7552880872991424,,,validation,,-0.009093516868366014,0.3971990419811224,0.4062925588494884,-0.12948500438733312,0.6883428620102213,0.8178278663975544,False
~asp_mars_neptune_sextile_orb5,1,2,-0.03540307917768175,-0.015403079177681744,0.49495442039008936,-0.016099840546842086,0.0039001594531579142,0.3963405883512828,0.39244042889812486,-0.016099840546842086,17,373,42,0.050452675296568605,-0.031063906851740514,False,0.016897107957212127,0.03689710795721213,0.7921851952563546,0.7552880872991424,,,validation,,-0.0179012470173463,0.3883913118321421,0.4062925588494884,0.03395003481630321,0.8517779012138577,0.8178278663975544,False
~asp_neptune_sun_conj_orb1,1,2,-0.022783101301893077,-0.002783101301893076,0.507574398265878,-0.01616398101237147,0.003836018987628531,0.3962764478857534,0.39244042889812486,-0.01616398101237147,16,254,34,-0.009927622751322196,0.0147312669616749,False,-0.06309029044313029,-0.043090290443130286,0.7121977968560121,0.7552880872991424,,,validation,,-0.004848309254751382,0.401444249594737,0.4062925588494884,-0.04335976197222935,0.7744681044253251,0.8178278663975544,False
~jupiter_ingress_3d,1,2,-0.01769198182850627,0.002308018171493731,0.5126655177392648,-0.01626364530457956,0.0037363546954204407,0.3961767835935453,0.39244042889812486,-0.01626364530457956,17,270,53,-0.04613705582479255,0.04367894555213625,False,-0.0007306486549508544,0.019269351345049146,0.7745574386441916,0.7552880872991424,,,validation,,-0.0035594473483895883,0.4027331115010988,0.4062925588494884,0.03967578062121757,0.857503647018772,0.8178278663975544,False
~asp_mercury_neptune_square_orb1,1,2,-0.049633558453415036,-0.029633558453415032,0.48072394111435607,-0.01670595088232772,0.003294049117672282,0.39573447801579714,0.39244042889812486,-0.01670595088232772,31,391,76,-0.021119916855029564,0.02180214082978693,False,-0.049557680923190114,-0.02955768092319011,0.7257304063759523,0.7552880872991424,,,validation,,0.007875828024446196,0.4141683868739346,0.4062925588494884,-0.014880664207653216,0.8029472021899012,0.8178278663975544,True
~venus_sign_virgo,1,2,0.025895212411015462,0.04589521241101546,0.5562527119787866,-0.016933452284350874,0.003066547715649126,0.395506976613774,0.39244042889812486,-0.016933452284350874,18,266,45,-0.06924757419394822,0.06091913886420691,False,-0.07143827255121037,-0.05143827255121036,0.7038498147479321,0.7552880872991424,,,validation,,-0.04603629100077866,0.36025626784870973,0.4062925588494884,-0.04783136131042909,0.7699965050871254,0.8178278663975544,False
~asp_sun_uranus_trine_orb1,1,2,-0.056261296384789536,-0.03626129638478953,0.47409620318298157,-0.017354264211484265,0.002645735788515735,0.3950861646866406,0.39244042889812486,-0.017354264211484265,25,286,65,0.031405335300406234,-0.020961142479500816,False,0.007460367464175683,0.027460367464175683,0.7827484547633181,0.7552880872991424,,,validation,,0.023898187146708882,0.4301907459961973,0.4062925588494884,0.03092016331280978,0.8487480297103642,0.8178278663975544,True
~asp_neptune_venus_square_orb1,1,2,-0.04702381328595699,-0.027023813285956988,0.4833336862818141,-0.017695916915662063,0.002304083084337938,0.3947445119824628,0.39244042889812486,-0.017695916915662063,26,383,67,0.006656272380043626,-0.0014928238176034891,False,-0.09690087725035156,-0.07690087725035155,0.6783872100487909,0.7552880872991424,,,validation,,-0.013561220338163982,0.3927313385113244,0.4062925588494884,-0.07320647569461114,0.7446213907029433,0.8178278663975544,False
~asp_pluto_sun_square_orb5,1,2,-0.11162510280044112,-0.09162510280044112,0.41873239676733,-0.017992386114188446,0.0020076138858115544,0.3944480427839364,0.39244042889812486,-0.017992386114188446,31,121,78,0.13567966671496456,-0.10315525666837487,False,-0.08338417643122241,-0.0633841764312224,0.69190391086792,0.7552880872991424,,,validation,,-0.001365593683676114,0.4049269651658123,0.4062925588494884,-0.0639370949311,0.7538907714664544,0.8178278663975544,False
~asp_neptune_sun_square_orb1,1,2,-0.03179776627211055,-0.011797766272110544,0.49855973329566056,-0.018193069212857887,0.0018069307871421136,0.394247359685267,0.39244042889812486,-0.018193069212857887,23,252,65,-0.014975561420972672,0.014711746270379716,False,-0.016153535405589264,0.0038464645944107367,0.7591345518935532,0.7552880872991424,,,validation,,-0.004504817912210579,0.4017877409372778,0.4062925588494884,0.008373052529189517,0.826200918926744,0.8178278663975544,False
~asp_mercury_uranus_conj_orb5,1,2,0.02119089115508001,0.04119089115508001,0.5515483907228511,-0.018462261921723993,0.0015377380782760075,0.39397816697640087,0.39244042889812486,-0.018462261921723993,21,246,52,0.047130361109064434,-0.032893470926071144,False,-0.06598376541355676,-0.045983765413556754,0.7093043218855857,0.7552880872991424,,,validation,,0.03072955926484533,0.4370221181143337,0.4062925588494884,-0.04522425029333832,0.7726036161042161,0.8178278663975544,True
~asp_mars_sun_sextile_orb3,1,2,-0.0825875965208827,-0.0625875965208827,0.4477699030468884,-0.018490127779338655,0.0015098722206613457,0.3939503011187862,0.39244042889812486,-0.018490127779338655,15,297,37,-0.03922975173858856,0.0350186814716576,False,0.02686110915066355,0.04686110915066355,0.802149196449806,0.7552880872991424,,,validation,,0.010252996818166882,0.4165455556676553,0.4062925588494884,0.053866534901020224,0.8716944012985747,0.8178278663975544,True
~asp_mars_neptune_square_orb1,1,2,0.01901192290043476,0.03901192290043476,0.5493694224682059,-0.018549343971387394,0.001450656028612607,0.39389108492673747,0.39244042889812486,-0.018549343971387394,21,323,46,-0.05246487954312884,0.043602966634577606,False,-0.04252343516612732,-0.022523435166127315,0.7327646521330151,0.7552880872991424,,,validation,,-0.013244863621518721,0.3930476952279697,0.4062925588494884,-0.02419468134554892,0.7936331850520055,0.8178278663975544,False
~asp_mercury_moon_trine_orb1,1,2,-0.0829160009950554,-0.0629160009950554,0.4474414985727157,-0.018784784132313086,0.001215215867686914,0.3936556447658118,0.39244042889812486,-0.018784784132313086,48,299,109,0.024373436976118157,-0.016575346145860093,False,-0.09919060325832062,-0.07919060325832061,0.6760974840408218,0.7552880872991424,,,validation,,0.013446465063312874,0.41973902391280127,0.4062925588494884,-0.07353244641073331,0.7442954199868211,0.8178278663975544,True
~asp_saturn_venus_trine_orb1,1,2,-0.06694142595372087,-0.04694142595372086,0.46341607361405024,-0.01900107699921875,0.0009989230007812488,0.3934393518989061,0.39244042889812486,-0.01900107699921875,28,285,71,0.0003158747106103421,0.003083045153863956,True,-0.01738377881831153,0.0026162211816884717,0.7579043084808309,0.7552880872991424,,,validation,,-0.017792178078917698,0.3885003807705707,0.4062925588494884,0.007902260463057531,0.825730126860612,0.8178278663975544,False
~asp_pluto_venus_conj_orb3,1,2,-0.007605182175160246,0.012394817824839754,0.5227523173926109,-0.019062965087618716,0.0009370349123812849,0.39337746381050614,0.39244042889812486,-0.019062965087618716,17,283,42,-0.05977341629432398,0.046506221692675986,False,-0.053311138063094385,-0.03331113806309438,0.721976949236048,0.7552880872991424,,,validation,,0.013282869482713344,0.41957542833220174,0.4062925588494884,-0.00967360510213855,0.8081542612954159,0.8178278663975544,True
~asp_jupiter_mercury_trine_orb3,1,2,-0.1218049228871229,-0.1018049228871229,0.4085525766806482,-0.019678798508913447,0.0003212014910865535,0.3927616303892114,0.39244042889812486,-0.019678798508913447,32,217,89,-0.017842506405377545,0.01490895393705402,False,-0.09514038435345538,-0.07514038435345538,0.680147702945687,0.7552880872991424,,,validation,,-0.028989402206170967,0.3773031566433174,0.4062925588494884,-0.06958024180110156,0.7482476245964529,0.8178278663975544,False
~asp_mars_venus_sextile_orb1,1,2,-0.030803840133785825,-0.010803840133785825,0.4995536594339853,-0.019810031312353742,0.00018996868764625807,0.3926303975857711,0.39244042889812486,-0.019810031312353742,21,339,49,-0.044283252710783816,0.0331066283261299,False,-0.06125611834452892,-0.041256118344528914,0.7140319689546135,0.7552880872991424,,,validation,,-0.0005990151847795055,0.4056935436647089,0.4062925588494884,-0.051439376115084645,0.7663884902824698,0.8178278663975544,False
~asp_jupiter_venus_conj_orb5,1,2,-0.02255309577904883,-0.0025530957790488307,0.5078044037887223,-0.020275030539311328,-0.00027503053931132726,0.39216539835881353,0.39244042889812486,-0.020275030539311328,15,305,40,0.05265659731457728,-0.0454113697749019,False,-0.06798852696670342,-0.047988526966703415,0.707299560332439,0.7552880872991424,,,validation,,0.0256706457644838,0.4319632046139722,0.4062925588494884,-0.040673185232851905,0.7771546811647025,0.8178278663975544,False
~asp_pluto_sun_sextile_orb5,1,2,-0.024489598512669835,-0.0044895985126698346,0.5058679010551013,-0.02063678000672235,-0.0006367800067223484,0.3918036488914025,0.39244042889812486,-0.02063678000672235,31,165,78,-0.07981265183146213,0.06080641288599292,False,-0.004666494711299634,0.015333505288700366,0.7706215925878428,0.7552880872991424,,,validation,,0.02672790354138721,0.4330204623908756,0.4062925588494884,0.005056054630267814,0.8228839210278223,0.8178278663975544,False
~asp_mercury_uranus_trine_orb1,1,2,-0.019944859069866077,5.5140930133923405e-05,0.510412640497905,-0.020954186016049408,-0.0009541860160494076,0.39148624288207545,0.39244042889812486,-0.020954186016049408,31,325,74,0.043314836018657266,-0.035058992974600245,False,-0.04878963214949582,-0.028789632149495814,0.7264984551496466,0.7552880872991424,,,validation,,-0.013132918188528908,0.3931596406609595,0.4062925588494884,-0.02817570896848476,0.7896521574290697,0.8178278663975544,False
~asp_mercury_uranus_square_orb3,1,2,-0.051984705740494005,-0.031984705740494,0.4783727938272771,-0.02144269636701838,-0.0014426963670183812,0.3909977325311065,0.39244042889812486,-0.02144269636701838,38,143,96,0.027290544431059605,-0.022459377828630195,False,-0.07995021852003513,-0.059950218520035126,0.6953378687791073,0.7552880872991424,,,validation,,0.03261517509115236,0.43890773394064075,0.4062925588494884,-0.044239462658649975,0.7735884037389045,0.8178278663975544,False
venus_sign_gemini,1,1,-0.08166894058910344,-0.07166894058910345,0.43868855897866765,-0.021512411403330982,-0.01151241140333098,0.3809280174947939,0.39244042889812486,-0.021512411403330982,15,86,42,-0.1413996921367301,0.05494756813948254,False,-0.3573222989218432,-0.3473222989218432,0.40796578837729924,0.7552880872991424,,,validation,,0.02172373392163912,0.4280162927711275,0.4062925588494884,-0.2631856646429389,0.5546422017546155,0.8178278663975544,False
~asp_jupiter_sun_sextile_orb1,1,2,-0.02313197284356548,-0.003131972843565478,0.5072255267242056,-0.021777183666290206,-0.0017771836662902052,0.39066324523183465,0.39244042889812486,-0.021777183666290206,27,278,66,-0.03749243161097715,0.026766571145891788,False,-0.02411945220077603,-0.00411945220077603,0.7511686350983664,0.7552880872991424,,,validation,,0.02353900391824454,0.42983156276773293,0.4062925588494884,-0.0002887374297517731,0.8175391289678027,0.8178278663975544,False
asp_mars_uranus_opp_orb3,1,1,-0.6312656941816714,-0.6212656941816714,-0.11090819461390036,-0.021844993023132135,-0.011844993023132133,0.3805954358749927,0.39244042889812486,-0.021844993023132135,7,7,23,-0.2318528257692829,0.15853365011943354,False,-0.5038912216401126,-0.49389122164011257,0.26139686565902986,0.7552880872991424,,,validation,,0.12222602954014689,0.5285185883896353,0.4062925588494884,-0.6765638374877477,0.14126402890980672,0.8178278663975544,False
~asp_jupiter_mercury_trine_orb1,1,2,-0.07218930914345816,-0.05218930914345815,0.45816819042431295,-0.022310460741138665,-0.0023104607411386646,0.3901299681569862,0.39244042889812486,-0.022310460741138665,26,298,71,0.02235092645436454,-0.02173891184335891,False,-0.0613480185492412,-0.041348018549241194,0.7139400687499012,0.7552880872991424,,,validation,,-0.012263078106258984,0.3940294807432294,0.4062925588494884,-0.03419597735762514,0.7836318890399293,0.8178278663975544,False
~asp_mars_neptune_trine_orb3,1,2,0.010176838560620145,0.030176838560620145,0.5405343381283912,-0.02317475944011164,-0.003174759440111641,0.3892656694580132,0.39244042889812486,-0.02317475944011164,20,360,45,0.024755371199306264,-0.023597183941445943,False,-0.014892553374886357,0.005107446625113643,0.7603955339242561,0.7552880872991424,,,validation,,0.019012962090552366,0.42530552094004076,0.4062925588494884,0.009657017341821561,0.827484883739376,0.8178278663975544,False
~asp_sun_uranus_opp_orb5,1,2,-0.06560284792769998,-0.045602847927699974,0.4647546516400711,-0.023907072671326173,-0.003907072671326173,0.3885333562267987,0.39244042889812486,-0.023907072671326173,16,250,40,0.02747939984775427,-0.029990164240065675,False,-0.032875542460465076,-0.012875542460465073,0.7424125448386774,0.7552880872991424,,,validation,,-0.008043846146903233,0.39824871270258516,0.4062925588494884,0.0013550242856850137,0.8191828906832395,0.8178278663975544,False
~asp_neptune_venus_conj_orb3,1,2,-0.025319948201197855,-0.005319948201197855,0.5050375513665732,-0.02392388795589871,-0.003923887955898708,0.38851654094222615,0.39244042889812486,-0.02392388795589871,18,282,41,0.026655424013611095,-0.026920448495286603,False,-0.04057669225028125,-0.020576692250281248,0.7347113950488612,0.7552880872991424,,,validation,,0.005020786126358867,0.41131334497584726,0.4062925588494884,-0.012086883360675427,0.805740983036879,0.8178278663975544,False
~asp_saturn_sun_sextile_orb5,1,2,-0.041595082164911354,-0.02159508216491135,0.48876241740285975,-0.02437677050307861,-0.004376770503078609,0.38806365839504625,0.39244042889812486,-0.02437677050307861,30,160,77,0.0010352010328751327,-0.010902260669940628,False,-0.013976060860067734,0.006023939139932266,0.7613120264390747,0.7552880872991424,,,validation,,-0.03178215884697383,0.37451040000251457,0.4062925588494884,0.01809099014063209,0.8359188565381865,0.8178278663975544,False
~asp_jupiter_mercury_trine_orb5,1,2,-0.07867107519128312,-0.05867107519128312,0.451686424376488,-0.02461236447112251,-0.00461236447112251,0.38782806442700235,0.39244042889812486,-0.02461236447112251,32,215,88,-0.048136253282764385,0.029956065092531903,False,-0.08166079355938537,-0.06166079355938536,0.6936272937397571,0.7552880872991424,,,validation,,-0.044046969412608494,0.3622455894368799,0.4062925588494884,-0.06447484153090322,0.7533530248666512,0.8178278663975544,False
~asp_sun_uranus_opp_orb3,1,2,-0.05984330435786776,-0.03984330435786776,0.47051419520990334,-0.025094314621336083,-0.005094314621336082,0.3873461142767888,0.39244042889812486,-0.025094314621336083,16,252,40,0.007473975913914521,-0.014994079893103557,False,-0.04688932899136898,-0.026889328991368977,0.7283987583077735,0.7552880872991424,,,validation,,-0.001923135225994299,0.4043694236234941,0.4062925588494884,-0.01509868570235029,0.8027291806952042,0.8178278663975544,False
~venus_sign_taurus,1,2,-0.022216928655648376,-0.002216928655648376,0.5081405709121227,-0.02525206391119909,-0.00525206391119909,0.38718836498692577,0.39244042889812486,-0.02525206391119909,16,266,40,0.026081395977462396,-0.02440547775904281,False,-0.014254284094028052,0.005745715905971949,0.7610338032051144,0.7552880872991424,,,validation,,0.010813774894632755,0.41710633374412115,0.4062925588494884,-0.02260842763753379,0.7952194387600207,0.8178278663975544,False
~moon_sign_aries,1,2,-0.24411857056119105,-0.22411857056119106,0.28623892900658005,-0.02540656368434106,-0.005406563684341059,0.3870338652137838,0.39244042889812486,-0.02540656368434106,176,57,460,-0.02773196900657826,0.015931641562505428,False,-0.2924542781121937,-0.2724542781121937,0.48283380918694874,0.7552880872991424,,,validation,,-0.020206749502602483,0.3860858093468859,0.4062925588494884,-0.2633259438380582,0.5545019225594963,0.8178278663975544,False
~asp_pluto_venus_opp_orb3,1,2,-0.04019513570089016,-0.020195135700890154,0.49016236386688095,-0.02545291964221356,-0.005452919642213561,0.3869875092559113,0.39244042889812486,-0.02545291964221356,18,280,44,-0.04705231464603454,0.028796482269843632,False,-0.043252425647966594,-0.02325242564796659,0.7320356616511758,0.7552880872991424,,,validation,,-0.03393755917700142,0.372354999672487,0.4062925588494884,-0.019822160680179723,0.7980057057173747,0.8178278663975544,False
~asp_mercury_moon_trine_orb3,1,2,-0.20054565815000094,-0.18054565815000095,0.32981184141777015,-0.027135925654013054,-0.007135925654013053,0.3853045032441118,0.39244042889812486,-0.027135925654013054,133,143,343,-0.011759152005360152,-0.0020424466782611728,False,-0.2142460823824693,-0.19424608238246932,0.5610420049166731,0.7552880872991424,,,validation,,0.03008420518247784,0.43637676403196624,0.4062925588494884,-0.16896768503006965,0.6488601813674848,0.8178278663975544,False
~asp_pluto_venus_conj_orb5,1,2,0.005368093804696734,0.025368093804696734,0.5357255933724678,-0.027315401153133006,-0.007315401153133005,0.38512502774499185,0.39244042889812486,-0.027315401153133006,15,280,40,-0.08468043830508487,0.052394233838255366,False,-0.08097973405115198,-0.06097973405115198,0.6943083532479905,0.7552880872991424,,,validation,,-0.00537365195030115,0.40091890689918724,0.4062925588494884,-0.027981050951263575,0.7898468154462909,0.8178278663975544,False
~asp_mercury_venus_conj_orb1,1,2,-0.08256431833418724,-0.06256431833418724,0.44779318123358386,-0.027542308863565994,-0.007542308863565994,0.38489812003455887,0.39244042889812486,-0.027542308863565994,27,374,69,-0.046839061825238115,0.025189039508892785,False,-0.06395367443122045,-0.043953674431220446,0.711334412867922,0.7552880872991424,,,validation,,-0.02631371590610665,0.37997884294338174,0.4062925588494884,-0.038559169157934,0.7792686972396204,0.8178278663975544,False
~asp_jupiter_sun_conj_orb3,1,2,-0.02793786083998138,-0.007937860839981381,0.5024196387277897,-0.027731584409883308,-0.0077315844098833075,0.38470884448824155,0.39244042889812486,-0.027731584409883308,14,275,36,-0.012940465362560771,-0.005850339071793331,False,-0.04033151639541997,-0.02033151639541997,0.7349565709037225,0.7552880872991424,,,validation,,0.00014223736716412194,0.4064347962166525,0.4062925588494884,-0.03355568696364142,0.784272179433913,0.8178278663975544,False
~asp_mars_saturn_sextile_orb5,1,2,-0.0555736627117233,-0.0355736627117233,0.4747838368560478,-0.027779424232342236,-0.007779424232342236,0.3846610046657826,0.39244042889812486,-0.027779424232342236,18,378,44,-0.000715482306009263,-0.024385103856430695,False,-0.11863490681607623,-0.09863490681607623,0.6566531804830662,0.7552880872991424,,,validation,,-0.031569681222546775,0.3747228776269416,0.4062925588494884,-0.08286015758967247,0.734967708807882,0.8178278663975544,False
~asp_mercury_neptune_trine_orb3,1,2,-0.06171547546916632,-0.04171547546916632,0.4686420240986048,-0.027898912356448185,-0.007898912356448184,0.3845415165416767,0.39244042889812486,-0.027898912356448185,38,243,94,0.020360364737421976,-0.03692490930367495,False,-0.07611225652513608,-0.05611225652513607,0.6991758307740064,0.7552880872991424,,,validation,,-0.004095340563552097,0.4021972182859363,0.4062925588494884,-0.05550686037590369,0.7623210060216508,0.8178278663975544,False
~asp_neptune_sun_trine_orb3,1,2,-0.037148590170265824,-0.01714859017026582,0.4932089093975053,-0.028584388997419035,-0.008584388997419035,0.3838560399007058,0.39244042889812486,-0.028584388997419035,31,166,79,-0.05569283489747934,0.02700326789428545,False,-0.10467412600226388,-0.08467412600226387,0.6706139612968786,0.7552880872991424,,,validation,,0.0009407493009920831,0.4072333081504805,0.4062925588494884,-0.08130432025146284,0.7365235461460916,0.8178278663975544,False
~venus_sign_leo,1,2,-0.11010022350109981,-0.09010022350109981,0.4202572760666713,-0.028600540749110153,-0.008600540749110153,0.3838398881490147,0.39244042889812486,-0.028600540749110153,18,267,45,0.17438680930180583,-0.13343509553419883,False,0.0532428030839255,0.0732428030839255,0.8285308903830679,0.7552880872991424,,,validation,,-0.05655369012893241,0.349738868720556,0.4062925588494884,0.09005398129572062,0.9078818476932751,0.8178278663975544,False
~asp_moon_neptune_opp_orb5,1,2,-0.12835951608947158,-0.10835951608947159,0.4019979834782995,-0.0287230110074511,-0.008723011007451098,0.38371741789067376,0.39244042889812486,-0.0287230110074511,103,113,273,-0.09690333400667572,0.059610314613222526,False,-0.0697209002557637,-0.0497209002557637,0.7055671870433787,0.7552880872991424,,,validation,,0.005381345285018435,0.41167390413450683,0.4062925588494884,-0.04336553846391977,0.7744623279336347,0.8178278663975544,False
~asp_mars_neptune_sextile_orb3,1,2,-0.011154458956680973,0.008845541043319027,0.5192030406110901,-0.028906216588599248,-0.008906216588599247,0.3835342123095256,0.39244042889812486,-0.028906216588599248,17,378,42,0.004872672027069425,-0.01949729464753175,False,0.006131353630847398,0.026131353630847398,0.7814194409299898,0.7552880872991424,,,validation,,-0.018131168153914023,0.38816139069557437,0.4062925588494884,0.023255164909402826,0.8410830313069573,0.8178278663975544,False
~asp_saturn_sun_sextile_orb1,1,2,-0.04109325344513036,-0.021093253445130355,0.48926424612264074,-0.029096871015744635,-0.009096871015744634,0.3833435578823802,0.39244042889812486,-0.029096871015744635,24,358,64,-0.04336008818314796,0.015974777001730472,False,0.0012664033992718822,0.021266403399271883,0.7765544906984143,0.7552880872991424,,,validation,,-0.02316187709354839,0.38313068175594,0.4062925588494884,0.017362986464049213,0.8351908528616037,0.8178278663975544,False
~asp_jupiter_mars_square_orb3,1,2,-0.10764302860770629,-0.08764302860770629,0.4227144709600648,-0.029517571957489202,-0.009517571957489201,0.38292285694063566,0.39244042889812486,-0.029517571957489202,15,346,41,-0.028160197984126834,0.004347275689384061,False,-0.07674572630997543,-0.05674572630997543,0.698542360989167,0.7552880872991424,,,validation,,-0.015351410572398583,0.3909411482770898,0.4062925588494884,-0.0795335210842738,0.7382943453132806,0.8178278663975544,False
~asp_sun_uranus_conj_orb3,1,2,-0.030391448524803393,-0.010391448524803393,0.4999660510429677,-0.029615222761902132,-0.009615222761902131,0.38282520613622273,0.39244042889812486,-0.029615222761902132,16,251,39,0.03317858575985,-0.043385489533070226,False,-0.059370809269289046,-0.03937080926928904,0.7159172780298534,0.7552880872991424,,,validation,,0.0070540371265116475,0.41334659597600004,0.4062925588494884,-0.023765411586579077,0.7940624548109754,0.8178278663975544,False
~asp_moon_sun_trine_orb1,1,2,-0.08079269430528933,-0.06079269430528933,0.44956480526248177,-0.029718050611200014,-0.009718050611200013,0.38272237828692485,0.39244042889812486,-0.029718050611200014,40,243,118,0.0014407912185276928,-0.017627217276512314,False,-0.048048974866128344,-0.02804897486612834,0.7272391124330141,0.7552880872991424,,,validation,,0.004993176745346772,0.41128573559483517,0.4062925588494884,-0.010470209958298393,0.807357656439256,0.8178278663975544,False
~asp_mars_moon_sextile_orb3,1,2,-0.14796448622891042,-0.12796448622891043,0.38239301333886067,-0.030078577596943306,-0.010078577596943306,0.38236185130118155,0.39244042889812486,-0.030078577596943306,121,133,313,-0.029452621409755242,0.0030291732327329957,False,-0.11527109569969439,-0.09527109569969439,0.660016991599448,0.7552880872991424,,,validation,,0.002889410109139845,0.40918196895862824,0.4062925588494884,-0.09113179301111474,0.7266960733864397,0.8178278663975544,False
~asp_mercury_saturn_sextile_orb1,1,2,-0.017484354781577265,0.002515645218422735,0.5128731447861938,-0.03025834855745439,-0.010258348557454389,0.38218208034067047,0.39244042889812486,-0.03025834855745439,29,251,77,-0.037246819101247386,0.011243239098485902,False,-0.08493959615632728,-0.06493959615632727,0.6903484911428152,0.7552880872991424,,,validation,,0.008222744880454158,0.41451530372994255,0.4062925588494884,-0.06840166387401503,0.7494262025235394,0.8178278663975544,False
~asp_pluto_sun_opp_orb5,1,2,-0.03600742726117205,-0.016007427261172047,0.49435007230659905,-0.03031206437397475,-0.01031206437397475,0.3821283645241501,0.39244042889812486,-0.03031206437397475,16,248,40,-0.037150163338352304,0.011184740951180966,False,-0.08452929529171636,-0.06452929529171636,0.6907587920074261,0.7552880872991424,,,validation,,-0.03719527890782187,0.3690972799416665,0.4062925588494884,-0.053590199012324424,0.76423766738523,0.8178278663975544,False
~asp_neptune_sun_square_orb5,1,2,-0.1635574870560719,-0.1435574870560719,0.3668000125116992,-0.031113306594315087,-0.011113306594315087,0.3813271223038098,0.39244042889812486,-0.031113306594315087,31,121,79,-0.06358956356664747,0.03157216848166375,False,0.0016191097229743164,0.021619109722974317,0.7769071970221167,0.7552880872991424,,,validation,,-0.052783227689175205,0.3535093311603132,0.4062925588494884,0.004381897528028422,0.8222097639255829,0.8178278663975544,False
~jupiter_ingress_5d,1,2,-0.04286314999490025,-0.022863149994900245,0.48749434957287086,-0.03157471317616621,-0.011574713176166207,0.38086571572195865,0.39244042889812486,-0.03157471317616621,17,268,53,-0.040420074262462524,0.011200892223817899,False,0.005443318041808993,0.025443318041808993,0.7807314053409514,0.7552880872991424,,,validation,,-0.019955697398527372,0.386336861450961,0.4062925588494884,0.058264711758141075,0.8760925781556955,0.8178278663975544,False
~asp_mercury_pluto_opp_orb5,1,2,-0.08063639531103937,-0.06063639531103937,0.44972110425673173,-0.031821796304832825,-0.011821796304832821,0.38061863259329204,0.39244042889812486,-0.031821796304832825,17,276,45,-0.013394040904500137,-0.008354716716536092,False,-0.0775599464292389,-0.057559946429238895,0.6977281408699035,0.7552880872991424,,,validation,,0.016676118896253422,0.4229686777457418,0.4062925588494884,-0.06278948872762713,0.7550383776699273,0.8178278663975544,False
~asp_neptune_sun_trine_orb1,1,2,-0.04392748784775617,-0.023927487847756168,0.48643001172001493,-0.03186062329897836,-0.011860623298978357,0.3805798055991465,0.39244042889812486,-0.03186062329897836,27,252,71,-0.03798887704037901,0.0075198798254154375,False,-0.07597350465784379,-0.05597350465784379,0.6993145826412986,0.7552880872991424,,,validation,,-0.03294998642109326,0.37334257242839514,0.4062925588494884,-0.058675113695837444,0.759152752701717,0.8178278663975544,False
~asp_mercury_venus_conj_orb5,1,2,-0.20627259252374244,-0.18627259252374245,0.32408490704402865,-0.032239557746212996,-0.012239557746212992,0.38020087115191187,0.39244042889812486,-0.032239557746212996,35,194,95,-0.07445696807588242,0.04051401684320499,False,-0.00422890046150835,0.01577109953849165,0.7710591868376341,0.7552880872991424,,,validation,,0.0061142447881401,0.4124068036376285,0.4062925588494884,0.03936185905242373,0.8571897254499782,0.8178278663975544,False
~asp_neptune_sun_sextile_orb3,1,2,-0.07455335116293448,-0.05455335116293447,0.45580414840483663,-0.03230644554670402,-0.012306445546704015,0.38013398335142085,0.39244042889812486,-0.03230644554670402,31,168,78,-0.01749706487086966,-0.008287521654261859,False,-0.10080505994552989,-0.08080505994552989,0.6744830273536125,0.7552880872991424,,,validation,,0.060100512176175624,0.466393071025664,0.4062925588494884,-0.07797099558855902,0.7398568708089954,0.8178278663975544,False
~asp_mars_pluto_square_orb1,1,2,-0.03946758389749315,-0.019467583897493146,0.49088991567027795,-0.03251685852144924,-0.012516858521449237,0.3799235703766756,0.39244042889812486,-0.03251685852144924,18,318,43,-0.02052116136217974,-0.006043499453317225,False,-0.07190511775001061,-0.05190511775001061,0.7033829695491318,0.7552880872991424,,,validation,,-0.014810986588681796,0.3914815722608066,0.4062925588494884,-0.06137941212978559,0.7564484542677689,0.8178278663975544,False
~asp_saturn_venus_sextile_orb1,1,2,-0.04431357204336138,-0.024313572043361376,0.4860439275244097,-0.032913964916093094,-0.01291396491609309,0.37952646398203177,0.39244042889812486,-0.032913964916093094,25,292,65,-0.010609149239008575,-0.011333047968162896,False,-0.0774682677711913,-0.057468267771191295,0.6978198195279511,0.7552880872991424,,,validation,,-0.031207968532308505,0.3750845903171799,0.4062925588494884,-0.05343604876110786,0.7643918176364466,0.8178278663975544,False
~asp_mercury_venus_conj_orb3,1,2,-0.16104205795413376,-0.14104205795413377,0.36931544161363733,-0.03306401978813543,-0.013064019788135428,0.37937640910998943,0.39244042889812486,-0.03306401978813543,32,325,90,-0.07097603589511492,0.03579006677192215,False,0.008452357272865547,0.028452357272865547,0.783740444572008,0.7552880872991424,,,validation,,0.013016491826290777,0.41930905067577917,0.4062925588494884,0.03433638719951404,0.8521642535970685,0.8178278663975544,False
~asp_sun_venus_conj_orb1,1,2,-0.051336561768177844,-0.03133656176817784,0.47902093779959326,-0.033126608110432484,-0.01312660811043248,0.3793138207876924,0.39244042889812486,-0.033126608110432484,18,400,46,-0.0436159827337016,0.011274709779716285,False,-0.04638330202498529,-0.02638330202498529,0.7289047852741571,0.7552880872991424,,,validation,,-0.0027307744449492355,0.40356178440453916,0.4062925588494884,0.002994885620099197,0.8208227520176536,0.8178278663975544,False
~asp_jupiter_moon_square_orb1,1,2,-0.10079607596519179,-0.08079607596519178,0.4295614236025793,-0.03325809622106933,-0.013258096221069327,0.37918233267705553,0.39244042889812486,-0.03325809622106933,51,265,115,-0.01424473442165164,-0.012172565190464557,False,-0.08439982020906521,-0.0643998202090652,0.6908882670900772,0.7552880872991424,,,validation,,-0.03527965918201431,0.3710128996674741,0.4062925588494884,-0.0503580310419145,0.76746983535564,0.8178278663975544,False
~sun_sign_aquarius,1,2,-0.12262271714112903,-0.10262271714112903,0.4077347824266421,-0.03326349079668521,-0.013263490796685207,0.37917693810143965,0.39244042889812486,-0.03326349079668521,16,233,39,-0.019706728808686846,-0.0065887405543179345,False,-0.09108106713155482,-0.07108106713155482,0.6842070201675876,0.7552880872991424,,,validation,,0.021506207744736217,0.4277987665942246,0.4062925588494884,-0.0817208801602004,0.736106986237354,0.8178278663975544,False
~asp_moon_venus_conj_orb3,1,2,-0.0910115195762513,-0.07101151957625129,0.4393459799915198,-0.033329291580884976,-0.013329291580884972,0.3791111373172399,0.39244042889812486,-0.033329291580884976,66,290,161,-0.02918856704710071,-0.0008303872056864003,False,-0.11898738764691251,-0.0989873876469125,0.6563006996522299,0.7552880872991424,,,validation,,-0.007173443683079261,0.39911911516640913,0.4062925588494884,-0.10132208651767394,0.7165057798798805,0.8178278663975544,False
~asp_mars_pluto_trine_orb3,1,2,-0.03464066912892487,-0.014640669128924866,0.49571683043884623,-0.03338240879374453,-0.013382408793744527,0.37905802010438033,0.39244042889812486,-0.03338240879374453,16,374,44,-0.012361310340550546,-0.01110927172473164,False,-0.04943072550792281,-0.029430725507922806,0.7258573617912196,0.7552880872991424,,,validation,,-0.016038596300191443,0.39025396254929695,0.4062925588494884,-0.012819944013823803,0.8050079223837306,0.8178278663975544,False
~sun_sign_gemini,1,2,-0.10270914906690064,-0.08270914906690063,0.42764835050087047,-0.03405216406421889,-0.014052164064218886,0.378388264833906,0.39244042889812486,-0.03405216406421889,16,233,40,0.01072438600562542,-0.029442791242107386,False,-0.07948069169942183,-0.05948069169942183,0.6958073955997206,0.7552880872991424,,,validation,,-0.03882748643443934,0.36746507241504905,0.4062925588494884,-0.09960309001155343,0.718224776386001,0.8178278663975544,False
~asp_saturn_sun_square_orb5,1,2,-0.09153000379812352,-0.07153000379812352,0.4388274957696476,-0.034108739154131026,-0.014108739154131023,0.37833168974399384,0.39244042889812486,-0.034108739154131026,30,137,76,0.053855853438717904,-0.06519568924798813,False,-0.1253686297291304,-0.10536862972913041,0.649919457570012,0.7552880872991424,,,validation,,-0.043687072226309576,0.3626054866231788,0.4062925588494884,-0.10831848576653302,0.7095093806310214,0.8178278663975544,False
~asp_mercury_uranus_square_orb1,1,2,-0.043825494025069064,-0.02382549402506906,0.48653200554270204,-0.03421154587606272,-0.014211545876062714,0.37822888302206215,0.39244042889812486,-0.03421154587606272,24,392,69,0.010077267177041715,-0.033019049460137756,False,-0.08182513077537588,-0.06182513077537588,0.6934629565237665,0.7552880872991424,,,validation,,-0.009003545405706248,0.39728901344378215,0.4062925588494884,-0.047125954397997494,0.770701911999557,0.8178278663975544,False
asp_mars_saturn_opp_orb3,1,1,-0.4336577643736944,-0.4236577643736944,0.0866997351940767,-0.03448917662620248,-0.02448917662620248,0.3679512522719224,0.39244042889812486,-0.03448917662620248,11,40,22,-0.14878353348825463,0.01597485999199416,False,-0.16601985253103657,-0.15601985253103656,0.5992682347681059,0.7552880872991424,,,validation,,-0.1255639780659209,0.2807285807835675,0.4062925588494884,-0.23201489721730317,0.5858129691802513,0.8178278663975544,False
asp_neptune_sun_sextile_orb1,1,1,-0.4354439509582117,-0.4254439509582117,0.08491354860955942,-0.03484544436485414,-0.02484544436485414,0.3675949845332707,0.39244042889812486,-0.03484544436485414,19,2,65,0.010783985612976998,-0.1645612282052764,False,-0.5557850701205095,-0.5457850701205095,0.20950301717863298,0.7552880872991424,,,validation,,-0.14691198973439235,0.25938056911509605,0.4062925588494884,-0.6095619337047782,0.2082659326927763,0.8178278663975544,False
~asp_mars_neptune_trine_orb1,1,2,-0.010365657478074369,0.009634342521925632,0.5199918420896967,-0.03509859504262812,-0.015098595042628116,0.37734183385549674,0.39244042889812486,-0.03509859504262812,18,367,42,0.004132023498736315,-0.029571244302655564,False,-0.016116366715022905,0.003883633284977095,0.7591717205841195,0.7552880872991424,,,validation,,-0.007160940210491629,0.39913161863899677,0.4062925588494884,-0.00044841125442185437,0.8173794551431326,0.8178278663975544,False
~asp_neptune_venus_square_orb3,1,2,-0.06694832624006629,-0.046948326240066285,0.4634091733277048,-0.03527554752353439,-0.015275547523534383,0.3771648813745905,0.39244042889812486,-0.03527554752353439,33,179,84,0.012102537689213877,-0.04176660624549097,False,-0.07206648904000444,-0.05206648904000444,0.703221598259138,0.7552880872991424,,,validation,,0.0022129074918924574,0.40850546634138085,0.4062925588494884,-0.06149285180275499,0.7563350145947995,0.8178278663975544,False
~asp_moon_uranus_sextile_orb1,1,2,-0.07095076145926853,-0.05095076145926852,0.4594067381085026,-0.03560001650915738,-0.015600016509157377,0.3768404123889675,0.39244042889812486,-0.03560001650915738,49,351,110,-0.08374847605249258,0.038717123866938236,False,-0.06178215357254467,-0.04178215357254467,0.7135059337265978,0.7552880872991424,,,validation,,-0.024177219985910325,0.38211533886357807,0.4062925588494884,-0.03054686423433206,0.7872810021632224,0.8178278663975544,False
~asp_sun_venus_conj_orb3,1,2,-0.034439132197186625,-0.014439132197186622,0.4959183673705845,-0.035729781890275134,-0.01572978189027513,0.37671064700784973,0.39244042889812486,-0.035729781890275134,19,196,49,-0.04446221165684239,0.00817363681651087,False,-0.14145320085687904,-0.12145320085687905,0.6338348864422634,0.7552880872991424,,,validation,,-0.0893683232641525,0.3169242355853359,0.4062925588494884,-0.08067810668506292,0.7371497597124915,0.8178278663975544,False
~asp_moon_neptune_opp_orb3,1,2,-0.10975716305978044,-0.08975716305978043,0.42060033650799067,-0.03606877906412158,-0.016068779064121574,0.3763716498340033,0.39244042889812486,-0.03606877906412158,64,168,161,-0.07616365503872147,0.0316430005927848,False,-0.0718127177212785,-0.05181271772127849,0.7034753695778639,0.7552880872991424,,,validation,,-0.016302759278719547,0.38998979957076885,0.4062925588494884,-0.048911719222482164,0.7689161471750723,0.8178278663975544,False
saturn_retro,1,1,-0.22120483739011398,-0.21120483739011398,0.2991526621776571,-0.03662562248412087,-0.02662562248412087,0.365814806414004,0.39244042889812486,-0.03662562248412087,14,97,37,-0.06902496011175874,-0.023403863587386303,False,-0.3347619718978943,-0.3247619718978943,0.43052611540124813,0.7552880872991424,,,validation,,-0.021980519898687212,0.3843120389508012,0.4062925588494884,-0.348327443407726,0.46950042298982847,0.8178278663975544,False
~asp_jupiter_venus_square_orb1,1,2,-0.05666597233364527,-0.03666597233364527,0.47369152723412583,-0.03707541613495417,-0.01707541613495417,0.3753650127631707,0.39244042889812486,-0.03707541613495417,28,303,65,-0.021710873882660353,-0.014362777725117792,False,-0.0004276863665708501,0.01957231363342915,0.7748604009325716,0.7552880872991424,,,validation,,-0.00982483638887599,0.3964677224606124,0.4062925588494884,0.03089872945260208,0.8487265958501565,0.8178278663975544,False
~asp_moon_saturn_trine_orb1,1,2,-0.052222952011255916,-0.03222295201125591,0.4781345475565152,-0.03747692879651841,-0.01747692879651841,0.37496350010160645,0.39244042889812486,-0.03747692879651841,51,287,128,0.04497798580576651,-0.06525742563258075,False,-0.048307278320087174,-0.02830727832008717,0.7269808089790553,0.7552880872991424,,,validation,,-0.027351967415760126,0.37894059143372827,0.4062925588494884,-0.02859504793387657,0.7892328184636779,0.8178278663975544,False
~asp_mercury_pluto_square_orb1,1,2,-0.03651170934187918,-0.016511709341879177,0.4938457902258919,-0.03754866579270631,-0.01754866579270631,0.37489176310541855,0.39244042889812486,-0.03754866579270631,32,249,78,-0.07946158967900718,0.0317208233609467,False,-0.06310219584868136,-0.04310219584868136,0.7121858914504611,0.7552880872991424,,,validation,,-0.0057539165882878884,0.4005386422612005,0.4062925588494884,-0.04343146577668722,0.7743964006208672,0.8178278663975544,False
~asp_jupiter_mercury_conj_orb5,1,2,-0.04477334022603634,-0.024773340226036333,0.48558415934173477,-0.03763674683186173,-0.017636746831861727,0.37480368206626313,0.39244042889812486,-0.03763674683186173,21,292,52,-0.09383559794519392,0.041027061793611264,False,-0.03179525417761507,-0.011795254177615067,0.7434928331215274,0.7552880872991424,,,validation,,-0.0222242394080841,0.3840683194414043,0.4062925588494884,0.012920721969837401,0.8307485883673918,0.8178278663975544,False
asp_mars_saturn_opp_orb5,1,1,-0.17855853125412935,-0.16855853125412934,0.34179896831364176,-0.03806002335098623,-0.02806002335098623,0.36438040554713863,0.39244042889812486,-0.03806002335098623,12,47,23,-0.38658783192579205,0.3623542406605074,False,-0.06757379329998035,-0.05757379329998036,0.6977142939991621,0.7552880872991424,,,validation,,-0.18597826898177133,0.22031428986771706,0.4062925588494884,-0.14375293395161304,0.6740749324459414,0.8178278663975544,False
sun_sign_taurus,1,1,-0.5658983139469377,-0.5558983139469377,-0.04554081437916655,-0.03825354479874498,-0.02825354479874498,0.3641868840993799,0.39244042889812486,-0.03825354479874498,15,23,39,-0.23241528280724544,0.1237023325750774,False,-0.6537642331811887,-0.6437642331811887,0.11152385411795374,0.7552880872991424,,,validation,,-0.1643601357072501,0.24193242314223828,0.4062925588494884,-0.6148972685626224,0.20293059783493203,0.8178278663975544,False
~asp_mars_saturn_sextile_orb1,1,2,-0.03531026846656092,-0.015310268466560917,0.4950472311012102,-0.03834742208054785,-0.01834742208054785,0.374093006817577,0.39244042889812486,-0.03834742208054785,18,387,44,-0.027929956270648093,-0.011506826733144737,False,-0.07585561508429338,-0.055855615084293375,0.699432472214849,0.7552880872991424,,,validation,,-0.009213242370223973,0.3970793164792644,0.4062925588494884,-0.05434133234305627,0.7634865340544982,0.8178278663975544,False
~asp_sun_uranus_sextile_orb1,1,2,0.03853344181583997,0.05853344181583997,0.5688909413836111,-0.03882581781398191,-0.018825817813981904,0.37361461108414296,0.39244042889812486,-0.03882581781398191,26,255,69,-0.030645503534711405,-0.009751711132047314,False,-0.05360934416971096,-0.03360934416971095,0.7216787431294315,0.7552880872991424,,,validation,,-0.006871272975787379,0.399421285873701,0.4062925588494884,-0.036817978702153975,0.7810098876954005,0.8178278663975544,False
~asp_jupiter_venus_square_orb5,1,2,-0.15043692900078973,-0.13043692900078974,0.37992057056698136,-0.03911772167091736,-0.019117721670917354,0.3733227072272075,0.39244042889812486,-0.03911772167091736,31,198,79,-0.10693682047052622,0.04888695942378102,False,0.05989578531212171,0.07989578531212171,0.8351838726112641,0.7552880872991424,,,validation,,-0.0795406881842518,0.3267518706652366,0.4062925588494884,0.09730160250347542,0.9151294689010299,0.8178278663975544,False
~asp_moon_sun_conj_orb1,1,2,-0.01773430002631458,0.00226569997368542,0.5126231995414565,-0.03966841849906742,-0.01966841849906742,0.37277201039905744,0.39244042889812486,-0.03966841849906742,27,346,66,-0.023054044855985723,-0.017115121398644406,False,-0.03678618022501866,-0.016786180225018654,0.7385019070741238,0.7552880872991424,,,validation,,-0.011268062675997725,0.39502449617349067,0.4062925588494884,-0.007015306816144373,0.8108125595814101,0.8178278663975544,False
~asp_mars_uranus_sextile_orb5,1,2,-0.06559688381643856,-0.04559688381643856,0.46476061575133254,-0.03975519122100667,-0.019755191221006663,0.3726852376771182,0.39244042889812486,-0.03975519122100667,19,374,44,-0.060032458149582246,0.01695309795956637,False,-0.024035440561706794,-0.0040354405617067934,0.7512526467374356,0.7552880872991424,,,validation,,-0.005225099056220428,0.40106745979326797,0.4062925588494884,0.006121028354071689,0.8239488947516261,0.8178278663975544,False
~asp_mars_sun_sextile_orb1,1,2,-0.024771407058746236,-0.004771407058746235,0.5055860925090249,-0.040452798515419705,-0.0204527985154197,0.37198763038270516,0.39244042889812486,-0.040452798515419705,15,305,37,-0.029097791759461145,-0.01390015106881326,False,0.0394256872857416,0.0594256872857416,0.814713774584884,0.7552880872991424,,,validation,,-0.012648514779838027,0.39364404406965037,0.4062925588494884,0.06530534523319798,0.8831332116307524,0.8178278663975544,False
~asp_mars_pluto_trine_orb5,1,2,-0.07064012804929397,-0.050640128049293964,0.45971737151847714,-0.04052814918947549,-0.020528149189475486,0.3719122797086494,0.39244042889812486,-0.04052814918947549,16,369,44,-0.0376745448562853,-0.004048192068499407,False,-0.03655464352008596,-0.016554643520085954,0.7387334437790565,0.7552880872991424,,,validation,,-0.022399417438332736,0.38389314141115566,0.4062925588494884,0.014665487133314836,0.8324933535308693,0.8178278663975544,False
~asp_pluto_sun_square_orb3,1,2,-0.05924367734832507,-0.03924367734832507,0.47111382221944603,-0.041921388467250506,-0.021921388467250502,0.37051904043087436,0.39244042889812486,-0.041921388467250506,31,125,78,0.013594550890368318,-0.046820601086447644,False,-0.05275617905707129,-0.03275617905707129,0.7225319082420711,0.7552880872991424,,,validation,,-0.027407486905181022,0.37888507194430737,0.4062925588494884,-0.02731798572438504,0.7905098806731694,0.8178278663975544,False
~asp_moon_pluto_square_orb3,1,2,-0.0687753759139547,-0.0487753759139547,0.4615821236538164,-0.04193282433398303,-0.021932824333983025,0.37050760456414183,0.39244042889812486,-0.04193282433398303,124,115,326,-0.04685968026933196,-0.0014431480369866134,False,-0.19392082896453264,-0.17392082896453265,0.5813672583346098,0.7552880872991424,,,validation,,-0.018062878907783242,0.38822967994170515,0.4062925588494884,-0.14549066948782274,0.6723371969097317,0.8178278663975544,False
~asp_moon_neptune_square_orb1,1,2,-0.0478357146092636,-0.027835714609263595,0.4825217849585075,-0.042149476279622664,-0.02214947627962266,0.3702909526185022,0.39244042889812486,-0.042149476279622664,39,293,112,-0.043328116377303716,-0.005768333282738264,False,-0.025489960246110926,-0.005489960246110925,0.7497981270530315,0.7552880872991424,,,validation,,-0.037554982241884194,0.3687375766076042,0.4062925588494884,0.011805270840110738,0.8296331372376652,0.8178278663975544,False
~asp_mercury_pluto_conj_orb3,1,2,-0.024671448343115725,-0.004671448343115725,0.5056860512246554,-0.04311208046322838,-0.02311208046322838,0.3693283484348965,0.39244042889812486,-0.04311208046322838,20,247,52,-0.016480784049425212,-0.027545191394305973,False,-0.0711870938111243,-0.051187093811124296,0.7041009934880181,0.7552880872991424,,,validation,,-0.01774676212081011,0.3885457967286783,0.4062925588494884,-0.04765470356424317,0.7701731628333113,0.8178278663975544,False
~asp_jupiter_sun_conj_orb5,1,2,-0.05540959618601764,-0.03540959618601763,0.47494790338175347,-0.04485791180888281,-0.024857911808882804,0.36758251708924206,0.39244042889812486,-0.04485791180888281,14,270,36,-0.028092642362588904,-0.02550752731295805,False,-0.03482706362742115,-0.014827063627421144,0.7404610236717213,0.7552880872991424,,,validation,,-0.007924893671155953,0.39836766517833244,0.4062925588494884,-0.030839829424518128,0.7869880369730363,0.8178278663975544,False
~asp_mars_moon_trine_orb1,1,2,-0.04948162971402724,-0.029481629714027235,0.48087586985374386,-0.04492430642772176,-0.024924306427721754,0.3675161224704031,0.39244042889812486,-0.04492430642772176,32,396,106,-0.019496223264569457,-0.030012945127869145,False,-0.05287612404235707,-0.03287612404235707,0.7224119632567854,0.7552880872991424,,,validation,,-0.03966995191977518,0.3666226069297132,0.4062925588494884,-0.020913811614956423,0.796914054782598,0.8178278663975544,False
~asp_mars_uranus_sextile_orb1,1,2,-0.04872290472914785,-0.028722904729147847,0.48163459483862325,-0.04525834601761507,-0.025258346017615063,0.3671820828805098,0.39244042889812486,-0.04525834601761507,19,383,45,-0.07323737518044504,0.013919336113679126,False,-0.014811996579256453,0.005188003420743548,0.760476090719886,0.7552880872991424,,,validation,,-0.04464291783434221,0.3616496410151462,0.4062925588494884,0.01622865362600534,0.8340565200235598,0.8178278663975544,False
pluto_retro,1,1,-0.060293629469707614,-0.05029362946970761,0.4600638700980635,-0.04587480225334594,-0.03587480225334594,0.3565656266447789,0.39244042889812486,-0.04587480225334594,15,112,39,-0.34311667928674333,0.2116898642939647,False,-0.3502421308577576,-0.3402421308577576,0.4150459564413848,0.7552880872991424,,,validation,,-0.09497740657717624,0.31131515227231216,0.4062925588494884,-0.2789307541276971,0.5388971122698574,0.8178278663975544,False
~asp_mercury_uranus_sextile_orb1,1,2,-0.03795963870359996,-0.017959638703599956,0.49239786086417114,-0.04610945953462407,-0.02610945953462407,0.3663309693635008,0.39244042889812486,-0.04610945953462407,33,329,81,-0.02029875716142726,-0.030743833382614216,False,-0.1198238247514276,-0.09982382475142759,0.6554642625477148,0.7552880872991424,,,validation,,-0.025645019929541102,0.3806475389199473,0.4062925588494884,-0.09306261691778539,0.7247652494797691,0.8178278663975544,False
~asp_moon_sun_square_orb3,1,2,-0.19184703000677863,-0.17184703000677864,0.33851046956099246,-0.04649933354060691,-0.026499333540606906,0.36594109535751795,0.39244042889812486,-0.04649933354060691,123,91,321,-0.13931630116612542,0.06770838705430077,False,-0.17167916493242272,-0.15167916493242273,0.6036089223667197,0.7552880872991424,,,validation,,-0.0008274955819924101,0.405465063267496,0.4062925588494884,-0.14747296419792089,0.6703549021996336,0.8178278663975544,False
~asp_moon_saturn_square_orb1,1,2,-0.07975241079880545,-0.059752410798805444,0.45060508876896566,-0.04686467458838155,-0.026864674588381543,0.3655757543097433,0.39244042889812486,-0.04686467458838155,38,369,110,-0.00986707724936886,-0.040194051385997354,False,-0.0662360701454393,-0.04623607014543929,0.7090520171537031,0.7552880872991424,,,validation,,-0.03968713444439759,0.3666054244050908,0.4062925588494884,-0.033440164004040596,0.7843877023935139,0.8178278663975544,False
~asp_jupiter_sun_trine_orb3,1,2,-0.03670252156316532,-0.016702521563165318,0.4936549780046058,-0.04706387692835744,-0.027063876928357433,0.3653765519697674,0.39244042889812486,-0.04706387692835744,29,198,73,-0.045713318675169146,-0.012686034586869122,False,-0.06503056461679134,-0.045030564616791335,0.7102575226823511,0.7552880872991424,,,validation,,-0.00865047602186958,0.3976420828276188,0.4062925588494884,-0.02312932595003936,0.7946985404475151,0.8178278663975544,False
~asp_jupiter_moon_opp_orb3,1,2,-0.0804601508087832,-0.0604601508087832,0.4498973487589879,-0.047806364626601525,-0.02780636462660152,0.36463406427152334,0.39244042889812486,-0.047806364626601525,71,171,164,-0.021248626577945795,-0.032562730292639785,False,-0.12167189197821059,-0.10167189197821058,0.6536161953209318,0.7552880872991424,,,validation,,0.00353062331538867,0.40982318216487706,0.4062925588494884,-0.09106120250656446,0.72676666389099,0.8178278663975544,False
~asp_mercury_saturn_sextile_orb5,1,2,-0.11716915856043368,-0.09716915856043368,0.4131883410073374,-0.04837334793059299,-0.028373347930592985,0.3640670809675319,0.39244042889812486,-0.04837334793059299,36,164,98,-0.0897054745513276,0.019841194809634866,False,-0.13683122698909275,-0.11683122698909276,0.6384568603100497,0.7552880872991424,,,validation,,-0.010235872278586577,0.3960566865709018,0.4062925588494884,-0.13865448020690796,0.6791733861906465,0.8178278663975544,False
sun_sign_scorpio,1,1,-0.4062431189177172,-0.3962431189177172,0.11411438065005391,-0.04839183012447228,-0.03839183012447228,0.3540485987736526,0.39244042889812486,-0.04839183012447228,15,22,39,0.001608047781322286,0.002438279238626745,True,-0.4262933448397774,-0.41629334483977737,0.33899474245936506,0.7552880872991424,,,validation,,-0.09632763826501539,0.309964920584473,0.4062925588494884,-0.5488551423741415,0.268972724023413,0.8178278663975544,False
~asp_mars_pluto_sextile_orb1,1,2,-0.053227755718563294,-0.03322775571856329,0.4771297438492078,-0.04840549993748598,-0.02840549993748598,0.3640349289606389,0.39244042889812486,-0.04840549993748598,18,375,41,-0.057971819086823695,-0.00627787062481952,False,-0.032696556294754195,-0.012696556294754191,0.7425915310043882,0.7552880872991424,,,validation,,-0.015967861148315443,0.39032469770117295,0.4062925588494884,-0.005020910404592627,0.8128069559929618,0.8178278663975544,False
~asp_jupiter_mercury_square_orb1,1,2,-0.05279502055737327,-0.03279502055737327,0.47756247901039783,-0.048543950277154066,-0.028543950277154062,0.3638964786209708,0.39244042889812486,-0.048543950277154066,29,369,71,-0.10639437062755142,0.03301924738034237,False,-0.03706938984794082,-0.01706938984794082,0.7382186974512016,0.7552880872991424,,,validation,,-0.037427633931708615,0.3688649249177798,0.4062925588494884,-0.009914127553209084,0.8079137388443454,0.8178278663975544,False
~asp_moon_saturn_sextile_orb1,1,2,-0.061370624614834154,-0.04137062461483415,0.46898687495293695,-0.048931998980472555,-0.02893199898047255,0.3635084299176523,0.39244042889812486,-0.048931998980472555,36,301,104,-0.04091077526979481,-0.019569460804044453,False,-0.056619904975958577,-0.03661990497595857,0.7186681823231839,0.7552880872991424,,,validation,,-0.015637008620734194,0.3906555502287542,0.4062925588494884,-0.03990258927633117,0.7779252771212233,0.8178278663975544,False
~asp_jupiter_venus_sextile_orb3,1,2,-0.07609176710817177,-0.056091767108171764,0.45426573245959934,-0.0491249015640287,-0.029124901564028693,0.36331552733409617,0.39244042889812486,-0.0491249015640287,33,223,81,-0.04841905265739621,-0.01887970633342176,False,-0.0004476413570655251,0.019552358642934475,0.7748404459420769,0.7552880872991424,,,validation,,-0.001909995346327853,0.40438256350316054,0.4062925588494884,0.02503516469098721,0.8428630310885417,0.8178278663975544,False
asp_jupiter_saturn_square_orb1,1,1,-0.8225434659849675,-0.8125434659849675,-0.30218596641719636,-0.04917257178252082,-0.039172571782520815,0.35326785711560404,0.39244042889812486,-0.04917257178252082,5,30,8,-0.02323697737500985,-0.08019471324292439,False,-0.5575733993731247,-0.5475733993731247,0.20771468792601774,0.7552880872991424,,,validation,,-0.18045169296728106,0.22584086588220734,0.4062925588494884,-0.5930981882986193,0.22472967809893524,0.8178278663975544,False
~asp_moon_pluto_conj_orb1,1,2,-0.017844951817069448,0.0021550481829305523,0.5125125477507017,-0.049287703946992154,-0.02928770394699215,0.3631527249511327,0.39244042889812486,-0.049287703946992154,21,396,64,-0.028646621158375907,-0.029933440975375897,False,-0.08674813219322296,-0.06674813219322295,0.6885399551059195,0.7552880872991424,,,validation,,-0.03017043175908074,0.37612212709040765,0.4062925588494884,-0.06992665513471019,0.7479012112628443,0.8178278663975544,False
~asp_moon_sun_trine_orb3,1,2,-0.1841363527817433,-0.16413635278174332,0.3462211467860278,-0.04933190760327792,-0.029331907603277918,0.36310852129484694,0.39244042889812486,-0.04933190760327792,129,108,334,-0.07181666126183983,0.004270541509966114,False,-0.07649524189466637,-0.05649524189466637,0.6987928454044761,0.7552880872991424,,,validation,,-0.004353957819239862,0.40193860103024853,0.4062925588494884,-0.025102020382592127,0.7927258460149623,0.8178278663975544,False
~asp_mercury_venus_sextile_orb1,1,2,-0.05867419093854874,-0.038674190938548736,0.47168330862922236,-0.049405085587668304,-0.0294050855876683,0.36303534331045656,0.39244042889812486,-0.049405085587668304,31,354,76,0.01900189805842134,-0.06330703236400487,False,-0.02522790735064771,-0.005227907350647709,0.7500601799484947,0.7552880872991424,,,validation,,-0.004388029321093223,0.40190452952839517,0.4062925588494884,0.0017931504859816094,0.8196210168835361,0.8178278663975544,False
~asp_jupiter_mars_trine_orb5,1,2,-0.035455282690625076,-0.015455282690625072,0.49490221687714603,-0.04963026183440293,-0.029630261834402927,0.36281016706372193,0.39244042889812486,-0.04963026183440293,16,286,38,-0.10411010631089834,0.031974784812709184,False,-0.05979093215123331,-0.039790932151233305,0.7154971551479091,0.7552880872991424,,,validation,,0.002740711311816413,0.4090332701613048,0.4062925588494884,-0.03150123110161962,0.7863266352959348,0.8178278663975544,False
~asp_pluto_sun_conj_orb1,1,2,-0.02612181183789662,-0.006121811837896618,0.5042356877298745,-0.05000422230599348,-0.030004222305993478,0.3624362065921314,0.39244042889812486,-0.05000422230599348,16,254,38,-0.03594534266826088,-0.024515852435705032,False,-0.033016247370133964,-0.01301624737013396,0.7422718399290085,0.7552880872991424,,,validation,,-0.03912328782240709,0.3671692710270813,0.4062925588494884,-0.012760952369908152,0.8050669140276463,0.8178278663975544,False
~asp_mercury_uranus_sextile_orb3,1,2,-0.05913321785565655,-0.039133217855656544,0.47122428171211456,-0.050447786536898895,-0.03044778653689889,0.36199264236122597,0.39244042889812486,-0.050447786536898895,39,165,102,-0.06251612257996719,-0.004616034210567138,False,-0.13768303571233972,-0.11768303571233973,0.6376050515868027,0.7552880872991424,,,validation,,-0.04683812629461326,0.35945443255487514,0.4062925588494884,-0.12981164426209701,0.6880162221354574,0.8178278663975544,False
~asp_uranus_venus_square_orb5,1,2,-0.026328881224751615,-0.006328881224751615,0.5040286183430195,-0.05066745358083301,-0.030667453580833004,0.36177297531729186,0.39244042889812486,-0.05066745358083301,32,177,83,-0.004756497900316181,-0.051834490259449084,False,-0.015339767808665621,0.004660232191334379,0.7599483194904768,0.7552880872991424,,,validation,,-0.04427914925885218,0.3620134095906362,0.4062925588494884,-0.007504053255002474,0.810323813142552,0.8178278663975544,False
~asp_pluto_sun_trine_orb3,1,2,-0.12435390072291601,-0.104353900722916,0.4060035988448551,-0.05070016270369686,-0.030700162703696854,0.361740266194428,0.39244042889812486,-0.05070016270369686,31,167,78,0.0636685010415059,-0.1030369753503508,False,-0.03095698308510429,-0.010956983085104288,0.7443311042140381,0.7552880872991424,,,validation,,0.014481145416379182,0.4207737042658676,0.4062925588494884,-0.0167499705344758,0.8010778958630786,0.8178278663975544,False
~asp_pluto_sun_conj_orb3,1,2,-0.00536617551053185,0.01463382448946815,0.5249913240572393,-0.05097014815156185,-0.03097014815156185,0.361470280746563,0.39244042889812486,-0.05097014815156185,16,252,40,-0.051527109201471855,-0.01324855122092325,False,-0.035480884589170855,-0.015480884589170851,0.7398072027099716,0.7552880872991424,,,validation,,-0.053050436479609164,0.35324212236987923,0.4062925588494884,-0.019530092217308392,0.7982977741802461,0.8178278663975544,False
~asp_pluto_sun_opp_orb3,1,2,-0.02935514355733691,-0.009355143557336909,0.5010023560104342,-0.05139378824801892,-0.03139378824801892,0.36104664065010594,0.39244042889812486,-0.05139378824801892,16,251,40,-0.04739132165712423,-0.018766973278349808,False,-0.07680785268781108,-0.05680785268781108,0.6984802346113314,0.7552880872991424,,,validation,,-0.03229022385446334,0.37400233499502505,0.4062925588494884,-0.046700479282374974,0.7711273871151795,0.8178278663975544,False
~asp_jupiter_mars_trine_orb3,1,2,-0.05111610122327119,-0.031116101223271186,0.4792413983444999,-0.051430452718342665,-0.03143045271834266,0.3610099761797822,0.39244042889812486,-0.051430452718342665,17,291,39,-0.11737227771521663,0.03749951358101267,False,-0.019635344618833744,0.00036465538116625673,0.7556527426803087,0.7552880872991424,,,validation,,-0.0029858287722165366,0.40330673007727186,0.4062925588494884,0.005260956746545142,0.8230888231440996,0.8178278663975544,False
~asp_mercury_uranus_sextile_orb5,1,2,-0.11444590812894216,-0.09444590812894216,0.41591159143882894,-0.051532687161934695,-0.03153268716193469,0.36090774173619017,0.39244042889812486,-0.051532687161934695,37,163,100,-0.029185622676331624,-0.03327201821276801,False,-0.08928774130627647,-0.06928774130627646,0.686000345992866,0.7552880872991424,,,validation,,-0.0653358758566081,0.3409566829928803,0.4062925588494884,-0.1311405748110689,0.6866872915864856,0.8178278663975544,False
~asp_jupiter_mercury_opp_orb3,1,2,-0.028671134985238527,-0.008671134985238527,0.5016863645825326,-0.051708582253100085,-0.03170858225310008,0.3607318466450248,0.39244042889812486,-0.051708582253100085,17,295,42,-0.06870414504362865,-0.002367877852700151,False,-0.036492567573400456,-0.016492567573400452,0.738795519725742,0.7552880872991424,,,validation,,-0.04175357905332011,0.3645389797961683,0.4062925588494884,-0.007503091179191568,0.8103247752183629,0.8178278663975544,False
~asp_mercury_moon_square_orb1,1,2,-0.03283976253350333,-0.01283976253350333,0.49751773703426777,-0.0520745431365026,-0.0320745431365026,0.36036588576162226,0.39244042889812486,-0.0520745431365026,48,256,113,-0.022651844671582544,-0.039581276066660176,False,-0.07154238422892643,-0.05154238422892643,0.703745703070216,0.7552880872991424,,,validation,,-0.015954251642118555,0.39033830720736984,0.4062925588494884,-0.042867458509225576,0.7749604078883289,0.8178278663975544,False
~asp_mercury_neptune_conj_orb5,1,2,-0.02671497980586422,-0.0067149798058642185,0.5036425197619069,-0.052291066986762766,-0.03229106698676276,0.3601493619113621,0.39244042889812486,-0.052291066986762766,21,245,53,-0.09953607347352267,0.020837482502631677,False,-0.05861254373569301,-0.038612543735693006,0.7166755435634494,0.7552880872991424,,,validation,,-0.03457739814943417,0.3717151607000542,0.4062925588494884,-0.03987948404684116,0.7779483823507133,0.8178278663975544,False
~asp_jupiter_sun_trine_orb1,1,2,-0.05787925229140077,-0.03787925229140077,0.47247824727637033,-0.05234200339349197,-0.03234200339349197,0.3600984255046329,0.39244042889812486,-0.05234200339349197,24,275,60,-0.022809090120932685,-0.04081301807570642,False,-0.01335435564706831,0.00664564435293169,0.7619337316520741,0.7552880872991424,,,validation,,-0.010827820805533683,0.3954647380439547,0.4062925588494884,0.00375745741781941,0.8215853238153739,0.8178278663975544,False
~asp_mercury_pluto_opp_orb3,1,2,-0.06541533226546935,-0.045415332265469344,0.46494216730230176,-0.05238631122314184,-0.03238631122314184,0.360054117674983,0.39244042889812486,-0.05238631122314184,15,372,43,-0.08646606598591733,0.010828917296642648,False,-0.05964844328603246,-0.03964844328603245,0.71563964401311,0.7552880872991424,,,validation,,-0.00959000593990239,0.396702552909586,0.4062925588494884,-0.03702695132670808,0.7808009150708464,0.8178278663975544,False
~asp_mars_sun_square_orb3,1,2,-0.0495790833891238,-0.029579083389123795,0.4807784161786473,-0.05241331919970664,-0.032413319199706636,0.3600271096984182,0.39244042889812486,-0.05241331919970664,15,393,38,0.04506226640405597,-0.09207065019839242,False,-0.025277814977463047,-0.005277814977463047,0.7500102723216794,0.7552880872991424,,,validation,,-0.03285637226847743,0.37343618658101096,0.4062925588494884,-0.010488522783990373,0.8073393436135641,0.8178278663975544,False
asp_jupiter_saturn_sextile_orb3,1,1,-0.45675299852955054,-0.4467529985295505,0.0636045010382206,-0.05242828816889055,-0.04242828816889055,0.3500121407292343,0.39244042889812486,-0.05242828816889055,5,110,9,0.06253313774714508,-0.30730439713544505,False,0.05181603969200322,0.06181603969200322,0.8171041269911457,0.7552880872991424,,,validation,,-0.34966828939891903,0.05662426945056938,0.4062925588494884,-0.1490995524173644,0.6687283139801901,0.8178278663975544,False
~asp_mars_uranus_square_orb1,1,2,-0.044542051847383565,-0.02454205184738356,0.48581544772038754,-0.05314171361720914,-0.033141713617209134,0.3592987152809157,0.39244042889812486,-0.05314171361720914,17,325,43,-0.04015894442475465,-0.02769365650307329,False,-0.08383349005042727,-0.06383349005042727,0.6914545972487152,0.7552880872991424,,,validation,,-0.020050226176673402,0.386242332672815,0.4062925588494884,-0.06858366357951762,0.7492442028180368,0.8178278663975544,False
asp_pluto_venus_square_orb1,1,1,-0.4962368100841274,-0.4862368100841274,0.024120689483643713,-0.05350571777749263,-0.043505717777492625,0.34893471112063223,0.39244042889812486,-0.05350571777749263,29,2,70,0.03625012225827573,-0.13102390192039992,False,-0.8913240079143285,-0.8813240079143285,-0.12603592061518612,0.7552880872991424,,,validation,,0.030137647038224802,0.4364302058877132,0.4062925588494884,-0.8856773360943543,-0.06784946969679981,0.8178278663975544,False
~asp_saturn_sun_opp_orb5,1,2,-0.08788828076036108,-0.06788828076036107,0.44246921880741,-0.053941263339431375,-0.03394126333943137,0.3584991655586935,0.39244042889812486,-0.053941263339431375,15,256,38,-0.01973277009207286,-0.04757475086529975,False,-0.05960404609946067,-0.039604046099460666,0.7156840411996818,0.7552880872991424,,,validation,,-0.044245446755252216,0.3620471120942362,0.4062925588494884,-0.03110547642592254,0.7867223899716319,0.8178278663975544,False
~asp_moon_sun_opp_orb5,1,2,-0.03261130018806084,-0.012611300188060837,0.49774619937971026,-0.054073630733173936,-0.03407363073317393,0.35836679816495093,0.39244042889812486,-0.054073630733173936,114,82,280,-0.08033658156024681,0.0016466171355577763,False,-0.14996514252353918,-0.1299651425235392,0.6253229447756032,0.7552880872991424,,,validation,,-0.014345699837339465,0.39194685901214893,0.4062925588494884,-0.11607197465212349,0.701755891745431,0.8178278663975544,False
~asp_jupiter_mercury_square_orb5,1,2,0.007763576979898507,0.027763576979898508,0.5381210765476696,-0.054090509055160815,-0.03409050905516081,0.35834991984296405,0.39244042889812486,-0.054090509055160815,39,158,95,0.02623979934309839,-0.09045668082299847,False,-0.08738847594122921,-0.06738847594122921,0.6878996113579132,0.7552880872991424,,,validation,,-0.05810808257884065,0.34818447627064775,0.4062925588494884,-0.05741122505112972,0.7604166413464247,0.8178278663975544,False
~sun_sign_pisces,1,2,-0.11220608022604527,-0.09220608022604526,0.41815141934172584,-0.05425464099912379,-0.03425464099912379,0.3581857878990011,0.39244042889812486,-0.05425464099912379,16,233,40,-0.08315614281688755,0.004315999532850112,False,0.10867419013602421,0.1286741901360242,0.8839622774351666,0.7552880872991424,,,validation,,0.025214158963118793,0.4315067178126072,0.4062925588494884,0.1019054928569404,0.9197333592544948,0.8178278663975544,False
~asp_mars_sun_square_orb1,1,2,-0.03361971951056396,-0.013619719510563955,0.49673778005720715,-0.05425647649236702,-0.034256476492367016,0.35818395240575784,0.39244042889812486,-0.05425647649236702,15,399,37,-0.00844251342930824,-0.05523257884765312,False,-0.007469749862967983,0.012530250137032017,0.7678183374361744,0.7552880872991424,,,validation,,-0.031191626049699495,0.3751009327997889,0.4062925588494884,0.00984030335196795,0.8276681697495224,0.8178278663975544,False
~asp_mars_venus_square_orb3,1,2,-0.13318266201487713,-0.11318266201487714,0.39717483755289396,-0.05461530648826572,-0.03461530648826572,0.35782512240985914,0.39244042889812486,-0.05461530648826572,20,393,56,-0.038402087973670396,-0.031445646351401374,False,-0.010550290350163954,0.009449709649836047,0.7647377969489785,0.7552880872991424,,,validation,,-0.02148291897479432,0.3848096398746941,0.4062925588494884,0.03867210321532122,0.8564999696128757,0.8178278663975544,False
~asp_mercury_saturn_conj_orb5,1,2,-0.06557099106718649,-0.045570991067186484,0.4647865085005846,-0.05481066348151141,-0.034810663481511406,0.35762976541661345,0.39244042889812486,-0.05481066348151141,19,283,52,-0.015744487568688625,-0.04683305533965593,False,-0.021969918609945,-0.0019699186099449983,0.7533181686891974,0.7552880872991424,,,validation,,-0.0007721975807313264,0.40552036126875707,0.4062925588494884,0.03377924949263811,0.8516071158901926,0.8178278663975544,False
~asp_mars_saturn_sextile_orb3,1,2,-0.02283119111992103,-0.0028311911199210282,0.5075263084478501,-0.05494866625301929,-0.03494866625301929,0.35749176264510557,0.39244042889812486,-0.05494866625301929,18,383,44,0.024497501272852662,-0.09065408943786596,False,-0.11783426174562338,-0.09783426174562337,0.6574538255535191,0.7552880872991424,,,validation,,-0.02516839459020792,0.3811241642592805,0.4062925588494884,-0.07795883290052386,0.7398690334970306,0.8178278663975544,False
~asp_pluto_venus_opp_orb5,1,2,-0.05590480329602547,-0.03590480329602547,0.47445269627174563,-0.05515214542903933,-0.03515214542903933,0.35728828346908553,0.39244042889812486,-0.05515214542903933,17,279,42,-0.07943766347945458,0.0010299068268481704,False,-0.05564593231005176,-0.03564593231005175,0.7196421549890907,0.7552880872991424,,,validation,,-0.06699413400649995,0.33929842484298844,0.4062925588494884,-0.02357200390658465,0.7942558624909698,0.8178278663975544,False
~asp_sun_uranus_sextile_orb3,1,2,0.019977667720024867,0.03997766772002487,0.550335167287796,-0.055218498652276,-0.035218498652276,0.35722193024584886,0.39244042889812486,-0.055218498652276,30,167,77,-0.05328626523398117,-0.020340145237915414,False,0.0315865330567129,0.0515865330567129,0.8068746203558553,0.7552880872991424,,,validation,,-0.0036701624866632976,0.4026223963628251,0.4062925588494884,0.06241576298805551,0.88024362938561,0.8178278663975544,False
~asp_pluto_venus_sextile_orb3,1,2,-0.045106196431756715,-0.02510619643175671,0.4852513031360144,-0.055388769344820774,-0.03538876934482077,0.3570516595533041,0.39244042889812486,-0.055388769344820774,32,214,81,-0.04775589424043303,-0.024382290923721045,False,-0.11241726830458997,-0.09241726830458996,0.6628708189945525,0.7552880872991424,,,validation,,-0.005285038904710715,0.4010075199447777,0.4062925588494884,-0.10952968097417082,0.7082981854233836,0.8178278663975544,False
~asp_moon_neptune_sextile_orb1,1,2,-0.053621279837925126,-0.03362127983792512,0.476736219729846,-0.055530642354445034,-0.03553064235444503,0.35690978654367983,0.39244042889812486,-0.055530642354445034,42,255,129,-0.03814026303249696,-0.03490707392315215,False,-0.03877189808534397,-0.018771898085343963,0.7365161892137985,0.7552880872991424,,,validation,,-0.04336460383285273,0.36292795501663566,0.4062925588494884,-0.018642160199906832,0.7991857061976476,0.8178278663975544,False
~asp_jupiter_venus_opp_orb3,1,2,-0.07064483980506762,-0.05064483980506762,0.4597126597627035,-0.05603599510358846,-0.03603599510358846,0.3564044337945364,0.39244042889812486,-0.05603599510358846,15,297,40,-0.07702973870738361,-0.0032131848583140388,False,-0.056706020093705276,-0.03670602009370527,0.7185820672054372,0.7552880872991424,,,validation,,-0.03296282942979456,0.37332972941969383,0.4062925588494884,-0.036071976033644204,0.7817558903639102,0.8178278663975544,False
~mars_ingress_1d,1,2,-0.14046851194932233,-0.12046851194932234,0.38988898761844876,-0.05648236212766082,-0.03648236212766082,0.35595806677046404,0.39244042889812486,-0.05648236212766082,104,140,269,-0.034816044288537795,-0.037222180327000004,False,-0.06621491665926314,-0.04621491665926314,0.7090731706398793,0.7552880872991424,,,validation,,0.004078151550589881,0.4103707104000783,0.4062925588494884,-0.044589371076750095,0.7732384953208044,0.8178278663975544,False
~asp_mars_saturn_square_orb1,1,2,-0.04029278251516731,-0.020292782515167307,0.4900647170526038,-0.056539900074322566,-0.03653990007432256,0.3559005288238023,0.39244042889812486,-0.056539900074322566,18,345,43,0.006884736464606078,-0.07284123096215006,False,-0.05925407357523492,-0.039254073575234916,0.7160340137239075,0.7552880872991424,,,validation,,-0.032528943879421734,0.37376361497006666,0.4062925588494884,-0.0335074312757393,0.7843204351218152,0.8178278663975544,False
~asp_neptune_sun_trine_orb5,1,2,-0.03256498446942156,-0.012564984469421558,0.49779251509834954,-0.05678055898085725,-0.03678055898085725,0.3556598699172676,0.39244042889812486,-0.05678055898085725,31,164,79,-0.07684208460648567,-0.009853807845835921,False,-0.17243363712605872,-0.15243363712605873,0.6028544501730837,0.7552880872991424,,,validation,,-0.013723929783315991,0.3925686290661724,0.4062925588494884,-0.10952001496235197,0.7083078514352025,0.8178278663975544,False
~asp_moon_neptune_square_orb3,1,2,-0.15195461275454322,-0.13195461275454323,0.37840288681322787,-0.056868649888068376,-0.03686864988806837,0.3555717790100565,0.39244042889812486,-0.056868649888068376,133,122,331,-0.07034681099110063,-0.009635005853628337,False,-0.08782710796585778,-0.06782710796585778,0.6874609793332846,0.7552880872991424,,,validation,,-0.05204460346568507,0.3542479553838033,0.4062925588494884,-0.05724437629926438,0.7605834900982901,0.8178278663975544,False
~asp_mars_pluto_sextile_orb5,1,2,-0.06808852771264966,-0.048088527712649654,0.46226897185512145,-0.05722818498571612,-0.03722818498571612,0.35521224391240874,0.39244042889812486,-0.05722818498571612,18,369,43,-0.13064766555285756,0.03252316574770461,False,-0.07382662778347136,-0.05382662778347136,0.7014614595156711,0.7552880872991424,,,validation,,-0.022848155110508583,0.3834444037389798,0.4062925588494884,-0.038910857737389115,0.7789170086601653,0.8178278663975544,False
~asp_mercury_sun_conj_orb5,1,2,-0.10628348773693196,-0.08628348773693195,0.42407401183083915,-0.057369707270891065,-0.03736970727089106,0.3550707216272338,0.39244042889812486,-0.057369707270891065,95,44,246,-0.03531880791445885,-0.049004903101316694,False,-0.2065827022971237,-0.1865827022971237,0.5687053850020187,0.7552880872991424,,,validation,,-0.04057139619775385,0.36572116265173454,0.4062925588494884,-0.20028385147513694,0.6175440149224175,0.8178278663975544,False
~asp_mercury_saturn_square_orb1,1,2,-0.05455865201921921,-0.034558652019219205,0.4757988475485519,-0.057433377073182676,-0.03743337707318267,0.3550070518249422,0.39244042889812486,-0.057433377073182676,30,389,74,-0.045754188275120455,-0.032066269922418456,False,-0.05679617091243526,-0.036796170912435255,0.7184919163867072,0.7552880872991424,,,validation,,-0.026776217833623273,0.3795163410158651,0.4062925588494884,-0.03850221523001596,0.7793256511675385,0.8178278663975544,False
asp_neptune_uranus_conj_orb5,1,1,-0.2110440456704602,-0.2010440456704602,0.3093134538973109,-0.05753950365170141,0.4524604963482986,0.8449009252464235,0.39244042889812486,0.4424604963482986,1,263,2,0.5668731109353589,-0.2044341522827901,False,-0.7652880872991424,-0.7552880872991424,0.0,0.7552880872991424,,,validation,few_episodes_penalty,0.14077531793831305,0.5470678767878014,0.4062925588494884,-0.8178278663975544,0.0,0.8178278663975544,True
~asp_jupiter_venus_opp_orb5,1,2,-0.08211426579193108,-0.06211426579193108,0.44824323377584,-0.05754378407189557,-0.03754378407189557,0.3548966448262293,0.39244042889812486,-0.05754378407189557,15,296,39,-0.07282004662400443,-0.00897687665180813,False,-0.07024363895217677,-0.05024363895217676,0.7050444483469657,0.7552880872991424,,,validation,,-0.04029760171936991,0.3659949571301185,0.4062925588494884,-0.059234389928817244,0.7585934764687372,0.8178278663975544,False
~asp_sun_venus_conj_orb5,1,2,-0.038784631420179336,-0.018784631420179332,0.49157286814759177,-0.0576505126691365,-0.03765051266913649,0.35478991622898837,0.39244042889812486,-0.0576505126691365,19,190,49,-0.10386612122377648,0.01748464084472376,False,-0.05721390805257974,-0.037213908052579736,0.7180741792465627,0.7552880872991424,,,validation,,-0.10191524403461338,0.304377314814875,0.4062925588494884,-0.006563367725476721,0.8112644986720777,0.8178278663975544,False
~asp_moon_uranus_square_orb1,1,2,-0.045283656482839205,-0.0252836564828392,0.4850738430849319,-0.057787030319155594,-0.03778703031915559,0.35465339857896927,0.39244042889812486,-0.057787030319155594,44,367,128,-0.0013190741832683761,-0.06753972141265036,False,-0.031946870264136215,-0.011946870264136211,0.7433412170350062,0.7552880872991424,,,validation,,-0.0015012530369465371,0.40479130581254186,0.4062925588494884,-0.013539661124934876,0.8042882052726196,0.8178278663975544,False
~asp_neptune_venus_opp_orb5,1,2,-0.04225351993627317,-0.02225351993627317,0.48810397963149793,-0.057915344638017216,-0.03791534463801721,0.35452508426010765,0.39244042889812486,-0.057915344638017216,17,279,42,0.03779301045438088,-0.0982511027804518,False,-0.09089688842870845,-0.07089688842870845,0.684391198870434,0.7552880872991424,,,validation,,-0.020369064236029688,0.3859234946134587,0.4062925588494884,-0.05547337702279509,0.7623544893747594,0.8178278663975544,False
~asp_neptune_venus_trine_orb1,1,2,-0.02187659892272163,-0.0018765989227216284,0.5084809006450495,-0.058261572731676245,-0.03826157273167624,0.3541788561664486,0.39244042889812486,-0.058261572731676245,28,280,70,-0.0031631619423915236,-0.06656319003610858,False,-0.03993378965912507,-0.019933789659125067,0.7353542976400174,0.7552880872991424,,,validation,,-0.02085475278976434,0.38543780605972405,0.4062925588494884,-0.026150182756883744,0.7916776836406707,0.8178278663975544,False
~asp_mercury_saturn_conj_orb3,1,2,-0.062178239638932306,-0.0421782396389323,0.4681792599288388,-0.05880037131620229,-0.03880037131620229,0.3536400575819226,0.39244042889812486,-0.05880037131620229,19,288,52,0.006690454089843256,-0.07090702076451408,False,-0.05135353526832685,-0.03135353526832685,0.7239345520308156,0.7552880872991424,,,validation,,-0.022857332259652585,0.3834352265898358,0.4062925588494884,-0.007948867924466918,0.8098789984730875,0.8178278663975544,False
~asp_jupiter_mercury_opp_orb5,1,2,-0.027071557566221243,-0.007071557566221243,0.5032859420015499,-0.058854362527078194,-0.03885436252707819,0.35358606637104667,0.39244042889812486,-0.058854362527078194,17,292,43,-0.10754248613612694,0.016729248381176398,False,-0.006974703054213754,0.013025296945786247,0.7683133842449287,0.7552880872991424,,,validation,,-0.06027005304348676,0.34602250580600163,0.4062925588494884,0.016558426098387757,0.8343862924959422,0.8178278663975544,False
~asp_saturn_venus_trine_orb3,1,2,-0.03742916235059489,-0.017429162350594885,0.4929283372171762,-0.05892894190966784,-0.038928941909667836,0.353511486988457,0.39244042889812486,-0.05892894190966784,30,223,80,-0.02287505315793703,-0.0502067411065992,False,-0.0684736724384377,-0.0484736724384377,0.7068144148607047,0.7552880872991424,,,validation,,-0.06425904137029376,0.34203351747919464,0.4062925588494884,-0.05120417734291871,0.7666236890546357,0.8178278663975544,False
~asp_mars_saturn_square_orb5,1,2,-0.06736459909009855,-0.04736459909009855,0.46299290047767255,-0.05894730061746255,-0.038947300617462544,0.3534931282806623,0.39244042889812486,-0.05894730061746255,17,336,42,0.056527398779686266,-0.11655512706800415,False,-0.13042179757818825,-0.11042179757818826,0.6448662897209542,0.7552880872991424,,,validation,,-0.023122984750573006,0.3831695740989154,0.4062925588494884,-0.11159082809283849,0.706237038304716,0.8178278663975544,False
~asp_pluto_venus_sextile_orb5,1,2,0.0005839226865393017,0.020583922686539302,0.5309414222543104,-0.05918216531412472,-0.03918216531412472,0.35325826358400014,0.39244042889812486,-0.05918216531412472,32,212,81,-0.0736784467493109,-0.01350029896132654,False,-0.19201466139570564,-0.17201466139570565,0.5832734259034368,0.7552880872991424,,,validation,,-0.010542147812291791,0.3957504110371966,0.4062925588494884,-0.1867738220775409,0.6310540443200136,0.8178278663975544,False
~asp_moon_pluto_conj_orb5,1,2,-0.10068310775205823,-0.08068310775205823,0.4296743918157129,-0.05991448369668782,-0.03991448369668782,0.35252594520143704,0.39244042889812486,-0.05991448369668782,112,114,276,-0.09548351498431595,0.004361447888605707,False,-0.18932542497259083,-0.16932542497259084,0.5859626623265516,0.7552880872991424,,,validation,,-0.0487381462903565,0.3575544125591319,0.4062925588494884,-0.16832924289323958,0.6494986235043149,0.8178278663975544,False
asp_jupiter_uranus_square_orb3,1,1,-0.3743579202294063,-0.3643579202294063,0.14599957933836485,-0.06000696426209034,-0.050006964262090337,0.3424334646360345,0.39244042889812486,-0.06000696426209034,4,35,10,-0.43567057280816673,0.32821813358782675,False,-0.6639173336983877,-0.6539173336983877,0.10137075360075477,0.7552880872991424,,,validation,,-0.15337323477494613,0.25291932407454226,0.4062925588494884,-0.7239251418332385,0.09390272456431596,0.8178278663975544,False
~asp_mars_sun_square_orb5,1,2,-0.03738912636762286,-0.017389126367622854,0.49296837320014825,-0.060632697560562485,-0.04063269756056248,0.3518077313375624,0.39244042889812486,-0.060632697560562485,15,387,38,0.05510310982652422,-0.11331382270773119,False,0.00902863821283208,0.02902863821283208,0.7843167255119745,0.7552880872991424,,,validation,,-0.06432464986801517,0.3419679089814732,0.4062925588494884,0.015192107116400844,0.8330199735139553,0.8178278663975544,False
~asp_saturn_sun_square_orb1,1,2,-0.05445317232128287,-0.034453172321282866,0.47590432724648823,-0.061101372263235906,-0.0411013722632359,0.35133905663488896,0.39244042889812486,-0.061101372263235906,26,261,68,-0.02446590820597272,-0.055203436058721245,False,-0.02331536723227699,-0.003315367232276989,0.7519727200668654,0.7552880872991424,,,validation,,-0.05670790673146697,0.3495846521180214,0.4062925588494884,-0.009248834749580603,0.8085790316479738,0.8178278663975544,False
~asp_uranus_venus_trine_orb3,1,2,-0.07715411310898178,-0.057154113108981774,0.4532033864587893,-0.061231439869067636,-0.04123143986906763,0.35120898902905723,0.39244042889812486,-0.061231439869067636,31,216,81,-0.03962212960092015,-0.04775046762426477,False,0.0096116335202935,0.0296116335202935,0.7848997208194359,0.7552880872991424,,,validation,,-0.04006668644557221,0.3662258724039162,0.4062925588494884,0.03609563787506409,0.8539235042726185,0.8178278663975544,False
~asp_pluto_sun_trine_orb1,1,2,-0.051785924890887944,-0.03178592489088794,0.47857157467688316,-0.061519700007065234,-0.04151970000706523,0.35092072889105963,0.39244042889812486,-0.061519700007065234,27,253,66,-0.04185273701763248,-0.0408767313614794,False,-0.038494139328039786,-0.018494139328039783,0.7367939479711026,0.7552880872991424,,,validation,,-0.02733510057770122,0.3789574582717872,0.4062925588494884,-0.019221034828164507,0.7986068315693899,0.8178278663975544,False
~asp_uranus_venus_trine_orb5,1,2,-0.08200082515866262,-0.06200082515866262,0.4483566744091085,-0.06166497729414665,-0.04166497729414664,0.3507754516039782,0.39244042889812486,-0.06166497729414665,31,213,82,-0.05748635367268451,-0.03508129634833737,False,0.005105808536004303,0.025105808536004304,0.7803938958351467,0.7552880872991424,,,validation,,-0.06187717203724219,0.3444153868122462,0.4062925588494884,0.02788409257036062,0.8457119589679151,0.8178278663975544,False
~asp_mars_moon_conj_orb3,1,2,-0.09041043360545796,-0.07041043360545796,0.43994706596231314,-0.06170022360630083,-0.041700223606300824,0.35074020529182404,0.39244042889812486,-0.06170022360630083,56,230,153,-0.018655125167313713,-0.06062141727887932,False,-0.12064750450369587,-0.10064750450369586,0.6546405827954466,0.7552880872991424,,,validation,,-0.002989999975084978,0.4033025588744034,0.4062925588494884,-0.10442787347286875,0.7133999929246857,0.8178278663975544,False
~mercury_sign_capricorn,1,2,-0.0800620193905393,-0.06006201939053929,0.4502954801772318,-0.06272687259326075,-0.042726872593260745,0.3497135563048641,0.39244042889812486,-0.06272687259326075,20,237,50,-0.16396680742187641,0.05293805799223189,False,-0.15463557207131226,-0.13463557207131227,0.6206525152278302,0.7552880872991424,,,validation,,-0.055703765524065196,0.3505887933254232,0.4062925588494884,-0.12150737674336232,0.6963204896541921,0.8178278663975544,False
~asp_moon_pluto_conj_orb3,1,2,-0.05887424912938692,-0.03887424912938692,0.4714832504383842,-0.06294722394082496,-0.04294722394082495,0.3494932049572999,0.39244042889812486,-0.06294722394082496,60,151,163,-0.07062967574420642,-0.021827292321302927,False,-0.11250456471803848,-0.09250456471803847,0.662783522581104,0.7552880872991424,,,validation,,-0.03960665036736444,0.36668590848212396,0.4062925588494884,-0.09789584881167868,0.7199320175858758,0.8178278663975544,False
~asp_neptune_sun_sextile_orb1,1,2,-0.07795581639285047,-0.05795581639285047,0.45240168317492063,-0.06331743302858249,-0.043317433028582486,0.3491229958695424,0.39244042889812486,-0.06331743302858249,20,336,66,-0.0724397805495739,-0.02046983502941216,False,-0.0750720025215914,-0.05507200252159139,0.700216084777551,0.7552880872991424,,,validation,,-0.032383134914559075,0.3739094239349293,0.4062925588494884,-0.049025835074226864,0.7688020313233276,0.8178278663975544,False
~asp_mercury_moon_opp_orb3,1,2,-0.06278061174785492,-0.04278061174785491,0.4675768878199162,-0.06351728500606445,-0.04351728500606444,0.3489231438920604,0.39244042889812486,-0.06351728500606445,69,198,161,0.007958571806647607,-0.08560904023661468,False,-0.06762111319743234,-0.04762111319743234,0.7076669741017101,0.7552880872991424,,,validation,,-0.037773275286757224,0.36851928356273117,0.4062925588494884,-0.03324705342794698,0.7845808129696075,0.8178278663975544,False
~asp_neptune_sun_square_orb3,1,2,-0.07108595847148368,-0.05108595847148367,0.45927154109628743,-0.06355954844305821,-0.043559548443058205,0.34888088045506666,0.39244042889812486,-0.06355954844305821,31,125,79,-0.05660816636694754,-0.034248725517915274,False,0.04630961213442521,0.06630961213442521,0.8215976994335676,0.7552880872991424,,,validation,,-0.06788727940077105,0.33840527944871734,0.4062925588494884,0.03947070622229376,0.8572985726198482,0.8178278663975544,False
~asp_mars_moon_opp_orb3,1,2,-0.0903962021493817,-0.07039620214938169,0.4399612974183894,-0.06370226420675444,-0.04370226420675444,0.3487381646913704,0.39244042889812486,-0.06370226420675444,66,229,158,-0.02725510275841958,-0.05898895197440762,False,-0.09941774445744343,-0.07941774445744343,0.675870342841699,0.7552880872991424,,,validation,,-0.039744172265718636,0.36654838658376976,0.4062925588494884,-0.08330569392650711,0.7345221724710473,0.8178278663975544,False
asp_mars_mercury_trine_orb3,1,1,-0.6369751787404073,-0.6269751787404073,-0.1166176791726362,-0.06396821816377983,-0.053968218163779835,0.338472210734345,0.39244042889812486,-0.06396821816377983,17,7,49,-0.29454440264410797,0.1535817021246486,False,-0.7881963138161522,-0.7781963138161522,-0.022908226517009727,0.7552880872991424,,,validation,,-0.08855745137727195,0.31773510747221645,0.4062925588494884,-0.8329719162412992,-0.015144049843744692,0.8178278663975544,False
~asp_mars_saturn_square_orb3,1,2,-0.012920522903287584,0.0070794770967124165,0.5174369766644835,-0.0641202620167282,-0.044120262016728196,0.34832016688139666,0.39244042889812486,-0.0641202620167282,17,342,42,0.06814731436435895,-0.13412480114881892,False,-0.1316015191540598,-0.1116015191540598,0.6436865681450826,0.7552880872991424,,,validation,,-0.013308070839256558,0.39298448801023184,0.4062925588494884,-0.10210620499025891,0.7157216614072955,0.8178278663975544,False
~asp_saturn_venus_opp_orb3,1,2,-0.05970478716886306,-0.039704787168863054,0.47065271239890805,-0.06501904037595756,-0.04501904037595755,0.3474213885221673,0.39244042889812486,-0.06501904037595756,15,286,39,-0.03895648490806691,-0.050645614950869666,False,0.0045674071130107526,0.024567407113010753,0.7798554944121532,0.7552880872991424,,,validation,,-0.04311157082354816,0.36318098802594023,0.4062925588494884,0.03891829587862683,0.8567461622761813,0.8178278663975544,False
~asp_neptune_venus_trine_orb3,1,2,-0.037716010697101385,-0.01771601069710138,0.4926414888706697,-0.06515880021808033,-0.04515880021808033,0.34728162868004453,0.39244042889812486,-0.06515880021808033,33,213,85,0.013130118904766008,-0.09294204840335014,False,-0.08485797510698488,-0.06485797510698488,0.6904301121921576,0.7552880872991424,,,validation,,-0.02422605233305164,0.38206650651643675,0.4062925588494884,-0.0665939330345574,0.751233933362997,0.8178278663975544,False
asp_mars_pluto_conj_orb3,1,1,-0.7119810542565346,-0.7019810542565346,-0.19162355468876346,-0.06549096318296453,-0.05549096318296454,0.3369494657151603,0.39244042889812486,-0.06549096318296453,9,15,21,-0.6489427874175735,0.6283373162956947,False,-0.7076635994090075,-0.6976635994090075,0.057624487890135016,0.7552880872991424,,,validation,,-0.08105128341102502,0.3252412754384634,0.4062925588494884,-0.7880350385473259,0.029792827850228517,0.8178278663975544,False
asp_mercury_uranus_opp_orb3,1,1,-0.5331459992619325,-0.5231459992619325,-0.012788499694161393,-0.06572548640186952,-0.05572548640186953,0.33671494249625533,0.39244042889812486,-0.06572548640186952,17,13,43,0.03901065661614311,0.04742976342224697,True,-0.8545981268307555,-0.8445981268307555,-0.08931003953161305,0.7552880872991424,,,validation,,0.11311684426222685,0.5194094031117152,0.4062925588494884,-0.8430216420733448,-0.02519377567579035,0.8178278663975544,False
~asp_saturn_venus_trine_orb5,1,2,-0.03835904326065502,-0.018359043260655017,0.4919984563071161,-0.06582939363249722,-0.04582939363249722,0.34661103526562764,0.39244042889812486,-0.06582939363249722,30,222,79,-0.034456756368570596,-0.05537298997579193,False,-0.0431653746240309,-0.0231653746240309,0.7321227126751115,0.7552880872991424,,,validation,,-0.09751490523065831,0.3087776536188301,0.4062925588494884,-0.04862769257361432,0.7692001738239401,0.8178278663975544,False
~asp_neptune_sun_sextile_orb5,1,2,-0.05300472701824403,-0.03300472701824403,0.47735277254952707,-0.06591573457308096,-0.04591573457308096,0.3465246943250439,0.39244042889812486,-0.06591573457308096,31,165,78,-0.03980766519075574,-0.050746161118672,False,-0.10618382498174848,-0.08618382498174848,0.669104262317394,0.7552880872991424,,,validation,,0.04177707673931924,0.44806963558880764,0.4062925588494884,-0.09648970768071863,0.7213381587168358,0.8178278663975544,False
~asp_jupiter_moon_trine_orb1,1,2,-0.07155719290837341,-0.051557192908373406,0.4588003066593977,-0.0659531520799818,-0.045953152079981796,0.34648727681814306,0.39244042889812486,-0.0659531520799818,35,392,94,-0.010112303843635595,-0.0763052832321999,False,-0.08518273464481461,-0.06518273464481461,0.6901053526543278,0.7552880872991424,,,validation,,-0.021033200188604717,0.3852593586608837,0.4062925588494884,-0.06507465432743875,0.7527532120701157,0.8178278663975544,False
~asp_moon_pluto_sextile_orb1,1,2,-0.04711672586051173,-0.027116725860511726,0.4832407737072594,-0.066102850891596,-0.04610285089159599,0.34633757800652887,0.39244042889812486,-0.066102850891596,41,263,108,-0.05760931002320713,-0.037286433954548615,False,-0.06760279982596017,-0.04760279982596016,0.7076852874731823,0.7552880872991424,,,validation,,-0.04465907474398517,0.3616334841055032,0.4062925588494884,-0.054831279482887685,0.7629965869146668,0.8178278663975544,False
~asp_pluto_sun_conj_orb5,1,2,0.020150934429301066,0.040150934429301066,0.5505084339970722,-0.06617418835809234,-0.04617418835809234,0.3462662405400325,0.39244042889812486,-0.06617418835809234,16,249,40,-0.07700033376944182,-0.0203465089083269,False,-0.053911484641221516,-0.03391148464122151,0.7213766026579209,0.7552880872991424,,,validation,,-0.07467581516923388,0.3316167436802545,0.4062925588494884,-0.03725589068461033,0.7805719757129441,0.8178278663975544,False
~asp_neptune_venus_opp_orb3,1,2,-0.031067646360816808,-0.011067646360816807,0.4992898532069543,-0.06651143448656914,-0.046511434486569136,0.3459289944115557,0.39244042889812486,-0.06651143448656914,18,281,44,0.0009690349953694888,-0.08491873412126051,False,-0.07154532160329506,-0.05154532160329506,0.7037427656958474,0.7552880872991424,,,validation,,-0.03201953190698531,0.3742730269425031,0.4062925588494884,-0.03196635217496313,0.7858615142225913,0.8178278663975544,False
~asp_mercury_neptune_opp_orb3,1,2,-0.05588651146401451,-0.0358865114640145,0.4744709881037566,-0.06689670192859869,-0.04689670192859868,0.3455437269695262,0.39244042889812486,-0.06689670192859869,20,249,46,-0.05952542612155953,-0.03777065590541906,False,0.04481513853491627,0.06481513853491627,0.8201032258340587,0.7552880872991424,,,validation,,-0.04302305709553972,0.3632695017539487,0.4062925588494884,0.06046305686426845,0.8782909232618229,0.8178278663975544,False
~asp_mars_pluto_square_orb5,1,2,-0.03421162159094425,-0.014211621590944246,0.49614587797682685,-0.06693334729126764,-0.046933347291267635,0.3455070816068572,0.39244042889812486,-0.06693334729126764,17,309,43,-0.0920160882383062,-0.01046837680932336,False,-0.1426301374533446,-0.12263013745334461,0.6326579498457978,0.7552880872991424,,,validation,,-0.06038114415947171,0.3459114146900167,0.4062925588494884,-0.1263327195182855,0.6914951468792689,0.8178278663975544,False
~sun_ingress_3d,1,2,-0.1037015410177035,-0.0837015410177035,0.4266559585500676,-0.06694135427027141,-0.04694135427027141,0.34549907462785345,0.39244042889812486,-0.06694135427027141,181,20,468,-0.1613429565405189,0.04168534546015107,False,-0.05666844293588112,-0.03666844293588112,0.7186196443632613,0.7552880872991424,,,validation,,-0.04989451533137018,0.3563980435181182,0.4062925588494884,-0.07273319362445041,0.745094672773104,0.8178278663975544,False
~asp_pluto_venus_trine_orb3,1,2,-0.1420818170839264,-0.1220818170839264,0.3882756824838447,-0.06716326006460697,-0.04716326006460697,0.3452771688335179,0.39244042889812486,-0.06716326006460697,34,214,85,-0.003038919589816058,-0.07669439940028513,False,-0.0559472766676201,-0.0359472766676201,0.7193408106315223,0.7552880872991424,,,validation,,-0.04026423847090471,0.3660283203785837,0.4062925588494884,-0.018225507343668568,0.7996023590538859,0.8178278663975544,False
asp_pluto_uranus_sextile_orb1,1,1,-0.49902073959086307,-0.48902073959086306,0.021336759976908048,-0.06857844351394003,-0.05857844351394004,0.3338619853841848,0.39244042889812486,-0.06857844351394003,6,71,7,-0.15734116477887888,-0.2044341522827901,False,-0.7652880872991424,-0.7552880872991424,0.0,0.7552880872991424,,,validation,,-0.24423931437733,0.16205324447215838,0.4062925588494884,-0.8178278663975544,0.0,0.8178278663975544,False
~asp_mars_moon_trine_orb3,1,2,-0.15391235466980144,-0.13391235466980145,0.37644514489796965,-0.0691369281663408,-0.0491369281663408,0.34330350073178406,0.39244042889812486,-0.0691369281663408,117,146,319,-0.012165666487381377,-0.07613080819809026,False,-0.07916624214101896,-0.059166242141018954,0.6961218451581235,0.7552880872991424,,,validation,,-0.016469669685889254,0.38982288916359914,0.4062925588494884,-0.03833414014793124,0.7794937262496232,0.8178278663975544,False
~asp_mercury_neptune_square_orb3,1,2,-0.04631763296224049,-0.02631763296224049,0.4840398666055306,-0.06917970771066988,-0.04917970771066987,0.343260721187455,0.39244042889812486,-0.06917970771066988,38,245,96,-0.10495697284005179,-0.0073591448297406215,False,-0.07638293890345925,-0.056382938903459245,0.6989051483956832,0.7552880872991424,,,validation,,-0.06524623778600847,0.34104632106347993,0.4062925588494884,-0.03191488096234396,0.7859129854352105,0.8178278663975544,False
~asp_neptune_venus_conj_orb5,1,2,-0.0482627846385915,-0.028262784638591498,0.4820947149291796,-0.06972511632153965,-0.04972511632153964,0.3427153125765852,0.39244042889812486,-0.06972511632153965,18,280,41,-0.0063912375974306546,-0.08261673359614274,False,-0.04236908880330091,-0.022369088803300907,0.7329189984958415,0.7552880872991424,,,validation,,-0.03547836160856993,0.37081419724091846,0.4062925588494884,-0.04071568942683046,0.777112176970724,0.8178278663975544,False
~asp_mercury_neptune_opp_orb5,1,2,-0.05753206569257073,-0.037532065692570726,0.4728254338752004,-0.06979033091706181,-0.04979033091706181,0.34265009798106305,0.39244042889812486,-0.06979033091706181,18,247,45,-0.0015771156790950203,-0.08847441792322412,False,0.0468864209083867,0.0668864209083867,0.8221745082075291,0.7552880872991424,,,validation,,-0.034826872797382,0.3714656860521064,0.4062925588494884,0.06338106033045843,0.8812089267280129,0.8178278663975544,False
~asp_sun_uranus_sextile_orb5,1,2,0.05734448393278903,0.07734448393278903,0.5877019835005601,-0.06988768203262717,-0.04988768203262717,0.3425527468654977,0.39244042889812486,-0.06988768203262717,30,164,77,-0.10263120074389187,-0.004401250082533531,False,0.03086947141706133,0.05086947141706133,0.8061575587162038,0.7552880872991424,,,validation,,-0.054021981050998424,0.35227057779848997,0.4062925588494884,0.07184346515663842,0.8896713315541929,0.8178278663975544,False
~asp_moon_uranus_trine_orb1,1,2,-0.07859290823696467,-0.05859290823696467,0.45176459133080643,-0.07031723981135944,-0.05031723981135944,0.3421231890867654,0.39244042889812486,-0.07031723981135944,44,294,114,-0.06774689155179492,-0.036918757781203765,False,-0.07921681948222835,-0.059216819482228344,0.6960712678169141,0.7552880872991424,,,validation,,-0.027503680342743697,0.3787888785067447,0.4062925588494884,-0.06570372544991432,0.7521241409476401,0.8178278663975544,False
~asp_neptune_venus_trine_orb5,1,2,-0.02203484995024328,-0.002034849950243278,0.5083226496175278,-0.0705854953761829,-0.0505854953761829,0.34185493352194196,0.39244042889812486,-0.0705854953761829,33,211,84,-0.0178094688327457,-0.07713906698048076,False,-0.11450939472722098,-0.09450939472722097,0.6607786925719215,0.7552880872991424,,,validation,,-0.024613181337137136,0.38167937751235126,0.4062925588494884,-0.08873090203505618,0.7290969643624983,0.8178278663975544,False
~mercury_sign_leo,1,2,-0.03875069988520134,-0.01875069988520134,0.49160679968256976,-0.07079515793842721,-0.050795157938427205,0.34164527095969766,0.39244042889812486,-0.07079515793842721,19,236,48,0.03783034539653152,-0.11500535747771133,False,-0.13754538515205103,-0.11754538515205104,0.6377427021470914,0.7552880872991424,,,validation,,-0.04369048819110993,0.36260207065837846,0.4062925588494884,-0.11827987040107912,0.6995479959964753,0.8178278663975544,False
~asp_saturn_sun_opp_orb3,1,2,-0.05610572899046522,-0.03610572899046521,0.4742517705773059,-0.07109666864615759,-0.051096668646157584,0.3413437602519673,0.39244042889812486,-0.07109666864615759,15,260,38,-0.004356256073017928,-0.0902754504424712,False,-0.05507170627616918,-0.03507170627616918,0.7202163810229733,0.7552880872991424,,,validation,,-0.047307009933559185,0.3589855489159292,0.4062925588494884,-0.029889162571320904,0.7879387038262335,0.8178278663975544,False
~asp_saturn_venus_opp_orb5,1,2,-0.05122463694619604,-0.031224636946196038,0.47913286262157506,-0.0712000219102537,-0.05120002191025369,0.34124040698787117,0.39244042889812486,-0.0712000219102537,15,285,39,-0.040336066972710416,-0.06218095770250473,False,-0.004779370181748104,0.015220629818251896,0.7705087171173943,0.7552880872991424,,,validation,,-0.05211517604170962,0.3541773828077788,0.4062925588494884,0.028391186984412675,0.8462190533819671,0.8178278663975544,False
~asp_uranus_venus_conj_orb3,1,2,-0.07318849361401729,-0.053188493614017285,0.4571690059537538,-0.07135387826538551,-0.05135387826538551,0.34108655063273935,0.39244042889812486,-0.07135387826538551,17,282,42,-0.07667940608603085,-0.030736760367867988,False,0.057876752750036245,0.07787675275003625,0.8331648400491787,0.7552880872991424,,,validation,,-0.055652848464520455,0.35063971038496794,0.4062925588494884,0.058063172577659916,0.8758910389752144,0.8178278663975544,False
~asp_jupiter_moon_conj_orb3,1,2,-0.0849116670199873,-0.0649116670199873,0.4454458325477838,-0.07160946962679753,-0.05160946962679752,0.34083095927132734,0.39244042889812486,-0.07160946962679753,74,208,177,-0.0549351493382213,-0.05047006668505413,False,-0.09469275539661791,-0.0746927553966179,0.6805953319025245,0.7552880872991424,,,validation,,-0.0320739903567866,0.3742185684927018,0.4062925588494884,-0.07447508976618755,0.7433527766313669,0.8178278663975544,False
asp_jupiter_mars_sextile_orb1,1,1,-0.5187976161249994,-0.5087976161249994,0.0015598834427717311,-0.07177587829135494,-0.061775878291354946,0.3306645506067699,0.39244042889812486,-0.07177587829135494,14,4,43,-0.45433288696975765,0.23404591184829776,False,-0.7934965526327924,-0.7834965526327924,-0.0282084653336499,0.7552880872991424,,,validation,,-0.04360726076534033,0.36268529808414807,0.4062925588494884,-0.777373316844381,0.0404545495531734,0.8178278663975544,False
asp_mars_uranus_square_orb3,1,1,-0.4897199001727025,-0.4797199001727025,0.030637599395068594,-0.07181508793660517,-0.06181508793660517,0.3306253409615197,0.39244042889812486,-0.07181508793660517,17,10,45,-0.2197803360227265,0.05192756824323813,False,-0.39578393084381075,-0.38578393084381074,0.3695041564553317,0.7552880872991424,,,validation,,-0.2061675175384216,0.2001250413110668,0.4062925588494884,-0.42255023233862915,0.3952776340589253,0.8178278663975544,False
~asp_mars_uranus_square_orb5,1,2,-0.07654027905261955,-0.056540279052619546,0.45381722051515155,-0.07226768703363233,-0.052267687033632326,0.34017274186449253,0.39244042889812486,-0.07226768703363233,18,317,46,-0.0764954312018592,-0.02935954578964789,False,-0.11756670542609747,-0.09756670542609747,0.657721381873045,0.7552880872991424,,,validation,,-0.06034582532462329,0.3459467335248651,0.4062925588494884,-0.10001259996448231,0.7178152664330721,0.8178278663975544,False
~asp_jupiter_mercury_sextile_orb3,1,2,-0.13180404101657298,-0.11180404101657299,0.3985534585511981,-0.07343656984360807,-0.05343656984360806,0.3390038590545168,0.39244042889812486,-0.07343656984360807,42,167,98,-0.15393869111055447,0.026868743713982568,False,-0.11243393770727293,-0.09243393770727293,0.6628541495918695,0.7552880872991424,,,validation,,-0.018671084037823138,0.38762147481166526,0.4062925588494884,-0.0696169849124374,0.748210881485117,0.8178278663975544,False
~asp_mars_mercury_square_orb3,1,2,-0.00872362193092711,0.01127637806907289,0.521633877636844,-0.07360551998525093,-0.05360551998525093,0.33883490891287393,0.39244042889812486,-0.07360551998525093,32,396,81,-0.07056247602159349,-0.03966200570876552,False,-0.013741554989205911,0.006258445010794089,0.7615465323099365,0.7552880872991424,,,validation,,-0.03835627415378423,0.36793628469570416,0.4062925588494884,0.0028306179003001475,0.8206584842978546,0.8178278663975544,False
~asp_jupiter_moon_opp_orb5,1,2,-0.13410485966352106,-0.11410485966352107,0.39625263990425,-0.07361998258934625,-0.05361998258934625,0.3388204463087786,0.39244042889812486,-0.07361998258934625,132,151,294,-0.0266201299689115,-0.07186248790603544,False,-0.09361734140676946,-0.07361734140676945,0.681670745892373,0.7552880872991424,,,validation,,-0.009169599170366749,0.39712295967912165,0.4062925588494884,-0.06877424818769684,0.7490536182098576,0.8178278663975544,False
~asp_moon_uranus_sextile_orb3,1,2,-0.11680443363776243,-0.09680443363776242,0.4135530659300087,-0.0739074979649048,-0.053907497964904794,0.33853293093322007,0.39244042889812486,-0.0739074979649048,125,94,331,-0.1300916382846074,0.006550622265900113,False,-0.16944726471698343,-0.14944726471698344,0.605840822582159,0.7552880872991424,,,validation,,-0.06988713126546026,0.33640542758402814,0.4062925588494884,-0.11572065953147659,0.7021072068660779,0.8178278663975544,False
~sun_sign_sagittarius,1,2,-0.11032994773936726,-0.09032994773936726,0.42002755182840384,-0.07419272788155072,-0.05419272788155072,0.33824770101657414,0.39244042889812486,-0.07419272788155072,16,233,40,-0.0275165933722612,-0.07823730632011278,False,-0.07398962499068638,-0.05398962499068638,0.701298462308456,0.7552880872991424,,,validation,,-0.055063632407047924,0.35122892644244047,0.4062925588494884,-0.051477075622428314,0.7663507907751261,0.8178278663975544,False
~asp_moon_venus_conj_orb5,1,2,-0.13027429977270863,-0.11027429977270864,0.40008319979506246,-0.07478663482775365,-0.054786634827753644,0.3376537940703712,0.39244042889812486,-0.07478663482775365,101,134,267,-0.0522032120337621,-0.057334893424687866,False,-0.13691390209494367,-0.11691390209494368,0.6383741852041988,0.7552880872991424,,,validation,,-0.05165710602798318,0.3546354528215052,0.4062925588494884,-0.11038842706545315,0.7074394393321013,0.8178278663975544,False
~asp_mercury_moon_square_orb3,1,2,0.004612663542448953,0.024612663542448954,0.53497016311022,-0.07483214211667975,-0.05483214211667975,0.3376082867814451,0.39244042889812486,-0.07483214211667975,124,140,319,-0.07302465763098243,-0.039972466332647394,False,-0.1982047817541774,-0.17820478175417742,0.577083305544965,0.7552880872991424,,,validation,,-0.045707515231262485,0.3605850436182259,0.4062925588494884,-0.14622314301834538,0.6716047233792091,0.8178278663975544,False
asp_pluto_saturn_trine_orb5,1,1,-0.2638846495631209,-0.2538846495631209,0.2564728500046502,-0.07549057890036774,-0.06549057890036775,0.3269498499977571,0.39244042889812486,-0.07549057890036774,6,142,8,0.1032747935629228,-0.14770278157086464,False,-0.7652880872991424,-0.7552880872991424,0.0,0.7552880872991424,,,validation,,0.08547050316177512,0.4917630620112635,0.4062925588494884,-0.8178278663975544,0.0,0.8178278663975544,False
~asp_moon_venus_square_orb3,1,2,-0.18080581197884307,-0.16080581197884308,0.349551687588928,-0.0756070361342898,-0.0556070361342898,0.33683339276383506,0.39244042889812486,-0.0756070361342898,137,105,345,0.0670240327485665,-0.1526279069563254,False,-0.11855206922331961,-0.0985520692233196,0.6567360180758228,0.7552880872991424,,,validation,,-0.012939431732053863,0.39335312711743453,0.4062925588494884,-0.07129095435245125,0.7465369120451032,0.8178278663975544,False
~asp_mercury_moon_conj_orb3,1,2,-0.06038912831652847,-0.040389128316528466,0.46996837125124263,-0.07630262069464165,-0.05630262069464165,0.3361378082034832,0.39244042889812486,-0.07630262069464165,60,222,152,-0.04845671129501339,-0.06641834027806306,False,-0.06735697809485973,-0.047356978094859725,0.7079311092042827,0.7552880872991424,,,validation,,-0.02878884456198355,0.37750371428750484,0.4062925588494884,-0.03613399042726173,0.7816938759702927,0.8178278663975544,False
~asp_mars_moon_sextile_orb5,1,2,-0.22266710798357972,-0.20266710798357973,0.30769039158419137,-0.07665711174400457,-0.05665711174400456,0.3357833171541203,0.39244042889812486,-0.07665711174400457,207,76,544,-0.13519178118719521,0.0011592503961919687,False,-0.20814295164335858,-0.1881429516433586,0.5671451356557838,0.7552880872991424,,,validation,,-0.05267707924101922,0.3536154796084692,0.4062925588494884,-0.1791406285019449,0.6386872378956095,0.8178278663975544,False
~asp_mercury_pluto_conj_orb5,1,2,0.0826925545238414,0.1026925545238414,0.6130500540916125,-0.07782644226862671,-0.05782644226862671,0.33461398662949815,0.39244042889812486,-0.07782644226862671,20,246,51,-0.08285704534415606,-0.03795902756320946,False,-0.0613224761004738,-0.04132247610047379,0.7139656111986686,0.7552880872991424,,,validation,,-0.052842789859012584,0.3534497689904758,0.4062925588494884,-0.03203856060829913,0.7857893057892553,0.8178278663975544,False
~asp_mars_uranus_trine_orb3,1,2,-0.05128276659169438,-0.03128276659169438,0.4790747329760767,-0.07792660936131211,-0.05792660936131211,0.33451381953681275,0.39244042889812486,-0.07792660936131211,19,365,46,-0.10894972192162233,-0.017862493508728622,False,-0.010467993543748038,0.009532006456251962,0.7648200937553944,0.7552880872991424,,,validation,,-0.03705602715572043,0.36923653169376797,0.4062925588494884,-0.002741753104670286,0.8150861132928842,0.8178278663975544,False
~asp_moon_uranus_opp_orb3,1,2,-0.11728999780019266,-0.09728999780019265,0.41306750176757845,-0.07802040330147113,-0.058020403301471124,0.33442002559665374,0.39244042889812486,-0.07802040330147113,63,206,166,-0.00631969916780506,-0.09855567882843001,False,-0.06900946306385945,-0.04900946306385945,0.706278624235283,0.7552880872991424,,,validation,,-0.04054141156212343,0.36575114728736496,0.4062925588494884,-0.03871679663527294,0.7791110697622815,0.8178278663975544,False
asp_jupiter_neptune_square_orb5,1,1,-0.40518564059164724,-0.39518564059164724,0.11517185897612385,-0.07888172163518002,-0.06888172163518003,0.32355870726294483,0.39244042889812486,-0.07888172163518002,4,105,10,-0.3160119713254575,0.23587809484832428,False,-0.2855842939472252,-0.27558429394722517,0.47970379335191726,0.7552880872991424,,,validation,,-0.14842267316018037,0.257869885689308,0.4062925588494884,-0.42271990360058254,0.3951079627969719,0.8178278663975544,False
asp_mars_pluto_square_orb3,1,1,-0.442054194449953,-0.43205419444995297,0.0783033051178181,-0.07906013909829816,-0.06906013909829817,0.3233802897998267,0.39244042889812486,-0.07906013909829816,17,19,43,-0.13644406085135236,-0.04967867728080702,False,-0.3419246191701195,-0.3319246191701195,0.4233634681290229,0.7552880872991424,,,validation,,-0.03256427110844107,0.3737282877410473,0.4062925588494884,-0.343670393506554,0.47415747289100046,0.8178278663975544,False
~asp_moon_sun_opp_orb3,1,2,-0.02585880201074962,-0.00585880201074962,0.5044986975570215,-0.07908068598861116,-0.05908068598861116,0.3333597429095137,0.39244042889812486,-0.07908068598861116,59,122,150,-0.07622182674631006,-0.04569935618221002,False,-0.12135279395369868,-0.10135279395369867,0.6539352933454438,0.7552880872991424,,,validation,,-0.02149688588749915,0.38479567296198924,0.4062925588494884,-0.10114260203408965,0.7166852643634648,0.8178278663975544,False
~moon_sign_scorpio,1,2,-0.17066624601471878,-0.15066624601471879,0.3596912535530523,-0.0796347561638761,-0.05963475616387609,0.33280567273424877,0.39244042889812486,-0.0796347561638761,175,75,452,-0.09323800561663242,-0.030633809221813496,False,-0.05510692341399591,-0.035106923413995905,0.7201811638851465,0.7552880872991424,,,validation,,-0.08971346116826706,0.31657909768122133,0.4062925588494884,-0.01369205078909741,0.804135815608457,0.8178278663975544,False
uranus_station,1,1,-0.12356321415553721,-0.11356321415553722,0.3967942854122339,-0.08023273314176226,-0.07023273314176226,0.3222076957563626,0.39244042889812486,-0.08023273314176226,15,213,39,-0.15354131551149675,-0.00452183740164705,False,-0.18044408896442876,-0.17044408896442875,0.5848439983347137,0.7552880872991424,,,validation,,-0.08508221418636891,0.3212103446631195,0.4062925588494884,-0.1434259560197776,0.6744019103777769,0.8178278663975544,False
~asp_moon_sun_sextile_orb1,1,2,-0.04663418377297944,-0.026634183772979436,0.48372331579479166,-0.08148843671709331,-0.06148843671709331,0.33095199218103155,0.39244042889812486,-0.08148843671709331,58,252,123,-0.10433032904302586,-0.028252641139636853,False,-0.08125095276119852,-0.06125095276119852,0.6940371345379439,0.7552880872991424,,,validation,,-0.035170960424207864,0.37112159842528053,0.4062925588494884,-0.055059674872922626,0.7627681915246318,0.8178278663975544,False
~asp_uranus_venus_trine_orb1,1,2,-0.051426325735680664,-0.03142632573568066,0.47893117383209044,-0.08161651908859506,-0.061616519088595056,0.3308239098095298,0.39244042889812486,-0.08161651908859506,23,350,61,-0.03500527173814327,-0.08763069636474224,False,-0.029625715886791176,-0.009625715886791175,0.7456623714123513,0.7552880872991424,,,validation,,-0.048976574286192565,0.35731598456329583,0.4062925588494884,-0.0071512904088860685,0.8106765759886684,0.8178278663975544,False
asp_mars_sun_trine_orb3,1,1,-0.64822283442675,-0.63822283442675,-0.12786533485897886,-0.08192878207933955,-0.07192878207933956,0.3205116468187853,0.39244042889812486,-0.08192878207933955,14,7,37,-0.0900340847529083,-0.15581514158424983,False,-0.593243160756312,-0.583243160756312,0.17204492654283043,0.7552880872991424,,,validation,,-0.07935584655090105,0.32693671229858734,0.4062925588494884,-0.4365666766035532,0.38126118979400125,0.8178278663975544,False
~asp_mars_moon_square_orb1,1,2,-0.030134314401975875,-0.010134314401975875,0.5002231851657952,-0.08229551214929236,-0.062295512149292354,0.3301449167488325,0.39244042889812486,-0.08229551214929236,30,380,80,-0.10182071990553421,-0.030348364711337644,False,-0.03614654634466917,-0.016146546344669166,0.7391415409544733,0.7552880872991424,,,validation,,-0.03345558944896165,0.37283696940052674,0.4062925588494884,-0.01797833635458057,0.7998495300429739,0.8178278663975544,False
venus_sign_pisces,1,1,-0.06841173292103124,-0.058411732921031245,0.45194576664673985,-0.08230699056607564,-0.07230699056607565,0.3201334383320492,0.39244042889812486,-0.08230699056607564,16,21,40,0.07188249378893163,-0.18929145718825427,False,-0.4369839667271027,-0.4269839667271027,0.3283041205720397,0.7552880872991424,,,validation,,-0.39682602627576585,0.00946653257372255,0.4062925588494884,-0.4407476849533413,0.3770801814442131,0.8178278663975544,False
venus_ingress_5d,1,1,-0.3190989277980639,-0.3090989277980639,0.20125857176970718,-0.08235654368302657,-0.07235654368302658,0.3200838852150983,0.39244042889812486,-0.08235654368302657,192,6,497,-0.12083782222733064,-0.04097080085565777,False,-0.01310265891869399,-0.00310265891869399,0.7521854283804484,0.7552880872991424,,,validation,,0.10097634547857032,0.5072689043280587,0.4062925588494884,-0.03586312665264402,0.7819647397449104,0.8178278663975544,False
~asp_mercury_pluto_trine_orb3,1,2,-0.06505882466775774,-0.045058824667757735,0.46529867490001336,-0.08242044995613616,-0.06242044995613616,0.3300199789419887,0.39244042889812486,-0.08242044995613616,33,246,88,-0.014285234119093437,-0.10098627660745198,False,-0.02446085781365524,-0.004460857813655239,0.7508272294854872,0.7552880872991424,,,validation,,-0.036897056683276586,0.3693955021662118,0.4062925588494884,-0.014852802012921162,0.8029750643846333,0.8178278663975544,False
venus_sign_libra,1,1,-0.2623199320424413,-0.2523199320424413,0.2580375675253298,-0.08277887209562322,-0.07277887209562323,0.31966155680250163,0.39244042889812486,-0.08277887209562322,15,22,39,-0.05922272178272203,-0.025320357959569384,False,-0.6190488340130937,-0.6090488340130937,0.1462392532860487,0.7552880872991424,,,validation,,-0.13529666221768127,0.2709958966318071,0.4062925588494884,-0.6779354570519217,0.13989240934563277,0.8178278663975544,False
~asp_mars_pluto_square_orb3,1,2,-0.05556746781944043,-0.035567467819440424,0.4747900317483307,-0.08292122579928433,-0.06292122579928433,0.32951920309884053,0.39244042889812486,-0.08292122579928433,18,313,44,-0.096046286978821,-0.03660382837673937,False,-0.09956549585463757,-0.07956549585463757,0.6757225914445049,0.7552880872991424,,,validation,,-0.06261043649049336,0.34368212235899503,0.4062925588494884,-0.08451197657830956,0.7333158898192449,0.8178278663975544,False
~asp_jupiter_moon_sextile_orb3,1,2,-0.1688027651107614,-0.1488027651107614,0.3615547344570097,-0.08373485446663397,-0.06373485446663396,0.3287055744314909,0.39244042889812486,-0.08373485446663397,115,112,332,-0.08127793627575608,-0.049197926620406424,False,-0.1271578720313896,-0.1071578720313896,0.6481302152677528,0.7552880872991424,,,validation,,-0.07079667610444479,0.3354958827450436,0.4062925588494884,-0.07615543749814646,0.741672428899408,0.8178278663975544,False
~asp_mars_saturn_trine_orb5,1,2,-0.05187966718723323,-0.03187966718723323,0.47847783238053787,-0.08394768335101481,-0.0639476833510148,0.32849274554711005,0.39244042889812486,-0.08394768335101481,17,399,42,-0.08981874204144602,-0.04236688225682145,False,0.02565062668068409,0.04565062668068409,0.8009387139798265,0.7552880872991424,,,validation,,-0.0705668698870211,0.3357256889624673,0.4062925588494884,0.0706004238363751,0.8884282902339296,0.8178278663975544,False
~asp_moon_sun_conj_orb3,1,2,-0.07051661038234895,-0.05051661038234895,0.45984088918542215,-0.08421701430407218,-0.06421701430407217,0.3282234145940527,0.39244042889812486,-0.08421701430407218,59,141,153,-0.09034198807475602,-0.04426148200584423,False,-0.09542095292350804,-0.07542095292350803,0.6798671343756344,0.7552880872991424,,,validation,,-0.0264484290184947,0.3798441298309937,0.4062925588494884,-0.051650604682850765,0.7661772617147037,0.8178278663975544,False
~asp_mercury_pluto_trine_orb5,1,2,-0.08657369846511125,-0.06657369846511124,0.44378380110265986,-0.08445736792211726,-0.06445736792211726,0.3279830609760076,0.39244042889812486,-0.08445736792211726,35,200,90,-0.051001050225314426,-0.07568619840626375,False,0.07925324422253967,0.09925324422253967,0.8545413315216821,0.7552880872991424,,,validation,,-0.050602059652659015,0.3556904991968294,0.4062925588494884,0.09355984023590791,0.9113877066334624,0.8178278663975544,False
~asp_sun_uranus_square_orb1,1,2,-0.03754658226693007,-0.017546582266930066,0.49281091730084103,-0.0849402093979844,-0.0649402093979844,0.32750021950014047,0.39244042889812486,-0.0849402093979844,28,378,68,-0.10483376571178893,-0.032161891917985935,False,-0.019626483289283164,0.0003735167107168369,0.7556616040098593,0.7552880872991424,,,validation,,-0.06115379738455656,0.34513876146493183,0.4062925588494884,-0.0005308884427561722,0.8172969779547983,0.8178278663975544,False
asp_pluto_saturn_trine_orb3,1,1,-0.18296578381925327,-0.17296578381925326,0.33739171574851784,-0.0853634519553622,-0.0753634519553622,0.31707697694276266,0.39244042889812486,-0.0853634519553622,6,66,8,0.08753270047556028,-0.1115321584372039,False,-0.7652880872991424,-0.7552880872991424,0.0,0.7552880872991424,,,validation,,-0.05814106401906349,0.3481514948304249,0.4062925588494884,-0.8178278663975544,0.0,0.8178278663975544,False
~asp_mercury_venus_sextile_orb3,1,2,-0.11427096160357002,-0.09427096160357001,0.4160865379642011,-0.08557936320115954,-0.06557936320115954,0.3268610656969653,0.39244042889812486,-0.08557936320115954,34,326,89,-0.044085079049184794,-0.08062337360219354,False,-0.006807864330913165,0.013192135669086835,0.7684802229682293,0.7552880872991424,,,validation,,-0.009010825632062236,0.39728173321742616,0.4062925588494884,0.024113315494520005,0.8419411818920745,0.8178278663975544,False
asp_jupiter_mercury_conj_orb1,1,1,-0.6564901299666597,-0.6464901299666597,-0.13613263039888854,-0.08568076725160016,-0.07568076725160017,0.3167596616465247,0.39244042889812486,-0.08568076725160016,14,3,38,-0.6254078370513921,0.274146165666401,False,-0.6819269470444891,-0.6719269470444891,0.08336114025465331,0.7552880872991424,,,validation,,-0.18447029819451602,0.22182226065497238,0.4062925588494884,-0.7238605183539719,0.09396734804358256,0.8178278663975544,False
asp_jupiter_saturn_sextile_orb1,1,1,-0.543894619698261,-0.533894619698261,-0.023537120130489943,-0.0861840004519903,-0.07618400045199031,0.31625642844613455,0.39244042889812486,-0.0861840004519903,6,17,11,-0.02038764693339279,-0.2516679239760657,False,-0.6158155799278889,-0.6058155799278889,0.14947250737125348,0.7552880872991424,,,validation,,-0.2622875281404109,0.14400503070907753,0.4062925588494884,-0.7312974058382782,0.08653046055927632,0.8178278663975544,False
~asp_mercury_venus_sextile_orb5,1,2,-0.11910811835237466,-0.09910811835237465,0.41124938121539645,-0.08718198738017895,-0.06718198738017894,0.3252584415179459,0.39244042889812486,-0.08718198738017895,36,317,87,-0.03975694530154461,-0.08199362304623256,False,-0.07126422502545225,-0.05126422502545225,0.7040238622736902,0.7552880872991424,,,validation,,0.02991576703444765,0.43620832588393604,0.4062925588494884,-0.06039735777244226,0.7574305086251122,0.8178278663975544,False
~asp_sun_uranus_conj_orb5,1,2,-0.046152817538693644,-0.02615281753869364,0.48420468202907746,-0.08738295926397681,-0.0673829592639768,0.32505746963414806,0.39244042889812486,-0.08738295926397681,16,249,39,-0.03026860831770195,-0.09917498203492672,False,-0.07824633797198764,-0.05824633797198764,0.6970417493271548,0.7552880872991424,,,validation,,-0.06722743808162224,0.33906512076786616,0.4062925588494884,-0.04111445926814794,0.7767134071294065,0.8178278663975544,False
~asp_moon_saturn_conj_orb3,1,2,-0.06189057137969088,-0.04189057137969088,0.4684669281880802,-0.08776805028429245,-0.06776805028429245,0.3246723786138324,0.39244042889812486,-0.08776805028429245,63,152,166,0.009898178226934617,-0.13099162226591596,False,-0.07929023134819833,-0.05929023134819833,0.6959978559509441,0.7552880872991424,,,validation,,-0.03983709256811524,0.36645546628137315,0.4062925588494884,-0.05211068777349792,0.7657171786240565,0.8178278663975544,False
~sun_sign_leo,1,2,-0.023012771397394532,-0.0030127713973945314,0.5073447281703766,-0.08839777381066981,-0.0683977738106698,0.32404265508745506,0.39244042889812486,-0.08839777381066981,16,232,40,-0.0032650715173097034,-0.1250417941423883,False,0.05532112186952766,0.07532112186952766,0.8306092091686701,0.7552880872991424,,,validation,,-0.04446237485047183,0.36183018399901656,0.4062925588494884,0.06434720048521259,0.882175066882767,0.8178278663975544,False
asp_mars_venus_square_orb5,1,1,-0.15228599993039105,-0.14228599993039104,0.36807149963738006,-0.0884681386909623,-0.07846813869096231,0.31397229020716255,0.39244042889812486,-0.0884681386909623,20,18,57,-0.40264231438450737,0.207645512419121,False,-0.7933972456063835,-0.7833972456063835,-0.028109158307241075,0.7552880872991424,,,validation,,-0.22689964533811963,0.17939291351136877,0.4062925588494884,-0.9324114678553727,-0.11458360145781825,0.8178278663975544,False
~asp_moon_saturn_square_orb3,1,2,-0.2025438641874863,-0.1825438641874863,0.3278136353802848,-0.08929068614809586,-0.06929068614809586,0.323149742750029,0.39244042889812486,-0.08929068614809586,129,133,330,-0.02915536408063535,-0.09853692759638225,False,-0.11221431374873635,-0.09221431374873634,0.6630737735504061,0.7552880872991424,,,validation,,-0.05415943566474868,0.3521331231847397,0.4062925588494884,-0.06829585534761373,0.7495320110499407,0.8178278663975544,False
~asp_mars_uranus_square_orb3,1,2,-0.04905509729225048,-0.029055097292250476,0.4813024022755206,-0.0894610810938145,-0.06946108109381449,0.32297934780431037,0.39244042889812486,-0.0894610810938145,18,321,46,-0.0886556664020488,-0.0541984505186065,False,-0.11051387683796186,-0.09051387683796186,0.6647742104611806,0.7552880872991424,,,validation,,-0.04658848156925305,0.35970407728023535,0.4062925588494884,-0.08499729935788647,0.732830567039668,0.8178278663975544,False
~asp_mars_pluto_sextile_orb3,1,2,-0.05380531141880983,-0.033805311418809825,0.4765521881489613,-0.08954879000467168,-0.06954879000467168,0.3228916388934532,0.39244042889812486,-0.08954879000467168,18,373,42,-0.07961091888456517,-0.06480961997797113,False,-0.05114522535875364,-0.031145225358753637,0.7241428619403888,0.7552880872991424,,,validation,,-0.03242894942406449,0.3738636094254239,0.4062925588494884,-0.021741304118799154,0.7960865622787553,0.8178278663975544,False
~asp_mars_mercury_sextile_orb3,1,2,-0.1309983008903264,-0.11099830089032642,0.3993591986774447,-0.08961089707219104,-0.06961089707219104,0.3228295318259338,0.39244042889812486,-0.08961089707219104,37,257,92,-0.08704577975556127,-0.05449697085222788,False,0.04897024716755284,0.06897024716755285,0.8242583344666953,0.7552880872991424,,,validation,,-0.06511266401785332,0.3411798948316351,0.4062925588494884,0.07218810715024271,0.8900159735477972,0.8178278663975544,False
~asp_jupiter_mercury_conj_orb3,1,2,-0.06643857935076035,-0.046438579350760345,0.46391892021701076,-0.09063783842598998,-0.07063783842598997,0.3218025904721349,0.39244042889812486,-0.09063783842598998,20,295,52,-0.09500408544106465,-0.05320406345634954,False,-0.030569773119085358,-0.010569773119085357,0.7447183141800571,0.7552880872991424,,,validation,,-0.05908673620454241,0.347205822644946,0.4062925588494884,0.0017807821680452252,0.8196086485655997,0.8178278663975544,False
asp_pluto_sun_trine_orb5,1,1,-0.06795456647324759,-0.05795456647324759,0.4524029330945235,-0.09066633480396218,-0.08066633480396218,0.3117740940941627,0.39244042889812486,-0.09066633480396218,30,9,77,-0.7583054873048326,0.5991698452973018,False,-0.8856200678033957,-0.8756200678033957,-0.12033198050425334,0.7552880872991424,,,validation,,-0.3315141129704368,0.07477844587905158,0.4062925588494884,-0.8074213523589447,0.010406514038609748,0.8178278663975544,False
asp_sun_uranus_conj_orb5,1,1,-0.48018494762104746,-0.47018494762104746,0.04017255194672363,-0.09116621681885272,-0.08116621681885272,0.31127421207927214,0.39244042889812486,-0.09116621681885272,15,9,38,-0.541519034143028,0.2623262624055833,False,-0.4829807658046669,-0.4729807658046669,0.2823073214944755,0.7552880872991424,,,validation,,-0.052710260239108464,0.35358229861037993,0.4062925588494884,-0.6252384677369577,0.1925893986605968,0.8178278663975544,False
~asp_pluto_venus_square_orb1,1,2,-0.06555161672299818,-0.04555161672299818,0.4648058828447729,-0.09121552160692413,-0.07121552160692413,0.32122490729120073,0.39244042889812486,-0.09121552160692413,30,282,71,-0.11210949302629425,-0.03944818681869447,False,-0.03493322005284015,-0.014933220052840146,0.7403548672463023,0.7552880872991424,,,validation,,-0.07353247238044824,0.33276008646904015,0.4062925588494884,-0.01686896544487204,0.8009589009526824,0.8178278663975544,False
~venus_station,1,2,-0.030254574536307404,-0.010254574536307404,0.5001029250314637,-0.09147679326371459,-0.07147679326371459,0.32096363563441027,0.39244042889812486,-0.09147679326371459,19,369,49,0.003641062168081688,-0.13558671506666048,False,-0.0048856561940029235,0.015114343805997077,0.7704024311051395,0.7552880872991424,,,validation,,-0.06234412229318048,0.3439484365563079,0.4062925588494884,0.0045056901654841885,0.8223335565630386,0.8178278663975544,False
asp_sun_uranus_square_orb5,1,1,-0.3228722678165549,-0.3128722678165549,0.19748523175121618,-0.09179525343759996,-0.08179525343759997,0.3106451754605249,0.39244042889812486,-0.09179525343759996,30,9,77,-0.08751362521543382,-0.18955896582583256,False,-0.42212301240425265,-0.41212301240425264,0.3431650748948898,0.7552880872991424,,,validation,,0.005755351293507238,0.41204791014299563,0.4062925588494884,-0.4557087460149517,0.36211912038260274,0.8178278663975544,False
~asp_moon_uranus_conj_orb3,1,2,-0.06838744141791019,-0.04838744141791018,0.4619700581498609,-0.09239330873887867,-0.07239330873887867,0.3200471201592462,0.39244042889812486,-0.09239330873887867,58,149,160,-0.06746155668132825,-0.07665094158563335,False,-0.059603167492984985,-0.03960316749298498,0.7156849198061574,0.7552880872991424,,,validation,,-0.012071124998647709,0.3942214338508407,0.4062925588494884,-0.027587143399109282,0.7902407229984452,0.8178278663975544,False
~asp_moon_venus_opp_orb3,1,2,-0.08358909324599571,-0.06358909324599571,0.4467684063217754,-0.09245158915241179,-0.07245158915241179,0.31998883974571307,0.39244042889812486,-0.09245158915241179,56,326,165,-0.06124588426895261,-0.08205573669855906,False,-0.13958905515890804,-0.11958905515890805,0.6356990321402344,0.7552880872991424,,,validation,,-0.07540775685330608,0.3308848019961823,0.4062925588494884,-0.11554947722053954,0.7022783891770149,0.8178278663975544,False
~asp_moon_uranus_sextile_orb5,1,2,-0.2480658537080566,-0.2280658537080566,0.2822916458597145,-0.09276618154349024,-0.07276618154349024,0.3196742473546346,0.39244042889812486,-0.09276618154349024,213,56,554,-0.1356391769955092,-0.023409401651696915,False,-0.23794390329927692,-0.21794390329927693,0.5373441839998655,0.7552880872991424,,,validation,,-0.05655312199237944,0.34973943685710895,0.4062925588494884,-0.15838976436611651,0.6594381020314379,0.8178278663975544,False
asp_mars_saturn_opp_orb1,1,1,-0.6188815892975392,-0.6088815892975392,-0.09852408972976809,-0.09298086681137128,-0.08298086681137129,0.30945956208675357,0.39244042889812486,-0.09298086681137128,11,7,22,0.08152333499671227,-0.6481212127703062,False,-0.6464286997845048,-0.6364286997845048,0.11885938751463766,0.7552880872991424,,,validation,,-0.014566852961556298,0.3917257058879321,0.4062925588494884,-0.7846816990133222,0.03314616738423222,0.8178278663975544,False
~sun_ingress_1d,1,2,-0.13716385291073332,-0.11716385291073333,0.39319364665703777,-0.09313767386701392,-0.07313767386701392,0.31930275503111094,0.39244042889812486,-0.09313767386701392,181,22,468,-0.10114152091780615,-0.05300469167128907,False,-0.11734540490336252,-0.09734540490336252,0.6579426823957799,0.7552880872991424,,,validation,,-0.03223565743782386,0.37405690141166453,0.4062925588494884,-0.10750353476191754,0.7103243316356369,0.8178278663975544,False
~asp_moon_sun_square_orb5,1,2,-0.3088604428824872,-0.2888604428824872,0.2214970566852839,-0.09321531643296281,-0.07321531643296281,0.31922511246516205,0.39244042889812486,-0.09321531643296281,222,61,571,-0.22051525096594443,0.04799878672414076,False,-0.24299410823212295,-0.22299410823212296,0.5322939790670195,0.7552880872991424,,,validation,,-0.052543663187967216,0.3537488956615212,0.4062925588494884,-0.20550519871857353,0.6123226676789809,0.8178278663975544,False
~asp_mars_venus_square_orb5,1,2,-0.1447596673883436,-0.1247596673883436,0.3855978321794275,-0.09347293673457867,-0.07347293673457866,0.3189674921635462,0.39244042889812486,-0.09347293673457867,21,390,58,-0.06651346422633109,-0.07772649509144344,False,-0.02674052695882088,-0.0067405269588208805,0.7485475603403215,0.7552880872991424,,,validation,,-0.04762181974461582,0.35867073910487257,0.4062925588494884,0.02537858358216183,0.8432064499797163,0.8178278663975544,False
~asp_mercury_uranus_opp_orb5,1,2,-0.053598858682726444,-0.03359885868272644,0.47675864088504466,-0.09443283259199502,-0.07443283259199501,0.31800759630612985,0.39244042889812486,-0.09443283259199502,18,280,46,-0.0628818645968715,-0.08664757220090752,False,-0.04312737352156147,-0.023127373521561467,0.732160713777581,0.7552880872991424,,,validation,,-0.08178763827867097,0.3245049205708174,0.4062925588494884,-0.028172887308747563,0.7896549790888069,0.8178278663975544,False
~moon_sign_sagittarius,1,2,-0.08309316320518327,-0.06309316320518327,0.44726433636258783,-0.09462637644394671,-0.07462637644394671,0.31781405245417815,0.39244042889812486,-0.09462637644394671,175,57,453,-0.15613781696627332,-0.010616880042563198,False,-0.3257672691848011,-0.30576726918480107,0.44952081811434136,0.7552880872991424,,,validation,,-0.07675516658056969,0.3295373922689187,0.4062925588494884,-0.27659842657065603,0.5412294398268984,0.8178278663975544,False
~asp_moon_pluto_opp_orb3,1,2,-0.08284591668029849,-0.06284591668029849,0.4475115828874726,-0.09658129456044333,-0.07658129456044332,0.31585913433768154,0.39244042889812486,-0.09658129456044333,66,151,164,-0.11804933398539663,-0.04227668725330319,False,-0.08018097918145849,-0.06018097918145848,0.695107108117684,0.7552880872991424,,,validation,,-0.0447219211098539,0.3615706377396345,0.4062925588494884,-0.050830659858184246,0.7669972065393702,0.8178278663975544,False
~venus_sign_aquarius,1,2,-0.06695375162161758,-0.04695375162161758,0.4634037479461535,-0.0968199728547847,-0.0768199728547847,0.31562045604334016,0.39244042889812486,-0.0968199728547847,18,267,45,-0.0791675939504296,-0.07175364297355691,False,-0.06449089911692417,-0.044490899116924165,0.7107971881822183,0.7552880872991424,,,validation,,-0.048855725161453645,0.35743683368803475,0.4062925588494884,-0.042612718564372654,0.7752151478331818,0.8178278663975544,False
~asp_mercury_neptune_sextile_orb3,1,2,-0.06591619193074748,-0.045916191930747474,0.4644413076370236,-0.09725411237439378,-0.07725411237439378,0.3151863165237311,0.39244042889812486,-0.09725411237439378,37,164,98,-0.1692947808757017,-0.004444602759305305,False,-0.09263929009009107,-0.07263929009009107,0.6826487972090514,0.7552880872991424,,,validation,,-0.11561683200397188,0.2906757268455165,0.4062925588494884,-0.0717726174994201,0.7460552488981343,0.8178278663975544,False
~asp_mercury_saturn_opp_orb3,1,2,-0.07992093366418511,-0.059920933664185105,0.450436565903586,-0.09728526090882221,-0.0772852609088222,0.31515516798930265,0.39244042889812486,-0.09728526090882221,17,283,41,-0.07969298405727654,-0.07720878905341444,False,-0.04903297121493176,-0.029032971214931758,0.7262551160842107,0.7552880872991424,,,validation,,-0.050812361217502156,0.35548019763198624,0.4062925588494884,-0.02765685272445184,0.7901710136731026,0.8178278663975544,False
asp_jupiter_mercury_conj_orb3,1,1,-0.4019489837908117,-0.39194898379081167,0.11840851577695942,-0.09760080701942862,-0.08760080701942863,0.30483962187869623,0.39244042889812486,-0.09760080701942862,19,13,51,-0.11660441332857907,-0.023370972670656492,False,-0.9147932767241398,-0.9047932767241398,-0.14950518942499733,0.7552880872991424,,,validation,,-0.12572635778662156,0.28056620106286684,0.4062925588494884,-0.9890938942649018,-0.17126602786734732,0.8178278663975544,False
~asp_mercury_saturn_square_orb3,1,2,-0.11132109734524102,-0.09132109734524102,0.4190364022225301,-0.09765988778611494,-0.07765988778611493,0.3147805411120099,0.39244042889812486,-0.09765988778611494,34,249,94,-0.07111009782485811,-0.08508456464694826,False,-0.005068201610577288,0.014931798389422712,0.7702198856885651,0.7552880872991424,,,validation,,-0.07255897313118603,0.33373358571830236,0.4062925588494884,0.010707659808328551,0.828535526205883,0.8178278663975544,False
~saturn_station,1,2,-0.09136923552868724,-0.07136923552868724,0.43898826403908386,-0.09810646905743624,-0.07810646905743623,0.3143339598406886,0.39244042889812486,-0.09810646905743624,29,127,75,0.16917020147243078,-0.24064892857630774,False,-0.20749832793278142,-0.18749832793278143,0.567789759366361,0.7552880872991424,,,validation,,-0.18362269073638177,0.22266986811310663,0.4062925588494884,-0.18378083952821678,0.6340470268693377,0.8178278663975544,False
~asp_mars_mercury_square_orb5,1,2,-0.02131631390401632,-0.0013163139040163196,0.5090411856637548,-0.09943518893863428,-0.07943518893863427,0.3130052399594906,0.39244042889812486,-0.09943518893863428,31,394,80,-0.0556982832107481,-0.09604998456222055,False,-0.039843100620795865,-0.01984310062079586,0.7354449866783466,0.7552880872991424,,,validation,,-0.047251993592208774,0.3590405652572796,0.4062925588494884,-0.017344305416601924,0.8004835609809525,0.8178278663975544,False
asp_jupiter_sun_trine_orb5,1,1,-0.6416068719963632,-0.6316068719963632,-0.12124937242859214,-0.09997626543129333,-0.08997626543129333,0.3024641634668315,0.39244042889812486,-0.09997626543129333,28,8,72,-0.29476275738552155,0.07495235225649294,False,-0.39769290642116245,-0.38769290642116244,0.36759518087798,0.7552880872991424,,,validation,,-0.11911354084452047,0.2871790180049679,0.4062925588494884,-0.5250827142497208,0.2927451521478337,0.8178278663975544,False
asp_saturn_sun_square_orb3,1,1,-0.3924702297291932,-0.3824702297291932,0.12788726983857787,-0.10022348591076817,-0.09022348591076818,0.3022169429873567,0.39244042889812486,-0.10022348591076817,29,5,76,-0.2083558846384852,0.009757158743205763,False,-0.785098545546794,-0.775098545546794,-0.019810458247651614,0.7552880872991424,,,validation,,0.019613264802536334,0.42590582365202473,0.4062925588494884,-0.7239898971966678,0.09383796920088659,0.8178278663975544,False
~asp_jupiter_moon_square_orb3,1,2,-0.18654307992769212,-0.16654307992769213,0.34381441964007897,-0.10022929694831344,-0.08022929694831343,0.3122111319498114,0.39244042889812486,-0.10022929694831344,141,140,339,-0.09768391050118297,-0.06944312908460079,False,-0.1967354612422517,-0.1767354612422517,0.5785526260568907,0.7552880872991424,,,validation,,-0.10392839850604552,0.3023641603434429,0.4062925588494884,-0.15578519463222984,0.6620426717653246,0.8178278663975544,False
~mercury_sign_aries,1,2,-0.07677101361028975,-0.056771013610289744,0.45358648595748136,-0.10028635599969836,-0.08028635599969836,0.3121540728984265,0.39244042889812486,-0.10028635599969836,19,238,48,-0.12966144783914046,-0.03808311427732666,False,-0.1283656652918553,-0.10836566529185532,0.6469224220072871,0.7552880872991424,,,validation,,-0.10119303115162998,0.3050995276978584,0.4062925588494884,-0.10832690714066873,0.7095009592568857,0.8178278663975544,False
~asp_mercury_saturn_trine_orb5,1,2,0.0009660917287219913,0.02096609172872199,0.5313235912964931,-0.10098141684767352,-0.08098141684767352,0.31145901205045134,0.39244042889812486,-0.10098141684767352,35,178,91,-0.05949398060838973,-0.09583047439987527,False,-0.12616150704873516,-0.10616150704873517,0.6491265802504073,0.7552880872991424,,,validation,,-0.051308757753347645,0.35498380109614075,0.4062925588494884,-0.09697884729125117,0.7208490191063033,0.8178278663975544,False
~asp_mercury_saturn_trine_orb3,1,2,-0.03927407233342793,-0.019274072333427927,0.4910834272343432,-0.10104754565211842,-0.08104754565211841,0.31139288324600645,0.39244042889812486,-0.10104754565211842,33,249,88,-0.07026327140936961,-0.0882647426142666,False,-0.082310209514717,-0.062310209514717,0.6929778777844254,0.7552880872991424,,,validation,,-0.07126123493523423,0.33503132391425416,0.4062925588494884,-0.043889545618506665,0.7739383207790478,0.8178278663975544,False
~asp_moon_saturn_opp_orb3,1,2,-0.06114943725375281,-0.04114943725375281,0.4692080623140183,-0.10119219522084537,-0.08119219522084536,0.3112482336772795,0.39244042889812486,-0.10119219522084537,64,188,154,-0.07663221369634377,-0.08486058464653244,False,-0.06561989091798535,-0.04561989091798535,0.7096681963811571,0.7552880872991424,,,validation,,-0.04395822820693723,0.36233433064255116,0.4062925588494884,-0.05143975196231665,0.7663881144352378,0.8178278663975544,False
~asp_saturn_sun_square_orb3,1,2,-0.08743250677250651,-0.0674325067725065,0.4429249927952646,-0.1022687647893634,-0.0822687647893634,0.31017166410876146,0.39244042889812486,-0.1022687647893634,30,140,76,-0.10162147489765527,-0.06817027397334785,False,-0.04899165135129112,-0.028991651351291114,0.7262964359478513,0.7552880872991424,,,validation,,-0.09667925994042326,0.30961329890906514,0.4062925588494884,-0.04142325877382824,0.7764046076237262,0.8178278663975544,False
mars_sign_capricorn,1,1,-0.3378645962563115,-0.3278645962563115,0.18249290331145962,-0.10256275448136119,-0.0925627544813612,0.29987767441676366,0.39244042889812486,-0.10256275448136119,8,33,21,-0.16584811463026727,-0.04183225359278922,False,-0.8013010409685093,-0.7913010409685093,-0.03601295366936684,0.7552880872991424,,,validation,,-0.11003193803203382,0.2962606208174546,0.4062925588494884,-0.8162050328383017,0.0016228335592527107,0.8178278663975544,False
~asp_moon_pluto_sextile_orb3,1,2,-0.09192561127114023,-0.07192561127114022,0.4384318882966309,-0.10278007925597708,-0.08278007925597708,0.3096603496421478,0.39244042889812486,-0.10278007925597708,117,106,316,-0.14850250636128481,-0.03064158814617904,False,-0.1822103943212023,-0.16221039432120232,0.5930776929779401,0.7552880872991424,,,validation,,-0.09987827987362857,0.3064142789758598,0.4062925588494884,-0.14959986425134497,0.6682280021462095,0.8178278663975544,False
~mercury_sign_virgo,1,2,0.04724850264514259,0.0672485026451426,0.5776060022129137,-0.10307291595514427,-0.08307291595514427,0.3093675129429806,0.39244042889812486,-0.10307291595514427,20,236,50,-0.03055535116934638,-0.1259634753985744,False,0.020582213666508715,0.040582213666508715,0.7958703009656511,0.7552880872991424,,,validation,,-0.09388742741304384,0.31240513143644455,0.4062925588494884,0.03163938142349565,0.8494672478210501,0.8178278663975544,False
~sun_sign_aries,1,2,-0.06316899416790149,-0.04316899416790149,0.4671885053998696,-0.10329722653133415,-0.08329722653133415,0.3091432023667907,0.39244042889812486,-0.10329722653133415,16,232,40,-0.059009098035135654,-0.09734205621702155,False,-0.09521476591706644,-0.07521476591706644,0.680073321382076,0.7552880872991424,,,validation,,-0.048110475847223055,0.35818208300226534,0.4062925588494884,-0.03454944807881921,0.7832784183187352,0.8178278663975544,False
~asp_sun_uranus_square_orb3,1,2,-0.05668445669346993,-0.036684456693469925,0.4736730428743012,-0.10368315408967581,-0.0836831540896758,0.30875727480844906,0.39244042889812486,-0.10368315408967581,31,126,78,-0.1425501794257883,-0.035936824730982087,False,-0.06740231134193618,-0.047402311341936176,0.7078857759572063,0.7552880872991424,,,validation,,-0.07846284192988612,0.3278297169196023,0.4062925588494884,-0.04325741744633338,0.7745704489512211,0.8178278663975544,False
asp_pluto_venus_square_orb5,1,1,-0.27220203361301926,-0.26220203361301925,0.24815546595475185,-0.10399080994934144,-0.09399080994934145,0.2984496189487834,0.39244042889812486,-0.10399080994934144,32,31,84,-0.32999223624881724,0.10390750271201527,False,-0.9617833838675102,-0.9517833838675102,-0.19649529656836776,0.7552880872991424,,,validation,,-0.16088112034637883,0.24541143850310956,0.4062925588494884,-0.893264923620821,-0.07543705722326653,0.8178278663975544,False
~asp_jupiter_sun_trine_orb5,1,2,-0.029447048301130967,-0.009447048301130967,0.5009104512666401,-0.10491681240891397,-0.08491681240891397,0.3075236164892109,0.39244042889812486,-0.10491681240891397,29,195,73,-0.0924675951113556,-0.07984193547874185,False,-0.12050793498709388,-0.10050793498709387,0.6547801523120486,0.7552880872991424,,,validation,,-0.07296717568338051,0.3333253831661079,0.4062925588494884,-0.07767584734324717,0.7401520190543073,0.8178278663975544,False
~jupiter_retro,1,2,0.11380727815030935,0.13380727815030935,0.6441647777180805,-0.10503717655752685,-0.08503717655752685,0.307403252340598,0.39244042889812486,-0.10503717655752685,15,197,37,-0.12268006585555458,-0.03520700298627924,False,-0.19699756756105455,-0.17699756756105456,0.5782905197380879,0.7552880872991424,,,validation,,-0.09549538586385897,0.3107971729856294,0.4062925588494884,-0.13682328161376645,0.681004584783788,0.8178278663975544,False
~asp_mercury_pluto_square_orb3,1,2,-0.04501205313431293,-0.025012053134312928,0.48534544643345817,-0.10522404528236222,-0.08522404528236222,0.30721638361576264,0.39244042889812486,-0.10522404528236222,39,146,98,-0.168165674386611,-0.019097631982411017,False,-0.054589261661445385,-0.03458926166144538,0.720698825637697,0.7552880872991424,,,validation,,-0.043092733683181894,0.3631998251663065,0.4062925588494884,-0.021945148391584457,0.79588271800597,0.8178278663975544,False
~asp_mercury_saturn_square_orb5,1,2,-0.08003538902540734,-0.06003538902540734,0.45032211054236376,-0.10528905861323905,-0.08528905861323904,0.3071513702848858,0.39244042889812486,-0.10528905861323905,36,147,94,0.017388435848661343,-0.16751122412982872,False,-0.0317542835529525,-0.011754283552952494,0.7435338037461899,0.7552880872991424,,,validation,,-0.06765996203808627,0.3386325968114021,0.4062925588494884,-0.019059818624276526,0.7987680477732779,0.8178278663975544,False
~venus_sign_capricorn,1,2,-0.048490033672713304,-0.0284900336727133,0.4818674658950578,-0.1054285868750031,-0.0854285868750031,0.30701184202312176,0.39244042889812486,-0.1054285868750031,18,266,44,-0.14226266950091154,-0.04507253601848771,False,-0.06696009126843948,-0.046960091268439474,0.708327996030703,0.7552880872991424,,,validation,,-0.0658802651178606,0.3404122937316278,0.4062925588494884,0.007497867692659699,0.8253257340902141,0.8178278663975544,False
~asp_moon_sun_conj_orb5,1,2,-0.13127602735598895,-0.11127602735598896,0.39908147221178214,-0.10546836232676025,-0.08546836232676025,0.3069720665713646,0.39244042889812486,-0.10546836232676025,106,81,277,-0.0972520637098947,-0.07591122991177887,False,-0.13527624230745813,-0.11527624230745814,0.6400118449916843,0.7552880872991424,,,validation,,-0.03987535698294964,0.36641720186653876,0.4062925588494884,-0.07791575532677197,0.7399121110707825,0.8178278663975544,False
~asp_moon_neptune_trine_orb3,1,2,-0.12819680835218436,-0.10819680835218437,0.40216069121558673,-0.1059597122465089,-0.08595971224650889,0.30648071665161597,0.39244042889812486,-0.1059597122465089,132,112,328,-0.1015146790142668,-0.0732659549161232,False,-0.046121223722542,-0.026121223722541997,0.7291668635766004,0.7552880872991424,,,validation,,-0.01891215841029148,0.3873804004391969,0.4062925588494884,-0.00663889975028642,0.811188966647268,0.8178278663975544,False
~asp_mars_moon_opp_orb5,1,2,-0.13509484530924284,-0.11509484530924285,0.39526265425852825,-0.10602009514431325,-0.08602009514431325,0.3064203337538116,0.39244042889812486,-0.10602009514431325,113,152,270,-0.0840664457290563,-0.09007772929027394,False,-0.15018678579788944,-0.13018678579788945,0.625101301501253,0.7552880872991424,,,validation,,-0.0507657485968635,0.3555268102526249,0.4062925588494884,-0.12154145213092349,0.696286414266631,0.8178278663975544,False
~asp_moon_uranus_square_orb3,1,2,-0.13992733295686047,-0.11992733295686048,0.3904301666109106,-0.1060423882443539,-0.0860423882443539,0.30639804065377096,0.39244042889812486,-0.1060423882443539,136,130,335,-0.08051578669492732,-0.0916239457779815,False,-0.0239712395892314,-0.003971239589231401,0.751316847709911,0.7552880872991424,,,validation,,-0.07366717924898208,0.3326253796005063,0.4062925588494884,-0.009188221673520514,0.8086396447240339,0.8178278663975544,False
~asp_mercury_saturn_sextile_orb3,1,2,-0.07759365901812075,-0.057593659018120746,0.45276384054965035,-0.10701990977055824,-0.08701990977055823,0.3054205191275666,0.39244042889812486,-0.10701990977055824,36,166,97,-0.20901285621583626,0.009018374961545977,False,-0.11062675231829587,-0.09062675231829587,0.6646613349808466,0.7552880872991424,,,validation,,-0.04747444974331305,0.35881810910617534,0.4062925588494884,-0.10850804965665894,0.7093198167408955,0.8178278663975544,False
~asp_moon_venus_sextile_orb3,1,2,-0.14937285067437842,-0.12937285067437843,0.3809846488933927,-0.10797332527826496,-0.08797332527826496,0.3044671036198599,0.39244042889812486,-0.10797332527826496,129,109,336,-0.04488229782503972,-0.12251326036196183,False,-0.1420150525803113,-0.12201505258031131,0.6332730347188311,0.7552880872991424,,,validation,,-0.07004927088529322,0.33624328796419517,0.4062925588494884,-0.12242337584252061,0.6954044905550338,0.8178278663975544,False
asp_mars_uranus_trine_orb1,1,1,-0.719998521378808,-0.709998521378808,-0.1996410218110369,-0.10810400451173872,-0.09810400451173873,0.29433642438638613,0.39244042889812486,-0.10810400451173872,15,24,39,-0.1556431939689102,-0.18586664721845966,False,-0.958583447965164,-0.948583447965164,-0.1932953606660216,0.7552880872991424,,,validation,,-0.304453169166218,0.10183938968327041,0.4062925588494884,-1.0940889585372866,-0.2762610921397322,0.8178278663975544,False
~asp_mars_moon_conj_orb5,1,2,-0.0957915608468201,-0.0757915608468201,0.434565938720951,-0.10854284225562104,-0.08854284225562103,0.3038975866425038,0.39244042889812486,-0.10854284225562104,109,171,269,-0.027029234487181197,-0.13799099574068252,False,-0.21773906220159187,-0.19773906220159188,0.5575490250975506,0.7552880872991424,,,validation,,-0.03160878151318908,0.3746837773362993,0.4062925588494884,-0.19081195708145837,0.6270159093160961,0.8178278663975544,False
asp_saturn_venus_square_orb5,1,1,-0.5399039780154328,-0.5299039780154328,-0.019546478447661678,-0.10858078021666127,-0.09858078021666128,0.2938596486814636,0.39244042889812486,-0.10858078021666127,32,18,81,0.07249245710688257,-0.2773623384664437,False,-0.7803262112470801,-0.7703262112470801,-0.015038123947937692,0.7552880872991424,,,validation,,-0.0839058276609167,0.3223867311885717,0.4062925588494884,-0.7949044062162502,0.022923460181304145,0.8178278663975544,False
~asp_mercury_moon_square_orb5,1,2,-0.08660668737695225,-0.06660668737695224,0.44375081219081886,-0.10906047163915837,-0.08906047163915837,0.3033799572589665,0.39244042889812486,-0.10906047163915837,217,71,550,-0.12293604356773968,-0.06176363007988436,False,-0.22329198537981873,-0.20329198537981874,0.5519961019193237,0.7552880872991424,,,validation,,-0.09082248660460235,0.31547007224488605,0.4062925588494884,-0.17223579794123922,0.6455920684563152,0.8178278663975544,False
~asp_moon_saturn_sextile_orb3,1,2,-0.13072937898527323,-0.11072937898527324,0.39962812058249786,-0.10929131726567208,-0.08929131726567208,0.3031491116324528,0.39244042889812486,-0.10929131726567208,123,122,314,-0.1559440792689381,-0.035113671927843065,False,-0.1617957477744267,-0.14179574777442672,0.6134923395247157,0.7552880872991424,,,validation,,-0.04694985372679045,0.35934270512269795,0.4062925588494884,-0.1450284950961065,0.672799371301448,0.8178278663975544,False
~asp_uranus_venus_conj_orb5,1,2,-0.05627243739830971,-0.03627243739830971,0.4740850621694614,-0.1099141123843526,-0.0899141123843526,0.30252631651377226,0.39244042889812486,-0.1099141123843526,18,281,43,-0.10459508379312799,-0.07952870436752324,False,0.1234047207061535,0.1434047207061535,0.8986928080052959,0.7552880872991424,,,validation,,-0.09123576908956094,0.31505678975992746,0.4062925588494884,0.12093809227643759,0.938765958673992,0.8178278663975544,False
~asp_jupiter_moon_trine_orb3,1,2,-0.1819213040344966,-0.16192130403449662,0.3484361955332745,-0.11012012664354269,-0.09012012664354269,0.3023203022545822,0.39244042889812486,-0.11012012664354269,129,113,311,-0.0806962763564788,-0.1006779638873898,False,-0.21102079832425077,-0.19102079832425078,0.5642672889748916,0.7552880872991424,,,validation,,-0.01142932656472645,0.39486323228476194,0.4062925588494884,-0.19457565684542644,0.623252209552128,0.8178278663975544,False
asp_sun_uranus_square_orb3,1,1,-0.5577520903042181,-0.5477520903042181,-0.037394590736446964,-0.11098045974659997,-0.10098045974659997,0.2914599691515249,0.39244042889812486,-0.11098045974659997,30,5,77,-0.09780498731043541,-0.18998952108370076,False,-0.7045194895088864,-0.6945194895088864,0.060768597790256035,0.7552880872991424,,,validation,,-0.1022121695161855,0.3040803893333029,0.4062925588494884,-0.7268305008503622,0.09099736554719229,0.8178278663975544,False
asp_saturn_venus_opp_orb3,1,1,-0.37962213314861903,-0.369622133148619,0.1407353664191521,-0.11173879996792906,-0.10173879996792906,0.2907016289301958,0.39244042889812486,-0.11173879996792906,14,5,38,-0.4003493170906202,0.13686811533249876,False,-1.1860251792110876,-1.1760251792110876,-0.42073709191194514,0.7552880872991424,,,validation,,-0.13205354907460187,0.2742390097748865,0.4062925588494884,-1.2751134274293634,-0.457285561031809,0.8178278663975544,False
asp_saturn_sun_opp_orb3,1,1,-0.39967956280057704,-0.38967956280057703,0.12067793676719406,-0.11178377322132958,-0.10178377322132959,0.2906566556767953,0.39244042889812486,-0.11178377322132958,14,4,37,-0.7884687450534031,0.3379015917549804,False,-0.5629388299033083,-0.5529388299033083,0.20234925739583412,0.7552880872991424,,,validation,,-0.10762416092042121,0.2986683979290672,0.4062925588494884,-0.6571225789858022,0.16070528741175227,0.8178278663975544,False
~asp_pluto_sun_trine_orb5,1,2,-0.14840229901064964,-0.12840229901064965,0.38195520055712145,-0.11238351741637297,-0.09238351741637296,0.3000569114817519,0.39244042889812486,-0.11238351741637297,31,164,78,-0.00013011908960258722,-0.1631605741844162,False,-0.025541620867705266,-0.005541620867705266,0.7497464664314372,0.7552880872991424,,,validation,,-0.036074761941724376,0.370217796907764,0.4062925588494884,-0.02398775744514159,0.7938401089524129,0.8178278663975544,False
~venus_sign_pisces,1,2,-0.14164347109589784,-0.12164347109589785,0.38871402847187325,-0.11390967945081225,-0.09390967945081224,0.2985307494473126,0.39244042889812486,-0.11390967945081225,17,267,41,-0.19275427878647894,-0.016550082208510924,False,-0.11305433195994107,-0.09305433195994106,0.6622337553392014,0.7552880872991424,,,validation,,-0.0025613083688851845,0.4037312504806032,0.4062925588494884,-0.10441579186293326,0.7134120745346212,0.8178278663975544,False
~venus_sign_libra,1,2,-0.10230304661036198,-0.08230304661036197,0.4280544529574091,-0.11397809452688716,-0.09397809452688716,0.2984623343712377,0.39244042889812486,-0.11397809452688716,16,268,40,-0.13654927795091165,-0.06476843191732831,False,-0.05862551639896939,-0.038625516398969384,0.716662570900173,0.7552880872991424,,,validation,,-0.0728749223149513,0.3334176365345371,0.4062925588494884,-0.030033930347881377,0.7877939360496731,0.8178278663975544,False
~mercury_sign_pisces,1,2,-0.004913667385756475,0.015086332614243525,0.5254438321820146,-0.11426128118116467,-0.09426128118116467,0.2981791477169602,0.39244042889812486,-0.11426128118116467,19,237,50,0.059194301652959025,-0.21078570388553586,False,-0.08622395939779924,-0.06622395939779924,0.6890641279013432,0.7552880872991424,,,validation,,0.023019591597834232,0.4293121504473226,0.4062925588494884,-0.06162597381127155,0.7562018925862829,0.8178278663975544,False
~asp_mercury_moon_conj_orb5,1,2,-0.1317232608508422,-0.11172326085084222,0.3986342387169289,-0.11483193598144752,-0.09483193598144751,0.29760849291667735,0.39244042889812486,-0.11483193598144752,104,118,274,-0.0829022272533525,-0.10812936241077098,False,-0.11499458529026639,-0.09499458529026639,0.660293502008876,0.7552880872991424,,,validation,,-0.03146841813400614,0.37482414071548226,0.4062925588494884,-0.09020647605532028,0.7276213903422342,0.8178278663975544,False
mercury_sign_scorpio,1,1,-0.6737674166410326,-0.6637674166410326,-0.1534099170732615,-0.1149416802624451,-0.1049416802624451,0.28749874863567976,0.39244042889812486,-0.1149416802624451,19,48,51,-0.23714335755621435,0.0017593484280106486,False,-0.5414195108972314,-0.5314195108972314,0.22386857640191102,0.7552880872991424,,,validation,,-0.16768529075901886,0.23860726809046953,0.4062925588494884,-0.5390610355191623,0.2787668308783922,0.8178278663975544,False
~asp_moon_neptune_square_orb5,1,2,-0.23297560245423646,-0.21297560245423647,0.29738189711353463,-0.11505903817118178,-0.09505903817118178,0.2973813907269431,0.39244042889812486,-0.11505903817118178,202,94,544,-0.09638610737641073,-0.09469802494723105,False,-0.18899795745380085,-0.16899795745380086,0.5862901298453416,0.7552880872991424,,,validation,,-0.1009393089278231,0.3053532499216653,0.4062925588494884,-0.1640080409963851,0.6538198254011693,0.8178278663975544,False
~asp_moon_pluto_opp_orb5,1,2,-0.13139640944911826,-0.11139640944911827,0.39896109011865283,-0.11570078863542448,-0.09570078863542447,0.2967396402627004,0.39244042889812486,-0.11570078863542448,107,132,272,-0.14415720416895272,-0.05501238707425496,False,-0.059207397804894354,-0.03920739780489435,0.7160806894942481,0.7552880872991424,,,validation,,-0.05313007480995524,0.35316248403953315,0.4062925588494884,-0.020082495706700176,0.7977453706908543,0.8178278663975544,False
~moon_phase_waxing_gibbous,1,2,-0.16436385439316084,-0.14436385439316085,0.36599364517461025,-0.11607142177079625,-0.09607142177079625,0.2963690071273286,0.39244042889812486,-0.11607142177079625,186,20,477,-0.10194300505152976,-0.09527233860991421,False,-0.2471208690023083,-0.22712086900230832,0.5281672182968341,0.7552880872991424,,,validation,,-0.09812247169785854,0.30817008715162986,0.4062925588494884,-0.23723234312934405,0.5805955232682104,0.8178278663975544,False
~moon_phase_waxing_crescent,1,2,-0.14211417695380443,-0.12211417695380444,0.38824332261396666,-0.11608748430692749,-0.09608748430692748,0.2963529445911974,0.39244042889812486,-0.11608748430692749,186,39,481,-0.09676572511005255,-0.0963249637052117,False,-0.07369040817419768,-0.05369040817419768,0.7015976791249448,0.7552880872991424,,,validation,,-0.08560948611455432,0.32068307273493407,0.4062925588494884,-0.05570586858512494,0.7621219978124295,0.8178278663975544,False
asp_uranus_venus_conj_orb3,1,1,-0.2472057051758657,-0.2372057051758657,0.2731517943919054,-0.11656425893304799,-0.106564258933048,0.28587616996507687,0.39244042889812486,-0.11656425893304799,16,5,41,-0.23975694525073143,-0.04256602812746468,False,-1.1151485519942064,-1.1051485519942064,-0.349860464695064,0.7552880872991424,,,validation,,-0.06230237603329836,0.34399018281619004,0.4062925588494884,-1.1137145937985713,-0.2958867274010168,0.8178278663975544,False
~sun_sign_taurus,1,2,-0.020328045491238105,-0.0003280454912381048,0.510029454076533,-0.11736121720858415,-0.09736121720858415,0.2950792116895407,0.39244042889812486,-0.11736121720858415,16,232,40,-0.11625632562366761,-0.07910787313359602,False,-0.04464744549725584,-0.024647445497255838,0.7306406418018866,0.7552880872991424,,,validation,,-0.06677039498914017,0.3395221638603482,0.4062925588494884,-0.045221104424700176,0.7726067619728543,0.8178278663975544,False
~asp_mercury_neptune_square_orb5,1,2,-0.06529451128998635,-0.04529451128998635,0.46506298827778475,-0.11740395970033705,-0.09740395970033705,0.2950364691977878,0.39244042889812486,-0.11740395970033705,38,142,98,-0.07230546279869321,-0.12143907864283145,False,-0.07843046633861848,-0.05843046633861848,0.696857620960524,0.7552880872991424,,,validation,,-0.06469347503206546,0.34159908381742293,0.4062925588494884,-0.046403696531427285,0.7714241698661272,0.8178278663975544,False
~moon_phase_first_quarter,1,2,-0.3171432714110679,-0.2971432714110679,0.21321422815670324,-0.1174801186843941,-0.0974801186843941,0.29496031021373076,0.39244042889812486,-0.1174801186843941,185,38,478,-0.14292163889409693,-0.06112812915377841,False,-0.2258460209392856,-0.2058460209392856,0.5494420663598568,0.7552880872991424,,,validation,,-0.06805780920714521,0.3382347496423432,0.4062925588494884,-0.1521179715244263,0.6657098948731281,0.8178278663975544,False
~asp_mars_mercury_sextile_orb5,1,2,-0.15084960695174163,-0.13084960695174164,0.37950789261602946,-0.11859175931419962,-0.09859175931419961,0.29384866958392525,0.39244042889812486,-0.11859175931419962,37,255,92,-0.14463608100880943,-0.06013455274947377,False,0.036973492399418176,0.05697349239941818,0.8122615796985606,0.7552880872991424,,,validation,,-0.1012626153348693,0.3050299435146191,0.4062925588494884,0.06197043216570064,0.8797982985632551,0.8178278663975544,False
~asp_mercury_pluto_square_orb5,1,2,-0.09414006582944516,-0.07414006582944516,0.43621743373832594,-0.11894766927919308,-0.09894766927919307,0.2934927596189318,0.39244042889812486,-0.11894766927919308,38,144,97,-0.08319647247568907,-0.10987017077343371,False,-0.11409805017423179,-0.09409805017423178,0.6611900371249106,0.7552880872991424,,,validation,,-0.07433678163784724,0.33195577721164116,0.4062925588494884,-0.06518683236887823,0.7526410340286762,0.8178278663975544,False
~moon_sign_capricorn,1,2,-0.2703021390478709,-0.2503021390478709,0.2600553605199002,-0.11913328675529776,-0.09913328675529776,0.2933071421428271,0.39244042889812486,-0.11913328675529776,177,57,457,-0.17273930682047256,-0.04557128467878202,False,-0.26946265279320136,-0.24946265279320134,0.5058254345059411,0.7552880872991424,,,validation,,-0.02633915934959724,0.37995339949989115,0.4062925588494884,-0.2828748137781236,0.5349530526194308,0.8178278663975544,False
~venus_sign_gemini,1,2,-0.15799445511141394,-0.13799445511141395,0.37236304445635715,-0.11967776296644399,-0.09967776296644398,0.2927626659316809,0.39244042889812486,-0.11967776296644399,16,267,43,-0.14119376702141073,-0.0640296661397163,False,-0.13948339445664357,-0.11948339445664358,0.6358046928424989,0.7552880872991424,,,validation,,-0.12197737981037887,0.2843151790391095,0.4062925588494884,-0.15575719629237483,0.6620706701051796,0.8178278663975544,False
mercury_sign_pisces,1,1,-0.6261361308028832,-0.6161361308028832,-0.10577863123511211,-0.11990884996884664,-0.10990884996884664,0.2825315789292782,0.39244042889812486,-0.11990884996884664,18,47,49,-0.7792786782990502,0.4982113533109947,False,-0.528190265054175,-0.518190265054175,0.2370978222449675,0.7552880872991424,,,validation,,-0.4615807532874054,-0.055288194437917,0.4062925588494884,-0.5716312849529197,0.24619658144463474,0.8178278663975544,False
~asp_mercury_moon_sextile_orb3,1,2,-0.17225374775370786,-0.15225374775370787,0.35810375181406323,-0.11992391855997196,-0.09992391855997196,0.2925165103381529,0.39244042889812486,-0.11992391855997196,122,119,307,-0.08160716298328119,-0.11770102265949622,False,-0.23468080753144335,-0.21468080753144336,0.5406072797676991,0.7552880872991424,,,validation,,-0.055892098060854545,0.35040046078863385,0.4062925588494884,-0.18382018659265298,0.6340076798049015,0.8178278663975544,False
~asp_moon_saturn_conj_orb5,1,2,-0.10491889919089258,-0.08491889919089257,0.42543860037687853,-0.12104314037060147,-0.10104314037060147,0.2913972885275234,0.39244042889812486,-0.12104314037060147,110,133,276,0.005999655308197571,-0.18704888657710492,False,-0.06951550055403298,-0.049515500554032976,0.7057725867451095,0.7552880872991424,,,validation,,-0.05980800170705136,0.34648455714243703,0.4062925588494884,-0.02875205916433976,0.7890758072332147,0.8178278663975544,False
~asp_sun_uranus_square_orb5,1,2,-0.10753615406657506,-0.08753615406657506,0.42282134550119604,-0.12106421923760428,-0.10106421923760428,0.2913762096605206,0.39244042889812486,-0.12106421923760428,31,124,78,-0.1800800102536732,-0.03558712372785161,False,-0.11923484693208351,-0.09923484693208351,0.6560532403670589,0.7552880872991424,,,validation,,-0.11487727014633892,0.2914152887031495,0.4062925588494884,-0.09805718981503919,0.7197706765825153,0.8178278663975544,False
~asp_moon_uranus_opp_orb5,1,2,-0.16137942266408087,-0.14137942266408088,0.3689780769036902,-0.12175784111783698,-0.10175784111783698,0.2906825877802879,0.39244042889812486,-0.12175784111783698,113,111,280,-0.03835688275761984,-0.15274918508513086,False,-0.0635438100195491,-0.0435438100195491,0.7117442772795933,0.7552880872991424,,,validation,,-0.06974507681069092,0.3365474820387975,0.4062925588494884,-0.029953143848459707,0.7878747225490947,0.8178278663975544,False
~asp_saturn_venus_square_orb5,1,2,-0.060645795297336366,-0.04064579529733636,0.46971170427043474,-0.12233845561911587,-0.10233845561911586,0.290101973279009,0.39244042889812486,-0.12233845561911587,32,188,81,-0.21506347205717424,-0.01324385254033561,False,-0.03993767183993212,-0.019937671839932114,0.7353504154592103,0.7552880872991424,,,validation,,-0.10293541034354337,0.30335714850594503,0.4062925588494884,-0.02149205200561688,0.7963358143919376,0.8178278663975544,False
~asp_moon_pluto_trine_orb3,1,2,-0.09579894686100508,-0.07579894686100508,0.434558552706766,-0.12252054781050357,-0.10252054781050357,0.2899198810876213,0.39244042889812486,-0.12252054781050357,129,107,323,-0.0809884286240038,-0.12261866307399374,False,-0.17044549947375495,-0.15044549947375496,0.6048425878253875,0.7552880872991424,,,validation,,-0.07415943561456029,0.3321331232349281,0.4062925588494884,-0.1410500528781784,0.676777813519376,0.8178278663975544,False
asp_sun_uranus_square_orb1,1,1,-0.6954845644892355,-0.6854845644892354,-0.17512706492146432,-0.12260492235900348,-0.11260492235900349,0.27983550653912137,0.39244042889812486,-0.12260492235900348,27,3,67,-0.18578265664232668,-0.17967581890865397,False,-1.2128422384473778,-1.2028422384473778,-0.44755415114823544,0.7552880872991424,,,validation,,-0.07055247291974359,0.3357400859297448,0.4062925588494884,-1.1934389069181564,-0.37561104052060196,0.8178278663975544,False
asp_jupiter_mars_opp_orb5,1,1,-0.6234026154999138,-0.6134026154999138,-0.10304511593214268,-0.12289290448998368,-0.11289290448998368,0.2795475244081412,0.39244042889812486,-0.12289290448998368,15,49,26,-0.527149203194492,0.2499818925305869,False,-0.9689491768884789,-0.9589491768884789,-0.20366108958933649,0.7552880872991424,,,validation,,-0.17600034794163788,0.23029221090785051,0.4062925588494884,-1.082584348537131,-0.2647564821395764,0.8178278663975544,False
~asp_moon_saturn_opp_orb5,1,2,-0.07315621904633844,-0.05315621904633844,0.45720128052143266,-0.12328812925839859,-0.10328812925839859,0.2891522996397263,0.39244042889812486,-0.12328812925839859,100,169,262,-0.07902182113472533,-0.12294557078095815,False,-0.043681040544710656,-0.023681040544710652,0.7316070467544318,0.7552880872991424,,,validation,,-0.05398085574719397,0.3523117031022944,0.4062925588494884,-0.03351897813131566,0.7843088882662388,0.8178278663975544,False
mercury_sign_aries,1,1,-0.36432218744474554,-0.35432218744474553,0.15603531212302557,-0.12386554763343992,-0.11386554763343992,0.27857488126468494,0.39244042889812486,-0.12386554763343992,18,48,47,-0.20772826847459075,-0.09028637243363767,False,-0.359502975333432,-0.349502975333432,0.40578511196571043,0.7552880872991424,,,validation,,-0.05672053471129457,0.3495720241381938,0.4062925588494884,-0.400422492621961,0.41740537377559345,0.8178278663975544,False
~asp_moon_sun_sextile_orb3,1,2,-0.08349922094335281,-0.06349922094335281,0.4468582786244183,-0.12486423647384219,-0.10486423647384219,0.2875761924242827,0.39244042889812486,-0.12486423647384219,133,87,337,-0.09465766631093442,-0.11409721458701527,False,-0.11196042140201655,-0.09196042140201655,0.6633276658971259,0.7552880872991424,,,validation,,-0.0730191543376259,0.3332734045118625,0.4062925588494884,-0.050794567131325796,0.7670332992662287,0.8178278663975544,False
~asp_moon_venus_trine_orb3,1,2,-0.11898635265253237,-0.09898635265253236,0.41137114691523874,-0.12486521175594505,-0.10486521175594504,0.2875752171421798,0.39244042889812486,-0.12486521175594505,125,201,333,-0.13473869085314366,-0.07865785795280597,False,-0.11110729416020736,-0.09110729416020735,0.6641807931389351,0.7552880872991424,,,validation,,-0.08734236963087305,0.31895018921861534,0.4062925588494884,-0.0664637927689542,0.7513640736286002,0.8178278663975544,False
~mercury_sign_scorpio,1,2,0.10037806827945141,0.12037806827945141,0.6307355678472225,-0.12624329877366988,-0.10624329877366989,0.28619713012445497,0.39244042889812486,-0.12624329877366988,20,235,52,-0.13198869161833826,-0.08707950470769442,False,-0.08426913739287865,-0.06426913739287865,0.6910189499062638,0.7552880872991424,,,validation,,-0.07875124678658912,0.32754131206289927,0.4062925588494884,-0.07284515363633415,0.7449827127612203,0.8178278663975544,False
~asp_jupiter_moon_sextile_orb5,1,2,-0.23619243367692958,-0.21619243367692959,0.2941650658908415,-0.12694872495233742,-0.10694872495233743,0.28549170394578743,0.39244042889812486,-0.12694872495233742,184,71,530,-0.16055783108750615,-0.06466616237863906,False,-0.23715370731942306,-0.21715370731942307,0.5381343799797194,0.7552880872991424,,,validation,,-0.09861567129711424,0.30767688755237416,0.4062925588494884,-0.1828495454508836,0.6349783209466708,0.8178278663975544,False
~moon_sign_leo,1,2,-0.18460745981567375,-0.16460745981567376,0.34575003975209734,-0.12750319290871295,-0.10750319290871296,0.2849372359894119,0.39244042889812486,-0.12750319290871295,179,57,458,-0.08092728525955606,-0.13273206885617156,False,-0.23743799020158116,-0.21743799020158117,0.5378500970975613,0.7552880872991424,,,validation,,-0.06263214792403465,0.34366041092545374,0.4062925588494884,-0.1915323246073577,0.6262955417901968,0.8178278663975544,False
asp_mercury_pluto_square_orb5,1,1,-0.43692677218361026,-0.42692677218361025,0.08343072738416087,-0.12818782224374253,-0.11818782224374252,0.27425260665438234,0.39244042889812486,-0.12818782224374253,37,16,96,-0.4289764435747526,0.14719020328671156,False,-0.5072106584424269,-0.49721065844242684,0.2580774288567156,0.7552880872991424,,,validation,,-0.19195688116150478,0.21433567768798362,0.4062925588494884,-0.6519548059028634,0.16587306049469105,0.8178278663975544,False
~asp_pluto_venus_square_orb5,1,2,-0.12213188775593241,-0.1021318877559324,0.4082256118118387,-0.1290062153743394,-0.10900621537433941,0.28343421352378545,0.39244042889812486,-0.1290062153743394,33,176,84,-0.10163518282541584,-0.11906184582892082,False,0.0021251920467181447,0.022125192046718145,0.7774132793458606,0.7552880872991424,,,validation,,-0.07842481916091837,0.32786773968857,0.4062925588494884,-0.0018972427163969074,0.8159306236811575,0.8178278663975544,False
mercury_sign_virgo,1,1,-0.7714857923817198,-0.7614857923817198,-0.2511282928139487,-0.12942464710373153,-0.11942464710373152,0.27301578179439334,0.39244042889812486,-0.12942464710373153,19,47,49,-0.5277494500594062,0.20729326688799082,False,-0.8813200635212414,-0.8713200635212414,-0.1160319762220989,0.7552880872991424,,,validation,,-0.03862767855262661,0.3676648802968618,0.4062925588494884,-0.8829533440781365,-0.06512547768058202,0.8178278663975544,False
~asp_moon_sun_trine_orb5,1,2,-0.2938665681089668,-0.27386656810896676,0.23649093145880434,-0.13039890420707537,-0.11039890420707538,0.2820415246910495,0.39244042889812486,-0.13039890420707537,220,60,559,-0.16412482112520405,-0.0658683787822725,False,-0.18182431232674265,-0.16182431232674266,0.5934637749723998,0.7552880872991424,,,validation,,-0.06094209546693369,0.3453504633825547,0.4062925588494884,-0.14571197784930068,0.6721158885482538,0.8178278663975544,False
asp_mercury_saturn_sextile_orb3,1,1,-0.5515888014479605,-0.5415888014479605,-0.031231301880189456,-0.13148195346767105,-0.12148195346767104,0.2709584754304538,0.39244042889812486,-0.13148195346767105,35,15,96,0.3062227357268721,-0.5063266582952517,False,-0.5025134922156962,-0.4925134922156962,0.26277459508344625,0.7552880872991424,,,validation,,-0.2985280930941839,0.10776446575530452,0.4062925588494884,-0.3782140180110749,0.43961384838647954,0.8178278663975544,False
~asp_moon_uranus_conj_orb5,1,2,-0.12820222533902517,-0.10820222533902518,0.4021552742287459,-0.13170385370377233,-0.11170385370377234,0.2807365751943525,0.39244042889812486,-0.13170385370377233,102,149,265,-0.13691616767369408,-0.09294659157629917,False,-0.10241245986883794,-0.08241245986883794,0.6728756274303045,0.7552880872991424,,,validation,,-0.04550312431156228,0.3607894345379261,0.4062925588494884,-0.06319550158372644,0.754632364813828,0.8178278663975544,False
~asp_moon_neptune_conj_orb3,1,2,-0.03341688436940547,-0.013416884369405468,0.49694061519836563,-0.13180655678447503,-0.11180655678447504,0.2806338721136498,0.39244042889812486,-0.13180655678447503,68,206,170,-0.07492947738745359,-0.1476941163101831,False,-0.05095777016416746,-0.030957770164167453,0.724330317134975,0.7552880872991424,,,validation,,-0.07957181368980909,0.3267207451596793,0.4062925588494884,-0.01790249046670167,0.7999253759308528,0.8178278663975544,False
asp_mercury_pluto_conj_orb5,1,1,-0.7483678256372213,-0.7383678256372213,-0.2280103260694502,-0.13315293640388082,-0.12315293640388081,0.26928749249424405,0.39244042889812486,-0.13315293640388082,19,7,50,-0.2085871780000219,-0.07876127586408666,False,-0.642693616509841,-0.632693616509841,0.12259447078930143,0.7552880872991424,,,validation,,-0.14367049659244763,0.26262206225704077,0.4062925588494884,-0.7144316867264731,0.10339617967108136,0.8178278663975544,False
~asp_mars_moon_trine_orb5,1,2,-0.2530053180580902,-0.23300531805809016,0.27735218150968094,-0.1334733190890857,-0.1134733190890857,0.27896710980903916,0.39244042889812486,-0.1334733190890857,203,57,531,-0.11904039699886104,-0.10499291534555201,False,-0.18149825515083592,-0.16149825515083593,0.5937898321483065,0.7552880872991424,,,validation,,-0.05807077473566152,0.34822178411382687,0.4062925588494884,-0.13779344797679105,0.6800344184207634,0.8178278663975544,False
~jupiter_station,1,2,-0.06332477175263033,-0.04332477175263033,0.46703272781514077,-0.134174236428985,-0.114174236428985,0.27826619246913986,0.39244042889812486,-0.134174236428985,29,170,73,-0.19059043571090334,-0.05394182720522886,False,-0.19937177363518074,-0.17937177363518075,0.5759163136639617,0.7552880872991424,,,validation,,-0.17178980492385787,0.23450275392563052,0.4062925588494884,-0.1361246177870401,0.6817032486105143,0.8178278663975544,False
~asp_moon_saturn_trine_orb3,1,2,-0.062098068411399795,-0.04209806841139979,0.4682594311563713,-0.13465752752202334,-0.11465752752202335,0.2777829013761015,0.39244042889812486,-0.13465752752202334,126,90,328,-0.03400264599169067,-0.17878466133929277,False,-0.1309080141503137,-0.1109080141503137,0.6443800731488287,0.7552880872991424,,,validation,,-0.09406829947636158,0.3122242593731268,0.4062925588494884,-0.09392559687560553,0.7239022695219489,0.8178278663975544,False
asp_pluto_venus_opp_orb1,1,1,-0.543710647603366,-0.533710647603366,-0.02335314803559487,-0.13514017882319546,-0.12514017882319545,0.2673002500749294,0.39244042889812486,-0.13514017882319546,13,4,33,-0.3282193648809073,0.023832061309658814,False,-0.798567022107973,-0.788567022107973,-0.03327893480883063,0.7552880872991424,,,validation,,-0.08517934452213843,0.32111321432734996,0.4062925588494884,-0.8939242800533687,-0.07609641365581422,0.8178278663975544,False
asp_mars_mercury_sextile_orb5,1,1,-0.18248633303417777,-0.17248633303417776,0.33787116653359334,-0.1363822091102006,-0.1263822091102006,0.26605821978792427,0.39244042889812486,-0.1363822091102006,36,13,91,-0.21956082007486682,-0.09765400294067902,False,-1.0127978956226236,-1.0027978956226236,-0.2475098083234812,0.7552880872991424,,,validation,,-0.09253545192930218,0.3137571069201862,0.4062925588494884,-1.054006327382403,-0.23617846098484846,0.8178278663975544,False
~sun_ingress_5d,1,2,-0.21715806162686688,-0.1971580616268669,0.3131994379409042,-0.13654113674828736,-0.11654113674828737,0.2758992921498375,0.39244042889812486,-0.13654113674828736,181,18,468,-0.2305439343701145,-0.02885211921053732,False,-0.16273774800262705,-0.14273774800262706,0.6125503392965154,0.7552880872991424,,,validation,,-0.06206390647177967,0.3442286523777087,0.4062925588494884,-0.18549042358435186,0.6323374428132026,0.8178278663975544,False
sun_sign_aries,1,1,-0.3966816361785417,-0.3866816361785417,0.12367586338922941,-0.13675147644159635,-0.12675147644159634,0.2656889524565285,0.39244042889812486,-0.13675147644159635,15,23,39,-0.4264092460841389,0.12754076926752883,False,-0.49700401786598675,-0.48700401786598674,0.2682840694331557,0.7552880872991424,,,validation,,-0.24452407899035272,0.16176847985913567,0.4062925588494884,-0.6332189736775125,0.18460889272004202,0.8178278663975544,False
~asp_mercury_sun_conj_orb1,1,2,-0.0682107659667771,-0.04821076596677709,0.462146733600994,-0.13675496413692137,-0.11675496413692138,0.2756854647612035,0.39244042889812486,-0.13675496413692137,75,202,187,-0.034198135665174045,-0.18564467087374154,False,-0.05088736387654967,-0.030887363876549667,0.7244007234225928,0.7552880872991424,,,validation,,-0.10284225959975946,0.30345029924972894,0.4062925588494884,-0.03803743183459796,0.7797904345629565,0.8178278663975544,False
asp_neptune_venus_opp_orb3,1,1,-0.6945935853254952,-0.6845935853254952,-0.17423608575772404,-0.1379348607383719,-0.1279348607383719,0.26450556815975296,0.39244042889812486,-0.1379348607383719,17,11,43,-0.8649235112235154,0.4335376869953656,False,-0.461182994155882,-0.451182994155882,0.30410509314326045,0.7552880872991424,,,validation,,-0.22534287522511834,0.18094968362437006,0.4062925588494884,-0.6639603685224097,0.15386749787514473,0.8178278663975544,False
~asp_moon_venus_square_orb5,1,2,-0.17252971559546834,-0.15252971559546835,0.35782778397230275,-0.1381334057268254,-0.1181334057268254,0.27430702317129946,0.39244042889812486,-0.1381334057268254,220,85,557,-0.014785432920301544,-0.1992572132324562,False,-0.17896939700057754,-0.15896939700057755,0.5963186902985649,0.7552880872991424,,,validation,,-0.03615263462889817,0.3701399242205902,0.4062925588494884,-0.11898461853784481,0.6988432478597096,0.8178278663975544,False
asp_mercury_pluto_square_orb3,1,1,-0.7137352463281184,-0.7037352463281183,-0.19337774676034725,-0.13916491266465125,-0.12916491266465124,0.2632755162334736,0.39244042889812486,-0.13916491266465125,38,10,97,0.0498561584956958,-0.42451794203198595,False,-0.8271442095236043,-0.8171442095236043,-0.06185612222446186,0.7552880872991424,,,validation,,-0.3360974303271551,0.07019512852233326,0.4062925588494884,-0.8970653313642268,-0.0792374649666724,0.8178278663975544,False
asp_jupiter_neptune_square_orb3,1,1,-0.42675857769262804,-0.41675857769262803,0.09359892187514308,-0.13976962944063126,-0.12976962944063125,0.2626707994574936,0.39244042889812486,-0.13976962944063126,4,85,9,-0.4046367076887263,0.2394681481943211,False,-0.12837034186275387,-0.11837034186275386,0.6369177454363886,0.7552880872991424,,,validation,,-0.25549194189592406,0.15080061695356436,0.4062925588494884,-0.2352300338818475,0.582597832515707,0.8178278663975544,False
~asp_mercury_saturn_opp_orb5,1,2,-0.11685258328218627,-0.09685258328218627,0.41350491628558483,-0.1402518142607828,-0.1202518142607828,0.27218861463734206,0.39244042889812486,-0.1402518142607828,18,281,46,-0.09823298815478676,-0.13964336398145072,False,-0.06790171168082358,-0.04790171168082358,0.7073863756183189,0.7552880872991424,,,validation,,-0.09715216212906647,0.30914039672042193,0.4062925588494884,-0.05090760943295891,0.7669202569645955,0.8178278663975544,False
~asp_mars_uranus_trine_orb5,1,2,-0.03868623745469034,-0.018686237454690335,0.49167126211308076,-0.1406769151463881,-0.12067691514638812,0.27176351375173674,0.39244042889812486,-0.1406769151463881,19,361,46,-0.11432101251549498,-0.13133879329062853,False,0.011915562260307561,0.03191556226030756,0.78720364955945,0.7552880872991424,,,validation,,-0.10984140839955753,0.29645115044993087,0.4062925588494884,0.015008525506707393,0.8328363919042618,0.8178278663975544,False
asp_saturn_sun_opp_orb1,1,1,-0.7971505775675094,-0.7871505775675094,-0.27679307799973835,-0.14079603634484228,-0.13079603634484227,0.2616443925532826,0.39244042889812486,-0.14079603634484228,10,2,31,-0.27767796894746405,0.05395283932617412,False,-0.5446754087676007,-0.5346754087676007,0.22061267853154176,0.7552880872991424,,,validation,,-0.08757695945004285,0.31871559939944555,0.4062925588494884,-0.8185016652431193,-0.0006737988455648164,0.8178278663975544,False
~asp_mercury_moon_opp_orb5,1,2,-0.07374151277487766,-0.05374151277487765,0.45661598679289345,-0.14226298503199022,-0.12226298503199023,0.2701774438661346,0.39244042889812486,-0.14226298503199022,106,103,259,-0.04743778614592187,-0.18381557173121835,False,-0.09109900700316974,-0.07109900700316973,0.6841890802959727,0.7552880872991424,,,validation,,-0.08552934039772775,0.32076321845176065,0.4062925588494884,-0.05868935686731014,0.7591385095302443,0.8178278663975544,False
~asp_mars_moon_square_orb3,1,2,-0.09782220670092233,-0.07782220670092233,0.4325352928668488,-0.14264864482555953,-0.12264864482555954,0.2697917840725653,0.39244042889812486,-0.14264864482555953,123,201,312,-0.18724712122290638,-0.07098020212912265,False,-0.08397308823968296,-0.06397308823968295,0.6913149990594595,0.7552880872991424,,,validation,,-0.05695783132226345,0.34933472752722494,0.4062925588494884,-0.0659134268543835,0.7519144395431709,0.8178278663975544,False
~asp_moon_uranus_square_orb5,1,2,-0.2261602880421116,-0.20616028804211162,0.3041972115256595,-0.14402425737667893,-0.12402425737667894,0.2684161715214459,0.39244042889812486,-0.14402425737667893,211,86,548,-0.15737569222749448,-0.10186933241325838,False,-0.2199624657402138,-0.1999624657402138,0.5553256215589286,0.7552880872991424,,,validation,,-0.06893751755989724,0.33735504128959115,0.4062925588494884,-0.2030150149206189,0.6148128514769355,0.8178278663975544,False
asp_jupiter_pluto_trine_orb3,1,1,-0.6721414227068905,-0.6621414227068905,-0.15178392313911943,-0.14452941432902905,-0.13452941432902904,0.2579110145690958,0.39244042889812486,-0.14452941432902905,3,70,8,-0.31850926336804963,0.06917877574527315,False,-0.2923941688383781,-0.2823941688383781,0.47289391846076434,0.7552880872991424,,,validation,,0.01836947687622742,0.4246620357257158,0.4062925588494884,-0.30785678546483497,0.5099710809327195,0.8178278663975544,False
~asp_moon_pluto_trine_orb5,1,2,-0.155644305146139,-0.135644305146139,0.3747131944216321,-0.1445553020892192,-0.12455530208921922,0.26788512680890564,0.39244042889812486,-0.1445553020892192,214,52,554,-0.128116242274817,-0.1251545822828381,False,-0.217864926177428,-0.197864926177428,0.5574231611217144,0.7552880872991424,,,validation,,-0.07544790627087128,0.3308446525786171,0.4062925588494884,-0.1726914361427322,0.6451364302548223,0.8178278663975544,False
asp_mars_saturn_trine_orb1,1,1,-0.4693732218889378,-0.4593732218889378,0.05098427767883326,-0.1451729999905873,-0.1351729999905873,0.25726742890753757,0.39244042889812486,-0.1451729999905873,17,6,39,-0.286667574664254,-0.024339691798905022,False,-0.7227659623181115,-0.7127659623181115,0.04252212498103089,0.7552880872991424,,,validation,,0.017304294263864317,0.4235968531133527,0.4062925588494884,-0.7611765798771757,0.05665128652037877,0.8178278663975544,False
asp_mars_pluto_sextile_orb3,1,1,-0.43823312640178885,-0.42823312640178884,0.08212437316598227,-0.1461820951556706,-0.1361820951556706,0.25625833374245427,0.39244042889812486,-0.1461820951556706,17,36,41,-0.2900023833606852,0.010505904290885326,False,-0.6701228403032067,-0.6601228403032067,0.09516524699593579,0.7552880872991424,,,validation,,-0.2877993918322552,0.11849316701723318,0.4062925588494884,-0.7485082616618899,0.06931960473566462,0.8178278663975544,False
venus_sign_aquarius,1,1,-0.39387981167465996,-0.38387981167465995,0.12647768789311115,-0.14774543107053933,-0.13774543107053933,0.25469499782758553,0.39244042889812486,-0.14774543107053933,17,23,44,-0.36930140889373664,0.04453287927614963,False,-0.5924074831468027,-0.5824074831468027,0.17288060415233972,0.7552880872991424,,,validation,,-0.2406513755502945,0.1656411832991939,0.4062925588494884,-0.6291419273412536,0.18868593905630082,0.8178278663975544,False
~asp_moon_saturn_square_orb5,1,2,-0.32030493114379494,-0.3003049311437949,0.21005256842397618,-0.14790875367348624,-0.12790875367348625,0.2645316752246386,0.39244042889812486,-0.14790875367348624,208,96,540,-0.12536655232710348,-0.12727108238110202,False,-0.17551238091138352,-0.15551238091138353,0.5997757063877589,0.7552880872991424,,,validation,,-0.06941496636543854,0.33687759248404986,0.4062925588494884,-0.1153810164752499,0.7024468499223046,0.8178278663975544,False
asp_mercury_saturn_trine_orb3,1,1,-0.7398025829407338,-0.7298025829407337,-0.21944508337296262,-0.14894741496158864,-0.13894741496158863,0.2534930139365362,0.39244042889812486,-0.14894741496158864,32,10,87,-0.47806119347825704,0.1642304073481165,False,-0.6523951003752326,-0.6423951003752326,0.1128929869239098,0.7552880872991424,,,validation,,-0.13904158910508124,0.26725096974440715,0.4062925588494884,-0.7672873337763825,0.05054053262117199,0.8178278663975544,False
~mercury_sign_taurus,1,2,-0.1237847057552026,-0.1037847057552026,0.4065727938125685,-0.15034144812373432,-0.13034144812373433,0.26209898077439053,0.39244042889812486,-0.15034144812373432,19,237,47,-0.11417952839120349,-0.14360321319417496,False,0.03357380366306574,0.053573803663065744,0.8088618909622082,0.7552880872991424,,,validation,,-0.12038247823847864,0.28591008061100975,0.4062925588494884,0.03254363025094009,0.8503714966484945,0.8178278663975544,False
~asp_moon_venus_trine_orb5,1,2,-0.23432008853537203,-0.21432008853537204,0.29603741103239906,-0.15066537974182212,-0.13066537974182213,0.26177504915630273,0.39244042889812486,-0.15066537974182212,221,59,557,-0.08085283646395225,-0.16841068615261034,False,-0.15597594960860225,-0.13597594960860226,0.6193121376905402,0.7552880872991424,,,validation,,-0.0978696514037537,0.3084229074457347,0.4062925588494884,-0.10520926626054194,0.7126186001370125,0.8178278663975544,False
asp_saturn_venus_opp_orb5,1,1,-0.45640372249026806,-0.44640372249026805,0.06395377707750305,-0.15264520303504558,-0.14264520303504558,0.24979522586307928,0.39244042889812486,-0.15264520303504558,14,9,38,-0.4239312448188034,0.08572602889917114,False,-1.028626596243983,-1.0186265962439829,-0.26333850894484057,0.7552880872991424,,,validation,,-0.11391369099289395,0.29237886785659445,0.4062925588494884,-1.1174863918487183,-0.299658525451164,0.8178278663975544,False
jupiter_station,1,1,-0.4331283392915411,-0.4231283392915411,0.08722916027623002,-0.152712208496407,-0.14271220849640698,0.24972822040171788,0.39244042889812486,-0.152712208496407,28,30,72,-0.17707498504040814,-0.12106479381543395,False,-0.2960247441427299,-0.2860247441427299,0.46926334315641255,0.7552880872991424,,,validation,,0.009638616443680081,0.4159311752931685,0.4062925588494884,-0.4253140929810003,0.39251377341655413,0.8178278663975544,False
~sun_sign_scorpio,1,2,-0.05907799515210348,-0.03907799515210347,0.4712795044156676,-0.15415300020084802,-0.13415300020084803,0.25828742869727683,0.39244042889812486,-0.15415300020084802,16,232,40,-0.19537758992835935,-0.0947284645626409,False,-0.10854853203438385,-0.08854853203438384,0.6667395552647586,0.7552880872991424,,,validation,,-0.0981724509423419,0.3081201079071465,0.4062925588494884,-0.06424601365967086,0.7535818527378836,0.8178278663975544,False
~mercury_sign_sagittarius,1,2,-0.15743331602941654,-0.13743331602941655,0.37292418353835455,-0.1541611492445403,-0.1341611492445403,0.25827927965358455,0.39244042889812486,-0.1541611492445403,20,236,51,-0.18834285438686799,-0.09205776616180746,False,-0.0689198253587907,-0.04891982535879069,0.7063682619403517,0.7552880872991424,,,validation,,-0.1693502194534904,0.236942339395998,0.4062925588494884,-0.027311157855551493,0.790516708542003,0.8178278663975544,False
venus_sign_capricorn,1,1,-0.45676102103159283,-0.4467610210315928,0.06359647853617827,-0.15469690985495652,-0.1446969098549565,0.24774351904316835,0.39244042889812486,-0.15469690985495652,18,42,45,-0.14251529332422486,-0.10302174965526019,False,-0.5798744164117285,-0.5698744164117285,0.18541367088741387,0.7552880872991424,,,validation,,-0.19335542158911823,0.21293713726037017,0.4062925588494884,-0.7928819673159766,0.024945899081577898,0.8178278663975544,False
~asp_pluto_venus_square_orb3,1,2,-0.09398434105604551,-0.07398434105604551,0.4363731585117256,-0.15636562408412932,-0.13636562408412933,0.2560748048139955,0.39244042889812486,-0.15636562408412932,34,178,86,-0.10207155686613245,-0.16911159811789553,False,-0.005769251866222996,0.014230748133777005,0.7695188354329194,0.7552880872991424,,,validation,,-0.10609622606274033,0.30019633278674807,0.4062925588494884,-0.000511901919376001,0.8173159644781784,0.8178278663975544,False
~asp_mercury_sun_conj_orb3,1,2,-0.09579425832304293,-0.07579425832304293,0.43456324124472817,-0.15789051229998394,-0.13789051229998395,0.2545499165981409,0.39244042889812486,-0.15789051229998394,92,81,239,-0.02665706199238871,-0.23428054637164494,False,-0.11317688536283542,-0.09317688536283542,0.662111201936307,0.7552880872991424,,,validation,,-0.1220921311658637,0.2842004276836247,0.4062925588494884,-0.10919597748034071,0.7086318889172137,0.8178278663975544,False
